"","ADM.Open","ADM.High","ADM.Low","ADM.Close","ADM.Volume","ADM.Adjusted"
"2007-01-03",32.28,32.76,31.82,32.06,7380700,27.79
"2007-01-04",31.5,32.09,31.4,31.88,4406000,27.63
"2007-01-05",31.53,31.88,31.36,31.83,5798200,27.59
"2007-01-08",31.82,32.05,31.32,31.99,4883000,27.73
"2007-01-09",31.94,31.95,31.15,31.21,5119000,27.05
"2007-01-10",31.47,31.47,30.61,30.94,7781800,26.82
"2007-01-11",30.2,32,30.2,31.68,6887100,27.46
"2007-01-12",31.68,32.44,30.94,30.96,7697200,26.84
"2007-01-16",30.96,31.31,30.46,31.02,7004000,26.89
"2007-01-17",31.08,31.38,30.71,31.18,5488600,27.03
"2007-01-18",31.34,31.34,30.58,30.7,5666900,26.61
"2007-01-19",30.85,31.49,30.6,31.42,5275000,27.23
"2007-01-22",31.76,32.45,31.66,31.82,9023900,27.58
"2007-01-23",32.18,33,32.06,32.63,13591300,28.28
"2007-01-24",32.75,32.9,31.48,32.09,13008000,27.81
"2007-01-25",32.25,32.29,31.66,31.82,6829200,27.58
"2007-01-26",31.82,31.98,31.35,31.53,5211100,27.33
"2007-01-29",31.54,31.61,31.12,31.26,7091000,27.1
"2007-01-30",31.4,31.75,31.37,31.48,6332400,27.29
"2007-01-31",31.5,32.23,31.5,32,5255900,27.74
"2007-02-01",34.31,35.57,34.31,35.47,20659600,30.74
"2007-02-02",36.01,36.26,34.85,35.27,9487500,30.57
"2007-02-05",35.35,35.55,34.5,34.67,10507300,30.05
"2007-02-06",34.79,35.14,34.02,34.04,8582000,29.5
"2007-02-07",34.3,34.48,34.05,34.28,6926100,29.71
"2007-02-08",34.65,34.7,33.77,33.87,7184200,29.36
"2007-02-09",34,34.13,32.99,33.36,8465600,28.92
"2007-02-12",33.5,33.85,33.38,33.59,4698500,29.11
"2007-02-13",33.9,35.07,33.87,34.95,10758600,30.29
"2007-02-14",35.29,35.3,34.48,34.95,8731300,30.39
"2007-02-15",35.15,35.86,35.15,35.75,13210000,31.09
"2007-02-16",36.3,36.55,35.37,35.88,52414800,31.2
"2007-02-20",36,36.15,35.55,35.75,8906900,31.09
"2007-02-21",35.51,35.8,35.34,35.4,6726800,30.79
"2007-02-22",35.57,35.6,35.01,35.23,6709900,30.64
"2007-02-23",35.37,35.68,35.1,35.2,5022400,30.61
"2007-02-26",35.21,35.49,34.83,35.13,6774700,30.55
"2007-02-27",34.23,35.04,33.34,33.87,10288600,29.45
"2007-02-28",34.03,34.66,33.8,34.35,9101000,29.87
"2007-03-01",33.73,34.77,33.48,34.43,8840400,29.94
"2007-03-02",34.18,34.65,33.75,33.75,5160900,29.35
"2007-03-05",33.15,33.75,32.9,32.94,5513100,28.65
"2007-03-06",33.38,33.5,32.83,32.96,9091700,28.66
"2007-03-07",33.15,34.21,33.06,34,8060900,29.57
"2007-03-08",34.2,34.88,34.2,34.81,8120100,30.27
"2007-03-09",34.9,35.11,33.99,34.2,4994200,29.74
"2007-03-12",34.2,34.43,34,34.22,3405400,29.76
"2007-03-13",34.05,34.29,33.42,33.48,4882500,29.12
"2007-03-14",33.31,33.72,33.12,33.64,5099400,29.25
"2007-03-15",33.5,33.77,33.43,33.7,3889600,29.31
"2007-03-16",33.68,34.24,33.51,33.51,4547700,29.14
"2007-03-19",33.75,34.44,33.66,34.23,6314300,29.77
"2007-03-20",34.18,35.9,34.06,35.23,15876100,30.64
"2007-03-21",35.35,36.11,35.19,35.88,7800100,31.2
"2007-03-22",36,36.13,35.62,35.69,7871000,31.04
"2007-03-23",35.69,35.75,35.18,35.63,5916900,30.99
"2007-03-26",35.71,36,35.35,35.9,5560200,31.22
"2007-03-27",35.95,36.16,35.33,35.93,8077700,31.25
"2007-03-28",36.18,37.42,36.16,36.84,12433200,32.04
"2007-03-29",37.35,37.84,36.54,36.76,12265900,31.97
"2007-03-30",37.55,37.84,36.62,36.7,11040500,31.92
"2007-04-02",36.67,36.97,36.53,36.91,5733100,32.1
"2007-04-03",36.94,37.5,36.6,37.22,6840400,32.37
"2007-04-04",37.2,37.2,36.79,36.82,5538100,32.02
"2007-04-05",36.82,37.22,36.72,37.02,4746500,32.19
"2007-04-09",37.01,38.09,37,37.74,8217900,32.82
"2007-04-10",37.77,38.38,37.63,38.02,6965200,33.06
"2007-04-11",38.38,38.57,37.33,37.41,7426500,32.53
"2007-04-12",37.23,37.52,37.09,37.51,4629800,32.62
"2007-04-13",37.62,38.18,37.54,38.01,6374600,33.05
"2007-04-16",38.35,38.4,37.84,38.05,5060100,33.09
"2007-04-17",38.06,38.19,37.75,37.87,3862500,32.93
"2007-04-18",37.6,37.78,37.11,37.49,4493200,32.6
"2007-04-19",37.4,37.55,37,37.31,3369100,32.45
"2007-04-20",37.75,38.55,36.99,38.55,8484400,33.52
"2007-04-23",38.67,39.15,38.24,38.96,6983300,33.88
"2007-04-24",39.16,39.5,38.96,39.31,6647900,34.19
"2007-04-25",39.55,39.65,39.05,39.52,6566400,34.37
"2007-04-26",39.28,39.46,38.78,39.03,4199800,33.94
"2007-04-27",38.9,39.19,38.6,39.01,3789000,33.92
"2007-04-30",39,39.27,38.7,38.7,5793800,33.65
"2007-05-01",36.98,37.1,35.5,36.6,15953600,31.83
"2007-05-02",36.49,37.12,36.41,36.62,6417200,31.85
"2007-05-03",36.92,37.25,35.98,36.14,6100100,31.43
"2007-05-04",36.6,36.62,36.04,36.06,6651200,31.36
"2007-05-07",36.27,36.61,36.14,36.21,3547600,31.49
"2007-05-08",36.2,36.3,35.33,35.37,6983600,30.76
"2007-05-09",35.38,35.76,34.94,35.74,5747000,31.08
"2007-05-10",35.71,36.56,35.33,35.5,11423400,30.87
"2007-05-11",35.79,36.22,35.66,35.87,4365400,31.19
"2007-05-14",35.94,36.95,35.64,35.74,8753200,31.08
"2007-05-15",35.89,36.41,35.75,36.1,5981100,31.5
"2007-05-16",36.36,36.74,36.25,36.69,6047400,32.01
"2007-05-17",36.56,36.95,36.42,36.64,3850700,31.97
"2007-05-18",36.79,36.95,36.6,36.9,3639000,32.19
"2007-05-21",37.11,37.36,36.73,36.8,6072500,32.11
"2007-05-22",36.9,37.17,36.28,36.48,8427400,31.83
"2007-05-23",36.73,36.78,35.92,35.94,8954100,31.36
"2007-05-24",35.94,36.13,34.93,35.07,17545500,30.6
"2007-05-25",35.16,35.6,35.08,35.32,7156500,30.81
"2007-05-29",35.42,35.68,34.95,35.21,4688000,30.72
"2007-05-30",34.89,35.72,34.86,35.61,5737700,31.07
"2007-05-31",36,36.03,35.03,35.04,7767300,30.57
"2007-06-01",35.05,35.19,34.39,34.59,8265500,30.18
"2007-06-04",34.37,34.51,33.9,34.47,7804100,30.07
"2007-06-05",34.22,34.65,34.11,34.49,6310100,30.09
"2007-06-06",34.49,34.49,34.02,34.1,5643700,29.75
"2007-06-07",33.76,34.04,33.46,33.7,9297000,29.4
"2007-06-08",33.01,34.59,33.01,34.54,6786300,30.13
"2007-06-11",34.51,34.63,34.21,34.38,4877900,29.99
"2007-06-12",34.8,34.93,34.16,34.28,4372600,29.91
"2007-06-13",34.29,34.6,34.21,34.55,4248200,30.14
"2007-06-14",34.57,34.91,34.38,34.47,5207400,30.07
"2007-06-15",34.76,34.83,34.42,34.57,5528800,30.16
"2007-06-18",34.8,34.9,34.63,34.75,6255100,30.32
"2007-06-19",34.87,34.92,34.08,34.13,6314300,29.78
"2007-06-20",34.31,34.55,33.44,33.48,6937400,29.21
"2007-06-21",33.58,33.83,33.39,33.83,7284400,29.51
"2007-06-22",34.17,34.63,33.47,33.48,11066300,29.21
"2007-06-25",33.53,33.92,32.92,33.04,8793300,28.83
"2007-06-26",33.05,33.4,32.75,32.76,5987200,28.58
"2007-06-27",32.76,32.76,32.05,32.27,11614400,28.15
"2007-06-28",32.43,32.5,32.17,32.35,8940200,28.22
"2007-06-29",32.54,33.43,32.54,33.09,7913000,28.87
"2007-07-02",33.84,34.5,33.82,34.21,8175500,29.85
"2007-07-03",34.56,34.57,33.89,34.26,3305000,29.89
"2007-07-05",34.35,34.72,33.92,34.22,7725000,29.85
"2007-07-06",34.17,35.23,34.05,35.14,8691100,30.66
"2007-07-09",35.41,36.47,35.4,36.15,12695200,31.54
"2007-07-10",36.25,36.33,35.79,35.79,7609300,31.22
"2007-07-11",35.68,36.39,35.52,35.93,5449100,31.35
"2007-07-12",35.91,36.4,35.64,36.35,5825200,31.71
"2007-07-13",36.2,36.7,35.93,36.6,4114900,31.93
"2007-07-16",36.65,36.79,36.31,36.48,3977500,31.83
"2007-07-17",36.66,36.69,35.95,36.06,5831600,31.46
"2007-07-18",35.78,36.25,35.75,36.01,3846900,31.42
"2007-07-19",36.2,36.5,36.04,36.42,3428300,31.77
"2007-07-20",36.3,36.38,35.69,36.06,4056600,31.46
"2007-07-23",36.4,37.02,36.15,36.73,5470700,32.04
"2007-07-24",36.5,36.9,35.93,36.14,6440200,31.53
"2007-07-25",36.12,36.42,35.26,35.99,5454700,31.4
"2007-07-26",35.67,35.88,34.06,34.7,9911900,30.27
"2007-07-27",34.5,34.95,34.05,34.05,5693800,29.71
"2007-07-30",35.39,35.5,33.66,34.17,8659900,29.81
"2007-07-31",34.18,34.5,33.58,33.6,5359900,29.31
"2007-08-01",33.94,34.29,33.27,34.02,6039100,29.68
"2007-08-02",34,34.56,33.82,34.37,5255400,29.99
"2007-08-03",34.06,34.56,33.4,33.46,4497300,29.19
"2007-08-06",33.56,34.52,33.56,34.52,6558900,30.12
"2007-08-07",34.36,34.85,34.14,34.67,5321700,30.25
"2007-08-08",34.75,35.25,34.66,35.19,6050500,30.7
"2007-08-09",34.84,35.69,34.52,35.18,7068700,30.69
"2007-08-10",35,35.94,33.65,34.43,7783100,30.04
"2007-08-13",34.5,34.61,33.75,33.88,5291100,29.66
"2007-08-14",33.9,33.99,32.91,33.15,5360800,29.02
"2007-08-15",32.96,33.79,32.84,32.92,5992900,28.82
"2007-08-16",32.62,32.71,31.28,32.25,9453300,28.23
"2007-08-17",32.85,33,32.04,32.65,5539100,28.58
"2007-08-20",32.59,32.95,32.16,32.45,3997400,28.41
"2007-08-21",32.17,32.89,32.06,32.35,4770600,28.32
"2007-08-22",32.48,32.71,32.01,32.47,5902900,28.42
"2007-08-23",32.7,33.09,32.33,32.86,5194300,28.76
"2007-08-24",32.67,33.21,32.59,33.08,3563000,28.96
"2007-08-27",32.83,33.13,32.64,32.73,3884200,28.65
"2007-08-28",32.48,32.77,32.06,32.09,4390600,28.09
"2007-08-29",32.25,32.92,32.21,32.91,4023000,28.81
"2007-08-30",32.63,33.7,32.55,33.59,5657400,29.4
"2007-08-31",33.8,34,33.4,33.7,3931400,29.5
"2007-09-04",33.87,33.95,33.62,33.8,4149600,29.59
"2007-09-05",33.99,33.99,32.84,33.04,6294300,28.92
"2007-09-06",33,33.45,32.8,33.15,3807400,29.02
"2007-09-07",33,33,32.34,32.71,5190000,28.63
"2007-09-10",32.8,33,32.35,32.54,4592200,28.48
"2007-09-11",32.55,32.78,32.15,32.7,7406000,28.62
"2007-09-12",32.51,32.87,32.39,32.63,5819700,28.56
"2007-09-13",32.69,33.18,32.5,32.83,7523000,28.74
"2007-09-14",32.58,32.71,32.09,32.36,5835700,28.33
"2007-09-17",32.3,32.5,32.05,32.23,3871700,28.21
"2007-09-18",32.26,32.49,32.05,32.45,6632000,28.41
"2007-09-19",32.6,33.43,32.6,33.05,6558200,28.93
"2007-09-20",33.06,33.1,32.42,32.67,4764600,28.6
"2007-09-21",32.95,33.19,32.67,33.12,5651500,28.99
"2007-09-24",33.12,33.15,32.59,32.7,5162400,28.62
"2007-09-25",32.44,32.97,32.24,32.8,4455700,28.71
"2007-09-26",32.99,33.46,32.81,33.36,5012200,29.2
"2007-09-27",33.5,33.86,33.2,33.65,4627300,29.46
"2007-09-28",33.65,33.7,32.9,33.08,7293600,28.96
"2007-10-01",33.08,33.55,32.77,33.17,6006800,29.04
"2007-10-02",33.26,33.62,32.86,33.24,5233500,29.1
"2007-10-03",33.05,33.15,32.5,32.7,6003000,28.62
"2007-10-04",32.61,33.06,32.43,32.83,4673200,28.74
"2007-10-05",33.15,33.34,32.55,33.11,4975000,28.98
"2007-10-08",33.27,33.31,32.63,32.87,2633100,28.77
"2007-10-09",33,33.6,32.91,33.53,4447800,29.35
"2007-10-10",33.54,34,33.44,33.93,5794900,29.7
"2007-10-11",34.25,35.51,34.01,34.9,10789900,30.55
"2007-10-12",35.27,35.59,34.91,35.48,6974500,31.06
"2007-10-15",35.43,35.47,34.46,34.91,5164800,30.56
"2007-10-16",34.91,35.09,34.69,34.85,4605500,30.51
"2007-10-17",35.09,35.42,34.84,35.35,5466900,30.94
"2007-10-18",35.44,35.77,35.3,35.5,3658100,31.08
"2007-10-19",35.35,35.7,34.74,34.9,11402500,30.55
"2007-10-22",34.54,35,34.48,34.96,3628000,30.6
"2007-10-23",34.96,35.09,34.65,35.01,3449100,30.65
"2007-10-24",34.78,35.13,33.69,34.32,7343500,30.04
"2007-10-25",34.51,34.83,34.31,34.71,7526400,30.38
"2007-10-26",35.12,35.25,34.64,35.06,3580500,30.69
"2007-10-29",35.1,35.89,35.09,35.66,5027600,31.22
"2007-10-30",35.7,35.75,35.29,35.38,5551900,30.97
"2007-10-31",35.41,35.89,35.38,35.78,5156800,31.32
"2007-11-01",35.5,35.8,34.91,35,7846000,30.64
"2007-11-02",35,35.14,34.2,34.84,6337700,30.5
"2007-11-05",34.85,34.93,34.21,34.52,6028700,30.22
"2007-11-06",36.51,37.67,36.35,36.89,15780200,32.29
"2007-11-07",36.5,37,36.27,36.47,8449000,31.92
"2007-11-08",36.52,38.09,36.52,37.26,10922700,32.62
"2007-11-09",36.9,37.4,36.77,36.93,6603200,32.33
"2007-11-12",36.79,37.34,36,36.1,4885400,31.6
"2007-11-13",36.48,37.44,36.01,37.37,6089200,32.71
"2007-11-14",37.6,38.54,37.47,37.75,7286800,33.05
"2007-11-15",37.6,37.61,36.83,37.03,4496900,32.41
"2007-11-16",37.27,38,37.16,37.89,7132600,33.17
"2007-11-19",36.5,37.46,36.24,36.39,8924600,31.85
"2007-11-20",36.38,36.79,35.28,36.41,7438900,31.97
"2007-11-21",36.04,36.39,35.06,35.13,5732800,30.85
"2007-11-23",35.29,35.59,34.76,35.59,2336400,31.25
"2007-11-26",35.66,36.5,35.4,35.43,3818500,31.11
"2007-11-27",35.54,36.94,35.33,35.7,4245600,31.35
"2007-11-28",35.9,36.23,35.38,35.97,4564300,31.59
"2007-11-29",35.93,36.68,35.8,36.16,3578900,31.75
"2007-11-30",36.52,36.97,36.05,36.35,4867400,31.92
"2007-12-03",36.6,36.7,35.92,36.1,3446800,31.7
"2007-12-04",35.9,37.29,35.8,37.03,5239600,32.52
"2007-12-05",37.23,37.23,36.35,36.83,4613000,32.34
"2007-12-06",36.82,38.12,36.76,37.88,6206900,33.26
"2007-12-07",37.87,39,37.7,38.55,5380900,33.85
"2007-12-10",38.7,39,38.34,38.61,3513300,33.91
"2007-12-11",38.59,38.93,37.11,37.27,4976500,32.73
"2007-12-12",38.03,38.98,38.03,38.73,5673300,34.01
"2007-12-13",38.55,39.07,37.82,38.29,3827900,33.62
"2007-12-14",38.23,40.16,37.96,39.07,7725500,34.31
"2007-12-17",38.98,40.6,38.88,39.75,7649600,34.91
"2007-12-18",39.96,40.74,39.28,40.18,6600600,35.28
"2007-12-19",40.2,41.7,39.9,41.38,8463600,36.34
"2007-12-20",41.6,43.37,41.51,43.29,12584100,38.01
"2007-12-21",43.6,44.35,42.89,44.27,11239800,38.88
"2007-12-24",44.28,45.3,43.91,44.99,3318100,39.51
"2007-12-26",44.99,45.99,44.95,45.75,5672000,40.17
"2007-12-27",45.04,46.3,45.02,46.04,6754700,40.43
"2007-12-28",45.94,47.29,45.94,47.09,6018400,41.35
"2007-12-31",47.03,47.33,45.72,46.43,6340400,40.77
"2008-01-02",46.38,46.5,44.89,45.26,11937000,39.74
"2008-01-03",45.42,46.3,45.1,45.73,5944300,40.16
"2008-01-04",45.3,46.79,45.15,45.85,6932200,40.26
"2008-01-07",46.04,46.17,45.2,45.86,8137100,40.27
"2008-01-08",46.15,46.25,44.9,45.02,8629400,39.53
"2008-01-09",44.74,45.26,43.72,45.19,10227600,39.68
"2008-01-10",44.94,45.05,44.31,44.58,9440700,39.15
"2008-01-11",44.26,44.91,43.44,43.64,8905100,38.32
"2008-01-14",44.01,45.97,43.65,45.14,7839200,39.64
"2008-01-15",44.55,45.19,44.54,45,10240800,39.52
"2008-01-16",44.5,44.95,42.19,42.37,11197100,37.21
"2008-01-17",41.97,42.35,41.03,41.16,12541700,36.14
"2008-01-18",41.36,42,39.71,40.9,9179900,35.92
"2008-01-22",38.11,40.6,38.11,40.19,8746400,35.29
"2008-01-23",38.51,40.99,38.5,40.85,8017700,35.87
"2008-01-24",41.03,42.51,40.85,42.27,6749900,37.12
"2008-01-25",42.69,43.27,42.04,42.11,7167700,36.98
"2008-01-28",42.08,43.49,41.59,43.3,6740800,38.02
"2008-01-29",43.65,43.65,42.76,42.94,5690000,37.71
"2008-01-30",42.68,43.85,42.51,42.99,4862200,37.75
"2008-01-31",42.81,44.48,42.81,43.98,8157000,38.62
"2008-02-01",44.24,45.59,43.62,45.5,6847000,39.96
"2008-02-04",46,46,43.45,44.2,7867500,38.81
"2008-02-05",43.51,44.87,41.97,42.03,6828800,36.91
"2008-02-06",42.18,42.48,41.1,41.26,4932500,36.23
"2008-02-07",40.95,41.78,40.2,41.31,5181500,36.28
"2008-02-08",41.17,42.28,41.17,41.41,5962400,36.36
"2008-02-11",41.48,43.03,41.48,42.95,6333200,37.72
"2008-02-12",43.29,44.56,43.25,43.58,6105800,38.27
"2008-02-13",43.99,44.58,43.36,43.96,5215700,38.6
"2008-02-14",44.06,44.57,43.16,43.53,4158800,38.34
"2008-02-15",43.38,44.15,42.78,44.13,3524200,38.87
"2008-02-19",44.54,45.77,44.54,45.36,5906300,39.95
"2008-02-20",45.01,45.48,44.25,45.34,4350100,39.93
"2008-02-21",45.59,46.87,45.27,45.42,8828300,40
"2008-02-22",45.69,45.69,44.02,44.58,6132600,39.26
"2008-02-25",44.52,45.08,44.2,44.83,5203700,39.48
"2008-02-26",44.7,46.15,44.6,45.92,5102700,40.44
"2008-02-27",45.73,45.88,45.12,45.23,4483100,39.84
"2008-02-28",44.99,46.95,44.99,46.47,6494800,40.93
"2008-02-29",46.3,46.42,44.75,45.1,3945200,39.72
"2008-03-03",45,46.07,44.75,45.74,4205000,40.29
"2008-03-04",45.41,46.22,45.14,46,5800700,40.51
"2008-03-05",45.75,47.18,45.75,46.58,7164400,41.03
"2008-03-06",46.45,46.88,46.08,46.27,5952400,40.75
"2008-03-07",45.39,45.87,44.75,45.01,4250800,39.64
"2008-03-10",44.96,45.17,42.71,42.89,7357900,37.78
"2008-03-11",43.27,44.56,42.56,44.52,6665000,39.21
"2008-03-12",44.7,45.3,43.97,44.13,4219600,38.87
"2008-03-13",43.55,44.53,42.99,44.28,4163200,39
"2008-03-14",44.67,45.51,43.39,43.85,5411100,38.62
"2008-03-17",42.73,43.45,41.79,42.07,7287900,37.05
"2008-03-18",42.77,43.54,42.46,43.52,5463500,38.33
"2008-03-19",44.02,44.02,42.05,42.19,5650800,37.16
"2008-03-20",42.19,42.2,39.99,40.18,12480600,35.39
"2008-03-24",40.3,41.95,40.3,41.79,5741900,36.81
"2008-03-25",42.31,43,42.07,42.7,5292400,37.61
"2008-03-26",42.56,42.76,42.04,42.38,2593300,37.33
"2008-03-27",41.38,42.55,41.3,41.94,4505400,36.94
"2008-03-28",42.06,43,41.86,42.28,3675000,37.24
"2008-03-31",42.18,42.27,40.27,41.16,7689100,36.25
"2008-04-01",41.06,42,40.68,41.92,4875800,36.92
"2008-04-02",41.91,42.3,41.43,41.77,3645100,36.79
"2008-04-03",41.5,41.97,41.01,41.24,6110300,36.32
"2008-04-04",41.5,42.82,41.41,42.53,4425600,37.46
"2008-04-07",42.77,43.53,42.56,43.15,4392500,38
"2008-04-08",42.93,43.54,42.64,43.23,2941100,38.07
"2008-04-09",43.17,44.61,43.17,43.62,4604100,38.42
"2008-04-10",43.62,43.72,42.81,42.96,4243600,37.84
"2008-04-11",42.96,43.5,42.72,43.03,2762200,37.9
"2008-04-14",42.93,43.17,42.41,42.95,2027400,37.83
"2008-04-15",43.14,44.39,43.09,44.16,3470500,38.89
"2008-04-16",44.58,45.55,44.57,45.2,4306500,39.81
"2008-04-17",45.44,45.92,44.75,45.54,3558200,40.11
"2008-04-18",45.92,46.89,45.37,46.47,6012400,40.93
"2008-04-21",46.19,48.35,46.02,48.18,6738500,42.43
"2008-04-22",47.93,48.95,46.84,47.28,5781800,41.64
"2008-04-23",47.37,48.33,46.89,47.33,4000300,41.69
"2008-04-24",47.49,47.49,45.59,46.13,6720000,40.63
"2008-04-25",46.31,47.44,45.98,47.31,3295900,41.67
"2008-04-28",47.3,47.47,46.54,47.42,3927300,41.76
"2008-04-29",47.44,47.44,44.81,45.58,8693100,40.14
"2008-04-30",44.86,45.58,43.62,44.06,9752800,38.81
"2008-05-01",44.08,44.08,42.7,43.19,6344400,38.04
"2008-05-02",43.14,44.4,43.14,43.94,3824900,38.7
"2008-05-05",44.2,44.75,43.82,44.09,3875000,38.83
"2008-05-06",44.08,44.82,44.01,44.72,4138800,39.39
"2008-05-07",44.99,45,43.59,43.73,4276800,38.52
"2008-05-08",43.98,44.6,43.73,44.56,3926700,39.25
"2008-05-09",44.02,44.13,42.17,42.68,6327000,37.59
"2008-05-12",42.88,43.48,42.68,43.28,2875200,38.12
"2008-05-13",43.31,43.5,42.91,43.19,3789500,38.15
"2008-05-14",43.26,43.64,42.93,43.07,3583600,38.05
"2008-05-15",43.21,43.84,43.2,43.38,4668800,38.32
"2008-05-16",43.38,43.74,43.06,43.35,4867600,38.3
"2008-05-19",43.45,44.5,43.45,43.91,6201800,38.79
"2008-05-20",43.9,44.4,43.63,43.96,3335500,38.83
"2008-05-21",44.12,44.84,43.47,43.7,4721800,38.6
"2008-05-22",43.7,44.02,43.08,43.28,5496700,38.23
"2008-05-23",43.06,43.68,43.02,43.17,6238000,38.14
"2008-05-27",43.11,43.3,41.58,41.95,7490200,37.06
"2008-05-28",40.83,40.91,39.86,39.86,24683900,35.21
"2008-05-29",39.3,39.85,39.07,39.5,29156600,34.89
"2008-05-30",39.81,39.96,39.31,39.7,12478600,35.07
"2008-06-02",39.72,40.28,39.22,39.5,10080100,34.89
"2008-06-03",39.72,39.79,38.06,38.42,12615000,33.94
"2008-06-04",38.39,38.69,38.01,38.11,9676100,33.67
"2008-06-05",38.17,38.54,37.49,38.46,13930500,33.98
"2008-06-06",38.25,38.38,37.15,37.2,9132600,32.86
"2008-06-09",37.37,37.7,36.75,37.55,6780500,33.17
"2008-06-10",37.29,37.4,36.58,37.12,8030300,32.79
"2008-06-11",37.32,37.94,36.87,37.28,11273100,32.93
"2008-06-12",36.33,36.6,33.34,33.52,25576900,29.61
"2008-06-13",33,33.5,31.65,32.61,21644800,28.81
"2008-06-16",32.43,33.15,32.16,32.61,10522700,28.81
"2008-06-17",32.71,33.42,32.67,33.12,10260700,29.26
"2008-06-18",32.98,33.63,32.79,32.82,10942800,28.99
"2008-06-19",32.78,33.35,32.78,33.12,6598400,29.26
"2008-06-20",32.81,33.22,32.31,32.67,7801700,28.86
"2008-06-23",33.4,34.1,33.11,33.5,8107200,29.59
"2008-06-24",33.78,33.78,33.05,33.16,7114700,29.29
"2008-06-25",33.03,33.87,32.71,33.33,9474300,29.44
"2008-06-26",33.14,33.37,32.4,32.51,7687100,28.72
"2008-06-27",32.72,33.25,32.25,32.92,6704300,29.08
"2008-06-30",33.34,34.14,32.92,33.75,8317000,29.81
"2008-07-01",33.3,33.49,32.7,33.3,7094300,29.42
"2008-07-02",33.48,33.91,32.16,32.16,6972100,28.41
"2008-07-03",32.36,32.59,31.01,31.17,6425400,27.54
"2008-07-07",31.28,32.31,31.21,31.91,7894200,28.19
"2008-07-08",31.89,32.15,31.29,32.03,5046200,28.3
"2008-07-09",32.13,32.28,31.36,31.5,6182200,27.83
"2008-07-10",31.53,31.75,30.8,31.25,6604500,27.61
"2008-07-11",30.88,31.2,30.14,30.29,9038900,26.76
"2008-07-14",30.62,30.72,29.7,29.8,7965800,26.33
"2008-07-15",29.62,29.62,27.14,28.37,14442000,25.06
"2008-07-16",27.9,28.93,27.52,28.85,8024900,25.49
"2008-07-17",29,29.1,28.33,28.64,7344900,25.3
"2008-07-18",28.72,30.06,28.72,29.92,8803900,26.43
"2008-07-21",30.1,30.2,29.19,29.53,5075900,26.09
"2008-07-22",29.3,30,29.1,29.97,6016400,26.48
"2008-07-23",29.95,30.32,29.71,30.08,6295300,26.57
"2008-07-24",30.37,31.03,29.78,29.89,7084300,26.4
"2008-07-25",29.72,30.1,29.56,29.66,4130300,26.2
"2008-07-28",29.56,29.78,28.68,28.77,7481500,25.42
"2008-07-29",28.83,28.95,28.25,28.88,7107300,25.51
"2008-07-30",28.95,29.17,28.64,28.98,8662200,25.6
"2008-07-31",28.86,29.39,28.29,28.63,8148400,25.29
"2008-08-01",28.8,28.83,28.16,28.16,3594300,24.88
"2008-08-04",28.27,28.36,27.32,27.4,7290700,24.21
"2008-08-05",27.94,27.94,25.4,25.87,18434400,22.85
"2008-08-06",25.91,27.54,25.5,27.36,13743600,24.17
"2008-08-07",27.24,27.3,25.96,26.03,6951300,22.99
"2008-08-08",26.22,26.56,25.52,26.49,7822700,23.4
"2008-08-11",26.5,26.5,26.17,26.34,6828000,23.27
"2008-08-12",26.34,27.25,26.04,26.91,9402800,23.77
"2008-08-13",26.9,27.41,26.68,26.88,6906900,23.75
"2008-08-14",26.82,27.16,26.46,26.62,4592000,23.52
"2008-08-15",26.54,26.76,26.08,26.2,3840800,23.15
"2008-08-18",26.21,26.72,25.43,25.47,6838900,22.5
"2008-08-19",25.32,25.44,24.4,25.34,8431900,22.5
"2008-08-20",25.35,26.06,25.05,26.06,6741900,23.14
"2008-08-21",26.14,26.6,25.75,26.55,8017000,23.57
"2008-08-22",26.61,26.72,26.02,26.21,4057100,23.27
"2008-08-25",26.13,26.36,25.3,25.41,4442800,22.56
"2008-08-26",25.35,25.75,25.09,25.24,6066600,22.41
"2008-08-27",25.27,25.75,25.22,25.7,3919100,22.82
"2008-08-28",25.8,25.95,25.41,25.93,3935900,23.02
"2008-08-29",25.91,26.36,25.41,25.46,6119100,22.61
"2008-09-02",25.52,25.54,24.86,24.91,7128700,22.12
"2008-09-03",24.89,25.12,24.43,24.54,6023700,21.79
"2008-09-04",24.49,24.84,22.88,22.97,12985200,20.4
"2008-09-05",22.96,23.5,22.14,23.41,12708700,20.79
"2008-09-08",23.89,23.98,22.99,23.42,8477200,20.8
"2008-09-09",23.35,23.62,22.08,22.13,8109900,19.65
"2008-09-10",22.21,22.36,21.51,22.1,9827400,19.62
"2008-09-11",21.98,22.68,21.6,22.61,7338600,20.08
"2008-09-12",22.45,24.05,22.15,23.98,8584900,21.29
"2008-09-15",23.28,23.76,22.57,22.76,5737000,20.21
"2008-09-16",22.4,23.15,21.56,23,9679000,20.42
"2008-09-17",22.4,22.72,21.31,21.31,8285300,18.92
"2008-09-18",21.37,21.98,19.7,21.54,13542600,19.13
"2008-09-19",22.65,23.96,19.91,23.68,16737000,21.03
"2008-09-22",23.02,24,23.02,23.29,8812500,20.68
"2008-09-23",23.3,24.64,23.16,23.9,10836800,21.22
"2008-09-24",24.09,24.22,23.45,23.66,10928800,21.01
"2008-09-25",23.8,23.95,23.1,23.61,9447300,20.96
"2008-09-26",23.29,23.29,22.66,22.88,6448900,20.32
"2008-09-29",22.61,22.87,20.34,20.49,8633400,18.19
"2008-09-30",21.18,22.05,20.37,21.91,8015900,19.45
"2008-10-01",21.75,22.87,21.21,21.41,7255400,19.01
"2008-10-02",21.01,21.26,18.11,18.72,15914400,16.62
"2008-10-03",19,20.2,18.47,18.52,9613500,16.44
"2008-10-06",18.02,18.37,16.55,18.37,16430000,16.31
"2008-10-07",18.85,18.85,16.94,17.04,10141700,15.13
"2008-10-08",16.48,17.74,15.21,17.03,11956700,15.12
"2008-10-09",17.33,17.68,15.29,15.29,10565200,13.58
"2008-10-10",14.64,16.69,13.53,15.45,18586400,13.72
"2008-10-13",16.35,18.24,15.75,18.1,10138100,16.07
"2008-10-14",19.36,19.74,17.75,18.1,7826000,16.07
"2008-10-15",17.88,17.88,15.88,16.09,8672200,14.29
"2008-10-16",17.15,17.89,16.31,17.84,13513000,15.84
"2008-10-17",18.13,19.23,16.8,18.32,14198200,16.27
"2008-10-20",18.8,19.98,18.65,19.88,10116000,17.65
"2008-10-21",19.35,20.13,19.05,19.47,6583300,17.29
"2008-10-22",19.15,19.15,17.39,17.92,8779100,15.91
"2008-10-23",18.24,19.22,17.11,18.14,10163200,16.11
"2008-10-24",16.85,18,16,17.53,9059500,15.57
"2008-10-27",17.12,19.57,16.91,17.88,8959300,15.88
"2008-10-28",19,21,18.46,20.98,9447000,18.63
"2008-10-29",20.7,22.82,20.21,21.42,10335000,19.02
"2008-10-30",22.19,22.79,21.54,22.54,8010000,20.01
"2008-10-31",22.37,22.85,20.63,20.73,12480300,18.41
"2008-11-03",21,21.95,20.73,21.11,6142100,18.74
"2008-11-04",23.95,25.78,23.65,24.33,19181800,21.6
"2008-11-05",24.18,25.83,23.55,23.71,10525500,21.05
"2008-11-06",23.42,23.97,20,20.29,14594600,18.02
"2008-11-07",20.99,22.9,20.89,22.58,8435200,20.05
"2008-11-10",23.6,24.62,23.14,23.57,8072200,20.93
"2008-11-11",23.3,24.82,22.27,24.16,9528600,21.45
"2008-11-12",23.61,25,23.5,24.56,9864600,21.81
"2008-11-13",25.05,25.55,23.5,25.27,13686300,22.44
"2008-11-14",25.06,27.24,24.69,25.92,11872800,23.02
"2008-11-17",25.56,26.48,24.59,25.63,7758100,22.76
"2008-11-18",25.62,26.45,24.76,25.79,9482900,23.02
"2008-11-19",25.89,26.19,21.8,22.14,14080200,19.76
"2008-11-20",21.68,24.12,21.03,21.92,14490800,19.56
"2008-11-21",22.69,25.02,22.21,24.83,12227800,22.16
"2008-11-24",25.5,27.22,24.6,26.7,10820300,23.83
"2008-11-25",27.33,27.89,26.3,27.04,10058400,24.13
"2008-11-26",26.29,27.39,25.6,27.16,9031400,24.24
"2008-11-28",26.07,27.4,25.99,27.38,2870200,24.44
"2008-12-01",26.28,26.55,25.54,25.55,8510600,22.8
"2008-12-02",25.98,26.75,25.32,26.12,8699200,23.31
"2008-12-03",24.73,25.31,24.2,25.1,10822600,22.4
"2008-12-04",24.89,26.11,24.26,24.61,7676200,21.96
"2008-12-05",23.65,25.99,23.43,25.83,7746000,23.05
"2008-12-08",26.59,27.24,26.24,26.81,8369500,23.93
"2008-12-09",26.63,27.89,26.1,27.14,7289700,24.22
"2008-12-10",27.58,28.14,27.34,28.05,5439900,25.03
"2008-12-11",27.96,28.84,27.2,27.45,6076500,24.5
"2008-12-12",26.54,26.86,25.86,26.6,6487300,23.74
"2008-12-15",26.99,27.5,25.97,26.31,6230300,23.48
"2008-12-16",26.46,28.71,26.38,28.65,7933500,25.57
"2008-12-17",28.34,29.05,28,28.35,6535600,25.3
"2008-12-18",28.55,28.72,27.78,28.14,6296000,25.11
"2008-12-19",28.75,28.97,27.7,28.04,7824500,25.02
"2008-12-22",28.25,28.94,26.8,27.3,5604400,24.36
"2008-12-23",27.35,27.96,26.63,27.07,4671500,24.16
"2008-12-24",27.16,27.97,27.16,27.75,1762200,24.77
"2008-12-26",27.99,28.46,27.9,28.35,2082500,25.3
"2008-12-29",28.64,28.79,27.94,28.7,4458300,25.61
"2008-12-30",28.92,29.08,28.47,28.72,4195800,25.63
"2008-12-31",28.77,29.01,28.6,28.83,4250200,25.73
"2009-01-02",28.93,29.23,28.52,29.19,5808500,26.05
"2009-01-05",28.92,29.5,28.61,29.08,6677000,25.95
"2009-01-06",29.26,29.26,28.2,28.29,13002500,25.25
"2009-01-07",28.05,28.71,27.87,28.34,13265500,25.29
"2009-01-08",28.13,28.31,27.57,27.76,7336100,24.77
"2009-01-09",27.77,28.17,27.67,27.96,7054900,24.95
"2009-01-12",27.5,28,26.74,26.9,7366300,24.01
"2009-01-13",26.84,28.08,26.53,27.88,8891600,24.88
"2009-01-14",26.27,26.39,24.08,24.25,14894100,21.64
"2009-01-15",24.58,25.66,24.35,25.3,11663800,22.58
"2009-01-16",25.79,25.88,24.88,25.62,8184100,22.86
"2009-01-20",25.38,26.1,25.04,25.12,9942900,22.42
"2009-01-21",25.62,27.18,25.51,27.12,9023300,24.2
"2009-01-22",26.65,27.64,26.39,26.86,9289000,23.97
"2009-01-23",26.31,27.24,25.68,26.93,7875200,24.03
"2009-01-26",27.05,27.85,26.94,27.5,6879800,24.54
"2009-01-27",27.65,27.93,27.26,27.79,10391400,24.8
"2009-01-28",28.01,28.23,27.73,28.09,8872200,25.07
"2009-01-29",27.19,27.62,26.87,27.43,10723600,24.48
"2009-01-30",27.31,27.97,26.89,27.38,10496500,24.44
"2009-02-02",26.7,27.81,26.51,27.5,11728400,24.54
"2009-02-03",28.35,28.75,26.16,27.65,12461600,24.68
"2009-02-04",27,27.1,24.99,25.54,15783600,22.79
"2009-02-05",25.5,26.92,25.43,26.66,10090500,23.79
"2009-02-06",26.63,27.77,26.58,27.61,7194700,24.64
"2009-02-09",27.43,29.26,27.35,29.03,12518900,25.91
"2009-02-10",28.35,29.03,28.1,28.52,13438500,25.45
"2009-02-11",28.65,28.77,27.48,27.99,7815400,24.98
"2009-02-12",27.41,28.57,27.13,28.54,7182700,25.47
"2009-02-13",28.48,28.99,28.25,28.56,4819600,25.49
"2009-02-17",27.75,27.98,26.82,27.06,8224600,24.27
"2009-02-18",27.04,27.78,26.73,27.54,7966400,24.7
"2009-02-19",27.9,28.44,27.5,27.84,5366300,24.97
"2009-02-20",26.46,28.07,26.46,27.68,8139900,24.82
"2009-02-23",27.84,28.17,27.25,27.37,10438300,24.55
"2009-02-24",27.7,28.46,27.39,27.98,8899400,25.09
"2009-02-25",27.85,28.21,27.28,27.54,9862900,24.7
"2009-02-26",27.93,28.17,27.06,27.11,6216500,24.31
"2009-02-27",26.75,27.58,26.64,26.66,7929400,23.91
"2009-03-02",26.31,26.45,25.16,25.24,7366300,22.64
"2009-03-03",25.59,26,24.96,25.48,8859600,22.85
"2009-03-04",25.89,26.99,25.68,26.42,7353000,23.69
"2009-03-05",25.81,26.64,25.43,25.91,8451200,23.24
"2009-03-06",26.15,27.1,25.29,25.96,6760200,23.28
"2009-03-09",25.52,26.78,25.23,25.83,5190800,23.17
"2009-03-10",26.25,28.53,26.09,27.5,13939900,24.66
"2009-03-11",27.78,28.22,27.11,27.45,7251800,24.62
"2009-03-12",27.43,28.14,27.35,27.93,7926300,25.05
"2009-03-13",28.12,28.32,27.34,27.81,4788900,24.94
"2009-03-16",28.02,28.78,27.93,28.14,5727200,25.24
"2009-03-17",28.21,28.57,27.82,28.57,3989200,25.62
"2009-03-18",28.32,28.96,28.2,28.5,7460100,25.56
"2009-03-19",28.85,28.85,27.9,28.14,4751900,25.24
"2009-03-20",28.19,28.29,27.36,27.44,5357900,24.61
"2009-03-23",28.02,29.18,27.76,29.16,6823700,26.15
"2009-03-24",28.76,29.47,28.6,29,4957900,26.01
"2009-03-25",29.27,29.47,28.12,28.78,5599800,25.81
"2009-03-26",29.01,29.15,28.54,28.94,4530200,25.95
"2009-03-27",28.51,28.83,28.12,28.53,3560200,25.59
"2009-03-30",27.9,28.31,27,27.38,5215300,24.56
"2009-03-31",27.42,28.22,27.35,27.78,5085300,24.91
"2009-04-01",27.35,28.44,27.15,28.35,4611100,25.43
"2009-04-02",28.99,29.21,28.53,28.66,4202400,25.7
"2009-04-03",28.63,28.99,28.36,28.9,3645400,25.92
"2009-04-06",28.54,28.97,28.2,28.71,3167100,25.75
"2009-04-07",26.61,27.05,25.45,25.66,9379900,23.01
"2009-04-08",25.72,26.19,25.48,25.78,5807800,23.12
"2009-04-09",26.07,26.38,25.67,25.85,5209200,23.18
"2009-04-13",25.67,27.13,25.29,26.91,8528500,24.13
"2009-04-14",26.59,26.9,25.49,25.53,7849900,22.9
"2009-04-15",25.67,26.07,25.5,25.89,5272900,23.22
"2009-04-16",26.12,26.3,25.7,26.08,6995800,23.39
"2009-04-17",26.12,26.41,26,26.18,5593800,23.48
"2009-04-20",25.77,25.96,24.57,24.62,6458100,22.08
"2009-04-21",24.5,24.87,24.27,24.65,6349700,22.11
"2009-04-22",24.5,25.47,24.45,24.98,6382500,22.4
"2009-04-23",24.98,24.98,23.13,23.73,9640300,21.28
"2009-04-24",23.21,24.28,23.15,23.77,5844300,21.32
"2009-04-27",23.34,24.5,23.3,24.2,6917700,21.7
"2009-04-28",23.85,24.81,23.7,24.2,6298800,21.7
"2009-04-29",24.35,24.65,23.96,24.48,4989100,21.95
"2009-04-30",24.69,24.95,24.49,24.62,5463700,22.08
"2009-05-01",24.66,25.59,24.55,25.51,5080600,22.88
"2009-05-04",25.68,26.21,25.02,26.17,6713300,23.47
"2009-05-05",24.5,26.24,23.38,23.84,11489900,21.38
"2009-05-06",23.93,24.37,23.5,24.24,8554400,21.74
"2009-05-07",24.51,25.05,24.25,24.97,8076000,22.39
"2009-05-08",25.03,27.12,25.03,26.97,9849700,24.19
"2009-05-11",26.44,26.8,25.56,25.68,6906400,23.03
"2009-05-12",25.83,26.65,25.51,25.89,5826500,23.22
"2009-05-13",25.55,26.49,24.75,24.85,5451400,22.29
"2009-05-14",24.91,25.34,24.61,25.21,4260500,22.61
"2009-05-15",25.2,25.55,25.01,25.17,4026500,22.57
"2009-05-18",25.47,25.66,24.49,24.93,6874400,22.36
"2009-05-19",24.76,26.04,24.76,25.75,5815800,23.22
"2009-05-20",25.98,26.98,25.89,26.52,8401000,23.92
"2009-05-21",26.2,26.39,25.6,25.85,5172700,23.31
"2009-05-22",26.41,28.1,25.85,27.17,8358000,24.51
"2009-05-26",26.98,27.4,26.47,27.02,5722700,24.37
"2009-05-27",26.86,27.14,26.65,26.7,5270900,24.08
"2009-05-28",26.51,27.34,26.51,27.19,4416300,24.52
"2009-05-29",27.36,27.6,27.04,27.52,4525600,24.82
"2009-06-01",27.87,28.45,27.81,28.39,5536000,25.61
"2009-06-02",28.25,28.97,27.93,28.36,6207500,25.58
"2009-06-03",28.11,28.14,27.41,27.8,4992300,25.07
"2009-06-04",27.83,28.49,27.73,28.38,4554100,25.6
"2009-06-05",28.44,28.69,27.71,27.91,2820800,25.17
"2009-06-08",27.51,28.13,27.51,27.91,3265000,25.17
"2009-06-09",28.07,28.56,28.07,28.25,4011200,25.48
"2009-06-10",28.48,29,28.25,28.8,7006300,25.98
"2009-06-11",28.77,29.4,28.77,28.97,5437100,26.13
"2009-06-12",28.84,28.85,28.44,28.71,3115200,25.89
"2009-06-15",28.4,28.6,27.73,27.9,3630400,25.16
"2009-06-16",28.01,28.26,27.01,27.11,4608300,24.45
"2009-06-17",26.92,27.06,26.3,26.57,4137600,23.96
"2009-06-18",26.66,27.4,26.26,27.26,4611300,24.59
"2009-06-19",27.54,27.97,27.25,27.28,6056900,24.6
"2009-06-22",27.04,27.18,26.64,26.75,4480700,24.13
"2009-06-23",26.83,26.83,25.77,26.01,7674000,23.46
"2009-06-24",26.22,26.74,26.05,26.5,4799900,23.9
"2009-06-25",26.5,27.16,26.06,26.98,6001600,24.33
"2009-06-26",26.87,27.05,26.61,26.69,8636500,24.07
"2009-06-29",26.81,27.35,26.71,27.25,4656200,24.58
"2009-06-30",27.3,27.38,26.57,26.77,6613300,24.14
"2009-07-01",26.98,27.93,26.73,27.55,4723700,24.85
"2009-07-02",27.12,27.43,26.54,26.54,3977600,23.94
"2009-07-06",26.27,26.81,26,26.75,3514100,24.13
"2009-07-07",26.57,27.46,26.47,27.23,7651800,24.56
"2009-07-08",26.94,27,26.26,26.54,5089200,23.94
"2009-07-09",26.96,27.31,26.55,27.03,4408200,24.38
"2009-07-10",26.79,27.16,26.48,26.66,3446100,24.05
"2009-07-13",26.7,27.13,26.4,27.08,4234600,24.42
"2009-07-14",27.17,27.49,26.96,27.26,3927300,24.59
"2009-07-15",27.54,28.13,27.31,27.94,6304200,25.2
"2009-07-16",27.88,28.59,27.88,28.47,4516100,25.68
"2009-07-17",28.53,28.93,28.23,28.63,3689600,25.82
"2009-07-20",28.84,29.14,28.63,28.99,4584600,26.15
"2009-07-21",29.25,29.68,28.85,29.26,4794700,26.39
"2009-07-22",28.99,29.68,28.5,29.47,6954900,26.58
"2009-07-23",29.53,31.14,29.5,30.73,7444200,27.72
"2009-07-24",29.98,30.89,29.98,30.39,4529900,27.41
"2009-07-27",30.57,32.13,30.41,31.94,7804000,28.81
"2009-07-28",31.65,31.74,30.82,31.12,6569800,28.07
"2009-07-29",30.96,31.12,30.51,30.73,5263300,27.72
"2009-07-30",31.05,31.15,30.19,30.22,7372400,27.26
"2009-07-31",30.17,30.9,29.98,30.12,7460300,27.17
"2009-08-03",30.66,30.9,30.19,30.39,5595000,27.41
"2009-08-04",28.9,30,28.65,28.81,12221700,25.98
"2009-08-05",28.15,28.8,27.77,28.76,7211900,25.94
"2009-08-06",28.85,28.98,28.36,28.66,4304000,25.85
"2009-08-07",29.02,29.08,28.44,28.7,4295200,25.89
"2009-08-10",28.63,28.78,28.23,28.68,4728800,25.87
"2009-08-11",28.54,28.68,28.3,28.49,4027000,25.7
"2009-08-12",28.65,28.65,27.71,27.98,8928600,25.24
"2009-08-13",28.16,28.5,27.97,28.19,6895100,25.43
"2009-08-14",28.22,28.39,27.59,27.87,4690500,25.14
"2009-08-17",27.44,27.67,27.03,27.05,5043700,24.4
"2009-08-18",27.06,27.61,27.06,27.45,4239300,24.89
"2009-08-19",27.13,27.78,27.13,27.68,4285200,25.1
"2009-08-20",27.64,28.04,27.64,27.97,2935700,25.36
"2009-08-21",28.12,28.75,28.07,28.67,4046900,25.99
"2009-08-24",28.8,29.5,28.2,28.39,5928000,25.74
"2009-08-25",28.37,28.63,27.7,27.74,5804100,25.15
"2009-08-26",27.63,28.18,27.57,27.9,7200300,25.29
"2009-08-27",27.75,28.33,27.6,28.21,4146100,25.58
"2009-08-28",28.54,28.98,28.33,28.62,6280600,25.95
"2009-08-31",28.4,28.89,28.14,28.83,5644700,26.14
"2009-09-01",28.67,29.05,27.93,28.03,5139600,25.41
"2009-09-02",27.97,28.17,27.52,27.56,5598600,24.99
"2009-09-03",27.74,28.07,27.51,28.02,4404900,25.4
"2009-09-04",27.95,28.91,27.9,28.91,5462700,26.21
"2009-09-08",29.04,29.3,28.45,28.74,5671800,26.06
"2009-09-09",28.79,28.92,28.45,28.7,4001800,26.02
"2009-09-10",28.5,29.04,28.31,29.01,3931100,26.3
"2009-09-11",28.83,29.31,28.83,29.02,3768500,26.31
"2009-09-14",28.72,28.96,28.56,28.65,3864600,25.97
"2009-09-15",28.68,29.27,28.42,29.16,5289200,26.44
"2009-09-16",29.33,29.5,28.99,29.42,6364900,26.67
"2009-09-17",29.38,29.42,28.46,28.73,6023300,26.05
"2009-09-18",28.85,29.36,28.7,29.12,6187800,26.4
"2009-09-21",28.75,28.97,28.24,28.85,5055600,26.16
"2009-09-22",28.98,29,28.6,28.9,3011300,26.2
"2009-09-23",29.02,29.02,28.49,28.52,3408700,25.86
"2009-09-24",28.55,28.7,27.89,27.97,4236100,25.36
"2009-09-25",27.99,28.01,27.05,27.31,7583700,24.76
"2009-09-28",27.36,27.76,27.21,27.69,3774400,25.1
"2009-09-29",27.77,28.33,27.59,28.2,5619300,25.57
"2009-09-30",28.89,29.3,28.54,29.22,9980900,26.49
"2009-10-01",29.05,29.21,28.68,28.86,5216800,26.16
"2009-10-02",28.72,28.78,27.66,28.43,3855200,25.77
"2009-10-05",28.42,28.79,27.88,28.76,4132100,26.07
"2009-10-06",28.89,29.5,28.84,29.47,5468500,26.72
"2009-10-07",29.42,29.5,29.12,29.5,2897600,26.75
"2009-10-08",29.63,29.82,29.31,29.72,4154500,26.94
"2009-10-09",29.69,29.89,29.26,29.74,3182500,26.96
"2009-10-12",29.76,30,29.67,29.85,2668600,27.06
"2009-10-13",29.69,29.99,29.41,29.95,3420800,27.15
"2009-10-14",30.09,30.18,29.88,29.91,4355900,27.12
"2009-10-15",29.75,30.06,29.54,29.66,5300300,26.89
"2009-10-16",29.5,30.15,29.03,29.99,5659500,27.19
"2009-10-19",30.08,30.83,29.95,30.69,4018600,27.82
"2009-10-20",30.67,30.92,30.3,30.61,5288500,27.75
"2009-10-21",30.47,31.63,30.47,31.35,6149000,28.42
"2009-10-22",31.32,31.33,30.53,31.08,5271900,28.18
"2009-10-23",31.15,31.33,30.34,30.66,3857700,27.8
"2009-10-26",30.63,31.16,30.31,30.38,4130700,27.54
"2009-10-27",30.56,31.04,29.93,30.1,4121000,27.29
"2009-10-28",29.71,30.48,29.58,29.58,4180100,26.82
"2009-10-29",29.77,30.93,29.77,30.92,5118800,28.03
"2009-10-30",30.8,30.96,29.7,30.12,6798600,27.31
"2009-11-02",30.15,30.99,30.13,30.52,5047700,27.67
"2009-11-03",31.15,32.33,31,31.91,9749700,28.93
"2009-11-04",31.94,32.62,31.69,32.21,6018000,29.2
"2009-11-05",32.28,32.74,32.28,32.43,5126700,29.4
"2009-11-06",32.16,32.65,32.05,32.39,4317500,29.37
"2009-11-09",32.63,32.94,32.27,32.46,5856800,29.43
"2009-11-10",32.3,33,32.24,32.61,6204600,29.56
"2009-11-11",32.79,32.86,31.96,32.16,5627200,29.16
"2009-11-12",32.11,32.6,32.07,32.25,5310800,29.24
"2009-11-13",32.27,32.65,32.18,32.51,3565500,29.47
"2009-11-16",32.7,32.97,31.89,31.93,7522500,28.95
"2009-11-17",31.81,32.36,31.65,32.2,4978600,29.32
"2009-11-18",32.24,32.55,31.86,31.92,4807400,29.07
"2009-11-19",31.78,31.94,31.35,31.57,5659100,28.75
"2009-11-20",31.43,31.75,31.26,31.62,3927200,28.79
"2009-11-23",31.92,32.17,31.77,31.85,4536800,29
"2009-11-24",31.85,32.05,31.2,31.26,4076400,28.47
"2009-11-25",31.35,31.53,31.23,31.4,2666700,28.59
"2009-11-27",30.51,30.86,30.15,30.65,2703500,27.91
"2009-11-30",30.51,30.85,30.03,30.81,5651100,28.06
"2009-12-01",31.25,31.96,31.08,31.66,6666600,28.83
"2009-12-02",31.01,31.93,30.9,31.6,3674100,28.78
"2009-12-03",31.57,31.82,31.27,31.34,3449100,28.54
"2009-12-04",31.65,31.98,31.19,31.59,4627100,28.77
"2009-12-07",31.51,31.69,31,31.06,3515900,28.28
"2009-12-08",30.79,31.04,30.41,30.81,5318100,28.06
"2009-12-09",30.72,30.85,30.31,30.48,3889000,27.76
"2009-12-10",30.56,30.98,30.19,30.51,4944700,27.78
"2009-12-11",30.71,31.03,30.4,30.49,4477500,27.76
"2009-12-14",30.7,30.81,29.91,30.23,6332400,27.53
"2009-12-15",30.32,31,30.2,30.64,5103200,27.9
"2009-12-16",31.03,31.7,30.72,31.24,5149400,28.45
"2009-12-17",31.05,31.23,30.5,30.54,3760700,27.81
"2009-12-18",30.85,30.85,30.23,30.55,5004300,27.82
"2009-12-21",30.75,31.24,30.7,30.79,3400600,28.04
"2009-12-22",30.86,31.13,30.67,30.8,2677300,28.05
"2009-12-23",30.82,31.47,30.8,31.33,2646100,28.53
"2009-12-24",31.43,31.69,31.27,31.57,1025300,28.75
"2009-12-28",31.56,31.75,31.44,31.63,1591100,28.8
"2009-12-29",31.65,31.89,31.48,31.57,2181700,28.75
"2009-12-30",31.43,31.76,31.25,31.73,1789100,28.89
"2009-12-31",31.71,31.84,31.3,31.31,1957700,28.51
"2010-01-04",31.48,31.84,31.33,31.47,3472500,28.66
"2010-01-05",31.55,31.77,31.4,31.64,3458700,28.81
"2010-01-06",31.6,31.89,31.43,31.56,3745800,28.74
"2010-01-07",31.55,31.7,31.05,31.23,7232100,28.44
"2010-01-08",31.12,31.19,30.52,30.84,6264700,28.08
"2010-01-11",30.97,31.32,30.6,30.86,5019600,28.1
"2010-01-12",30.68,30.86,30.32,30.53,4278400,27.8
"2010-01-13",30.64,30.83,30.38,30.66,3335100,27.92
"2010-01-14",30.58,30.97,30.5,30.74,3234000,27.99
"2010-01-15",30.77,30.97,30.3,30.54,3693700,27.81
"2010-01-19",30.5,30.88,30.43,30.54,4336000,27.81
"2010-01-20",31.03,31.19,30.65,30.9,7735400,28.14
"2010-01-21",30.94,30.98,30.41,30.44,8686100,27.72
"2010-01-22",30.33,30.9,30.07,30.47,6270800,27.75
"2010-01-25",30.71,30.71,29.7,29.77,6367700,27.11
"2010-01-26",29.65,29.77,29.53,29.63,5009300,26.98
"2010-01-27",29.61,29.89,29.52,29.75,5128500,27.09
"2010-01-28",29.79,30.19,29.75,29.95,7374100,27.27
"2010-01-29",30.12,30.31,29.65,29.97,6580200,27.29
"2010-02-01",30.07,30.18,29.65,30.16,5922200,27.46
"2010-02-02",30.42,31.8,30.37,31.63,10066300,28.8
"2010-02-03",31.55,31.76,30.91,31.18,5960500,28.39
"2010-02-04",30.9,30.97,30.03,30.06,6939900,27.37
"2010-02-05",30.3,30.83,30.08,30.61,7456500,27.87
"2010-02-08",30.61,30.74,29.85,29.89,6611200,27.22
"2010-02-09",30.16,30.28,29.57,29.91,8241300,27.24
"2010-02-10",29.96,30.11,29.75,29.99,4799300,27.31
"2010-02-11",29.88,30.37,29.5,30.03,5744000,27.35
"2010-02-12",29.68,29.93,29.46,29.77,5090900,27.11
"2010-02-16",29.89,30,29.25,29.48,7384300,26.98
"2010-02-17",29.62,29.89,29.56,29.88,4611900,27.35
"2010-02-18",29.72,30.04,29.69,29.97,3679600,27.43
"2010-02-19",29.86,30.05,29.58,29.95,3897500,27.41
"2010-02-22",29.83,30.05,29.65,29.81,3619800,27.28
"2010-02-23",29.81,29.83,29.46,29.62,5819300,27.11
"2010-02-24",29.62,29.86,29.43,29.57,4607500,27.06
"2010-02-25",29.2,29.47,29.08,29.47,4701500,26.97
"2010-02-26",29.5,29.57,29.15,29.36,3487500,26.87
"2010-03-01",29.49,29.75,29.44,29.66,2732700,27.15
"2010-03-02",29.73,30.25,29.66,29.85,4422200,27.32
"2010-03-03",29.99,30.06,29.66,29.78,3891600,27.26
"2010-03-04",29.84,30.01,29.67,30,3504000,27.46
"2010-03-05",30,30.7,29.96,30.62,5047800,28.02
"2010-03-08",30.67,30.8,30.34,30.57,2761700,27.98
"2010-03-09",30.47,30.68,30.39,30.51,4476400,27.92
"2010-03-10",30.56,30.63,30.06,30.24,4428800,27.68
"2010-03-11",30.07,30.17,29.33,29.44,8551000,26.94
"2010-03-12",29.74,29.76,28.56,28.66,7700400,26.23
"2010-03-15",28.78,28.83,28.45,28.61,4943900,26.18
"2010-03-16",28.99,28.99,28.31,28.59,4822400,26.17
"2010-03-17",28.6,29.1,28.54,29.1,5398200,26.63
"2010-03-18",29.18,29.25,28.81,29.24,5884200,26.76
"2010-03-19",29.24,29.4,28.63,29.09,6952000,26.62
"2010-03-22",28.88,29.33,28.76,29.33,4084700,26.84
"2010-03-23",29.28,29.36,28.97,29.32,4818300,26.83
"2010-03-24",29.19,29.19,28.12,28.5,8886100,26.08
"2010-03-25",28.66,28.74,28.24,28.26,6065500,25.86
"2010-03-26",28.45,28.56,28.06,28.42,6438700,26.01
"2010-03-29",29.08,29.13,28.69,29.03,7454400,26.57
"2010-03-30",29,29.09,28.64,28.93,5522800,26.48
"2010-03-31",28.91,29.02,28.52,28.9,4664700,26.45
"2010-04-01",28.97,29.2,28.89,29.11,3744300,26.64
"2010-04-05",29.26,29.26,28.32,28.46,7385200,26.05
"2010-04-06",28.46,28.48,28.12,28.23,7659800,25.84
"2010-04-07",28.11,28.34,28.03,28.25,6621300,25.85
"2010-04-08",28.13,28.29,27.97,28.06,6438400,25.68
"2010-04-09",28.09,28.3,28.04,28.26,4140800,25.86
"2010-04-12",28.07,28.37,28.05,28.37,3879300,25.96
"2010-04-13",28.36,28.5,28.03,28.18,4786900,25.79
"2010-04-14",28.36,28.36,28.08,28.31,6167700,25.91
"2010-04-15",28.32,28.52,28.15,28.34,4650300,25.94
"2010-04-16",28.29,28.54,28.1,28.25,5438400,25.85
"2010-04-19",28.19,28.4,28.05,28.26,3607600,25.86
"2010-04-20",28.31,29.02,28.19,28.92,7695600,26.47
"2010-04-21",29,29.1,28.65,28.77,5184200,26.33
"2010-04-22",28.63,28.63,28.26,28.46,5011600,26.05
"2010-04-23",28.43,28.52,28.2,28.5,4034500,26.08
"2010-04-26",28.59,28.7,28.39,28.44,3819100,26.03
"2010-04-27",28.28,28.5,27.85,27.88,6792900,25.52
"2010-04-28",27.95,28.16,27.88,28.01,7609300,25.64
"2010-04-29",28.19,28.31,27.97,28.12,9038900,25.74
"2010-04-30",28.19,28.38,27.93,27.94,6924900,25.57
"2010-05-03",28.23,28.25,27.65,27.72,8694800,25.37
"2010-05-04",27.54,27.65,26.03,26.22,16207400,24
"2010-05-05",26.19,26.63,25.76,26.45,11111900,24.21
"2010-05-06",26.36,26.43,24.77,25.7,9342400,23.52
"2010-05-07",25.89,26.27,25.56,25.94,11861400,23.74
"2010-05-10",26.69,26.86,26.38,26.61,6235400,24.35
"2010-05-11",26.46,27.2,26.25,27.02,7711300,24.73
"2010-05-12",27.03,27.55,26.92,27.5,6043600,25.17
"2010-05-13",27.4,27.58,26.99,27.15,4644200,24.85
"2010-05-14",27,27.12,26.67,26.77,4800600,24.5
"2010-05-17",26.84,27.24,26.62,27.17,5981900,24.87
"2010-05-18",27.25,27.42,26.69,26.71,5323600,24.58
"2010-05-19",26.6,26.79,26.4,26.67,4384600,24.54
"2010-05-20",26.17,26.17,25.35,25.38,8227900,23.36
"2010-05-21",24.87,25.63,24.85,25.41,7830000,23.38
"2010-05-24",25.28,25.28,24.91,24.92,6152200,22.93
"2010-05-25",24.52,24.73,24.22,24.7,8677500,22.73
"2010-05-26",24.9,25.07,24.72,24.87,9500600,22.89
"2010-05-27",25.08,25.44,24.98,25.43,5430700,23.4
"2010-05-28",25.42,25.55,25.2,25.27,6349600,23.26
"2010-06-01",25.05,25.48,24.82,25,4636700,23.01
"2010-06-02",25.12,25.57,25.02,25.56,4979600,23.52
"2010-06-03",25.54,25.62,25.34,25.53,2960600,23.5
"2010-06-04",25.25,25.3,24.8,24.83,5935200,22.85
"2010-06-07",24.8,25,24.5,24.51,4135700,22.56
"2010-06-08",24.58,24.9,24.42,24.89,4911200,22.91
"2010-06-09",25.05,25.44,24.84,24.93,4756000,22.94
"2010-06-10",25.24,25.63,25.09,25.39,4398400,23.37
"2010-06-11",25.19,25.66,25.01,25.64,4325900,23.6
"2010-06-14",25.74,25.91,25.61,25.65,3197600,23.61
"2010-06-15",25.86,26.72,25.8,26.71,6228300,24.58
"2010-06-16",26.54,26.78,26.46,26.78,5853600,24.65
"2010-06-17",26.86,27.66,26.85,27.51,12251500,25.32
"2010-06-18",27.47,27.63,27.17,27.19,6744300,25.02
"2010-06-21",27.49,27.58,26.99,27.16,5150100,25
"2010-06-22",27.14,27.14,26.59,26.65,6062600,24.53
"2010-06-23",26.44,27.19,26.44,26.99,4968000,24.84
"2010-06-24",26.86,27.1,26.28,26.46,7517600,24.35
"2010-06-25",26.47,26.61,26.27,26.34,9200600,24.24
"2010-06-28",26.34,26.87,26.28,26.65,4251500,24.53
"2010-06-29",26.29,26.48,25.89,26.01,7471200,23.94
"2010-06-30",26.03,26.11,25.67,25.82,6624000,23.76
"2010-07-01",26.03,26.19,25.51,25.76,5301000,23.71
"2010-07-02",25.8,25.94,25.02,25.5,6209800,23.47
"2010-07-06",25.72,26.06,25.58,25.78,4492400,23.73
"2010-07-07",25.94,26.38,25.76,26.34,5593100,24.24
"2010-07-08",26.63,26.76,26.48,26.71,3985400,24.58
"2010-07-09",26.71,26.8,26.21,26.72,4767900,24.59
"2010-07-12",26.61,26.72,26.49,26.68,2730400,24.55
"2010-07-13",26.87,27.25,26.8,26.98,4691200,24.83
"2010-07-14",26.84,27.12,26.68,26.9,3195200,24.76
"2010-07-15",26.64,26.99,26.54,26.87,3616800,24.73
"2010-07-16",27.05,27.5,26.73,26.74,7020900,24.61
"2010-07-19",26.95,26.95,26.6,26.78,3757100,24.65
"2010-07-20",26.6,27.42,26.57,27.38,3643900,25.2
"2010-07-21",27.44,27.44,26.94,27.09,4348800,24.93
"2010-07-22",27.21,27.71,27.21,27.45,3890800,25.26
"2010-07-23",27.46,27.71,27.33,27.63,5187900,25.43
"2010-07-26",27.6,27.98,27.59,27.8,3843200,25.58
"2010-07-27",27.96,28.21,27.78,27.84,5469300,25.62
"2010-07-28",27.87,27.99,27.6,27.66,3595400,25.46
"2010-07-29",27.28,27.45,26.84,27,11662500,24.85
"2010-07-30",26.9,27.54,26.5,27.36,6591900,25.18
"2010-08-02",27.64,28.39,27.58,28.32,7491600,26.06
"2010-08-03",28.6,29.17,28.41,28.49,7249200,26.22
"2010-08-04",28.51,28.75,28.26,28.61,4557800,26.33
"2010-08-05",28.76,30.4,28.76,30.25,17192900,27.84
"2010-08-06",30.41,30.98,29.97,30.18,12834100,27.77
"2010-08-09",30.1,30.64,29.83,30.63,6590400,28.19
"2010-08-10",30.26,30.79,30.24,30.64,4481500,28.2
"2010-08-11",30.03,30.29,29.79,29.84,5221100,27.46
"2010-08-12",29.65,30.62,29.59,30.6,6338900,28.16
"2010-08-13",30.59,30.78,29.99,30.05,6022200,27.65
"2010-08-16",29.89,30.24,29.69,30.04,5079900,27.65
"2010-08-17",30.42,30.96,30.07,30.78,6242800,28.47
"2010-08-18",31,31.09,30.58,30.71,4753300,28.4
"2010-08-19",30.77,30.86,30.22,30.23,5397300,27.96
"2010-08-20",30.17,30.73,30.13,30.52,5688600,28.23
"2010-08-23",30.77,31,30.31,30.33,3933300,28.05
"2010-08-24",29.95,30.1,29.76,29.88,4526000,27.64
"2010-08-25",29.75,30.13,29.64,30.11,6294600,27.85
"2010-08-26",30.22,30.43,29.93,29.97,4548500,27.72
"2010-08-27",30.2,30.64,29.86,30.53,5992900,28.24
"2010-08-30",30.48,30.9,30.16,30.55,3589000,28.26
"2010-08-31",30.52,30.89,30.33,30.81,6718700,28.5
"2010-09-01",31.25,31.95,31.16,31.35,5905200,29
"2010-09-02",31.34,31.67,31.24,31.54,3875000,29.17
"2010-09-03",31.82,32,31.58,32,4176800,29.6
"2010-09-07",31.83,32,31.37,31.39,4761900,29.03
"2010-09-08",31.4,32.2,31.4,31.95,5188900,29.55
"2010-09-09",32.19,32.19,31.7,31.85,4105700,29.46
"2010-09-10",32.33,32.74,32.22,32.72,6107100,30.26
"2010-09-13",32.84,33.15,32.68,32.68,5293800,30.23
"2010-09-14",32.61,32.69,32.15,32.16,5778800,29.75
"2010-09-15",32.17,32.58,32.11,32.54,4208500,30.1
"2010-09-16",32.3,33.32,32.2,33.21,7780700,30.72
"2010-09-17",33.39,33.45,32.37,32.38,8973000,29.95
"2010-09-20",32.6,33,32.4,32.95,3586800,30.48
"2010-09-21",33.25,33.31,32.62,32.85,4303400,30.38
"2010-09-22",32.96,33.54,32.92,33.39,5214800,30.88
"2010-09-23",33.07,33.27,32.75,33.01,3798800,30.53
"2010-09-24",33.27,33.35,32.01,32.27,10317400,29.85
"2010-09-27",32.45,32.76,32.26,32.64,6379800,30.19
"2010-09-28",32.77,32.92,32.28,32.89,3856700,30.42
"2010-09-29",32.86,32.97,32.53,32.57,3597200,30.12
"2010-09-30",32.68,32.8,31.75,31.92,7302300,29.52
"2010-10-01",31.89,31.94,31.36,31.92,6610800,29.52
"2010-10-04",31.93,32.04,31.44,31.61,5079200,29.24
"2010-10-05",31.8,32.45,31.79,32.38,4621600,29.95
"2010-10-06",32.42,32.65,32.22,32.3,3915700,29.87
"2010-10-07",32.45,32.76,32.3,32.73,4239000,30.27
"2010-10-08",32.9,33.5,32.85,32.86,7192600,30.39
"2010-10-11",32.63,32.74,32.16,32.56,5127400,30.12
"2010-10-12",32.45,32.79,32.2,32.71,3592200,30.25
"2010-10-13",33.16,33.42,33.03,33.22,6192900,30.73
"2010-10-14",33.3,33.34,33.06,33.28,3536100,30.78
"2010-10-15",33.5,33.5,32.97,33.27,4585500,30.77
"2010-10-18",33.34,33.61,33.08,33.58,4047600,31.06
"2010-10-19",33.35,33.35,32.84,32.96,3922300,30.49
"2010-10-20",33.07,33.56,33.02,33.43,5458500,30.92
"2010-10-21",33.45,33.72,33.25,33.43,2673600,30.92
"2010-10-22",33.42,33.7,33.2,33.54,2314200,31.02
"2010-10-25",33.71,34.03,33.62,33.71,3501900,31.18
"2010-10-26",33.54,33.69,33.15,33.37,3722400,30.86
"2010-10-27",33.14,33.23,32.71,33.22,3799700,30.73
"2010-10-28",33.59,33.86,33.17,33.45,3076300,30.94
"2010-10-29",33.13,33.41,32.5,33.32,9125700,30.82
"2010-11-01",33.43,33.88,33.28,33.39,5321500,30.88
"2010-11-02",32.09,32.26,30.5,31.19,19860100,28.85
"2010-11-03",31.23,31.25,30.71,31.05,7968600,28.72
"2010-11-04",31.37,31.62,30.77,31.56,9744600,29.19
"2010-11-05",31.92,32,31.22,31.35,4751600,29
"2010-11-08",31.3,31.3,31.02,31.19,3357700,28.85
"2010-11-09",31.16,31.18,30.68,30.85,6129200,28.53
"2010-11-10",30.82,30.88,30.55,30.78,4082100,28.47
"2010-11-11",30.53,30.73,30.5,30.68,4144800,28.38
"2010-11-12",30.61,30.61,30.04,30.23,5436600,27.96
"2010-11-15",30.35,30.51,30.14,30.19,3943100,27.92
"2010-11-16",29.97,30.19,29.37,29.58,5438200,27.5
"2010-11-17",29.53,29.81,29.36,29.52,5037000,27.44
"2010-11-18",29.83,30.02,29.54,29.79,3935200,27.69
"2010-11-19",29.82,29.87,29.62,29.66,4069000,27.57
"2010-11-22",29.6,29.8,29.49,29.67,3900800,27.58
"2010-11-23",29.46,29.52,29.01,29.09,5376400,27.04
"2010-11-24",29.32,29.48,29.12,29.48,3436000,27.4
"2010-11-26",29.27,29.6,29.19,29.21,2051300,27.15
"2010-11-29",28.91,29.1,28.53,28.88,6719800,26.84
"2010-11-30",28.68,29.21,28.53,28.99,5749700,26.95
"2010-12-01",29.36,29.51,29,29.49,4810000,27.41
"2010-12-02",29.32,30.12,29.26,30.12,6641100,28
"2010-12-03",30.01,30.53,29.86,30.39,6136900,28.25
"2010-12-06",30.38,30.43,30.01,30.15,4406800,28.03
"2010-12-07",30.38,30.42,30.05,30.17,6496400,28.04
"2010-12-08",30.13,30.35,29.8,29.95,5036200,27.84
"2010-12-09",30.17,30.49,30.1,30.44,7562500,28.29
"2010-12-10",30.55,31.1,30.4,31.07,7577800,28.88
"2010-12-13",31.29,31.48,30.63,30.69,5924100,28.53
"2010-12-14",30.68,30.78,30.46,30.56,3779100,28.41
"2010-12-15",30.5,30.64,30.18,30.22,4336700,28.09
"2010-12-16",30.19,30.5,30.14,30.35,3340800,28.21
"2010-12-17",30.21,30.35,29.92,30.03,6355700,27.91
"2010-12-20",30.24,30.35,30.06,30.25,3861200,28.12
"2010-12-21",30.36,30.65,30.08,30.15,4277700,28.03
"2010-12-22",30.2,30.68,29.93,30.59,5857700,28.43
"2010-12-23",30.5,30.61,30.16,30.21,4428700,28.08
"2010-12-27",30.21,30.36,30.01,30.09,2787900,27.97
"2010-12-28",30.18,30.25,29.64,29.78,4978200,27.68
"2010-12-29",29.78,29.95,29.65,29.75,5818700,27.65
"2010-12-30",29.75,29.99,29.67,29.9,3837200,27.79
"2010-12-31",29.88,30.16,29.75,30.08,2843700,27.96
"2011-01-03",30.39,30.55,30.13,30.4,5111900,28.26
"2011-01-04",30.44,30.87,30.29,30.38,8274900,28.24
"2011-01-05",30.5,30.89,30.35,30.52,5516700,28.37
"2011-01-06",31.07,31.88,31.05,31.69,12048900,29.46
"2011-01-07",31.95,32.03,31.36,31.95,8929400,29.7
"2011-01-10",31.61,32.28,31.61,32.09,6427900,29.83
"2011-01-11",32.22,32.37,32.04,32.21,4708000,29.94
"2011-01-12",32.42,32.78,32.31,32.56,7139500,30.27
"2011-01-13",32.75,33.26,32.64,33.23,7071700,30.89
"2011-01-14",33.47,33.51,33.04,33.51,4814100,31.15
"2011-01-18",33.67,34.5,33.6,33.72,7764500,31.34
"2011-01-19",34.31,34.58,33.7,33.93,9593500,31.54
"2011-01-20",33.75,33.87,32.23,33.39,11039800,31.04
"2011-01-21",33.68,33.96,33.29,33.45,6257400,31.09
"2011-01-24",33.41,33.63,33.28,33.42,4523900,31.06
"2011-01-25",33.29,33.51,33.1,33.34,5588200,30.99
"2011-01-26",33.73,33.83,33.22,33.42,4919600,31.06
"2011-01-27",33.61,33.76,33.23,33.43,4999900,31.07
"2011-01-28",33.58,33.7,32.64,32.76,5808900,30.45
"2011-01-31",33.11,33.3,32.63,32.67,8415400,30.37
"2011-02-01",34.85,35.2,34.43,34.7,19583800,32.25
"2011-02-02",34.87,35.4,34.76,35.33,13420700,32.84
"2011-02-03",35.26,35.6,34.81,35.45,6754200,32.95
"2011-02-04",35.61,36.09,35.21,36.09,7477100,33.55
"2011-02-07",36.15,36.29,35.91,35.95,6906400,33.42
"2011-02-08",36.01,36.09,35.63,36.09,6512500,33.55
"2011-02-09",36.18,36.5,35.68,36.02,6175400,33.48
"2011-02-10",35.96,36.19,35.05,35.44,9499600,32.94
"2011-02-11",35.38,36.26,35.2,36.22,9066400,33.67
"2011-02-14",36.13,36.73,36.13,36.65,6259200,34.07
"2011-02-15",36.58,36.6,36.14,36.46,8077700,34.04
"2011-02-16",37.04,37.31,36.68,37.12,7193300,34.66
"2011-02-17",36.89,37.49,36.59,37.48,5522800,34.99
"2011-02-18",37.41,37.96,37.1,37.65,6852100,35.15
"2011-02-22",37.23,38.02,36.9,36.98,7257900,34.52
"2011-02-23",36.87,36.95,35.47,35.87,10422600,33.49
"2011-02-24",35.95,36.56,35.95,36.43,7244000,34.01
"2011-02-25",36.56,37.03,36.56,36.88,4607600,34.43
"2011-02-28",37.06,37.63,37.03,37.18,5707900,34.71
"2011-03-01",37.5,37.61,36.59,36.62,4906100,34.19
"2011-03-02",36.37,36.97,36.24,36.77,4690700,34.33
"2011-03-03",36.96,37.35,36.94,37.29,3506200,34.81
"2011-03-04",37.49,37.71,36.75,36.95,5320000,34.5
"2011-03-07",37.04,37.14,36.5,36.74,5910700,34.3
"2011-03-08",36.87,37.09,36.7,36.99,4888900,34.53
"2011-03-09",36.97,36.97,36.46,36.6,6330000,34.17
"2011-03-10",36.17,36.47,35.45,35.45,7129400,33.1
"2011-03-11",35.35,36.28,35.16,36.09,4805100,33.69
"2011-03-14",35.67,36.18,35.38,35.8,4295000,33.42
"2011-03-15",34.9,35.69,34.7,35.5,5186100,33.14
"2011-03-16",35.38,35.4,34.12,34.44,7779600,32.15
"2011-03-17",35.3,35.35,34.67,34.75,4904800,32.44
"2011-03-18",35.16,35.29,34.81,34.96,5176600,32.64
"2011-03-21",35.33,35.97,35.17,35.88,5189600,33.5
"2011-03-22",36.13,36.25,35.74,36.04,8507300,33.65
"2011-03-23",36.02,36.27,35.91,36.11,4447900,33.71
"2011-03-24",36.11,36.37,35.79,36.07,4470000,33.68
"2011-03-25",35.59,35.75,35.12,35.3,8687200,32.96
"2011-03-28",35.43,35.8,35.29,35.35,3884500,33
"2011-03-29",35.23,35.72,35.22,35.72,3411300,33.35
"2011-03-30",35.96,36.12,35.7,35.94,3548400,33.55
"2011-03-31",36.02,36.56,35.9,36.01,7058200,33.62
"2011-04-01",36.68,36.75,36.1,36.48,4950100,34.06
"2011-04-04",36.9,36.9,36.48,36.72,3823000,34.28
"2011-04-05",36.76,37.15,36.59,37.02,5050700,34.56
"2011-04-06",37.08,37.16,36.47,36.56,6097400,34.13
"2011-04-07",36.51,36.63,36.14,36.47,3834700,34.05
"2011-04-08",36.32,36.35,35.22,35.27,6823000,32.93
"2011-04-11",35.44,35.83,35.39,35.57,3980200,33.21
"2011-04-12",35.38,35.66,35.35,35.54,3931300,33.18
"2011-04-13",35.6,35.77,35.11,35.14,4182500,32.81
"2011-04-14",35.18,35.31,34.97,35.04,4208600,32.71
"2011-04-15",35.18,35.36,34.81,34.83,5477800,32.52
"2011-04-18",34.44,34.69,34.21,34.45,5369200,32.16
"2011-04-19",34.47,34.98,34.39,34.96,5176300,32.64
"2011-04-20",35.42,35.85,35.37,35.81,4648400,33.43
"2011-04-21",35.94,36.1,35.79,36.05,2889100,33.66
"2011-04-25",36.08,36.08,35.54,35.69,2658100,33.32
"2011-04-26",35.93,36.4,35.75,36.35,3700000,33.94
"2011-04-27",36.41,36.43,35.77,36.31,4402300,33.9
"2011-04-28",36.36,36.64,36,36.34,4231000,33.93
"2011-04-29",36.64,37.09,36.3,37.02,5683100,34.56
"2011-05-02",37.28,37.28,36.86,37,6944000,34.54
"2011-05-03",36.12,36.15,34.45,34.51,13508000,32.22
"2011-05-04",34.81,35.07,34.4,34.72,10244400,32.41
"2011-05-05",34.53,34.66,34.02,34.08,9458200,31.82
"2011-05-06",34.31,34.44,33.71,33.97,5876000,31.71
"2011-05-09",34.13,34.19,33.86,34.11,4770500,31.85
"2011-05-10",33.73,33.92,33.07,33.41,11601000,31.19
"2011-05-11",32.38,33.24,32.35,32.58,11280300,30.42
"2011-05-12",32.64,32.65,32.03,32.3,9664200,30.16
"2011-05-13",32.25,32.47,32.1,32.2,8705600,30.06
"2011-05-16",32.18,32.31,32,32.01,5859800,29.88
"2011-05-17",31.87,31.98,31.66,31.81,6961600,29.85
"2011-05-18",31.82,31.97,31.65,31.76,8234600,29.8
"2011-05-19",31.9,31.9,31.11,31.49,11339100,29.55
"2011-05-20",31.46,31.56,31.1,31.26,6473700,29.33
"2011-05-23",30.94,31.14,30.78,30.97,7515800,29.06
"2011-05-24",31.15,31.27,30.95,30.96,4406200,29.05
"2011-05-25",31.03,31.19,30.72,31.03,5603200,29.12
"2011-05-26",31.13,31.52,30.95,31.34,6023900,29.41
"2011-05-27",31.66,32.28,31.6,32.21,7226500,30.22
"2011-05-31",33.35,33.35,32.11,32.41,7163400,30.41
"2011-06-01",32.49,32.52,31.02,31.11,9206300,29.19
"2011-06-02",31.12,31.18,30.64,30.69,8887700,28.8
"2011-06-03",30.36,30.66,30.27,30.39,6458900,28.51
"2011-06-06",30.33,30.54,30.21,30.26,6243200,28.39
"2011-06-07",30.47,30.47,30.08,30.13,7077800,28.27
"2011-06-08",30.02,30.09,29.66,29.75,15461200,27.91
"2011-06-09",29.82,30.23,29.6,30.09,6970400,28.23
"2011-06-10",30,30.04,29.53,29.54,4577000,27.72
"2011-06-13",29.8,29.92,29.52,29.8,5876700,27.96
"2011-06-14",30.02,30.29,29.88,30.29,6938900,28.42
"2011-06-15",30.05,30.07,29.46,29.58,5592700,27.75
"2011-06-16",29.67,29.93,28.98,29.52,10032300,27.7
"2011-06-17",29.86,30.2,29.75,30.17,10036000,28.31
"2011-06-20",30.04,30.66,29.88,30.44,5995300,28.56
"2011-06-21",30.79,30.92,30.5,30.57,5479500,28.68
"2011-06-22",30.46,30.73,30.27,30.3,3677100,28.43
"2011-06-23",29.92,29.95,29.3,29.51,7792100,27.69
"2011-06-24",29.56,29.7,29.3,29.3,7020000,27.49
"2011-06-27",29.52,29.74,29.41,29.62,4318300,27.79
"2011-06-28",29.78,29.78,29.47,29.6,4461400,27.77
"2011-06-29",29.86,30.38,29.66,30.31,4837600,28.44
"2011-06-30",30.35,30.44,29.99,30.15,6570100,28.29
"2011-07-01",30.43,30.89,30.09,30.83,4938100,28.93
"2011-07-05",30.88,31.03,30.5,31.01,5902100,29.1
"2011-07-06",30.91,31,30.45,30.75,4539800,28.85
"2011-07-07",31.12,31.12,30.38,30.45,7581900,28.57
"2011-07-08",30.45,31.06,30.31,31.04,10826700,29.12
"2011-07-11",30.77,30.84,30.38,30.51,4908500,28.63
"2011-07-12",30.39,31,30.39,30.79,5910900,28.89
"2011-07-13",30.93,31.13,30.42,30.44,6624500,28.56
"2011-07-14",30.57,30.79,29.81,29.89,7046000,28.05
"2011-07-15",29.94,30.34,29.94,30.3,4838200,28.43
"2011-07-18",30.09,30.2,29.53,29.63,5685800,27.8
"2011-07-19",29.71,30.63,29.6,30.56,4990300,28.67
"2011-07-20",30.87,31.56,30.72,31.3,7554000,29.37
"2011-07-21",31.75,32.41,31.48,32.27,7045400,30.28
"2011-07-22",32.36,32.38,31.73,32.12,4047500,30.14
"2011-07-25",31.84,32.07,31.67,31.83,3812700,29.87
"2011-07-26",31.9,32.05,31.51,31.6,4313000,29.65
"2011-07-27",31.47,31.59,30.83,31.01,5474000,29.1
"2011-07-28",31.05,31.36,30.62,30.81,5772000,28.91
"2011-07-29",30.51,31.15,30.37,30.38,6963900,28.51
"2011-08-01",30.91,30.95,30.1,30.48,6174000,28.6
"2011-08-02",29.3,29.54,28.6,28.6,14450300,26.84
"2011-08-03",28.59,29.77,28.59,29.64,12431300,27.81
"2011-08-04",29.24,29.4,28.05,28.05,12163300,26.32
"2011-08-05",28.32,28.9,27.65,28.64,13393700,26.87
"2011-08-08",27.67,27.87,26.29,26.29,13997800,24.67
"2011-08-09",26.96,27.73,26,27.71,10820800,26
"2011-08-10",27.17,27.3,26.1,26.17,11258700,24.56
"2011-08-11",26.57,27.94,26.48,27.53,9412800,25.83
"2011-08-12",27.62,27.79,27.25,27.28,7132800,25.6
"2011-08-15",27.43,28.45,27.37,28.29,6527200,26.54
"2011-08-16",27.93,28.27,27.68,28.04,5631800,26.46
"2011-08-17",28.24,28.72,28.12,28.33,5170900,26.73
"2011-08-18",27.61,27.79,27.02,27.51,7964000,25.96
"2011-08-19",27.1,28.13,27.08,27.52,7542100,25.97
"2011-08-22",28.12,28.31,27.16,27.27,7980700,25.73
"2011-08-23",27.51,28.25,27.32,28.25,6782400,26.66
"2011-08-24",28.12,28.45,27.94,28.43,4357900,26.83
"2011-08-25",28.5,28.5,27.57,27.65,5005000,26.09
"2011-08-26",27.42,28.16,27,27.8,5679200,26.23
"2011-08-29",28.15,28.86,28.1,28.74,5621700,27.12
"2011-08-30",28.58,28.85,28.36,28.73,5489000,27.11
"2011-08-31",28.92,28.96,28.27,28.48,8210900,26.87
"2011-09-01",28.5,28.74,28.22,28.26,4844500,26.67
"2011-09-02",27.72,28.04,27.36,27.43,4801200,25.88
"2011-09-06",26.67,27.19,26.6,27.1,5458300,25.57
"2011-09-07",27.52,28.11,27.39,27.92,6593100,26.35
"2011-09-08",27.75,28,27.5,27.55,4984400,26
"2011-09-09",27.3,27.31,26.79,27.11,6942700,25.58
"2011-09-12",26.65,27.07,26.5,27.02,5757300,25.5
"2011-09-13",27.03,27.23,26.8,27.1,3840300,25.57
"2011-09-14",27.16,27.72,26.8,27.41,4638200,25.87
"2011-09-15",27.67,28.19,27.4,28.19,6079400,26.6
"2011-09-16",28.55,28.84,28.32,28.62,7235100,27.01
"2011-09-19",27.98,28,27.46,27.81,4907300,26.24
"2011-09-20",28.04,28.34,27.87,28.03,5119200,26.45
"2011-09-21",28.15,28.22,27.17,27.18,6142700,25.65
"2011-09-22",26.32,26.39,25.1,25.41,13314800,23.98
"2011-09-23",25.19,25.6,25.01,25.19,6938900,23.77
"2011-09-26",25.53,25.54,24.42,25.53,8126200,24.09
"2011-09-27",26.22,26.42,25.63,25.77,7680800,24.32
"2011-09-28",25.71,25.86,25.1,25.11,5438500,23.69
"2011-09-29",25.55,25.8,25.29,25.77,5720600,24.32
"2011-09-30",25.42,25.67,24.81,24.81,7309700,23.41
"2011-10-03",24.62,25.14,24.14,24.16,6155800,22.8
"2011-10-04",23.88,24.67,23.69,24.61,8800000,23.22
"2011-10-05",24.67,25.22,24.31,25.17,6094400,23.75
"2011-10-06",25.09,25.93,24.84,25.91,5233300,24.45
"2011-10-07",26.08,26.2,25.34,25.45,4853400,24.02
"2011-10-10",25.95,26.28,25.7,26.01,3586000,24.54
"2011-10-11",25.88,26.51,25.88,26.36,4205200,24.87
"2011-10-12",26.58,27.47,26.49,27.08,6195500,25.55
"2011-10-13",26.94,27.17,26.63,27.11,4500700,25.58
"2011-10-14",27.36,27.78,27.31,27.75,3459800,26.19
"2011-10-17",27.46,27.6,26.86,27.02,3957400,25.5
"2011-10-18",27,28.09,26.9,27.91,4502000,26.34
"2011-10-19",27.77,27.94,27.32,27.42,4059600,25.87
"2011-10-20",27.55,27.83,27.17,27.77,2836400,26.2
"2011-10-21",28.05,28.59,27.95,28.59,5085400,26.98
"2011-10-24",28.82,29.1,28.5,28.94,3950700,27.31
"2011-10-25",28.75,28.8,28.11,28.15,3894200,26.56
"2011-10-26",28.48,29.02,28.05,28.9,4192500,27.27
"2011-10-27",29.45,30.46,29.33,30.2,6923300,28.5
"2011-10-28",30.01,30.41,29.75,30.34,4304100,28.63
"2011-10-31",29.7,29.89,28.94,28.94,5967100,27.31
"2011-11-01",27.55,28.44,27.25,27.74,8077200,26.18
"2011-11-02",28.3,28.7,28.07,28.54,5101200,26.93
"2011-11-03",28.78,29.47,28.51,29.37,4927500,27.71
"2011-11-04",29.08,29.18,28.65,29.05,3722900,27.41
"2011-11-07",28.82,29.41,28.65,29.39,3867400,27.73
"2011-11-08",29.51,29.89,29.2,29.85,4493600,28.17
"2011-11-09",28.98,29.18,28.37,28.52,5098400,26.91
"2011-11-10",29.05,29.2,28.55,28.88,3640500,27.25
"2011-11-11",29.3,29.74,29.3,29.69,3624900,28.02
"2011-11-14",29.49,29.87,29.4,29.78,3876200,28.1
"2011-11-15",29.46,29.78,29.16,29.64,3435800,28.13
"2011-11-16",29.29,29.5,28.88,28.94,4603000,27.47
"2011-11-17",28.85,29.05,28.45,28.71,5630800,27.25
"2011-11-18",28.95,29.16,28.8,28.9,3435000,27.43
"2011-11-21",28.45,28.48,27.92,28.29,4977700,26.85
"2011-11-22",28.31,28.89,28.25,28.41,4628700,26.97
"2011-11-23",27.99,28.09,27.65,27.79,4260900,26.38
"2011-11-25",27.72,28.22,27.67,27.9,1552200,26.48
"2011-11-28",28.78,28.99,28.58,28.9,4786200,27.43
"2011-11-29",29,29.21,28.8,29.06,4043500,27.58
"2011-11-30",29.96,30.26,29.8,30.12,9203100,28.59
"2011-12-01",30.17,30.55,30.09,30.22,4526900,28.69
"2011-12-02",30.49,30.5,29.87,29.99,3662300,28.47
"2011-12-05",30.12,30.34,29.66,29.96,4194400,28.44
"2011-12-06",29.91,30.01,29.58,29.6,4557500,28.1
"2011-12-07",29.38,29.68,29.13,29.55,5439100,28.05
"2011-12-08",29.32,29.38,28.67,28.74,5097000,27.28
"2011-12-09",28.84,29.21,28.75,29.12,2974900,27.64
"2011-12-12",28.81,28.89,28.14,28.34,3787100,26.9
"2011-12-13",28.41,28.77,27.71,27.84,7499200,26.43
"2011-12-14",27.64,27.76,27.4,27.43,4249700,26.04
"2011-12-15",27.79,28.07,27.51,27.96,5100500,26.54
"2011-12-16",28.29,28.29,27.65,27.7,5950800,26.29
"2011-12-19",27.76,27.88,27.19,27.27,4226800,25.89
"2011-12-20",27.7,28.45,27.6,28.35,4430900,26.91
"2011-12-21",28.28,28.69,28.16,28.67,3148800,27.21
"2011-12-22",28.68,28.91,28.56,28.7,2990000,27.24
"2011-12-23",28.8,29.22,28.74,29.06,2421600,27.58
"2011-12-27",28.99,29.17,28.75,29.04,1782500,27.57
"2011-12-28",29.09,29.1,28.3,28.37,3212500,26.93
"2011-12-29",28.4,28.83,28.36,28.74,2361600,27.28
"2011-12-30",28.75,28.8,28.56,28.6,1904600,27.15
"2012-01-03",29.19,29.32,28.88,28.89,4012500,27.42
"2012-01-04",29.03,29.43,28.87,29.37,4231900,27.88
"2012-01-05",29.14,29.44,28.9,29.24,3324200,27.76
"2012-01-06",29.16,29.3,28.93,29.07,2364000,27.59
"2012-01-09",29.1,29.21,28.86,28.91,3117400,27.44
"2012-01-10",29.1,29.14,28.62,28.78,6716300,27.32
"2012-01-11",28.67,29.18,28.6,28.93,4250400,27.46
"2012-01-12",28.93,29.22,28.69,29.14,3683200,27.66
"2012-01-13",28.94,29.24,28.72,29.17,3978800,27.69
"2012-01-17",29.5,29.56,28.75,28.78,5995300,27.32
"2012-01-18",28.75,29.26,28.47,29.22,3660800,27.74
"2012-01-19",29.25,29.49,29.2,29.42,3456200,27.93
"2012-01-20",29.4,30.16,29.21,30.04,6570300,28.51
"2012-01-23",30.02,30.1,29.7,29.89,3895000,28.37
"2012-01-24",29.73,29.92,29.65,29.82,2836600,28.31
"2012-01-25",29.66,30.18,29.5,30.08,3199500,28.55
"2012-01-26",30.23,30.34,29.66,29.84,3405300,28.32
"2012-01-27",29.79,30,29.54,29.82,3163700,28.31
"2012-01-30",29.54,29.96,29.32,29.71,4468500,28.2
"2012-01-31",28.84,29.12,28.11,28.63,14159800,27.18
"2012-02-01",29.26,29.52,28.9,29.19,9887000,27.71
"2012-02-02",29.38,29.44,28.8,29.17,6283900,27.69
"2012-02-03",29.44,29.58,29.23,29.55,5363200,28.05
"2012-02-06",29.33,29.61,29.29,29.6,4598200,28.1
"2012-02-07",29.58,29.9,29.5,29.8,6637200,28.29
"2012-02-08",29.89,30.55,29.87,30.42,7500100,28.88
"2012-02-09",30.52,31.09,30.36,30.75,8287900,29.19
"2012-02-10",30.27,30.73,30.21,30.57,4778800,29.02
"2012-02-13",30.73,31.07,30.56,30.93,4755400,29.36
"2012-02-14",30.73,31.22,30.58,31.15,6622400,29.74
"2012-02-15",31.21,31.54,30.96,31.04,4342700,29.63
"2012-02-16",31.18,31.45,31.05,31.23,4943900,29.81
"2012-02-17",31.48,31.5,31.08,31.35,3414200,29.93
"2012-02-21",31.31,31.54,31.15,31.37,4622300,29.95
"2012-02-22",31.21,31.63,31.21,31.55,4551800,30.12
"2012-02-23",31.56,31.84,31.5,31.74,4143200,30.3
"2012-02-24",31.81,32.05,31.72,31.96,4567500,30.51
"2012-02-27",31.79,31.82,31.49,31.71,3951000,30.27
"2012-02-28",31.6,31.67,31.36,31.58,4452700,30.15
"2012-02-29",31.61,31.78,31.18,31.2,5289100,29.78
"2012-03-01",31.41,31.81,31.27,31.52,6182100,30.09
"2012-03-02",31.57,31.81,31.42,31.64,3551500,30.2
"2012-03-05",31.46,31.82,31.46,31.65,2971600,30.21
"2012-03-06",31.18,31.26,30.38,30.39,6585000,29.01
"2012-03-07",30.43,31.18,30.41,31.05,4915900,29.64
"2012-03-08",31.3,31.44,30.63,31.11,4173800,29.7
"2012-03-09",31.1,31.4,30.95,31.13,2679900,29.72
"2012-03-12",31.21,31.44,31.13,31.33,3293200,29.91
"2012-03-13",31.45,32.22,31.45,32.16,4516300,30.7
"2012-03-14",32.14,32.19,31.54,31.65,4268700,30.21
"2012-03-15",31.77,31.82,31.4,31.82,3237700,30.38
"2012-03-16",31.74,31.94,31.62,31.8,4986200,30.36
"2012-03-19",31.76,31.87,31.59,31.69,3436700,30.25
"2012-03-20",31.49,31.94,31.49,31.87,3473600,30.42
"2012-03-21",31.81,32.04,31.7,31.93,3102900,30.48
"2012-03-22",31.7,31.98,31.49,31.74,2735800,30.3
"2012-03-23",31.05,31.95,30.99,31.86,2989900,30.41
"2012-03-26",32.09,32.36,31.97,32.04,3393000,30.59
"2012-03-27",31.96,32.18,31.85,31.87,3135800,30.42
"2012-03-28",31.8,31.89,31.04,31.27,4796400,29.85
"2012-03-29",31.1,31.37,30.88,31.26,3823100,29.84
"2012-03-30",31.49,31.77,31.26,31.66,4037200,30.22
"2012-04-02",31.67,32.49,31.59,32.33,5001000,30.86
"2012-04-03",32.15,32.17,31.67,31.98,3920300,30.53
"2012-04-04",31.63,31.85,31.43,31.43,4552200,30
"2012-04-05",31.32,31.55,31.18,31.32,2923900,29.9
"2012-04-09",30.91,30.91,30.6,30.84,4040900,29.44
"2012-04-10",30.82,31.13,30.71,30.82,4431100,29.42
"2012-04-11",31.2,31.32,30.82,30.99,3039400,29.58
"2012-04-12",30.96,31.11,30.73,31.1,2657300,29.69
"2012-04-13",31,31.14,30.73,30.75,3613000,29.35
"2012-04-16",30.94,31.1,30.75,30.79,4016300,29.39
"2012-04-17",31,31.33,30.76,31.2,3671800,29.78
"2012-04-18",31.01,31.01,30.64,30.93,3751200,29.53
"2012-04-19",30.89,30.98,30.51,30.68,3151400,29.29
"2012-04-20",30.75,30.89,30.53,30.71,4887000,29.32
"2012-04-23",30.42,30.47,30.14,30.42,4638000,29.04
"2012-04-24",30.48,31.11,30.37,30.94,3784200,29.54
"2012-04-25",31.18,31.18,30.78,30.89,3065900,29.49
"2012-04-26",30.74,31.06,30.52,31.03,3727400,29.62
"2012-04-27",31.17,31.24,30.89,31.08,2624300,29.67
"2012-04-30",31.08,31.08,30.69,30.83,3895400,29.43
"2012-05-01",31.34,33.3,30.98,33.02,13240900,31.52
"2012-05-02",33.08,33.12,32.82,32.95,5341200,31.45
"2012-05-03",32.96,33.09,32.47,32.56,4013100,31.08
"2012-05-04",32.4,32.65,32.02,32.25,3399400,30.79
"2012-05-07",32,32.68,31.99,32.59,4192000,31.11
"2012-05-08",32.47,33.08,32.44,32.98,8868300,31.48
"2012-05-09",32.64,33,32.37,32.66,5292800,31.18
"2012-05-10",32.99,33.98,32.77,33.5,8794700,31.98
"2012-05-11",33.13,33.24,32.81,32.85,5187100,31.36
"2012-05-14",32.61,33.29,32.44,33.05,4699900,31.55
"2012-05-15",32.76,33.24,32.38,32.47,6040700,31.16
"2012-05-16",32.61,32.77,32.18,32.3,4095000,31
"2012-05-17",32.31,32.44,32.07,32.21,3981200,30.91
"2012-05-18",32.27,32.41,31.72,31.82,5334000,30.54
"2012-05-21",32.02,32.37,31.81,32.17,3621100,30.87
"2012-05-22",32.21,32.5,32.02,32.16,2888500,30.86
"2012-05-23",31.88,32.11,31.58,31.92,3769300,30.63
"2012-05-24",32.02,32.24,31.89,32.1,3507200,30.81
"2012-05-25",32.25,32.42,32.11,32.25,1840100,30.95
"2012-05-29",32.41,32.73,32.31,32.5,3024700,31.19
"2012-05-30",32.3,32.58,31.94,32.15,3114100,30.85
"2012-05-31",32.15,32.41,31.74,31.88,7240100,30.6
"2012-06-01",31.35,31.47,30.86,30.92,4595600,29.67
"2012-06-04",30.89,31.01,30.57,30.88,3881600,29.64
"2012-06-05",30.66,31.39,30.66,31.31,3556200,30.05
"2012-06-06",31.5,32.19,31.38,32.17,4059000,30.87
"2012-06-07",32.57,32.7,32.09,32.13,6542300,30.84
"2012-06-08",32.1,32.13,31.72,31.85,4181800,30.57
"2012-06-11",32.06,32.15,31.67,31.69,3339800,30.41
"2012-06-12",31.83,32.16,31.67,31.93,4987200,30.64
"2012-06-13",31.87,31.9,31.16,31.26,5822800,30
"2012-06-14",31.32,31.51,31.08,31.26,5233800,30
"2012-06-15",31.34,31.64,30.92,31.45,5925200,30.18
"2012-06-18",31.24,31.47,31.15,31.29,3731700,30.03
"2012-06-19",31.42,31.42,30.07,30.15,11431300,28.93
"2012-06-20",30.22,30.36,29.33,29.88,12311000,28.68
"2012-06-21",29.91,29.99,29.32,29.38,5947600,28.2
"2012-06-22",29.43,29.53,29.1,29.28,5571900,28.1
"2012-06-25",29.04,29.04,28.6,28.79,5017600,27.63
"2012-06-26",28.78,29,28.55,28.63,4786800,27.48
"2012-06-27",28.6,29.06,28.6,28.87,3965700,27.71
"2012-06-28",28.72,29.17,28.61,29.14,5057700,27.97
"2012-06-29",29.57,29.57,29.21,29.52,4365300,28.33
"2012-07-02",28.95,29.33,28.72,29.04,3706100,27.87
"2012-07-03",29.07,29.22,28.75,28.99,3285800,27.82
"2012-07-05",29.02,29.02,28.28,28.5,6988600,27.35
"2012-07-06",28.26,28.48,28.1,28.39,4282200,27.25
"2012-07-09",28.12,28.23,27.44,27.55,6519100,26.44
"2012-07-10",27.58,27.74,27.39,27.57,7811200,26.46
"2012-07-11",27.67,27.86,27.48,27.66,5551000,26.55
"2012-07-12",27.32,27.5,27.09,27.31,5710100,26.21
"2012-07-13",27.27,27.6,27.2,27.39,4220800,26.29
"2012-07-16",27.24,27.36,26.88,26.91,5766400,25.83
"2012-07-17",27,27.4,26.92,27.25,5877600,26.15
"2012-07-18",27.13,27.64,27.05,27.6,4345300,26.49
"2012-07-19",27.64,27.74,27.2,27.29,4320100,26.19
"2012-07-20",27.14,27.33,26.89,27,4975500,25.91
"2012-07-23",26.54,26.94,26.54,26.87,4020300,25.79
"2012-07-24",26.83,26.93,26.57,26.69,4438900,25.61
"2012-07-25",26.81,26.86,26.49,26.71,3679400,25.63
"2012-07-26",27.04,27.26,26.8,27.18,4391000,26.08
"2012-07-27",27.33,27.7,27.06,27.54,4181000,26.43
"2012-07-30",27.6,27.61,27.13,27.49,4466500,26.38
"2012-07-31",26.05,26.72,25.96,26.09,11745800,25.04
"2012-08-01",26.19,26.19,25.6,25.68,8951700,24.65
"2012-08-02",25.44,25.61,25.02,25.13,8136800,24.12
"2012-08-03",25.35,25.6,25.34,25.54,5562100,24.51
"2012-08-06",25.64,25.79,25.46,25.63,5108400,24.6
"2012-08-07",25.7,25.9,25.61,25.71,7077000,24.67
"2012-08-08",25.68,26.51,25.67,26.48,7676400,25.41
"2012-08-09",26.47,26.53,26.18,26.47,5507100,25.4
"2012-08-10",26.38,26.44,25.76,25.94,5770800,24.89
"2012-08-13",25.96,26.19,25.9,25.93,4240200,24.88
"2012-08-14",25.93,25.95,25.63,25.82,4161300,24.95
"2012-08-15",25.76,26.34,25.67,26.25,4705000,25.36
"2012-08-16",26.23,26.46,26.13,26.32,5912900,25.43
"2012-08-17",26.33,26.41,26.09,26.17,4589000,25.29
"2012-08-20",26.15,26.56,26.06,26.51,4647300,25.61
"2012-08-21",26.57,26.77,26.27,26.32,3967600,25.43
"2012-08-22",26.32,26.41,26.1,26.27,3619800,25.38
"2012-08-23",26.25,26.32,26.13,26.21,2981700,25.32
"2012-08-24",26.19,26.45,26,26.38,2942100,25.49
"2012-08-27",26.38,26.53,26.23,26.42,3252700,25.53
"2012-08-28",26.36,26.76,26.34,26.37,3775900,25.48
"2012-08-29",26.5,26.66,26.42,26.58,3087300,25.68
"2012-08-30",26.41,26.6,26.35,26.53,3360200,25.63
"2012-08-31",26.63,27.06,26.6,26.75,4528700,25.85
"2012-09-04",26.8,26.99,26.6,26.88,4759400,25.97
"2012-09-05",26.94,26.94,26.49,26.63,4541600,25.73
"2012-09-06",26.83,27.42,26.78,27.36,5351800,26.44
"2012-09-07",27.38,27.51,27.16,27.29,3299800,26.37
"2012-09-10",27.3,27.42,27.16,27.24,3954900,26.32
"2012-09-11",27.35,27.59,27.24,27.33,3895100,26.41
"2012-09-12",27.42,27.55,27.12,27.19,3115200,26.27
"2012-09-13",27.16,27.43,26.77,27.39,4962700,26.46
"2012-09-14",27.4,27.47,27.05,27.19,4300700,26.27
"2012-09-17",27.21,27.59,27.12,27.2,4301900,26.28
"2012-09-18",27.15,27.35,27.05,27.23,4389600,26.31
"2012-09-19",27.23,27.39,27.14,27.17,3819000,26.25
"2012-09-20",27.06,27.26,27,27.02,4304800,26.11
"2012-09-21",27.04,27.16,26.98,27.03,5822700,26.12
"2012-09-24",27.13,27.59,27.05,27.51,4694900,26.58
"2012-09-25",27.55,27.8,27.45,27.66,6765800,26.73
"2012-09-26",27.62,27.79,27.26,27.48,5633700,26.55
"2012-09-27",27.58,27.72,27.26,27.56,3929100,26.63
"2012-09-28",27.54,27.55,27.1,27.18,5505100,26.26
"2012-10-01",27.31,27.93,27.23,27.77,4866200,26.83
"2012-10-02",27.9,27.97,27.62,27.88,3025400,26.94
"2012-10-03",27.95,28.1,27.68,27.96,4792100,27.02
"2012-10-04",28.01,28.26,27.89,28.15,4111600,27.2
"2012-10-05",28.21,28.37,28.11,28.21,3481300,27.26
"2012-10-08",28.21,28.39,28.12,28.32,2401400,27.36
"2012-10-09",28.25,28.4,28.06,28.3,3549300,27.34
"2012-10-10",28.22,28.27,28.05,28.09,3250300,27.14
"2012-10-11",28.2,28.2,27.95,28.03,3979300,27.08
"2012-10-12",28.02,28.2,27.97,28.05,4591000,27.1
"2012-10-15",28.11,28.22,27.98,28.1,4584500,27.15
"2012-10-16",28.2,28.79,28.18,28.73,4941600,27.76
"2012-10-17",28.82,29.14,28.78,29.1,4180100,28.12
"2012-10-18",29.03,29.23,28.95,29.07,5604300,28.09
"2012-10-19",29,29.07,28.37,28.52,7170000,27.56
"2012-10-22",28.35,28.57,27.78,28.04,5375100,27.09
"2012-10-23",27.74,27.85,27.18,27.29,7036500,26.37
"2012-10-24",27.34,27.71,26.9,26.93,4768800,26.02
"2012-10-25",27.12,27.23,26.9,26.99,4194200,26.08
"2012-10-26",27.03,27.18,26.9,27.05,5832100,26.14
"2012-10-31",27.24,27.7,26.52,26.84,8203000,25.93
"2012-11-01",26.98,27.28,26.72,27.1,5603300,26.18
"2012-11-02",27.25,27.34,26.8,26.85,4970100,25.94
"2012-11-05",26.78,26.84,26.49,26.6,7927300,25.7
"2012-11-06",26.62,26.79,26.48,26.63,7120100,25.73
"2012-11-07",26.41,26.46,25.88,26,7810900,25.12
"2012-11-08",26.04,26.25,25.47,25.47,7041300,24.61
"2012-11-09",25.35,25.66,25.28,25.39,9131400,24.53
"2012-11-12",25.37,25.47,25.25,25.26,5965900,24.41
"2012-11-13",25.08,25.29,24.88,24.89,6483900,24.22
"2012-11-14",25.04,25.04,24.49,24.53,6617800,23.87
"2012-11-15",24.5,24.74,24.38,24.48,5722700,23.82
"2012-11-16",24.61,24.99,24.51,24.96,7027900,24.29
"2012-11-19",25.21,25.61,25.05,25.55,7043200,24.86
"2012-11-20",25.79,26.37,25.72,26.34,7988700,25.63
"2012-11-21",26.34,26.43,26.11,26.39,3673900,25.68
"2012-11-23",26.52,26.74,26.36,26.74,2457400,26.02
"2012-11-26",26.63,26.72,26.49,26.71,3678500,25.99
"2012-11-27",26.55,26.89,26.43,26.43,4371400,25.72
"2012-11-28",26.32,26.61,26.21,26.6,4381100,25.88
"2012-11-29",26.57,26.79,26.49,26.76,3519500,26.04
"2012-11-30",26.83,26.89,26.54,26.7,4457900,25.98
"2012-12-03",26.78,26.9,26.68,26.79,4177000,26.07
"2012-12-04",26.76,26.9,26.62,26.71,4384800,25.99
"2012-12-05",26.76,27.08,26.68,26.72,4908600,26
"2012-12-06",26.82,26.83,26.37,26.72,5951500,26
"2012-12-07",26.81,27.2,26.68,27.18,4585900,26.45
"2012-12-10",27.12,27.22,26.9,26.97,3264600,26.24
"2012-12-11",27,27.3,26.9,27.17,4253600,26.44
"2012-12-12",27.27,27.43,27.16,27.22,4473100,26.48
"2012-12-13",27.22,27.36,27.07,27.15,4842000,26.42
"2012-12-14",27.08,27.19,27.02,27.09,5162500,26.36
"2012-12-17",27.05,27.45,27.05,27.39,4816200,26.65
"2012-12-18",27.41,28.1,27.28,28.08,7218000,27.32
"2012-12-19",28.07,28.12,27.84,27.89,5450600,27.14
"2012-12-20",28.02,28.04,27.85,28.03,4269800,27.27
"2012-12-21",27.84,27.87,27.46,27.78,5884600,27.03
"2012-12-24",27.68,28.02,27.59,27.74,1429000,26.99
"2012-12-26",27.72,27.79,27.44,27.47,3795700,26.73
"2012-12-27",27.44,27.56,27.26,27.49,5024100,26.75
"2012-12-28",27.35,27.55,27.05,27.06,4319300,26.33
"2012-12-31",27,27.4,26.9,27.39,4589000,26.65
"2013-01-02",28.14,28.68,28.05,28.67,6677100,27.89
"2013-01-03",28.76,28.76,28.3,28.44,3970700,27.67
"2013-01-04",28.5,29.29,28.46,29.22,5842400,28.43
"2013-01-07",29.1,29.1,27.93,28.01,8339200,27.25
"2013-01-08",27.93,28.36,27.9,28.34,3880400,27.57
"2013-01-09",28.41,28.68,28.13,28.48,3831000,27.71
"2013-01-10",28.57,28.62,28.26,28.34,3469900,27.57
"2013-01-11",28.38,28.39,28,28.34,2874100,27.57
"2013-01-14",28.35,28.6,28.21,28.56,2463700,27.79
"2013-01-15",28.38,28.45,28.18,28.42,3031400,27.65
"2013-01-16",28.33,28.45,28.2,28.39,2594000,27.62
"2013-01-17",28.52,28.92,28.45,28.78,3913800,28
"2013-01-18",28.84,28.84,28.41,28.64,2959600,27.87
"2013-01-22",28.65,29.11,28.64,29.11,3957400,28.32
"2013-01-23",28.94,29.1,28.63,28.66,2113100,27.88
"2013-01-24",28.69,29.08,28.69,29.03,3201600,28.24
"2013-01-25",29.08,29.19,28.68,28.97,3000100,28.19
"2013-01-28",28.93,28.93,28.19,28.64,4184900,27.87
"2013-01-29",28.65,28.83,28.43,28.62,4451600,27.85
"2013-01-30",28.74,28.94,28.5,28.69,5410200,27.91
"2013-01-31",28.62,28.79,28.44,28.53,5417500,27.76
"2013-02-01",28.8,28.97,28.46,28.67,4740500,27.89
"2013-02-04",28.58,28.64,28.31,28.44,8153100,27.67
"2013-02-05",29.14,29.92,28.88,29.38,8805100,28.59
"2013-02-06",29.35,30.45,29.27,30.37,8367700,29.55
"2013-02-07",30.31,30.84,30.1,30.28,7516500,29.46
"2013-02-08",30.31,30.48,30.16,30.22,4789500,29.4
"2013-02-11",30.26,30.45,30.13,30.28,4418500,29.46
"2013-02-12",30.22,30.83,30.08,30.81,5532200,29.98
"2013-02-13",30.91,31.16,30.66,31.16,6750000,30.32
"2013-02-14",31.03,31.54,30.96,31.4,7251700,30.55
"2013-02-15",31.72,32.57,31.72,32.57,15806000,31.88
"2013-02-19",32.58,33.1,32.51,33.08,7385600,32.38
"2013-02-20",33.09,33.09,32.43,32.5,7775100,31.81
"2013-02-21",32.32,32.43,31.98,32.11,6469200,31.43
"2013-02-22",32.4,32.46,32.04,32.1,4840700,31.42
"2013-02-25",32.28,32.43,31.7,31.7,5623500,31.03
"2013-02-26",31.66,31.88,31.21,31.83,4872100,31.16
"2013-02-27",31.82,32.1,31.62,32,4741000,31.32
"2013-02-28",32.05,32.16,31.86,31.86,5557100,31.19
"2013-03-01",31.7,31.99,31.39,31.97,3819700,31.29
"2013-03-04",31.91,32.12,31.71,32.02,3913500,31.34
"2013-03-05",32.14,32.37,32.06,32.21,4107800,31.53
"2013-03-06",32.24,32.41,32.16,32.32,3860000,31.64
"2013-03-07",32.45,32.62,32.32,32.57,3024900,31.88
"2013-03-08",32.48,32.77,32.38,32.54,4465000,31.85
"2013-03-11",32.41,32.66,32.23,32.46,2967300,31.77
"2013-03-12",32.41,32.69,32.3,32.56,3665200,31.87
"2013-03-13",32.55,32.95,32.43,32.93,4842700,32.23
"2013-03-14",32.99,32.99,32.78,32.91,3648400,32.21
"2013-03-15",32.8,33.01,32.6,33,6440700,32.3
"2013-03-18",32.72,33,32.55,32.69,3063800,32
"2013-03-19",32.75,32.9,32.52,32.7,3608600,32.01
"2013-03-20",32.87,33.13,32.82,33.01,2792900,32.31
"2013-03-21",32.86,32.97,32.49,32.61,2467600,31.92
"2013-03-22",32.65,32.82,32.62,32.78,2102800,32.09
"2013-03-25",32.92,33,32.5,32.57,2736500,31.88
"2013-03-26",32.71,32.95,32.68,32.83,2210400,32.14
"2013-03-27",32.65,32.98,32.57,32.97,3384400,32.27
"2013-03-28",32.93,33.77,32.87,33.73,5931400,33.02
"2013-04-01",33.73,33.8,33.26,33.69,3459100,32.98
"2013-04-02",33.75,34.28,33.61,34.11,6904500,33.39
"2013-04-03",34.05,34.1,33.07,33.23,6548600,32.53
"2013-04-04",33.22,33.59,33.1,33.59,4015600,32.88
"2013-04-05",33.2,33.25,32.84,33.17,3286100,32.47
"2013-04-08",33.09,33.32,32.98,33.32,2741300,32.62
"2013-04-09",33.25,33.25,32.37,32.73,6125100,32.04
"2013-04-10",32.79,33.22,32.62,33.17,4021300,32.47
"2013-04-11",33.11,33.2,32.87,32.98,3258400,32.28
"2013-04-12",32.89,33.1,32.45,32.64,5495400,31.95
"2013-04-15",32.48,32.6,31.5,31.52,6941700,30.85
"2013-04-16",31.62,32.27,31.51,32.18,4225800,31.5
"2013-04-17",31.9,32.16,31.52,32.07,5081900,31.39
"2013-04-18",32.07,32.17,31.69,31.91,4427700,31.24
"2013-04-19",32.01,32.27,31.95,32.18,6101900,31.5
"2013-04-22",32.16,32.31,31.9,32.22,3328600,31.54
"2013-04-23",32.33,32.56,32.03,32.55,3805400,31.86
"2013-04-24",32.61,32.83,32.35,32.39,3087300,31.71
"2013-04-25",32.62,33.23,32.36,33.18,4985400,32.48
"2013-04-26",33.4,33.87,33.24,33.47,5770800,32.76
"2013-04-29",33.55,34.19,33.51,34.03,5169900,33.31
"2013-04-30",34,34.03,33.65,33.94,4525200,33.22
"2013-05-01",33.79,33.99,33.51,33.58,5317000,32.87
"2013-05-02",32.85,33.91,32.73,33.6,6101200,32.89
"2013-05-03",33.83,34.24,33.65,34.2,4003600,33.48
"2013-05-06",34.11,34.16,33.7,33.88,2848200,33.16
"2013-05-07",34.01,34.34,33.79,34.34,3360900,33.61
"2013-05-08",34.23,34.4,33.91,34.4,3440500,33.67
"2013-05-09",34.34,34.49,33.86,33.91,3798600,33.19
"2013-05-10",33.86,34.18,33.81,34.06,3583100,33.34
"2013-05-13",34.05,34.11,33.74,33.99,3472800,33.27
"2013-05-14",33.74,34.09,33.14,34.06,3793000,33.53
"2013-05-15",33.97,34.85,33.88,34.71,5330700,34.17
"2013-05-16",34.38,34.58,34.02,34.16,5008500,33.63
"2013-05-17",34.2,35.04,34.02,35,6264700,34.45
"2013-05-20",34.95,35,34.34,34.4,4734200,33.86
"2013-05-21",34.3,34.81,34.19,34.71,3629400,34.17
"2013-05-22",34.68,35.01,34.04,34.14,5340100,33.61
"2013-05-23",33.7,34.27,33.58,34.16,3128300,33.63
"2013-05-24",34.06,34.12,33.77,33.88,2112800,33.35
"2013-05-28",34.17,34.31,33.98,34.14,3162500,33.61
"2013-05-29",33.99,34,33.28,33.43,4338600,32.91
"2013-05-30",33.53,33.61,33.27,33.31,2616200,32.79
"2013-05-31",33.13,33.14,32.23,32.23,5417900,31.73
"2013-06-03",32.31,32.71,31.9,32.65,3802200,32.14
"2013-06-04",32.69,33.15,32.62,33,3409200,32.48
"2013-06-05",32.91,32.94,32.47,32.6,3527600,32.09
"2013-06-06",32.71,32.73,32.22,32.65,2514400,32.14
"2013-06-07",32.98,33.27,32.71,32.91,2991300,32.4
"2013-06-10",33.03,33.24,32.76,33.1,2865400,32.58
"2013-06-11",32.8,33.27,32.66,33.12,3364400,32.6
"2013-06-12",33.34,33.49,32.72,32.89,3774300,32.38
"2013-06-13",32.86,33.47,32.6,33.39,2912000,32.87
"2013-06-14",33.31,33.69,33.02,33.08,2263300,32.56
"2013-06-17",33.23,33.5,33.03,33.27,2386300,32.75
"2013-06-18",33.23,33.87,33.23,33.83,2767200,33.3
"2013-06-19",33.86,34.11,33.24,33.26,4253300,32.74
"2013-06-20",32.99,33.13,32.6,32.61,3802400,32.1
"2013-06-21",33.01,33.49,32.77,33.09,6273000,32.57
"2013-06-24",32.75,33.33,32.6,32.93,3022700,32.42
"2013-06-25",33.32,33.32,32.85,33.17,3167000,32.65
"2013-06-26",33.42,33.73,33.29,33.58,4e+06,33.06
"2013-06-27",33.79,34.03,33.65,33.71,2144700,33.18
"2013-06-28",33.57,34.22,33.5,33.91,4589000,33.38
"2013-07-01",34.11,34.69,34.11,34.35,3644300,33.81
"2013-07-02",34.37,35.16,34.32,34.87,3928700,34.33
"2013-07-03",34.57,34.81,34.5,34.81,1516200,34.27
"2013-07-05",34.9,35,34.54,34.88,2012600,34.34
"2013-07-08",34.88,35.4,34.78,35.36,2850500,34.81
"2013-07-09",35.47,35.94,35.47,35.72,4771500,35.16
"2013-07-10",35.74,35.99,35.56,35.9,2168500,35.34
"2013-07-11",36.14,36.27,35.91,36.19,3390400,35.62
"2013-07-12",36.17,36.35,36.05,36.31,2038500,35.74
"2013-07-15",36.33,36.37,36.11,36.22,2290300,35.65
"2013-07-16",36.11,36.19,35.57,35.71,4179700,35.15
"2013-07-17",35.78,36.08,35.52,35.69,2174600,35.13
"2013-07-18",35.69,35.95,35.58,35.79,2148600,35.23
"2013-07-19",36.19,36.8,35.96,36.68,4532900,36.11
"2013-07-22",36.7,36.73,36.04,36.17,3318200,35.61
"2013-07-23",36.08,36.65,35.96,36.56,3120100,35.99
"2013-07-24",36.63,36.63,36.02,36.07,2545000,35.51
"2013-07-25",36.11,36.74,35.83,36.64,3242800,36.07
"2013-07-26",36.4,36.7,36.24,36.67,1800300,36.1
"2013-07-29",36.53,36.85,36.34,36.36,2475500,35.79
"2013-07-30",36.33,36.64,35.98,36.02,3311700,35.46
"2013-07-31",36.2,36.7,35.98,36.47,4299500,35.9
"2013-08-01",36.72,37.19,36.65,37.18,3601100,36.6
"2013-08-02",37.03,37.57,36.82,37.57,3680400,36.98
"2013-08-05",37.47,37.89,37.22,37.86,5637500,37.27
"2013-08-06",36.86,38.18,36.38,37.89,6807800,37.3
"2013-08-07",37.75,37.98,37.33,37.76,3236300,37.17
"2013-08-08",37.97,38.39,37.86,38.3,4012200,37.7
"2013-08-09",38.2,38.48,38.05,38.38,2761000,37.78
"2013-08-12",38.24,38.59,37.95,38.56,3614500,37.96
"2013-08-13",38.52,38.64,38.31,38.63,3530500,38.03
"2013-08-14",38.58,38.81,38.35,38.54,3738500,37.94
"2013-08-15",38.2,38.36,36.94,37.03,5150500,36.45
"2013-08-16",36.94,37.33,36.88,37.25,3435000,36.67
"2013-08-19",37.01,37.13,36.54,36.58,3185500,36.01
"2013-08-20",36.47,36.78,36.31,36.59,2744100,36.21
"2013-08-21",36.61,36.73,36.26,36.3,3114700,35.92
"2013-08-22",36.39,36.51,35.91,36.07,2995000,35.69
"2013-08-23",36.19,36.35,35.75,36.28,3013100,35.9
"2013-08-26",36.2,36.23,34.35,34.5,8166200,34.14
"2013-08-27",34.24,34.88,34.21,34.63,4280400,34.27
"2013-08-28",34.5,34.88,34.39,34.6,3794200,34.24
"2013-08-29",34.53,35.09,34.38,34.81,3722300,34.45
"2013-08-30",34.96,35.41,34.82,35.21,5383400,34.84
"2013-09-03",35.43,35.66,35.3,35.4,3656300,35.03
"2013-09-04",35.66,36.28,35.44,36.1,4733800,35.72
"2013-09-05",36.02,36.31,36.02,36.19,2515400,35.81
"2013-09-06",36.23,36.29,35.7,35.79,2462000,35.42
"2013-09-09",35.82,36.27,35.82,36.11,2474000,35.73
"2013-09-10",36.21,36.4,35.89,36.08,2396000,35.7
"2013-09-11",36.11,36.23,35.84,36.13,2215100,35.75
"2013-09-12",36.11,36.21,35.63,35.99,3281200,35.61
"2013-09-13",36.12,36.23,35.91,36.22,2111300,35.84
"2013-09-16",36.58,36.87,36.55,36.75,2620000,36.36
"2013-09-17",36.79,37.22,36.75,37.16,3894200,36.77
"2013-09-18",37.09,37.19,36.56,37.11,3399700,36.72
"2013-09-19",37.09,37.2,36.83,37.06,2255400,36.67
"2013-09-20",37.05,37.41,36.97,37.24,5427200,36.85
"2013-09-23",37.07,37.09,36.61,36.63,2820900,36.25
"2013-09-24",36.61,37.08,36.55,36.77,3802200,36.38
"2013-09-25",36.81,36.96,36.6,36.67,2348800,36.29
"2013-09-26",36.71,37.02,36.65,36.81,2667200,36.42
"2013-09-27",36.63,37.18,36.38,37.12,3736100,36.73
"2013-09-30",37,37.02,36.45,36.84,3589900,36.45
"2013-10-01",36.8,36.94,36.49,36.85,2216700,36.46
"2013-10-02",36.77,37.18,36.3,37.18,4924800,36.79
"2013-10-03",37.04,37.13,36.5,36.75,3317200,36.36
"2013-10-04",36.78,36.87,36.53,36.7,2400500,36.32
"2013-10-07",36.44,36.74,36.22,36.42,2157200,36.04
"2013-10-08",36.38,36.6,36.12,36.19,3977300,35.81
"2013-10-09",36.3,36.66,36.18,36.33,3440600,35.95
"2013-10-10",36.72,37.2,36.01,37.07,6645100,36.68
"2013-10-11",36.97,36.97,36.33,36.59,3716900,36.21
"2013-10-14",36.48,37.07,36.44,36.97,3070700,36.58
"2013-10-15",36.83,37.11,36.63,36.82,2946000,36.43
"2013-10-16",37.07,37.71,36.91,37.52,3243300,37.13
"2013-10-17",37.4,37.99,37.19,37.9,2505500,37.5
"2013-10-18",37.95,38.19,37.83,38.02,4059000,37.62
"2013-10-21",38.34,38.84,38.25,38.66,4833600,38.25
"2013-10-22",38.67,39.59,38.63,39.49,5173600,39.08
"2013-10-23",39.25,39.5,39.01,39.27,3535500,38.86
"2013-10-24",39.27,39.39,39,39.18,2388800,38.77
"2013-10-25",39.26,39.96,39.18,39.93,6536900,39.51
"2013-10-28",39.77,40.25,39.66,39.84,5309500,39.42
"2013-10-29",39.44,41.74,39.01,40.73,8442600,40.3
"2013-10-30",40.72,41.2,40.17,41,4622100,40.57
"2013-10-31",41.08,41.36,40.51,40.9,6332900,40.47
"2013-11-01",41.03,41.08,40.51,40.9,4924200,40.47
"2013-11-04",41.01,41.22,40.77,40.87,4576000,40.44
"2013-11-05",40.83,42.14,40.76,41.98,8208500,41.54
"2013-11-06",41.92,41.96,41.61,41.76,4606800,41.32
"2013-11-07",41.78,41.86,41.14,41.23,5913700,40.8
"2013-11-08",41.22,41.5,40.93,41.44,5956500,41.01
"2013-11-11",41.49,41.62,41.07,41.14,4431300,40.71
"2013-11-12",40.78,40.82,40.06,40.42,6355600,40.18
"2013-11-13",40.34,41.43,40.33,41.43,5633800,41.19
"2013-11-14",41.29,42.1,41.29,42,6484300,41.75
"2013-11-15",42.09,42.09,40.4,40.56,9885000,40.32
"2013-11-18",40.21,41.24,40.21,40.94,5336000,40.7
"2013-11-19",40.22,41.41,40.22,40.97,4633200,40.73
"2013-11-20",40.96,41,39.87,39.9,5797500,39.67
"2013-11-21",40.1,41.44,40.07,41.15,6584000,40.91
"2013-11-22",41.12,41.87,40.99,41.86,4162300,41.61
"2013-11-25",41.87,41.88,41.28,41.35,3387700,41.11
"2013-11-26",41.49,41.89,41.38,41.6,3222700,41.36
"2013-11-27",41.68,41.85,41.27,41.49,2285400,41.25
"2013-11-29",40.9,41.24,40.15,40.25,3635800,40.01
"2013-12-02",40.33,41.22,40.19,40.85,4706100,40.61
"2013-12-03",40.82,41.14,40.57,41.1,3566000,40.86
"2013-12-04",40.89,41.92,40.75,41.73,4485200,41.48
"2013-12-05",41.7,41.72,41.2,41.47,3366400,41.23
"2013-12-06",41.87,42.1,41.52,41.94,3080200,41.69
"2013-12-09",41.93,42.5,41.75,42.48,4286700,42.23
"2013-12-10",42.35,42.51,41.63,42.36,4608800,42.11
"2013-12-11",42.35,42.35,41.63,41.71,4101700,41.46
"2013-12-12",41.71,41.72,40.49,40.59,5148200,40.35
"2013-12-13",40.64,40.69,40.15,40.34,3998700,40.1
"2013-12-16",40.44,41.38,40.35,40.66,6404700,40.42
"2013-12-17",40.75,41.61,40.72,41.48,5928100,41.24
"2013-12-18",41.67,43.16,41.44,43.14,7328500,42.89
"2013-12-19",43.02,43.83,42.77,43.79,6515400,43.53
"2013-12-20",43.82,43.94,43.19,43.36,7136300,43.1
"2013-12-23",43.54,43.76,42.86,43.04,3777300,42.79
"2013-12-24",43.16,43.49,43.07,43.27,1083900,43.02
"2013-12-26",43.32,43.8,43.24,43.65,2370600,43.39
"2013-12-27",43.66,43.96,43.51,43.76,2516700,43.5
"2013-12-30",43.9,43.99,43.43,43.69,2454500,43.43
"2013-12-31",43.77,43.91,43.24,43.4,2203500,43.14
"2014-01-02",43.22,43.29,42.79,42.99,2753700,42.74
"2014-01-03",43.1,43.38,42.88,43.19,2275500,42.94
"2014-01-06",43.42,43.58,43.12,43.28,4182900,43.03
"2014-01-07",43.37,43.37,42.41,42.85,4542500,42.6
"2014-01-08",42.76,42.87,42.21,42.36,4462200,42.11
"2014-01-09",42.51,42.56,41.66,42.16,4444300,41.91
"2014-01-10",42.41,42.56,41.93,41.98,5537300,41.73
"2014-01-13",42.01,42.1,41.44,41.53,6368800,41.29
"2014-01-14",41.73,42.39,41.57,42.33,7294000,42.08
"2014-01-15",42.43,42.82,42.1,42.45,4656000,42.2
"2014-01-16",42.51,42.63,41.23,41.25,7134200,41.01
"2014-01-17",41.3,41.43,40.94,41.01,6667200,40.77
"2014-01-21",41.28,41.49,41.01,41.37,4209100,41.13
"2014-01-22",41.51,42.35,41.44,42.25,5183200,42
"2014-01-23",41.91,42.01,40.82,40.84,5519500,40.6
"2014-01-24",40.6,40.84,39.53,39.57,5738000,39.34
"2014-01-27",39.88,40.17,39.28,39.36,5665800,39.13
"2014-01-28",39.47,40.14,39.43,40.07,4097000,39.83
"2014-01-29",39.62,39.85,38.96,39.22,5240800,38.99
"2014-01-30",39.59,39.69,39.17,39.51,3987000,39.28
"2014-01-31",39.09,39.73,39.02,39.48,4334000,39.25
"2014-02-03",39.28,39.82,38.77,38.91,7878300,38.68
"2014-02-04",39.81,39.84,38.06,38.23,7340600,38.01
"2014-02-05",38.75,38.83,37.92,38.66,8798900,38.43
"2014-02-06",38.82,39.26,38.74,39.11,5759000,38.88
"2014-02-07",39.6,39.98,39.15,39.89,6597500,39.66
"2014-02-10",39.81,40.25,39.51,40.11,6795700,39.87
"2014-02-11",40.12,40.55,39.76,40.53,6508400,40.29
"2014-02-12",40.43,40.83,40.28,40.65,7035400,40.41
"2014-02-13",40.5,40.9,40.22,40.67,3070900,40.43
"2014-02-14",40.71,40.97,40.51,40.78,3791300,40.54
"2014-02-18",40.66,40.91,40.47,40.53,4295900,40.53
"2014-02-19",40.5,40.53,39.89,39.95,4449300,39.95
"2014-02-20",39.95,40.26,39.86,40.12,3709600,40.12
"2014-02-21",40.11,40.17,39.78,39.99,3919600,39.99
"2014-02-24",40.1,40.67,39.99,40.16,3499000,40.16
"2014-02-25",40.25,40.75,40.15,40.39,3407200,40.39
"2014-02-26",40.49,40.67,40.28,40.39,2649300,40.39
"2014-02-27",40.32,40.54,39.79,39.89,5100100,39.89
"2014-02-28",39.9,40.8,39.87,40.6,4379800,40.6
"2014-03-03",40.14,40.19,39.53,39.88,5021600,39.88
"2014-03-04",40.29,40.93,40.29,40.7,3666300,40.7
"2014-03-05",40.66,40.88,40.37,40.67,2790700,40.67
"2014-03-06",40.7,41.1,40.6,40.94,3845100,40.94
"2014-03-07",41.14,41.54,40.99,41.33,3008400,41.33
"2014-03-10",41.61,42.45,41.61,42.45,5695100,42.45
"2014-03-11",42.52,42.77,42.32,42.45,4258500,42.45
"2014-03-12",42.14,43.18,42.09,42.93,5485300,42.93
"2014-03-13",43.03,43.21,42.38,42.4,3982200,42.4
"2014-03-14",42.26,42.71,42.19,42.51,3792400,42.51
"2014-03-17",42.78,43.08,42.44,42.56,4392500,42.56
