"","CERN.Open","CERN.High","CERN.Low","CERN.Close","CERN.Volume","CERN.Adjusted"
"2007-01-03",45.67,45.98,44.57,45.2,1605200,11.3
"2007-01-04",45.1,46.53,44.94,46.5,2824400,11.62
"2007-01-05",46.36,46.36,45.1,45.46,2084400,11.36
"2007-01-08",45.55,45.86,45.12,45.3,1685600,11.32
"2007-01-09",45.09,45.46,44.76,45.34,1179200,11.34
"2007-01-10",44.96,45.1,44.15,44.86,3002800,11.22
"2007-01-11",44.71,44.86,44.11,44.69,2750000,11.17
"2007-01-12",44.75,47,44.75,46.88,3010000,11.72
"2007-01-16",46.71,46.71,45.77,46,3339600,11.5
"2007-01-17",45.84,46,45.39,45.52,1660800,11.38
"2007-01-18",45.31,46.49,45.2,46.27,2282000,11.57
"2007-01-19",46.41,46.63,45.92,46.02,2128800,11.51
"2007-01-22",45.84,45.92,45.01,45.29,2188000,11.32
"2007-01-23",45.12,45.8,45.03,45.59,2692400,11.4
"2007-01-24",45.52,46.16,45.23,46.1,1374800,11.52
"2007-01-25",45.98,46.56,45.98,46.17,1447200,11.54
"2007-01-26",46.19,46.96,46.19,46.55,3910400,11.64
"2007-01-29",46.13,46.13,44.36,45.14,5217200,11.28
"2007-01-30",45.16,45.66,45,45.61,1477200,11.4
"2007-01-31",45.47,45.67,44.54,44.93,1915200,11.23
"2007-02-01",44.89,45.9,44.64,45.8,3575600,11.45
"2007-02-02",49,50.95,48.62,50.61,11232400,12.65
"2007-02-05",50.5,50.53,49.42,50.09,3628800,12.52
"2007-02-06",50.02,50.09,49.02,49.28,3292400,12.32
"2007-02-07",49.13,49.66,49.09,49.49,2707200,12.37
"2007-02-08",49.54,50.16,49.18,50.13,2475200,12.53
"2007-02-09",49.93,50.47,49.61,49.85,23171200,12.46
"2007-02-12",50.09,50.38,49.8,49.97,4122000,12.49
"2007-02-13",50.12,51.03,49.94,51.02,4955200,12.76
"2007-02-14",50.89,51.31,50.75,51.17,2478800,12.79
"2007-02-15",51.29,52.54,51.2,52.42,4483200,13.1
"2007-02-16",52.22,52.39,51.84,52.27,2423600,13.07
"2007-02-20",51.91,53.23,51.81,53.15,3198000,13.29
"2007-02-21",52.99,53.09,52.56,52.97,2404800,13.24
"2007-02-22",53.18,53.69,52.93,53.32,1602800,13.33
"2007-02-23",53.47,54.39,53.41,54.27,2849200,13.57
"2007-02-26",54.28,54.47,53.61,53.94,2652400,13.48
"2007-02-27",53.54,53.7,50.92,51.3,5064000,12.82
"2007-02-28",51.04,52.34,50.27,52.11,4293200,13.03
"2007-03-01",51.28,52.15,50,52.11,4231200,13.03
"2007-03-02",52,52.07,50.67,50.67,2937200,12.67
"2007-03-05",50.34,51.87,49.75,51.09,5313600,12.77
"2007-03-06",51.81,52.2,51.3,52.12,3877600,13.03
"2007-03-07",51.97,52.16,51.24,51.9,2510000,12.98
"2007-03-08",52,53.35,51.94,52.96,3340400,13.24
"2007-03-09",53,53.91,53,53.81,4186800,13.45
"2007-03-12",53.61,53.98,53.54,53.77,2874400,13.44
"2007-03-13",53.66,53.8,52.75,53.07,3260000,13.27
"2007-03-14",53.05,53.73,52.28,53.65,2328800,13.41
"2007-03-15",53.44,54.05,53.14,53.96,2926000,13.49
"2007-03-16",53.87,55.8,53.87,55.64,5911200,13.91
"2007-03-19",54.78,55.39,54.51,54.92,8168800,13.73
"2007-03-20",55.08,55.5,54.88,55,4210400,13.75
"2007-03-21",55.26,55.69,54.78,55.54,3030400,13.89
"2007-03-22",55.66,55.98,55.2,55.59,2490400,13.9
"2007-03-23",55.68,56,55.52,55.64,2068000,13.91
"2007-03-26",55.79,55.97,55.47,55.87,1842800,13.97
"2007-03-27",55.94,56.16,55.53,56.01,2688000,14
"2007-03-28",55.84,56.25,55.21,55.67,4340400,13.92
"2007-03-29",55.5,55.5,53.7,54.35,5635200,13.59
"2007-03-30",54.41,54.96,54,54.45,3006400,13.61
"2007-04-02",54.37,55.36,54.37,55.1,1834400,13.77
"2007-04-03",54.96,55.97,54.96,55.87,2192000,13.97
"2007-04-04",55.97,56.77,55.64,56.3,3299200,14.07
"2007-04-05",55.24,57.38,55.13,56.82,5638000,14.2
"2007-04-09",56.74,56.85,55.79,56.08,2378000,14.02
"2007-04-10",56.31,56.63,56.06,56.27,1712000,14.07
"2007-04-11",56.17,56.44,55.48,55.55,3183600,13.89
"2007-04-12",54.61,55.73,54.44,55.41,3867600,13.85
"2007-04-13",55.34,55.82,55.11,55.43,3072800,13.86
"2007-04-16",55.8,56.01,55.24,55.36,2402400,13.84
"2007-04-17",55.27,55.59,54.95,55,2573600,13.75
"2007-04-18",54.78,54.96,54.01,54.3,3848000,13.57
"2007-04-19",54.29,54.64,53.41,54.52,3900800,13.63
"2007-04-20",54,55.97,53.36,55.09,6840000,13.77
"2007-04-23",54.82,55.18,54.51,54.55,3219600,13.64
"2007-04-24",54.84,54.98,54.49,54.61,2513200,13.65
"2007-04-25",54.73,54.84,54.45,54.7,2224400,13.68
"2007-04-26",54.56,55,54.51,54.98,2737600,13.74
"2007-04-27",54.78,54.99,54.01,54.12,2620800,13.53
"2007-04-30",54.02,54.31,53.16,53.24,2556400,13.31
"2007-05-01",53.15,53.34,52.2,52.74,3246000,13.19
"2007-05-02",52.74,54.14,52.64,53.81,3118800,13.45
"2007-05-03",53.59,53.9,53.13,53.79,2572000,13.45
"2007-05-04",53.79,54.13,53.35,53.78,2622000,13.44
"2007-05-07",54.02,54.23,53.69,53.99,1729200,13.5
"2007-05-08",53.63,54.07,53.59,53.92,1756400,13.48
"2007-05-09",53.6,54.76,53.6,54.55,2525600,13.64
"2007-05-10",54.38,54.45,52.97,53.05,2036800,13.26
"2007-05-11",52.77,54.16,52.77,54.1,2215200,13.52
"2007-05-14",54.01,54.35,53.06,53.66,2158000,13.41
"2007-05-15",53.63,53.82,53.01,53.18,1643600,13.3
"2007-05-16",53.46,53.61,52.75,53.19,1589600,13.3
"2007-05-17",53,53.02,52.55,52.68,1354000,13.17
"2007-05-18",52.73,54.32,52.45,53.96,2341600,13.49
"2007-05-21",54.16,55.32,54.02,55.12,2580400,13.78
"2007-05-22",55.27,60.43,55.27,58.83,14711200,14.71
"2007-05-23",59,59.5,58.42,58.51,4092000,14.63
"2007-05-24",58.48,58.63,57,57.15,3291600,14.29
"2007-05-25",57.15,57.49,55.8,57.25,3334000,14.31
"2007-05-29",57.28,57.35,56.64,56.72,3151600,14.18
"2007-05-30",56.65,57.11,56.33,57.11,3704800,14.28
"2007-05-31",57.26,57.58,56.74,56.81,5736800,14.2
"2007-06-01",57.01,57.49,56.54,56.66,2043600,14.16
"2007-06-04",56.58,56.82,56.13,56.49,2445200,14.12
"2007-06-05",56.25,56.59,55.88,56.25,1885200,14.06
"2007-06-06",56.07,56.09,55.2,55.41,2114800,13.85
"2007-06-07",55.43,55.63,55.02,55.21,2158400,13.8
"2007-06-08",55.38,55.57,54.73,55.52,1665200,13.88
"2007-06-11",55.49,55.53,55.01,55.34,1644000,13.84
"2007-06-12",55.34,55.34,54.65,54.85,2343600,13.71
"2007-06-13",55.03,55.14,54.16,54.89,1980800,13.72
"2007-06-14",54.82,55.52,54.59,55.45,2847600,13.86
"2007-06-15",55.7,56.02,55.51,55.91,3403200,13.98
"2007-06-18",56.07,56.5,55.78,56.32,2150000,14.08
"2007-06-19",56.24,56.47,55.93,56.32,2040400,14.08
"2007-06-20",56.5,56.69,56.01,56.32,2370800,14.08
"2007-06-21",56.18,56.5,55.72,56.41,1659600,14.1
"2007-06-22",56.49,56.49,55.58,55.78,2220000,13.94
"2007-06-25",55.78,56.45,55.64,56.15,1911200,14.04
"2007-06-26",56.17,56.23,55.14,55.73,2368000,13.93
"2007-06-27",55.34,55.92,55,55.88,2180800,13.97
"2007-06-28",55.78,56.43,55.57,55.96,1546400,13.99
"2007-06-29",55.93,56.58,55.01,55.47,1650800,13.87
"2007-07-02",55.42,57.22,55.42,56.41,2806400,14.1
"2007-07-03",57.11,57.44,56.86,56.96,1644400,14.24
"2007-07-05",57.13,57.27,56.52,56.96,1254800,14.24
"2007-07-06",56.97,58.39,56.64,58.23,2376800,14.56
"2007-07-09",58.47,59,57.94,58.36,2664000,14.59
"2007-07-10",58.4,58.4,57.22,57.31,2174000,14.33
"2007-07-11",57.27,58,57.02,58,1936800,14.5
"2007-07-12",58.09,58.88,57.85,58.34,1504800,14.59
"2007-07-13",58,58.59,58,58.51,1956800,14.63
"2007-07-16",58.34,58.7,57.92,58.02,1660400,14.51
"2007-07-17",58.21,58.28,57.44,58.04,1810400,14.51
"2007-07-18",57.99,58.1,57.06,57.55,3128000,14.39
"2007-07-19",57.76,58.26,57.6,58.08,1973200,14.52
"2007-07-20",58,58.34,57.92,58.03,1965600,14.51
"2007-07-23",58.16,58.56,58,58.32,2469200,14.58
"2007-07-24",58.52,58.73,56.68,57.15,4594800,14.29
"2007-07-25",56.72,57.15,52.32,54.8,8115600,13.7
"2007-07-26",54.01,54.32,52.49,53.33,3690000,13.33
"2007-07-27",53.05,53.98,52.85,53.2,2124400,13.3
"2007-07-30",53.06,54.03,52.72,53.64,2011200,13.41
"2007-07-31",53.51,54.3,52.84,52.87,2362400,13.22
"2007-08-01",53.35,54.28,52.52,54.18,2479600,13.55
"2007-08-02",54.22,54.89,53.59,54.63,1825600,13.66
"2007-08-03",54.84,55.55,54.07,54.25,2446400,13.56
"2007-08-06",54.35,56.49,53.95,56.03,2858000,14.01
"2007-08-07",55.66,59,55.21,58.72,4573600,14.68
"2007-08-08",58.88,62.96,58.8,62.69,7842800,15.67
"2007-08-09",61.55,66.17,61.55,62.27,11278800,15.57
"2007-08-10",61.15,61.22,57.85,58.4,5188000,14.6
"2007-08-13",58.99,58.99,56.59,57.24,2955200,14.31
"2007-08-14",57.28,57.5,56.04,56.44,2147200,14.11
"2007-08-15",56.19,57.98,56.14,56.27,2221600,14.07
"2007-08-16",56.06,56.9,55.1,56.59,2387600,14.15
"2007-08-17",57.41,58.43,56.06,57.48,2241600,14.37
"2007-08-20",57.73,58.39,56.93,57.72,1444400,14.43
"2007-08-21",57.54,58.11,57.01,57.61,931200,14.4
"2007-08-22",57.76,57.85,56.54,56.99,1525600,14.25
"2007-08-23",57.66,57.66,56.19,56.65,1336800,14.16
"2007-08-24",56.68,57.5,56.25,57.46,852400,14.36
"2007-08-27",57.49,57.49,56.25,56.47,1046800,14.12
"2007-08-28",56.26,56.37,55.13,55.44,1459200,13.86
"2007-08-29",55.84,56.82,55.36,56.55,1493600,14.14
"2007-08-30",56.79,57.67,56.11,56.43,2268000,14.11
"2007-08-31",57.17,57.24,55.74,57.04,1573200,14.26
"2007-09-04",56.72,57.9,56.72,57.18,1228400,14.3
"2007-09-05",56.98,57.35,56.43,56.52,1473600,14.13
"2007-09-06",56.88,57.39,56.04,57.32,1354800,14.33
"2007-09-07",56.49,57.27,54.63,55.16,2441200,13.79
"2007-09-10",55.22,55.66,54.51,55.03,1166800,13.76
"2007-09-11",55.26,56.31,54.64,56.1,2231600,14.02
"2007-09-12",56.06,58.1,55.86,57.2,2384400,14.3
"2007-09-13",57.33,58.3,57.01,57.86,2024400,14.47
"2007-09-14",57.47,58.25,57.46,57.82,751600,14.45
"2007-09-17",57.78,57.97,56.64,56.95,825200,14.24
"2007-09-18",57.31,58.04,56.7,57.99,925200,14.5
"2007-09-19",58.13,59.28,57.8,58.75,1659600,14.69
"2007-09-20",58.52,59.21,58.43,59.01,1244000,14.75
"2007-09-21",59.47,60.25,59.33,60.1,2517200,15.02
"2007-09-24",59.96,60.62,58.73,58.97,1514000,14.74
"2007-09-25",59.23,60.32,58.81,59.99,1452400,15
"2007-09-26",60.03,61.34,60.01,60.5,1023600,15.12
"2007-09-27",60.62,61.18,59.33,59.91,1599600,14.98
"2007-09-28",59.83,60.79,59.46,59.81,1067600,14.95
"2007-10-01",60.14,61.8,59.54,60.82,1252400,15.2
"2007-10-02",60.72,60.93,60.05,60.47,1210000,15.12
"2007-10-03",60.44,61.61,60.25,61,1212400,15.25
"2007-10-04",61.13,61.73,60.54,61.55,1271200,15.39
"2007-10-05",61.55,62,61.15,61.41,1727600,15.35
"2007-10-08",61.2,61.98,61.2,61.76,859200,15.44
"2007-10-09",61.97,63.94,61.93,63.86,1708400,15.97
"2007-10-10",63.99,65.52,63.41,65.12,2865600,16.28
"2007-10-11",65.29,65.72,62.92,63.58,1323600,15.9
"2007-10-12",63.8,64.99,63.8,64.05,1169200,16.01
"2007-10-15",63.92,63.96,62.69,63.25,1857200,15.81
"2007-10-16",63.11,63.71,62.91,63.09,941200,15.77
"2007-10-17",63.49,63.95,62.54,63.72,1384000,15.93
"2007-10-18",63.39,65.92,62.3,65.45,3757200,16.36
"2007-10-19",61,61.16,58.32,59.52,10493200,14.88
"2007-10-22",59,59.31,58,58.29,3792000,14.57
"2007-10-23",58.01,58.85,57.96,58.72,3140400,14.68
"2007-10-24",58.24,58.79,57.7,58.18,3128000,14.55
"2007-10-25",57.97,58.6,57.27,57.97,3244800,14.49
"2007-10-26",58.51,58.72,57.97,58.2,1289200,14.55
"2007-10-29",58.13,58.41,57.33,58.27,3537600,14.57
"2007-10-30",58.19,59.68,57.61,59.35,1628400,14.84
"2007-10-31",59.5,59.6,58,59.56,2319200,14.89
"2007-11-01",59.44,59.65,58.79,58.82,2276400,14.7
"2007-11-02",59.2,59.33,58.21,58.79,1565600,14.7
"2007-11-05",58.28,58.87,57.37,58.02,1878000,14.51
"2007-11-06",58.09,58.5,57.37,57.87,1523600,14.47
"2007-11-07",57.17,57.7,55.9,56.1,1787200,14.02
"2007-11-08",56.36,56.49,54,54.79,3269600,13.7
"2007-11-09",54.07,54.87,53.79,53.93,3006000,13.48
"2007-11-12",53.81,54.47,53.5,53.83,3869600,13.46
"2007-11-13",54.09,54.9,53.94,54.58,2232800,13.65
"2007-11-14",54.76,55.11,54.08,54.5,1761200,13.62
"2007-11-15",54.32,54.81,53.86,54.14,1935200,13.53
"2007-11-16",54.25,54.41,53.66,54.14,1527600,13.53
"2007-11-19",53.78,54.4,53.56,54.25,2327200,13.56
"2007-11-20",55.15,57.65,55.03,57.03,4482800,14.26
"2007-11-21",56.58,58.13,56.51,57.71,2496000,14.43
"2007-11-23",57.21,57.93,57.04,57.44,1092800,14.36
"2007-11-26",57.8,58.35,57.44,57.53,1837600,14.38
"2007-11-27",57.68,58.51,57.55,58.23,1859200,14.56
"2007-11-28",58.57,59.79,58.36,58.99,2603200,14.75
"2007-11-29",58.86,60.25,58.81,60.1,1513600,15.02
"2007-11-30",60.1,60.27,59.33,59.75,2492000,14.94
"2007-12-03",59.33,59.93,58.36,58.7,2063200,14.68
"2007-12-04",58.4,59.48,58.25,58.6,2768000,14.65
"2007-12-05",58.99,59.47,58.28,58.62,1962000,14.65
"2007-12-06",58.66,59.3,58.12,59.06,2228000,14.77
"2007-12-07",59.05,59.79,58.68,59.35,1797200,14.84
"2007-12-10",59.39,59.74,59.04,59.5,1841200,14.88
"2007-12-11",59.5,59.62,58.11,58.17,1596800,14.54
"2007-12-12",58.04,58.98,56.67,57.38,3283200,14.35
"2007-12-13",56.9,57.95,56.8,57.85,1001600,14.46
"2007-12-14",57.57,58.04,56.83,57.06,1786000,14.27
"2007-12-17",56.68,56.92,55.65,55.71,1508000,13.93
"2007-12-18",56.27,57.55,55.37,57.33,2599600,14.33
"2007-12-19",57.55,58.12,56.67,56.96,1027600,14.24
"2007-12-20",57.18,57.34,56.54,57.19,1361200,14.3
"2007-12-21",58.69,58.69,56.7,57.33,2240800,14.33
"2007-12-24",57.39,58,57.04,57.59,744000,14.4
"2007-12-26",56.98,57.97,56.94,57.86,623600,14.47
"2007-12-27",57.89,57.97,56.73,56.83,604400,14.21
"2007-12-28",57.5,57.81,56.89,57.58,1251200,14.4
"2007-12-31",57.25,57.58,56.3,56.4,1189200,14.1
"2008-01-02",56.06,57.19,55.94,56.72,1616400,14.18
"2008-01-03",56.21,56.92,55.98,56.21,1323200,14.05
"2008-01-04",55.98,56.48,55.66,55.71,2238000,13.93
"2008-01-07",55.74,57.58,55.67,57.14,2330400,14.28
"2008-01-08",57.22,58.22,56.24,57.4,2555600,14.35
"2008-01-09",57.05,58.42,56.75,58.16,2226000,14.54
"2008-01-10",57.97,59.81,57.72,59.59,2001600,14.9
"2008-01-11",58.69,59.06,57.38,57.71,2153600,14.43
"2008-01-14",58.06,58.29,57.16,57.44,1570000,14.36
"2008-01-15",56.03,56.18,52.28,52.8,11202800,13.2
"2008-01-16",52.19,52.86,51.08,51.65,5459200,12.91
"2008-01-17",51.97,52.76,51.72,51.95,3705600,12.99
"2008-01-18",54.21,54.9,52.35,52.71,4272400,13.18
"2008-01-22",50.61,52.21,50.37,51.6,3150800,12.9
"2008-01-23",51.86,54.53,51.06,53.95,6834800,13.49
"2008-01-24",54.49,54.77,52.82,53.37,2704400,13.34
"2008-01-25",52.47,53.5,52.13,52.33,2116800,13.08
"2008-01-28",52.01,53.05,51.34,53,3127600,13.25
"2008-01-29",53.1,53.1,52.09,52.71,2624400,13.18
"2008-01-30",52.83,53.32,51.92,52.52,3618000,13.13
"2008-01-31",51.95,52.96,51.42,52.4,4986800,13.1
"2008-02-01",49.61,49.86,46.75,47.03,18260400,11.76
"2008-02-04",46.31,49.37,45.97,48.73,7322800,12.18
"2008-02-05",47.62,48.35,47.62,47.88,3801600,11.97
"2008-02-06",48.1,48.23,46.93,46.93,4400800,11.73
"2008-02-07",47.02,48.09,46.57,47.7,4398400,11.93
"2008-02-08",47.69,48.36,46.85,47.87,2135200,11.97
"2008-02-11",47.82,48.13,47.4,47.61,2547600,11.9
"2008-02-12",47.69,49.09,47.54,48.38,2464800,12.1
"2008-02-13",48.96,49.05,47.27,47.73,4217200,11.93
"2008-02-14",47.99,48.85,46.78,47.12,3521600,11.78
"2008-02-15",46.86,47.16,46.12,47.05,1799600,11.76
"2008-02-19",47.3,47.48,46,46.07,1578400,11.52
"2008-02-20",45.76,46.61,45.26,46.61,2654800,11.65
"2008-02-21",46.6,47.39,46.27,46.73,1924400,11.68
"2008-02-22",46.73,46.78,44.57,45.94,4050400,11.48
"2008-02-25",45.81,47.15,45.81,46.76,3248800,11.69
"2008-02-26",46.23,46.98,44.57,44.81,6156000,11.2
"2008-02-27",43.93,45.2,43.81,44.53,10710000,11.13
"2008-02-28",43.91,44.8,43.72,44.47,5812000,11.12
"2008-02-29",44.13,44.41,43.29,43.45,3246400,10.86
"2008-03-03",43.54,44.47,43.07,44.13,6400000,11.03
"2008-03-04",43.72,44.27,42.84,43.15,4145600,10.79
"2008-03-05",43.2,45.11,43.18,44.25,2904400,11.06
"2008-03-06",44.1,44.28,43,43.07,3530000,10.77
"2008-03-07",42.72,42.91,41.98,42,3166400,10.5
"2008-03-10",41.92,41.98,40.85,41.11,3482800,10.28
"2008-03-11",42,42.25,40.77,41.67,3587600,10.42
"2008-03-12",41.5,42.59,41.42,42.19,2550800,10.55
"2008-03-13",41.76,42.08,40.92,41.31,3530400,10.33
"2008-03-14",41.73,42.02,40.17,40.22,3854800,10.06
"2008-03-17",39.87,40.16,38.42,38.86,4807600,9.72
"2008-03-18",39.08,40.01,38.84,39.4,4203600,9.85
"2008-03-19",39.44,40.51,39.44,39.83,7052000,9.96
"2008-03-20",39.63,39.94,38.48,38.54,5307600,9.64
"2008-03-24",38.55,40.28,38.44,40,3624000,10
"2008-03-25",39.91,40.41,39.64,40.29,2600800,10.07
"2008-03-26",40.2,40.2,39.37,39.52,2619200,9.88
"2008-03-27",39.54,39.83,38.54,38.63,2956800,9.66
"2008-03-28",38.84,39.2,38.28,38.4,1868800,9.6
"2008-03-31",38.51,38.6,37.1,37.28,5736400,9.32
"2008-04-01",37.22,37.55,37.1,37.31,5506400,9.33
"2008-04-02",37.1,38.14,36.6,37.57,4964800,9.39
"2008-04-03",37.56,39,37.56,38.4,4002800,9.6
"2008-04-04",38.4,38.68,37.83,38.4,3776400,9.6
"2008-04-07",38.4,40.48,37.92,39.19,6210400,9.8
"2008-04-08",39.43,41.41,39.4,40.68,6305600,10.17
"2008-04-09",40.71,41.3,39.9,39.95,3380400,9.99
"2008-04-10",39.82,39.91,39.09,39.3,3376000,9.82
"2008-04-11",38.26,38.74,37.21,38.05,8246400,9.51
"2008-04-14",37.97,38.76,37.97,38.63,2742000,9.66
"2008-04-15",38.76,38.98,38.1,38.5,4150800,9.62
"2008-04-16",38.73,38.85,38.31,38.7,4046400,9.68
"2008-04-17",38.53,40.24,38.3,40,4119200,10
"2008-04-18",40.34,41.16,40.16,41.04,5244000,10.26
"2008-04-21",41.12,41.86,40.47,41.64,4204400,10.41
"2008-04-22",40.96,40.96,38.79,39.52,13234400,9.88
"2008-04-23",45.2,47.09,44.02,46.5,17989600,11.62
"2008-04-24",46.5,46.76,45.08,46.49,6855200,11.62
"2008-04-25",46.71,46.76,45.75,46.32,3972800,11.58
"2008-04-28",46.25,46.7,45.71,46,2835200,11.5
"2008-04-29",45.84,46.94,45.73,46.78,2751200,11.69
"2008-04-30",46.94,47.5,46.03,46.27,1713200,11.57
"2008-05-01",46.11,47.36,46,46.6,2577600,11.65
"2008-05-02",46.9,47.36,46.52,47.19,3000400,11.8
"2008-05-05",47.04,47.42,46.6,47.05,2366000,11.76
"2008-05-06",46.69,47.4,46.33,47.04,2408800,11.76
"2008-05-07",46.64,47.34,46.54,46.61,1894800,11.65
"2008-05-08",46.96,47.45,46.4,46.8,2065600,11.7
"2008-05-09",46.41,46.48,45.91,46.25,1878400,11.56
"2008-05-12",46.18,46.49,45.67,46.43,3416800,11.61
"2008-05-13",46.36,46.9,46.14,46.37,1527600,11.59
"2008-05-14",46.58,47.11,46.29,46.43,1778400,11.61
"2008-05-15",46.52,48.04,46.1,48.03,2824400,12.01
"2008-05-16",48.1,48.63,47.18,47.84,2754400,11.96
"2008-05-19",47.76,48.16,47.45,47.56,1330000,11.89
"2008-05-20",47.37,47.58,46.35,46.89,2132400,11.72
"2008-05-21",46.97,47.63,45.99,46.08,3662000,11.52
"2008-05-22",46.08,46.66,45.91,46.25,3386000,11.56
"2008-05-23",46.01,46.59,45.65,45.91,2691200,11.48
"2008-05-27",46.06,47.24,46.06,46.59,2347200,11.65
"2008-05-28",46.57,47.32,46.57,47.04,1462800,11.76
"2008-05-29",44.56,47.04,44.24,45.76,6118000,11.44
"2008-05-30",45.74,45.74,44.81,45.37,3128800,11.34
"2008-06-02",45.4,45.7,44.81,45.34,2128000,11.34
"2008-06-03",45.55,45.74,45.06,45.68,3398800,11.42
"2008-06-04",45.43,46.25,45.24,46.01,1806800,11.5
"2008-06-05",46.27,48.26,46.27,48.17,4590800,12.04
"2008-06-06",47.71,48.33,47.09,47.3,3002400,11.82
"2008-06-09",47.5,47.5,46.57,47.14,2288400,11.78
"2008-06-10",46.9,47.08,46.04,46.59,2066400,11.65
"2008-06-11",46.47,46.47,45.12,45.33,2978400,11.33
"2008-06-12",45.66,47.35,45.51,47.01,3632000,11.75
"2008-06-13",47.16,48.06,46.53,48,3048000,12
"2008-06-16",47.67,48.15,47.21,48.04,1661600,12.01
"2008-06-17",47.97,48.31,47.89,48.1,1082800,12.02
"2008-06-18",48.05,48.39,47.4,48.03,2303600,12.01
"2008-06-19",48.11,48.74,47.77,48.15,2488800,12.04
"2008-06-20",47.98,48.15,47.2,48,3566400,12
"2008-06-23",48.31,48.41,47.68,47.89,2280000,11.97
"2008-06-24",47.48,48,46.82,47.5,3280400,11.88
"2008-06-25",47.56,48.02,46.87,48,2450400,12
"2008-06-26",47.56,47.56,46.12,46.19,2163600,11.55
"2008-06-27",46.16,46.46,45.55,45.7,2366400,11.43
"2008-06-30",45.57,45.61,45.01,45.18,2360000,11.3
"2008-07-01",45,45.56,44.77,45.43,2594000,11.36
"2008-07-02",45.32,45.58,44.76,45.01,2213600,11.25
"2008-07-03",45.07,45.28,44.14,44.22,1392000,11.06
"2008-07-07",44.11,44.43,43.04,43.21,5291600,10.8
"2008-07-08",42.5,43.87,42.5,43.83,4452800,10.96
"2008-07-09",43.92,44.29,43.2,43.3,1498400,10.82
"2008-07-10",43.25,44.17,42.98,43.59,2204000,10.9
"2008-07-11",43.34,45,43.18,44.46,2420800,11.11
"2008-07-14",44.74,44.84,43.4,44.01,5458400,11
"2008-07-15",43.44,44.05,42.9,43.64,2387200,10.91
"2008-07-16",43.69,44.81,43.62,44.61,3823600,11.15
"2008-07-17",44.95,45.8,44.88,45.3,3022800,11.32
"2008-07-18",45.03,45.72,45.03,45.23,1592800,11.31
"2008-07-21",45.46,46.2,45.25,46.19,2971200,11.55
"2008-07-22",45.35,46.3,45.07,46.06,3791600,11.52
"2008-07-23",44.85,48.14,42.8,47.99,12967200,12
"2008-07-24",47.82,47.96,46.2,46.34,5727200,11.59
"2008-07-25",46.93,46.93,45.22,45.84,3909600,11.46
"2008-07-28",45.67,46.11,45.05,45.14,3495200,11.28
"2008-07-29",45.38,45.55,44.97,45.38,3159200,11.35
"2008-07-30",45.6,45.87,44.81,45.45,2648000,11.36
"2008-07-31",45.3,46.06,44.56,44.66,3446000,11.16
"2008-08-01",44.84,44.84,43.63,44.31,2023200,11.08
"2008-08-04",44.4,45.26,43.82,45.1,1950400,11.27
"2008-08-05",45.29,45.98,44.81,45.01,3643200,11.25
"2008-08-06",44.75,45.1,44.27,44.5,3369600,11.12
"2008-08-07",44.42,44.87,44.2,44.46,2292000,11.11
"2008-08-08",44.57,47.26,44.57,47.1,3463600,11.77
"2008-08-11",46.56,47.76,46.26,47.28,1540000,11.82
"2008-08-12",47.72,47.92,46.51,46.86,1443200,11.72
"2008-08-13",46.72,47.1,46.42,46.85,2288000,11.71
"2008-08-14",45.82,48.1,45.82,47.7,2563600,11.93
"2008-08-15",47.94,48.19,47.45,48.05,2314400,12.01
"2008-08-18",48.11,48.12,47.32,47.58,2170800,11.9
"2008-08-19",47.53,48,46.51,47.07,1660400,11.77
"2008-08-20",47.44,47.85,46.47,47.01,2181600,11.75
"2008-08-21",46.64,47.22,46.24,46.94,1136800,11.73
"2008-08-22",47,47.65,46.05,47.28,1433600,11.82
"2008-08-25",47.02,47.05,46.17,46.32,1094000,11.58
"2008-08-26",46.2,47.17,46.2,46.85,1621600,11.71
"2008-08-27",46.58,47.47,46.2,46.83,2031200,11.71
"2008-08-28",46.86,47.17,46.82,47.01,2116800,11.75
"2008-08-29",46.7,46.99,46.02,46.05,1521200,11.51
"2008-09-02",46.56,47.21,45.91,45.92,2335200,11.48
"2008-09-03",45.93,46.73,45.81,46.07,1950400,11.52
"2008-09-04",45.78,46.74,45.28,46.37,3439200,11.59
"2008-09-05",46.05,46.69,45.86,46.42,2378800,11.6
"2008-09-08",46.51,47.65,46.51,46.96,4930400,11.74
"2008-09-09",46.75,47.27,46.07,46.17,1986800,11.54
"2008-09-10",46.92,47.4,46.44,46.99,4083600,11.75
"2008-09-11",46.54,47.12,46.28,47.04,1808400,11.76
"2008-09-12",46.8,47.19,46.24,46.67,2502800,11.67
"2008-09-15",45.2,46.32,45.01,45.61,2484000,11.4
"2008-09-16",45.26,46.49,44.14,46.27,2429600,11.57
"2008-09-17",44.39,47.05,44.39,46.32,3674800,11.58
"2008-09-18",47.7,48.15,46.8,47.63,4421200,11.91
"2008-09-19",49.22,50,48.67,49.34,4235200,12.34
"2008-09-22",49.17,49.49,47.9,47.9,2585600,11.98
"2008-09-23",47.81,48.79,46.61,48.12,1882400,12.03
"2008-09-24",48.36,49,47.14,47.32,1910400,11.83
"2008-09-25",47.41,48,46.6,47.59,2137200,11.9
"2008-09-26",47.7,47.86,46.37,47.32,4098000,11.83
"2008-09-29",46.69,47.81,43.21,45.08,4583600,11.27
"2008-09-30",45.05,45.08,43.69,44.64,4533200,11.16
"2008-10-01",44.57,45.03,43.49,44.5,3836800,11.12
"2008-10-02",44.05,44.41,42.21,42.31,3334800,10.58
"2008-10-03",42.66,42.83,40.26,40.47,4004400,10.12
"2008-10-06",40.22,40.44,37.4,39.52,6267200,9.88
"2008-10-07",39.91,40.11,38.93,39.21,4193200,9.8
"2008-10-08",38.13,39.82,37.14,37.68,12025600,9.42
"2008-10-09",38.21,38.6,33.59,33.75,6731200,8.44
"2008-10-10",32.44,35.71,31.6,34.98,10540400,8.74
"2008-10-13",36.07,36.84,35.07,36.34,5161200,9.09
"2008-10-14",37.34,38.43,34.72,35.26,3652400,8.81
"2008-10-15",34.94,34.97,33.18,33.33,3715600,8.33
"2008-10-16",33.3,34.43,31.41,34.06,5046000,8.52
"2008-10-17",33.6,39.21,32.47,34.54,5315600,8.64
"2008-10-20",34.93,36.18,34.59,36.14,3854800,9.03
"2008-10-21",35,36.98,34.9,35.02,4218400,8.76
"2008-10-22",39.07,39.26,36.15,36.71,9040800,9.18
"2008-10-23",36.83,37.98,32,32.99,12149600,8.25
"2008-10-24",31.85,34.06,31.05,33.63,8183600,8.41
"2008-10-27",33.02,34.88,32.22,34.21,5889200,8.55
"2008-10-28",34.96,36.36,34.45,36.29,4873200,9.07
"2008-10-29",36.62,36.62,33.96,34.17,7749200,8.54
"2008-10-30",34.72,35.62,34.62,35.29,4423600,8.82
"2008-10-31",35.16,37.54,35.05,37.23,3795600,9.31
"2008-11-03",37.46,37.53,36.02,37.25,1972800,9.31
"2008-11-04",37.63,39.22,37.08,39.17,2498800,9.79
"2008-11-05",39.03,39.93,38.24,39.18,3608000,9.8
"2008-11-06",39.11,39.26,37.21,38.11,3563600,9.53
"2008-11-07",38.3,39.74,37.24,38.18,3416800,9.55
"2008-11-10",38.61,40,38.61,39.13,3530000,9.78
"2008-11-11",38.82,40.55,38.12,39.95,4130400,9.99
"2008-11-12",39.61,39.93,36.9,36.98,3818400,9.24
"2008-11-13",37.07,39.57,35.92,39.57,4419600,9.89
"2008-11-14",39.1,39.3,36.03,36.19,6746800,9.05
"2008-11-17",36,36.98,36,36.03,3507600,9.01
"2008-11-18",36.5,37.27,35.2,36.32,3100400,9.08
"2008-11-19",35.68,37.09,33.82,33.82,4432800,8.45
"2008-11-20",33.52,33.86,31.51,31.58,6758800,7.89
"2008-11-21",31.96,32.74,30.37,32.08,5674400,8.02
"2008-11-24",32.59,34.9,32.59,34.49,3806000,8.62
"2008-11-25",34.99,35.47,34.1,35.25,3194800,8.81
"2008-11-26",34.52,36.61,34.28,36.46,2411600,9.11
"2008-11-28",36.19,36.25,35.05,35.98,1116400,8.99
"2008-12-01",34.28,34.42,32.68,32.73,3555200,8.18
"2008-12-02",33.17,33.44,32.09,33.39,4091200,8.35
"2008-12-03",33.52,34.54,32.93,34.41,4508800,8.6
"2008-12-04",33.94,35,33.36,33.96,4142800,8.49
"2008-12-05",33.47,35.09,33.02,34.88,4045600,8.72
"2008-12-08",35.95,39.37,35.95,39.13,7260400,9.78
"2008-12-09",38.13,38.91,37.33,37.46,7304000,9.36
"2008-12-10",37.69,38.22,36.84,38.06,3791200,9.52
"2008-12-11",37.6,39.07,37.57,37.92,3557200,9.48
"2008-12-12",37.74,38.99,37.74,38.66,3976400,9.66
"2008-12-15",37.42,38.7,37.14,38.44,4160800,9.61
"2008-12-16",38.74,39.41,38.31,39.39,4956400,9.85
"2008-12-17",39.14,39.5,38.65,38.84,6158400,9.71
"2008-12-18",39.13,39.5,37.84,38.2,5715200,9.55
"2008-12-19",38.33,39.4,37.87,38,4731200,9.5
"2008-12-22",38.44,38.59,37.3,37.65,8548400,9.41
"2008-12-23",37.94,38.16,37.52,37.78,4878000,9.44
"2008-12-24",37.75,39.1,37.72,38.56,1594000,9.64
"2008-12-26",38.76,38.76,38.11,38.54,1078000,9.64
"2008-12-29",38.54,38.83,37.84,38.2,3356400,9.55
"2008-12-30",38.28,38.74,38.01,38.25,3805600,9.56
"2008-12-31",38.54,39.28,38.27,38.45,5923600,9.61
"2009-01-02",38.58,39.4,38,39.18,3018000,9.8
"2009-01-05",39.45,40.6,39.06,39.34,3977600,9.84
"2009-01-06",38.04,38.42,37,37.57,8879600,9.39
"2009-01-07",37.44,37.72,37.08,37.37,4364000,9.34
"2009-01-08",36.5,36.5,34.54,35.01,10915200,8.75
"2009-01-09",35.53,36.79,34.68,36.12,5949600,9.03
"2009-01-12",36.78,38.84,35.99,38.4,8179200,9.6
"2009-01-13",38.19,39.67,37.66,39.14,10884000,9.78
"2009-01-14",37.76,38.82,37.66,38.4,7411600,9.6
"2009-01-15",38.2,39.73,37.44,39.36,5172000,9.84
"2009-01-16",39.99,41.26,39.5,40.1,4280000,10.02
"2009-01-20",40.47,41.37,39.24,39.37,5185200,9.84
"2009-01-21",39.5,39.5,37.73,38.84,5407600,9.71
"2009-01-22",35.25,36.99,34.95,36.76,16184400,9.19
"2009-01-23",36.3,36.42,35.15,35.38,8324000,8.85
"2009-01-26",35.36,35.98,35.04,35.46,4445200,8.86
"2009-01-27",36.01,36.77,35.44,35.62,7003200,8.9
"2009-01-28",35.84,36.61,35.1,35.44,6258000,8.86
"2009-01-29",35.34,35.97,34.32,34.49,4946000,8.62
"2009-01-30",35.05,35.16,33.39,33.72,4390800,8.43
"2009-02-02",33.49,34.66,33.38,34.5,4935200,8.62
"2009-02-03",34.44,35.71,33.99,35.62,3244800,8.9
"2009-02-04",35.53,36,34,34.15,5051600,8.54
"2009-02-05",34.14,35.69,33.65,34.17,9250000,8.54
"2009-02-06",35.05,36.01,34.68,35.88,5636000,8.97
"2009-02-09",36.46,36.98,35.88,36.62,5802400,9.15
"2009-02-10",36.62,37.59,35.84,36.13,6664000,9.03
"2009-02-11",37.7,37.7,35.09,35.42,12880800,8.85
"2009-02-12",35.06,38.41,35,38.29,10718400,9.57
"2009-02-13",38.18,38.99,37.77,38.64,5623200,9.66
"2009-02-17",37.81,38.97,37.55,38.37,4480800,9.59
"2009-02-18",38.43,39.29,37.25,37.63,5380000,9.41
"2009-02-19",37.79,38.03,37.45,37.82,3383600,9.45
"2009-02-20",37.44,38.1,36.98,37.94,4592000,9.48
"2009-02-23",38.5,38.5,36.43,37.32,6217600,9.33
"2009-02-24",37.32,38.49,37.25,38.3,3287600,9.57
"2009-02-25",37.5,37.84,36.65,37.2,4306800,9.3
"2009-02-26",37.65,37.88,36.59,36.72,3105600,9.18
"2009-02-27",36.58,37.63,36.08,36.6,4305200,9.15
"2009-03-02",36.29,36.49,34.53,34.87,4988000,8.72
"2009-03-03",35.25,35.74,34.52,34.87,4608400,8.72
"2009-03-04",35.07,35.8,34.78,35.22,4051600,8.81
"2009-03-05",34.98,36.53,34.5,36.29,5964000,9.07
"2009-03-06",36.42,36.72,35.66,36.72,5294800,9.18
"2009-03-09",37.1,38.86,37.03,38.37,8789200,9.59
"2009-03-10",38.7,39.25,38.37,38.65,5590400,9.66
"2009-03-11",38.7,41.53,38,41.48,12166000,10.37
"2009-03-12",41.54,45,40.37,43.37,16782800,10.84
"2009-03-13",43.52,43.85,41.57,42.56,6741200,10.64
"2009-03-16",45.08,45.22,42.87,43.08,6470400,10.77
"2009-03-17",42.65,43.73,42.63,43.46,4025600,10.86
"2009-03-18",43.5,45.48,42.79,45.11,11144800,11.28
"2009-03-19",44.6,45.57,44.25,44.46,6668000,11.11
"2009-03-20",44.51,44.84,42.97,42.97,5421200,10.74
"2009-03-23",41.99,43.61,41.71,43.58,7794800,10.9
"2009-03-24",42.89,45.72,42.54,45.69,8015200,11.42
"2009-03-25",44.63,46.53,44.05,46.4,10542400,11.6
"2009-03-26",46.4,47.34,43.79,44.61,11316000,11.15
"2009-03-27",44.7,44.9,42.98,43.75,8320400,10.94
"2009-03-30",43.16,44.01,42.29,43.73,3882800,10.93
"2009-03-31",43.99,45.09,43.86,43.97,4205200,10.99
"2009-04-01",43.68,43.76,41.64,42.22,8713200,10.56
"2009-04-02",41.76,43.94,41.6,42.65,6607200,10.66
"2009-04-03",42.5,43.29,41.8,43.29,5679600,10.82
"2009-04-06",43.89,44,42.28,42.92,2883600,10.73
"2009-04-07",42.64,43.11,41.78,41.88,3237200,10.47
"2009-04-08",41.93,42.98,41.75,42.8,2542800,10.7
"2009-04-09",43.48,45.9,43.46,45.63,4851600,11.41
"2009-04-13",45.6,46.07,45.05,45.78,4569600,11.44
"2009-04-14",45.94,46.2,45,45.11,3900800,11.28
"2009-04-15",45.22,46,45.07,45.53,5703200,11.38
"2009-04-16",46.08,47.21,45.5,46.78,3779600,11.69
"2009-04-17",46.96,48.6,46.34,48.02,5297200,12.01
"2009-04-20",47.09,47.26,46.04,46.19,4296000,11.55
"2009-04-21",46,47.15,45.39,46.39,4351600,11.6
"2009-04-22",46.13,47.79,45.87,47.25,3442800,11.81
"2009-04-23",46.97,47.98,46.27,46.89,6243600,11.72
"2009-04-24",46.24,47.85,46.18,47.42,7382800,11.85
"2009-04-27",46.7,48.57,46.64,47.69,4308000,11.92
"2009-04-28",47.36,49.15,46.7,48.44,7946800,12.11
"2009-04-29",47.6,54.14,47.54,53.63,14316000,13.41
"2009-04-30",53.66,54.71,53.21,53.8,6049600,13.45
"2009-05-01",54.23,54.5,52.47,52.68,6674000,13.17
"2009-05-04",53.57,55.33,53.1,55.17,5118000,13.79
"2009-05-05",55.17,55.5,54.54,55.02,4613200,13.76
"2009-05-06",55.41,55.99,54.98,55.41,4210400,13.85
"2009-05-07",55.53,58.09,55.53,56.69,6525200,14.17
"2009-05-08",57.15,57.23,56.56,57.03,3002400,14.26
"2009-05-11",56.66,57.49,56.04,56.92,3286800,14.23
"2009-05-12",57.27,57.3,55.38,55.7,4790400,13.93
"2009-05-13",54.17,54.87,53.58,54.11,5746000,13.53
"2009-05-14",54,55.45,53.9,54.9,5806800,13.73
"2009-05-15",55.14,55.81,54.43,55.5,9590000,13.88
"2009-05-18",56.5,57.72,55.54,57.72,9006000,14.43
"2009-05-19",57.78,59.13,57.21,58.6,5822000,14.65
"2009-05-20",58.24,60,57.94,58.17,5516000,14.54
"2009-05-21",57.72,57.95,55,55.94,6852000,13.98
"2009-05-22",56.03,57.03,56.03,56.52,6093600,14.13
"2009-05-26",55.81,59.28,55.81,59.24,5722800,14.81
"2009-05-27",59.45,59.85,58.4,58.6,3611200,14.65
"2009-05-28",59.64,59.99,57.37,58.6,4247600,14.65
"2009-05-29",59.02,59.02,56.45,58.29,14229600,14.57
"2009-06-01",58.74,59.13,58.12,58.43,5281200,14.61
"2009-06-02",58.54,59,58.08,58.53,4796000,14.63
"2009-06-03",58.46,58.49,57.06,57.78,3421200,14.44
"2009-06-04",57.65,58.03,56.6,57.16,3236000,14.29
"2009-06-05",57.7,58,56.94,57.5,2097600,14.38
"2009-06-08",57.54,58.64,56.97,58.21,3575600,14.55
"2009-06-09",58.32,58.52,57.36,57.78,2555600,14.44
"2009-06-10",57.75,58.19,56.91,57.75,3690000,14.44
"2009-06-11",57.74,59.2,57.55,58.64,3588000,14.66
"2009-06-12",58.06,59.26,57.74,59.06,2088800,14.77
"2009-06-15",58.71,58.75,57.25,58.58,3364800,14.65
"2009-06-16",58.89,59.22,57.5,58.86,3475600,14.72
"2009-06-17",58.97,60.7,58.85,59.65,4071600,14.91
"2009-06-18",59.8,60.26,59.16,59.92,2728400,14.98
"2009-06-19",60.43,60.96,59.46,59.67,2918800,14.92
"2009-06-22",59.58,59.59,57.9,57.97,3028800,14.49
"2009-06-23",58,58.43,56.39,57.15,3470000,14.29
"2009-06-24",57.32,58.1,57.17,57.57,1740800,14.39
"2009-06-25",57.85,61.15,57.85,60.62,6008000,15.15
"2009-06-26",60.62,62.2,59.83,61.59,4759600,15.4
"2009-06-29",62.57,64.57,62,63.82,5839200,15.95
"2009-06-30",63.53,63.68,61.25,62.29,6330000,15.57
"2009-07-01",62.65,63.46,61.32,62.67,3011200,15.67
"2009-07-02",62.03,62.12,59.25,60.05,4573200,15.01
"2009-07-06",59.37,59.78,58.29,59.74,4631600,14.94
"2009-07-07",59.14,59.33,56.45,56.8,6228800,14.2
"2009-07-08",56.69,57.56,56.55,57.18,3448400,14.3
"2009-07-09",57.18,58.82,57.18,57.85,3037200,14.46
"2009-07-10",57.74,58.57,57.16,57.61,2121600,14.4
"2009-07-13",57.71,59.38,57.12,59.32,2883600,14.83
"2009-07-14",59.35,59.73,58.75,59.61,1532400,14.9
"2009-07-15",59.96,61.3,59.89,60.66,3723200,15.16
"2009-07-16",60.99,63.53,60.27,62.97,16034400,15.74
"2009-07-17",63.48,63.48,62.25,62.79,3836800,15.7
"2009-07-20",62.96,63.68,62.04,62.29,3984400,15.57
"2009-07-21",62.26,62.91,61.33,61.99,3509600,15.5
"2009-07-22",61.87,62.03,61.03,61.59,2342800,15.4
"2009-07-23",61.7,64.24,61,64.22,4614000,16.06
"2009-07-24",63.47,65.96,63.03,65.89,6261600,16.47
"2009-07-27",64.96,65.99,64.25,64.99,4946000,16.25
"2009-07-28",64.75,65.5,63.73,64.18,4585600,16.05
"2009-07-29",63.29,65.24,63,65.13,6643600,16.28
"2009-07-30",62.72,66.24,62.72,65.57,9089200,16.39
"2009-07-31",65.44,65.86,64.53,65.08,7122000,16.27
"2009-08-03",65.71,66.47,64.73,66.27,4828400,16.57
"2009-08-04",62.57,65.92,62.57,65.64,3125600,16.41
"2009-08-05",65.51,65.62,64.16,64.97,2127200,16.24
"2009-08-06",65.03,66.54,62.75,62.87,3254400,15.72
"2009-08-07",63.94,65.25,63.5,63.82,3189600,15.95
"2009-08-10",64.26,64.26,63.31,64.01,1994000,16
"2009-08-11",63.84,63.97,62.58,63.23,2478000,15.81
"2009-08-12",63.46,65.17,62.53,64.59,3524400,16.15
"2009-08-13",64.84,64.84,63.29,64.34,2222400,16.08
"2009-08-14",63.94,64.09,62.77,63.71,2646000,15.93
"2009-08-17",61.75,62.34,61.39,62.06,2552400,15.52
"2009-08-18",62.13,62.79,61.14,62.58,1999200,15.65
"2009-08-19",61.5,63.06,61.01,63.05,2708000,15.76
"2009-08-20",63.29,64,62.79,63.64,3124000,15.91
"2009-08-21",64.22,65,63.06,64.94,2723600,16.24
"2009-08-24",64.91,65.02,63.68,64.42,3741200,16.1
"2009-08-25",64.71,64.72,63.69,64.27,3318400,16.07
"2009-08-26",64.14,64.51,62.99,63.98,2104400,15.99
"2009-08-27",63.17,64.28,62.5,63.95,1878800,15.99
"2009-08-28",64.43,64.43,62.51,62.73,1754000,15.68
"2009-08-31",62.27,62.66,61.15,61.71,4062000,15.43
"2009-09-01",61.68,62.92,61.01,61.74,3373600,15.44
"2009-09-02",61.16,62.79,61.07,62.19,2440800,15.55
"2009-09-03",62.25,63.61,61.89,62.98,3152400,15.74
"2009-09-04",63.13,63.94,62.48,63.71,1282400,15.93
"2009-09-08",63.99,64.4,63.53,64,1414000,16
"2009-09-09",64,65.88,63.6,65.64,3565600,16.41
"2009-09-10",65.85,66,65.18,65.87,2536800,16.47
"2009-09-11",65.9,67,65.46,66.87,3774000,16.72
"2009-09-14",66.31,67.66,66,67.46,3238800,16.86
"2009-09-15",67.85,68.35,66.52,68,3030000,17
"2009-09-16",68.13,68.99,67.32,68.88,2691200,17.22
"2009-09-17",68.37,69.39,68,68.62,2106400,17.16
"2009-09-18",69.04,70.94,68.94,70.93,4986400,17.73
"2009-09-21",70.5,74.75,70.5,73.89,6918000,18.47
"2009-09-22",73.96,75.41,73.59,75.17,3974400,18.79
"2009-09-23",75.17,75.31,73.77,73.77,3397600,18.44
"2009-09-24",73.39,74.31,72.42,73.05,3960400,18.26
"2009-09-25",73.09,73.55,72.43,73.06,2747200,18.26
"2009-09-28",73.77,75.18,73.37,74.64,2280000,18.66
"2009-09-29",74.67,75,73.68,73.97,1554000,18.49
"2009-09-30",73.45,75,72.5,74.8,3562400,18.7
"2009-10-01",74.62,74.94,71.93,72.15,3555200,18.04
"2009-10-02",71.13,72.87,70.5,72.5,3064400,18.12
"2009-10-05",73.08,74,72.56,73.53,2086400,18.38
"2009-10-06",73.99,76.44,73.21,75.33,3256400,18.83
"2009-10-07",75,78.25,75,78.07,4656400,19.52
"2009-10-08",78.82,81.3,78,81.29,7936000,20.32
"2009-10-09",80.36,85.05,80.25,84.41,8444400,21.1
"2009-10-12",83.5,85.32,83.21,83.98,7956800,21
"2009-10-13",84.21,85.94,84.2,85.21,8618800,21.3
"2009-10-14",85.97,85.97,84.18,85.02,4496400,21.25
"2009-10-15",84.51,85.25,84.28,84.85,1979600,21.21
"2009-10-16",84.32,84.82,83.24,84.37,2960000,21.09
"2009-10-19",84.79,85.82,84,85.51,2659600,21.38
"2009-10-20",84.54,84.8,82.53,83.07,3630800,20.77
"2009-10-21",83.1,84.68,81.68,81.79,3927600,20.45
"2009-10-22",81.75,83.73,80.58,83.35,3749200,20.84
"2009-10-23",83.16,83.81,81.44,82.02,2627200,20.5
"2009-10-26",82.42,83.3,81,81.67,3375600,20.42
"2009-10-27",81.91,81.91,78.91,79.93,5130000,19.98
"2009-10-28",79.28,79.88,76.56,76.86,5417200,19.22
"2009-10-29",77.2,82.4,75.75,77.99,10795200,19.5
"2009-10-30",77.85,78.74,75.52,76.04,5353200,19.01
"2009-11-02",76.77,77.34,75.5,76.14,4514000,19.03
"2009-11-03",75.99,76.89,75.61,76.33,3571200,19.08
"2009-11-04",77.22,77.56,75.38,75.62,3645200,18.91
"2009-11-05",76.17,77.74,76.08,77,4213600,19.25
"2009-11-06",76.78,77.9,76.03,77.45,2774000,19.36
"2009-11-09",77.95,79.95,77.59,79.57,2485200,19.89
"2009-11-10",79.5,80.1,78.24,78.97,2992000,19.74
"2009-11-11",79.82,80.82,79.22,80.42,2694400,20.1
"2009-11-12",80.08,80.87,79.07,79.28,3118400,19.82
"2009-11-13",79.33,80.68,79.29,80.14,2020800,20.03
"2009-11-16",80.33,80.92,80.09,80.59,3034800,20.15
"2009-11-17",80.16,80.58,79.5,80.06,1837200,20.01
"2009-11-18",79.78,79.93,77.34,77.4,4033600,19.35
"2009-11-19",77.11,77.39,75.37,75.88,3168400,18.97
"2009-11-20",75.74,76.06,75.15,75.84,3794400,18.96
"2009-11-23",76.01,78.18,76.01,77.67,3689200,19.42
"2009-11-24",78.18,78.28,76.15,77.55,2372800,19.39
"2009-11-25",77.8,77.81,75.93,77.1,2128000,19.27
"2009-11-27",75.04,76.09,73.65,75.38,2069600,18.84
"2009-11-30",74.86,75.47,74.1,75.29,3475600,18.82
"2009-12-01",76.06,77.66,75.29,76.62,2740800,19.16
"2009-12-02",77.15,78.27,76.77,78.06,2122400,19.51
"2009-12-03",78.35,78.35,76,76.15,2162800,19.04
"2009-12-04",77.18,78,76.16,77.22,1309200,19.31
"2009-12-07",76.68,76.77,75.3,75.33,3042000,18.83
"2009-12-08",75.17,75.82,73.6,75.25,2340400,18.81
"2009-12-09",74.99,75.4,73.14,75.16,3371600,18.79
"2009-12-10",75.25,76.25,75.18,76.12,1950400,19.03
"2009-12-11",76.48,77.08,76.21,76.95,2957200,19.24
"2009-12-14",77.25,77.74,76.86,77.2,2661200,19.3
"2009-12-15",76.79,78.89,76.27,77.9,3368400,19.48
"2009-12-16",77.97,79.75,77.71,79.71,3602800,19.93
"2009-12-17",79.19,79.57,76.81,76.82,3492000,19.2
"2009-12-18",76.81,78.25,76.33,77.89,5607600,19.47
"2009-12-21",78.04,79.58,78.04,78.72,1802800,19.68
"2009-12-22",79.02,82.07,79.02,81.71,3510400,20.43
"2009-12-23",81.8,83.28,81.8,83.11,3064400,20.78
"2009-12-24",83.15,83.64,83.12,83.61,770800,20.9
"2009-12-28",84,84.87,83.88,84.23,1886400,21.06
"2009-12-29",84.45,84.45,83.25,83.73,1484400,20.93
"2009-12-30",84.21,84.38,83.16,83.59,980800,20.9
"2009-12-31",84,84.17,82.37,82.44,1789200,20.61
"2010-01-04",83.76,84.41,82.85,84.27,3055200,21.07
"2010-01-05",85.42,89.38,85,89.25,7324400,22.31
"2010-01-06",90,91.49,89.06,90.19,6844000,22.55
"2010-01-07",89.69,91,88.92,90.72,2969200,22.68
"2010-01-08",90.31,90.65,89.38,90.53,3238400,22.63
"2010-01-11",90.19,90.96,87.81,88.7,5187200,22.17
"2010-01-12",87.97,88.68,86.86,87.02,4124800,21.75
"2010-01-13",87.24,88.92,86,88.35,3388000,22.09
"2010-01-14",87.73,88.63,87.28,88.2,1802800,22.05
"2010-01-15",87.8,88.7,86.02,87.04,2459600,21.76
"2010-01-19",87.91,88.92,87.01,88.91,2353200,22.23
"2010-01-20",87.98,88.19,84.78,86.81,3566800,21.7
"2010-01-21",87.72,87.72,85.04,85.29,3677600,21.32
"2010-01-22",85.26,85.55,83.24,83.5,3095600,20.88
"2010-01-25",83.1,84.25,82.42,82.88,2485200,20.72
"2010-01-26",82.34,83.58,81.5,82.54,2797200,20.64
"2010-01-27",82.74,83.21,81.21,82.49,2182400,20.62
"2010-01-28",82.46,83.45,79.81,80.27,2824000,20.07
"2010-01-29",80.25,80.4,75.63,75.66,6840800,18.92
"2010-02-01",76.05,79.11,74.39,77.69,5991200,19.42
"2010-02-02",77.77,79.15,77.39,78.89,2814000,19.72
"2010-02-03",78.24,78.53,76.5,77.16,3334400,19.29
"2010-02-04",76.03,76.55,75.52,75.69,2942000,18.92
"2010-02-05",75.71,76.95,74.52,76.54,4091200,19.14
"2010-02-08",76.5,77.77,75.36,77.35,4582800,19.34
"2010-02-09",78.6,79.37,77.4,78.96,4864400,19.74
"2010-02-10",81.02,82.5,77.24,77.38,12884800,19.34
"2010-02-11",77.06,79.51,75.27,79.24,6288800,19.81
"2010-02-12",78.66,79.09,77.05,78.72,3638800,19.68
"2010-02-16",79.48,80.21,78.34,79.65,2539200,19.91
"2010-02-17",80,80.97,79.64,80.37,2047600,20.09
"2010-02-18",80.48,81.54,80.17,81.26,1937200,20.32
"2010-02-19",81.08,82.1,80.82,81.72,1841600,20.43
"2010-02-22",82.18,82.52,81.08,82.13,2054800,20.53
"2010-02-23",82.08,82.64,80.42,80.9,3282800,20.23
"2010-02-24",81.54,82.99,80.4,82.53,2435200,20.63
"2010-02-25",81.25,82.62,79.72,82.33,2247200,20.58
"2010-02-26",82.73,83.96,82.24,82.95,2931600,20.74
"2010-03-01",83.59,84.9,82.57,84.9,2164800,21.23
"2010-03-02",84.96,85,83.13,83.86,2312800,20.97
"2010-03-03",84.03,84.16,82.44,82.95,2294400,20.74
"2010-03-04",82.91,83.26,82.47,82.89,2061600,20.72
"2010-03-05",83.18,84.95,82.36,84.62,1786000,21.16
"2010-03-08",84.37,84.64,83.59,83.72,1172800,20.93
"2010-03-09",83.36,84.04,83.01,83.92,943200,20.98
"2010-03-10",83.79,84.9,83.79,84.64,1918000,21.16
"2010-03-11",84.01,85.15,82.84,85.15,2417200,21.29
"2010-03-12",85.46,85.49,83.61,85.2,2630400,21.3
"2010-03-15",85.12,85.19,83.94,84.56,1096800,21.14
"2010-03-16",84.57,85.74,84.08,85.61,1474000,21.4
"2010-03-17",85.5,88.29,85.34,87.4,2405600,21.85
"2010-03-18",87.15,87.58,86.63,87.44,1446400,21.86
"2010-03-19",89.57,89.57,86.5,87.19,6374800,21.8
"2010-03-22",86.83,88.87,86.64,88.53,1936800,22.13
"2010-03-23",89,89.07,87.68,89.02,1886800,22.25
"2010-03-24",88.77,89.24,88.27,88.99,1708800,22.25
"2010-03-25",89.34,89.48,87.02,87.03,1886400,21.76
"2010-03-26",87.09,87.73,85.83,86.3,1587200,21.58
"2010-03-29",85.3,86.13,83.84,84.38,3060400,21.09
"2010-03-30",84.25,85.18,84.1,84.94,1990400,21.24
"2010-03-31",84.78,85.99,84.25,84.93,2590400,21.23
"2010-04-01",85.28,86.35,84.92,85.73,1790400,21.43
"2010-04-05",86.28,87.01,85.61,86.33,1448800,21.58
"2010-04-06",85.75,86.9,85.58,86.05,1974400,21.51
"2010-04-07",85.64,85.83,84.56,84.89,2571600,21.22
"2010-04-08",84.3,86.32,83.73,86.12,2333600,21.53
"2010-04-09",86.1,88.25,85.46,88.19,2617200,22.05
"2010-04-12",87.94,88.73,87.47,88.26,1782800,22.07
"2010-04-13",87.93,88.11,86.45,87.18,1294000,21.8
"2010-04-14",87.79,88.53,86.92,88.4,1818800,22.1
"2010-04-15",88.25,88.5,87.2,88.13,1153200,22.03
"2010-04-16",87.78,90,87.61,88.53,3194800,22.13
"2010-04-19",87.93,88.65,87.2,87.87,1750400,21.97
"2010-04-20",88.05,89.63,87.62,89.6,2472800,22.4
"2010-04-21",89.31,90.07,88.66,89.82,2138400,22.45
"2010-04-22",88.72,90.12,88.3,89.92,1750400,22.48
"2010-04-23",90.1,91.77,89.45,91.58,3024800,22.9
"2010-04-26",92.6,92.95,91.14,91.39,2436000,22.85
"2010-04-27",90.91,92.03,89.28,89.32,2199600,22.33
"2010-04-28",89.75,90.53,89.22,90.26,3041200,22.57
"2010-04-29",89.85,90.51,86.13,87.5,64692000,21.88
"2010-04-30",86.68,86.92,84.72,84.77,6649200,21.19
"2010-05-03",85.58,87.06,84.47,86.7,4693200,21.67
"2010-05-04",85.9,86.21,83.92,84.5,3612000,21.12
"2010-05-05",84.36,84.76,83.9,84.23,3577200,21.06
"2010-05-06",84.03,86.05,74.84,82,5433200,20.5
"2010-05-07",81.5,83.29,80.73,81.97,4934800,20.49
"2010-05-10",82.61,85.11,82.5,84.96,3680800,21.24
"2010-05-11",83.1,86.04,83.1,84.67,2707600,21.17
"2010-05-12",84.7,86.13,84.42,86.01,1985600,21.5
"2010-05-13",85.56,87.02,85.24,85.66,2693200,21.42
"2010-05-14",85.13,85.46,83.39,84.06,2050000,21.01
"2010-05-17",84.36,85.23,82.79,84.62,1632000,21.16
"2010-05-18",85.11,86.24,83.28,83.75,2291200,20.94
"2010-05-19",83.09,84.56,82.6,83.5,1772800,20.88
"2010-05-20",81.41,82.52,80.89,80.89,3766000,20.22
"2010-05-21",79.6,83.88,79.56,83.13,3728800,20.78
"2010-05-24",82.78,83.07,81.08,81.28,2909600,20.32
"2010-05-25",79.27,81.16,78.63,81.11,3032800,20.28
"2010-05-26",83.65,84.02,81.34,81.44,3997200,20.36
"2010-05-27",82.86,85.04,82.63,84.99,2350400,21.25
"2010-05-28",84.61,85.32,83.13,83.71,1991600,20.93
"2010-06-01",83.24,84.28,81.74,81.9,1936400,20.48
"2010-06-02",82.13,83.93,80.74,83.93,2096000,20.98
"2010-06-03",83,84.66,82.46,84.43,2005600,21.11
"2010-06-04",82.57,82.81,81.48,81.58,2870000,20.4
"2010-06-07",81.23,81.6,79.18,79.43,3326800,19.86
"2010-06-08",79.64,80.02,77.76,79.27,3256000,19.82
"2010-06-09",80,80,77.83,78.1,3640000,19.52
"2010-06-10",79.02,80.46,78.32,80.31,2874400,20.08
"2010-06-11",79.53,81.06,79.3,79.82,2978800,19.95
"2010-06-14",80.36,81.8,79.52,80.16,4291200,20.04
"2010-06-15",80.29,82.57,79.68,82.29,2788000,20.57
"2010-06-16",81.98,82.27,81.19,81.5,2324000,20.38
"2010-06-17",81.65,82.03,80.75,81.18,2273600,20.3
"2010-06-18",81.03,81.54,80.52,80.62,3838000,20.16
"2010-06-21",81.35,81.99,78.61,79.51,2891200,19.88
"2010-06-22",79.73,80.46,77.64,77.77,3258400,19.44
"2010-06-23",78,78.45,76.96,77.24,3585600,19.31
"2010-06-24",76.78,77.99,75.34,76,5807200,19
"2010-06-25",76.1,78.71,75.94,78.07,3641200,19.52
"2010-06-28",78.14,78.75,76.66,78.13,2592400,19.53
"2010-06-29",77.2,77.4,75.67,76.03,5156800,19.01
"2010-06-30",75.73,78.39,75.48,75.89,4188800,18.97
"2010-07-01",75.74,77.78,72.97,75.74,4570000,18.93
"2010-07-02",75.99,77.03,74.5,76.1,2994800,19.02
"2010-07-06",76.59,79.2,76.59,77.98,4753600,19.5
"2010-07-07",77.76,79.58,77.22,79.52,2892000,19.88
"2010-07-08",79.54,80.55,79,79.83,3301200,19.96
"2010-07-09",79.83,80.42,79.4,80.23,1800800,20.06
"2010-07-12",79.8,80.83,79.56,80.31,2100000,20.08
"2010-07-13",81.68,81.88,78.35,78.52,7930400,19.63
"2010-07-14",78.67,79.43,77.94,78.83,4826000,19.71
"2010-07-15",78.86,79.45,77.85,78.97,2230000,19.74
"2010-07-16",79.05,79.05,74.57,74.62,5204000,18.66
"2010-07-19",74.7,75.27,74.08,74.38,3240000,18.59
"2010-07-20",73.53,76.65,72.67,76.31,4816000,19.08
"2010-07-21",76.23,76.23,72.05,73.55,7222400,18.39
"2010-07-22",75.26,77.22,74.63,75.6,5742800,18.9
"2010-07-23",75.15,76.69,74.84,76.67,3971200,19.17
"2010-07-26",76.76,77.51,76.21,76.78,4287200,19.19
"2010-07-27",76.78,77.22,76.33,76.64,3264000,19.16
"2010-07-28",76.94,77,74.72,75.31,3381600,18.83
"2010-07-29",76.5,78.28,75.41,77.53,8322000,19.38
"2010-07-30",76.83,77.84,76.01,77.45,2531200,19.36
"2010-08-02",78.47,79.2,77.58,78.33,2608800,19.58
"2010-08-03",77.91,78.5,77.34,77.66,1783200,19.42
"2010-08-04",77.34,78.69,77.34,78.3,1712000,19.58
"2010-08-05",77.94,78.25,77.47,77.64,1253600,19.41
"2010-08-06",77.02,78,75.8,77.84,2589200,19.46
"2010-08-09",77.98,78.2,77.1,77.48,1336800,19.37
"2010-08-10",76.76,78.27,76.5,77.37,2328800,19.34
"2010-08-11",76.39,77.12,75.93,76.89,3381200,19.22
"2010-08-12",75.77,76.98,75.1,76.58,2167600,19.15
"2010-08-13",76.37,76.71,75.4,76.08,1254400,19.02
"2010-08-16",75.57,76.76,75.31,76.19,1426000,19.05
"2010-08-17",76.67,76.67,74.92,76.11,3292400,19.03
"2010-08-18",75.61,76.55,74.89,75.88,1703200,18.97
"2010-08-19",75.98,76.32,73.73,75.37,2894000,18.84
"2010-08-20",75.35,75.41,74.17,75.34,2193200,18.83
"2010-08-23",75.89,75.94,74.27,74.29,2134800,18.57
"2010-08-24",73.58,74,72.43,73.34,2302800,18.33
"2010-08-25",72.67,75.35,72.47,75.1,2628000,18.77
"2010-08-26",75.07,75.1,73.84,74.45,1483200,18.61
"2010-08-27",74.75,75.23,73.16,74.67,2357600,18.67
"2010-08-30",76.03,77.05,74.29,74.29,2732400,18.57
"2010-08-31",74,74.07,72.65,72.85,2629200,18.21
"2010-09-01",74.17,76.48,73.5,75.73,2469200,18.93
"2010-09-02",75.41,76.92,75.41,76.61,1812800,19.15
"2010-09-03",77.2,77.88,76.77,77.48,1507200,19.37
"2010-09-07",77.3,77.4,76.27,76.39,1813600,19.1
"2010-09-08",76.39,78.76,76.39,78.28,2235200,19.57
"2010-09-09",78.93,79.21,78.18,78.48,1622800,19.62
"2010-09-10",78.6,79.97,78.23,79.63,2748800,19.91
"2010-09-13",80,80.84,79.49,80.38,2586000,20.09
"2010-09-14",79.96,80.61,79.41,79.85,2466800,19.96
"2010-09-15",79.47,80.32,79.15,79.52,2355600,19.88
"2010-09-16",79.28,79.67,78.26,79.22,1990800,19.81
"2010-09-17",79.7,79.95,79.01,79.18,4198400,19.8
"2010-09-20",79.61,80.82,79.09,80.59,2555200,20.15
"2010-09-21",80.28,80.99,79.84,80.64,1644800,20.16
"2010-09-22",80.51,81.17,78.8,79.52,2032800,19.88
"2010-09-23",78.88,79.66,78.34,78.49,1883200,19.62
"2010-09-24",78.78,80.14,78.78,79.96,2322000,19.99
"2010-09-27",79.77,80.28,79.33,79.99,2296400,20
"2010-09-28",80.18,81.67,79.47,81.48,2882800,20.37
"2010-09-29",81.05,82.63,81.02,82.51,2212000,20.63
"2010-09-30",83,84.68,82.71,83.99,6564400,21
"2010-10-01",84.86,85.03,83.48,85.03,5508400,21.26
"2010-10-04",85.73,86.22,84.23,84.72,4720000,21.18
"2010-10-05",85.59,86.21,85.2,86.14,3742400,21.53
"2010-10-06",85.82,86.8,85.48,85.94,3696000,21.49
"2010-10-07",86.15,86.49,84.44,84.86,3455600,21.22
"2010-10-08",85.16,86.54,84.69,86.24,3370400,21.56
"2010-10-11",86.09,86.33,85.42,85.67,1196400,21.42
"2010-10-12",85.38,85.77,84.18,85.53,1630000,21.38
"2010-10-13",85.97,87.34,85.49,86.64,2461600,21.66
"2010-10-14",86.7,87.41,86.17,87.28,1954800,21.82
"2010-10-15",87.68,87.95,86.01,86.49,4162000,21.62
"2010-10-18",86.96,86.96,85.08,85.71,2161200,21.43
"2010-10-19",84.95,86.31,84.49,85.16,3320800,21.29
"2010-10-20",85.2,86.97,84.81,86.87,2418000,21.72
"2010-10-21",86.94,87.07,84.9,86.01,1898800,21.5
"2010-10-22",85.85,88.25,85.33,88.11,4244800,22.03
"2010-10-25",88.25,88.47,87.62,87.83,3373600,21.96
"2010-10-26",87.33,87.34,86.52,86.72,2213600,21.68
"2010-10-27",85.98,87.2,85.87,86.92,2382400,21.73
"2010-10-28",87.6,87.81,86.27,87.25,2422000,21.81
"2010-10-29",86.6,88.1,84.92,87.83,3827200,21.96
"2010-11-01",87.77,88.97,86.5,87.29,2073600,21.82
"2010-11-02",87.57,87.75,86.15,87.51,2099200,21.88
"2010-11-03",87.37,88.42,86.59,87.67,1616400,21.92
"2010-11-04",88.46,88.72,87.12,87.4,2970000,21.85
"2010-11-05",87.64,88.37,87.48,87.82,2625200,21.95
"2010-11-08",87.2,88.41,86.83,88.09,2831600,22.02
"2010-11-09",87.9,88.3,87.32,87.82,2945200,21.95
"2010-11-10",87.65,88.1,86.79,88.1,2038800,22.02
"2010-11-11",87.27,88.12,86.44,88.09,2459200,22.02
"2010-11-12",87.52,88.12,86.09,86.72,1594400,21.68
"2010-11-15",86.89,87.3,85.96,86.16,1622800,21.54
"2010-11-16",85.75,85.9,84.45,85.21,2482400,21.3
"2010-11-17",84.89,85.47,84.57,85.31,1760000,21.33
"2010-11-18",85.8,87.68,85.4,86.38,2010000,21.59
"2010-11-19",86.34,87.15,85.94,86.87,2000800,21.72
"2010-11-22",86.39,87.98,85.92,87.35,1483600,21.84
"2010-11-23",86.67,86.67,85.26,86.05,1728800,21.51
"2010-11-24",86.72,89.55,86.53,88.78,2591200,22.19
"2010-11-26",87.93,88.4,87.47,88.03,714400,22.01
"2010-11-29",87.42,88.74,87.17,88.24,2004000,22.06
"2010-11-30",87.3,88.22,86.95,87.86,1844000,21.97
"2010-12-01",88.81,93.41,88.81,91.58,6790400,22.9
"2010-12-02",91.23,92.03,91.04,92.03,2061600,23.01
"2010-12-03",92.05,92.21,90.89,91.22,2051600,22.81
"2010-12-06",90.87,92.05,90.68,91.91,2307600,22.98
"2010-12-07",92.77,93.01,91.63,91.79,1980800,22.95
"2010-12-08",91.85,92.89,91.83,92.44,1812800,23.11
"2010-12-09",92.43,92.94,92.02,92.34,1307600,23.08
"2010-12-10",92.42,92.72,91.09,91.82,2971200,22.95
"2010-12-13",91.94,92.79,91.26,92.22,1882000,23.06
"2010-12-14",92.46,93.57,92.35,92.91,2361200,23.23
"2010-12-15",92.89,93.7,92.23,92.49,2224800,23.12
"2010-12-16",92.6,94.5,92.43,94.11,2916400,23.53
"2010-12-17",94.08,97.76,93.87,97.01,6566000,24.25
"2010-12-20",97.2,97.49,95.35,96.06,2219200,24.01
"2010-12-21",96.59,96.59,95.7,96,1175200,24
"2010-12-22",96.18,96.31,95.09,95.62,1641200,23.91
"2010-12-23",95.39,95.75,94.93,95.15,1013200,23.79
"2010-12-27",95.14,96.2,94.06,95.84,902400,23.96
"2010-12-28",95.75,96.34,95.06,96.01,1347200,24
"2010-12-29",96.07,96.39,95.89,96.16,652400,24.04
"2010-12-30",95.9,96.26,95.35,95.64,910400,23.91
"2010-12-31",95.6,95.76,94.57,94.74,1108400,23.68
"2011-01-03",95.27,97.59,95.27,95.9,2320800,23.98
"2011-01-04",95.68,95.77,93.22,94.36,2558400,23.59
"2011-01-05",93.69,94.61,92.06,94.45,2096800,23.61
"2011-01-06",94.22,95.46,94.13,94.63,1100000,23.66
"2011-01-07",94.85,94.92,93.96,94.88,1696400,23.72
"2011-01-10",94.22,95.32,93.82,95.29,1378800,23.82
"2011-01-11",95.65,96.41,95.36,96.08,1232800,24.02
"2011-01-12",96.5,96.68,95.7,95.95,1010000,23.99
"2011-01-13",95.81,95.95,95.14,95.42,902000,23.85
"2011-01-14",95.12,96.89,94.85,96.89,1607600,24.22
"2011-01-18",96.83,98.3,96.83,97.66,1748400,24.42
"2011-01-19",97.34,97.34,95.55,96.16,1809200,24.04
"2011-01-20",96.34,97.62,96,96.15,2030000,24.04
"2011-01-21",96.32,96.94,96.14,96.39,2757200,24.1
"2011-01-24",96.66,97.6,96.66,97.2,1537200,24.3
"2011-01-25",96.69,96.71,95.7,96.3,1814000,24.08
"2011-01-26",96.36,97.08,96.12,96.39,1524800,24.1
"2011-01-27",96.84,98.06,96.35,96.88,1662000,24.22
"2011-01-28",97.12,98.48,96.34,96.49,2911200,24.12
"2011-01-31",96.53,99,96.03,98.85,2415600,24.71
"2011-02-01",99.09,100.26,98.87,100.11,2110000,25.03
"2011-02-02",99.76,100.67,98.13,98.65,1652400,24.66
"2011-02-03",98.3,98.5,96.53,97.25,2633200,24.31
"2011-02-04",97.08,98.88,96.88,98.88,1595600,24.72
"2011-02-07",98.79,99.82,98.33,99.73,2235200,24.93
"2011-02-08",99.64,100.65,99.25,100.63,2082400,25.16
"2011-02-09",100.28,101.99,96.17,97.45,5299200,24.36
"2011-02-10",96.96,98.44,96.83,98.17,3520000,24.54
"2011-02-11",97.8,98.82,96.89,98.71,2538800,24.68
"2011-02-14",98.48,98.73,97.97,98.17,1599600,24.54
"2011-02-15",98.05,99.4,97.85,99.09,2629200,24.77
"2011-02-16",99.22,100,98.45,99.66,1606000,24.92
"2011-02-17",99.22,100.83,99.18,100.09,2071600,25.02
"2011-02-18",99.91,100.2,99.25,99.78,2327600,24.94
"2011-02-22",98.48,99.95,97.84,98.12,2833600,24.53
"2011-02-23",98.08,98.24,95.73,96.44,2601600,24.11
"2011-02-24",96.4,98.18,96.09,97.63,1838400,24.41
"2011-02-25",98.13,101.02,97.65,100.79,2071200,25.2
"2011-02-28",99.8,101.41,99.8,100.45,1995600,25.11
"2011-03-01",101.46,103,99.87,100.83,2462000,25.21
"2011-03-02",100.85,102.29,99.96,101.87,1854400,25.47
"2011-03-03",102.62,104.77,102.46,104.54,2133600,26.14
"2011-03-04",104.29,104.99,103.28,104.29,1292800,26.07
"2011-03-07",104.89,104.89,101.06,102.62,3381600,25.66
"2011-03-08",102.52,104.2,101.61,103.06,1894000,25.76
"2011-03-09",102.67,104.1,101.4,103.8,2070400,25.95
"2011-03-10",102.5,102.67,100.92,102.23,3121200,25.56
"2011-03-11",101.94,103.57,101.72,103.2,2406000,25.8
"2011-03-14",103.95,104.73,102.65,103.53,4662000,25.88
"2011-03-15",101.18,102.08,100.51,101.5,3975200,25.38
"2011-03-16",100.86,101.93,100,101.07,2766000,25.27
"2011-03-17",102.15,103.23,101.69,102.68,2235600,25.67
"2011-03-18",103.42,104.67,102.87,103.1,2985200,25.77
"2011-03-21",104.22,106.12,103.98,106.01,2024800,26.5
"2011-03-22",105.66,108.81,105.64,107.8,3242000,26.95
"2011-03-23",107.1,108.47,106.06,108.08,2182000,27.02
"2011-03-24",108.56,108.88,107.65,108.65,2941200,27.16
"2011-03-25",109,109.48,108.16,108.98,2354000,27.25
"2011-03-28",109.25,109.58,107.84,108.85,2287200,27.21
"2011-03-29",108.69,110.23,108.35,109.85,1854000,27.46
"2011-03-30",110.4,110.57,109.62,110.29,1339600,27.57
"2011-03-31",110.33,111.71,110.13,111.2,1594000,27.8
"2011-04-01",111.97,113.95,111.62,112.9,3392800,28.23
"2011-04-04",113.27,114.13,112.81,113.63,2230000,28.41
"2011-04-05",113.36,115.42,112.59,114.43,2867200,28.61
"2011-04-06",115.03,116.14,112.04,112.61,2260800,28.15
"2011-04-07",112.43,112.53,109.44,109.59,4158400,27.4
"2011-04-08",110.36,111.08,108.23,109.07,2240000,27.27
"2011-04-11",109.4,110.21,109,109.51,1604800,27.38
"2011-04-12",109.29,109.68,108.43,108.91,1396400,27.23
"2011-04-13",109.23,111.79,109.23,111.39,2544000,27.85
"2011-04-14",110.23,111.83,110.2,111.61,1573600,27.9
"2011-04-15",112.01,112.11,110.32,111.72,2338800,27.93
"2011-04-18",110.13,110.71,108.8,109.89,2122000,27.47
"2011-04-19",110.03,110.52,108.62,109.91,1571200,27.48
"2011-04-20",111.66,114.58,111.66,112.58,2034000,28.15
"2011-04-21",112.78,113.12,112.02,112.31,1394800,28.08
"2011-04-25",111.85,112.51,111.16,111.43,1299600,27.86
"2011-04-26",111.19,112.32,111.01,111.64,1652800,27.91
"2011-04-27",112,112.19,111.29,111.93,2055600,27.98
"2011-04-28",112.17,112.52,111.32,112.09,2151600,28.02
"2011-04-29",115.2,124.75,113,120.18,13767200,30.05
"2011-05-02",120.2,122.59,119.68,121.24,2992000,30.31
"2011-05-03",120.98,121.21,118.34,119.28,2416800,29.82
"2011-05-04",119.05,119.71,118.44,118.77,2166000,29.69
"2011-05-05",118.29,118.54,117,118.01,2888000,29.5
"2011-05-06",119.4,120.45,118.3,119.14,2526400,29.78
"2011-05-09",119.23,120.34,118.64,119.98,2082400,30
"2011-05-10",120.97,121.17,119.18,119.9,1454400,29.98
"2011-05-11",119.5,120.36,119.06,120.09,2860800,30.02
"2011-05-12",119.52,120.12,118.41,119.76,2532000,29.94
"2011-05-13",119.22,120.54,118.94,119.28,1502400,29.82
"2011-05-16",118.69,119.39,117.95,118.24,1248000,29.56
"2011-05-17",117.66,118.19,116.69,117.92,1447200,29.48
"2011-05-18",118.08,122.95,117.29,122.84,2928800,30.71
"2011-05-19",122.66,125.91,122.02,124.2,3770400,31.05
"2011-05-20",124.21,124.37,122.38,123.56,2761200,30.89
"2011-05-23",121.44,121.8,120.77,121.08,2342800,30.27
"2011-05-24",121.22,121.84,118.21,118.87,3328000,29.72
"2011-05-25",118.74,120.5,117.94,120.18,2261600,30.05
"2011-05-26",119.66,121,118.5,120.48,2177200,30.12
"2011-05-27",120.57,121.35,119.89,120.28,1343600,30.07
"2011-05-31",121.88,122.35,118.62,120.1,3713600,30.02
"2011-06-01",119.86,124.99,119.1,119.15,3407600,29.79
"2011-06-02",119.05,119.27,117.81,118,2632400,29.5
"2011-06-03",117.27,117.63,116.06,116.27,2530400,29.07
"2011-06-06",115.79,117.59,115.41,117.16,2903200,29.29
"2011-06-07",117.06,118.64,116.66,116.69,1993600,29.17
"2011-06-08",117.12,117.87,116.54,117.49,2002800,29.37
"2011-06-09",117.44,118.14,117,117.44,1851200,29.36
"2011-06-10",117.5,118.01,115.8,115.95,2156400,28.99
"2011-06-13",116,116.53,115.13,116,1651200,29
"2011-06-14",116.85,118.63,116.65,118.46,1641600,29.61
"2011-06-15",117.06,118.2,116.49,117.03,2514000,29.26
"2011-06-16",117.25,118.88,115.08,116.24,2918800,29.06
"2011-06-17",117.98,118.51,117.08,117.08,4109600,29.27
"2011-06-20",116.93,117.76,116.74,117.4,1950400,29.35
"2011-06-21",117.73,118.87,117.22,118.73,2635600,29.68
"2011-06-22",118.47,118.7,117.6,117.66,1689200,29.42
"2011-06-23",116.46,117.23,114.8,116.85,1974400,29.21
"2011-06-24",116.71,117.1,115.78,116.04,3272800,29.01
"2011-06-27",58.41,59.99,57.81,58.98,2005600,29.49
"2011-06-28",59.02,60.73,58.63,60.4,2506000,30.2
"2011-06-29",60.76,61.09,60.38,60.53,1517000,30.26
"2011-06-30",60.58,61.27,60.44,61.11,1455200,30.56
"2011-07-01",61.36,62.59,60.82,62.54,1910000,31.27
"2011-07-05",62.59,63.05,62.3,63,1583000,31.5
"2011-07-06",63.02,64.1,63.02,63.66,2108200,31.83
"2011-07-07",63.94,64.32,63.56,64.29,1763400,32.15
"2011-07-08",63.72,64.48,63.31,64.06,1467600,32.03
"2011-07-11",63.42,64.03,62.41,62.83,1671600,31.42
"2011-07-12",62.98,62.98,62.17,62.29,1835600,31.15
"2011-07-13",62.57,63.46,62.38,62.56,1120800,31.28
"2011-07-14",62.66,63.26,61.52,61.8,1028200,30.9
"2011-07-15",62.26,62.9,61.56,61.9,1528600,30.95
"2011-07-18",61.73,61.88,60.69,61.54,1161600,30.77
"2011-07-19",62.24,63.64,62.06,63.55,1361400,31.77
"2011-07-20",63.23,63.34,62.17,62.36,1433200,31.18
"2011-07-21",62.63,64.5,62.6,63.92,1823600,31.96
"2011-07-22",64.12,65.07,63.87,65.05,2210400,32.53
"2011-07-25",64.65,64.93,64.12,64.17,1577400,32.08
"2011-07-26",64.02,65.24,62.96,63.05,1597800,31.52
"2011-07-27",62.75,62.95,61.45,61.85,4308200,30.92
"2011-07-28",62.02,63.57,61.54,62.02,3116800,31.01
"2011-07-29",63.71,68.12,62.99,66.49,6205000,33.24
"2011-08-01",67.14,67.45,65.33,66.14,3220200,33.07
"2011-08-02",65.69,67.45,64.4,64.44,3543600,32.22
"2011-08-03",64.92,65.32,62.25,64.68,3893200,32.34
"2011-08-04",63.72,64.04,60.62,60.72,3610000,30.36
"2011-08-05",61.4,61.68,58.18,59.94,5820800,29.97
"2011-08-08",58.39,59.73,55.18,55.24,6135200,27.62
"2011-08-09",59.13,59.13,53.93,58.32,5637600,29.16
"2011-08-10",57.56,57.56,54.85,54.93,4277600,27.47
"2011-08-11",54.5,58.79,54.02,58.11,4284400,29.06
"2011-08-12",58.35,58.77,57,58.18,2397200,29.09
"2011-08-15",58.3,59.54,58.2,59.54,2443200,29.77
"2011-08-16",59.12,59.21,57.82,58.81,2343000,29.41
"2011-08-17",58.9,59.68,57.58,57.94,1993600,28.97
"2011-08-18",55.96,56.46,54.62,55.38,3398800,27.69
"2011-08-19",54.77,57.97,54.7,55.89,4076400,27.94
"2011-08-22",56.86,57.69,55.51,56.54,2519200,28.27
"2011-08-23",57.02,61.7,56.91,61.69,5758000,30.84
"2011-08-24",61.72,63.67,61.43,63.05,4493800,31.52
"2011-08-25",63.49,63.5,61.31,61.96,3194400,30.98
"2011-08-26",61.63,65.15,60.22,65.02,3591800,32.51
"2011-08-29",65.63,66.49,65.13,66.45,3224400,33.22
"2011-08-30",66.3,67.87,65.39,67.31,4897600,33.65
"2011-08-31",67.82,67.93,65.69,65.96,4271600,32.98
"2011-09-01",65.8,66.81,64.8,65.42,3443000,32.71
"2011-09-02",64.15,64.82,63.06,64,2338200,32
"2011-09-06",62.31,64.51,61.08,64.45,2340800,32.22
"2011-09-07",65.48,66,64.51,66,1987200,33
"2011-09-08",65.82,67.14,65,66.04,1992600,33.02
"2011-09-09",65.48,65.48,62.72,63.4,2708800,31.7
"2011-09-12",62.49,64.3,62.27,64.3,2301600,32.15
"2011-09-13",64.66,66.81,64.04,66.35,2698600,33.17
"2011-09-14",66.72,69.38,65.28,68.34,3448400,34.17
"2011-09-15",68.94,69.09,66.6,67.41,4255200,33.71
"2011-09-16",67.45,68.48,66.43,67.8,5136800,33.9
"2011-09-19",67.13,68.11,66.65,67.37,2020200,33.69
"2011-09-20",67.58,71.3,66.96,70.28,5418200,35.14
"2011-09-21",70.21,71.15,69.19,69.25,3612800,34.62
"2011-09-22",67.21,69.37,66.71,68.59,3197600,34.29
"2011-09-23",68.24,70.89,67.46,69.16,3352000,34.58
"2011-09-26",70.3,71.58,68.87,71.3,3215400,35.65
"2011-09-27",72.79,74.39,71.35,72.88,3481600,36.44
"2011-09-28",72.94,73.09,70.2,70.36,3032000,35.18
"2011-09-29",71.6,72.29,68.52,70.49,2666600,35.24
"2011-09-30",69.6,70.25,68.52,68.52,2813400,34.26
"2011-10-03",67.88,68.56,65.24,65.56,4475200,32.78
"2011-10-04",64.61,66.22,63.05,64.99,5055400,32.49
"2011-10-05",65.63,68.22,65.06,67.91,3943000,33.96
"2011-10-06",68.03,68.14,66.04,67,2673600,33.5
"2011-10-07",67.13,67.94,65.15,66,2997800,33
"2011-10-10",67.08,68.74,66.63,68.42,1991400,34.21
"2011-10-11",68.34,70.07,67.46,69.32,2675800,34.66
"2011-10-12",70.22,70.28,67.78,67.84,3189000,33.92
"2011-10-13",67.68,69.04,67.68,68.83,3586400,34.42
"2011-10-14",69.38,69.97,68.42,69.97,1831000,34.99
"2011-10-17",69.1,69.41,65.59,65.83,4294400,32.92
"2011-10-18",65.61,66.29,65.26,65.7,4232200,32.85
"2011-10-19",65.68,67.59,65.22,65.4,2953000,32.7
"2011-10-20",65.45,66.29,64.76,65.7,2668200,32.85
"2011-10-21",66.51,67.14,65.94,66.83,2609800,33.42
"2011-10-24",66.91,68.89,66.91,68.45,3257600,34.22
"2011-10-25",68.25,68.6,66.89,66.91,2712000,33.46
"2011-10-26",67.4,68.02,65.66,65.97,3191600,32.99
"2011-10-27",67.21,67.86,62.71,65.49,8305600,32.74
"2011-10-28",65.16,66.31,59.81,65.1,9425800,32.55
"2011-10-31",64.36,64.7,63.39,63.43,4393000,31.72
"2011-11-01",62.1,62.75,60.69,62.13,4071200,31.07
"2011-11-02",62.69,63.07,61.82,62.36,3043000,31.18
"2011-11-03",62.93,64,62.33,63.9,2514000,31.95
"2011-11-04",63.79,64.14,62.75,63.73,2441000,31.86
"2011-11-07",63.56,64.21,62.51,63.74,1764800,31.87
"2011-11-08",64.17,65.65,63.32,65.12,1955600,32.56
"2011-11-09",63.74,64.01,63,63.67,3211000,31.83
"2011-11-10",64.07,65,63.31,64.12,2853200,32.06
"2011-11-11",64.57,66.09,64.57,65.01,2537600,32.51
"2011-11-14",64.78,64.99,63.81,64.03,2272800,32.01
"2011-11-15",64,64.45,63.45,64.06,1742200,32.03
"2011-11-16",63.48,63.78,62.12,62.2,2526400,31.1
"2011-11-17",62,62.14,59.7,59.99,3571000,30
"2011-11-18",60,60.11,57.73,57.95,5700400,28.98
"2011-11-21",57.01,57.45,56.6,57.15,3872600,28.58
"2011-11-22",57.14,57.63,56.63,57.31,3896200,28.66
"2011-11-23",56.83,58.14,56.59,57.52,3178400,28.76
"2011-11-25",56.92,57.8,56.82,57.02,1187600,28.51
"2011-11-28",58.24,58.96,57.97,58.65,2005600,29.33
"2011-11-29",58.42,58.86,58,58.19,2417600,29.09
"2011-11-30",59.45,61,59.45,60.98,2961800,30.49
"2011-12-01",61.23,62.3,60.82,62.13,2698600,31.07
"2011-12-02",62.47,62.58,60.94,60.99,3030400,30.5
"2011-12-05",61.94,62.37,61.42,61.81,2089800,30.91
"2011-12-06",61.92,62.05,60.85,61.06,1700600,30.53
"2011-12-07",60.81,60.87,59.65,60.24,2272200,30.12
"2011-12-08",60.16,60.2,59.21,59.31,1645200,29.66
"2011-12-09",59.49,60.89,59.25,60.71,1233600,30.35
"2011-12-12",60.01,60.24,58.75,58.94,1199600,29.47
"2011-12-13",59.31,59.99,57.53,57.66,3178600,28.83
"2011-12-14",57.58,57.77,56.39,56.69,1873000,28.34
"2011-12-15",57.14,57.56,55.69,55.75,4362800,27.88
"2011-12-16",56.03,57.08,55.84,56.35,3970000,28.17
"2011-12-19",56.45,57.85,56.16,57.73,3255200,28.86
"2011-12-20",58.97,60.01,58.63,59.89,2861800,29.94
"2011-12-21",59.82,60.14,58.61,59.67,3350000,29.83
"2011-12-22",59.86,60.04,59.25,59.93,1743200,29.97
"2011-12-23",59.76,61.26,59.67,61.15,1237400,30.58
"2011-12-27",61.25,62.54,61,62.41,1698200,31.2
"2011-12-28",62.33,62.36,61.34,61.5,1754400,30.75
"2011-12-29",61.55,61.98,61.37,61.79,897600,30.9
"2011-12-30",61.73,61.95,61.25,61.25,1042400,30.62
"2012-01-03",62.61,64.17,62.35,62.55,3501600,31.27
"2012-01-04",62.55,62.55,61.63,61.72,1683800,30.86
"2012-01-05",61.79,62.57,61.31,62.43,2442800,31.22
"2012-01-06",63.2,63.69,62.47,63.47,1876800,31.74
"2012-01-09",64,64.13,62.85,63.15,1873800,31.58
"2012-01-10",63.47,63.76,62.23,62.69,2347400,31.34
"2012-01-11",62.35,63.28,61.66,63,2324200,31.5
"2012-01-12",63.26,63.47,61.72,62,1739800,31
"2012-01-13",61.74,62.08,61,61.56,2181200,30.78
"2012-01-17",62.08,62.3,60.5,60.84,2204600,30.42
"2012-01-18",60.88,61.06,60.51,60.99,2035400,30.5
"2012-01-19",61.12,61.63,61.02,61.51,2245600,30.75
"2012-01-20",61.56,62.72,60.7,61.03,2395800,30.51
"2012-01-23",61.03,61.44,59.72,59.99,2070600,30
"2012-01-24",59.72,60.55,59.67,60.37,3215200,30.18
"2012-01-25",60.23,60.89,59.73,60.62,1813600,30.31
"2012-01-26",60.97,60.97,59.36,59.78,3190000,29.89
"2012-01-27",59.68,60.79,59.51,60.49,2601000,30.25
"2012-01-30",60.01,61.06,59.82,60.87,2986000,30.43
"2012-01-31",61.4,61.4,60.61,60.89,1569000,30.44
"2012-02-01",61.3,61.77,60.8,61.41,2952400,30.7
"2012-02-02",61.41,61.96,61.06,61.66,1390200,30.83
"2012-02-03",62.21,63.82,62.15,63.09,2458000,31.55
"2012-02-06",63.13,63.74,62.6,62.78,2767600,31.39
"2012-02-07",62.52,63.21,62.12,62.57,2757800,31.28
"2012-02-08",67.78,71.8,67.77,70.88,8976400,35.44
"2012-02-09",70.88,70.99,69.29,69.39,3492200,34.69
"2012-02-10",68.94,69.32,68.16,69.27,2973000,34.63
"2012-02-13",69.74,70.5,69.44,70.26,2101400,35.13
"2012-02-14",69.96,70.67,69.58,70.64,1906400,35.32
"2012-02-15",70.84,71,70.07,70.22,1984400,35.11
"2012-02-16",70.25,72.24,70.25,71.99,2745400,35.99
"2012-02-17",71.88,71.88,70.23,70.99,2306400,35.49
"2012-02-21",71.3,72.19,71.04,71.81,2146800,35.9
"2012-02-22",71.72,72.72,71.47,72.46,2656400,36.23
"2012-02-23",72.72,73.61,72.38,73.15,2311400,36.58
"2012-02-24",73.27,73.89,72.92,73.76,2444600,36.88
"2012-02-27",73.61,75,73.31,74.28,2481000,37.14
"2012-02-28",74.6,75.5,74.29,74.82,2040000,37.41
"2012-02-29",74.67,74.91,73.83,73.83,2700000,36.92
"2012-03-01",74.39,74.81,74,74.73,2338200,37.37
"2012-03-02",74.84,75.41,74.51,75.35,2080600,37.67
"2012-03-05",75.36,75.85,74.83,75.69,2544600,37.85
"2012-03-06",75.01,75.42,74.15,74.55,2167200,37.28
"2012-03-07",74.63,75.87,74.25,75.54,1711200,37.77
"2012-03-08",75.9,76.54,75.58,76.07,1448000,38.03
"2012-03-09",76.13,77.59,75.89,76.86,2491800,38.43
"2012-03-12",77.28,77.28,75.62,75.72,1858800,37.86
"2012-03-13",75.93,76.85,75.85,76.83,1635200,38.42
"2012-03-14",77.02,77.49,75.99,76.16,1867000,38.08
"2012-03-15",76.17,77.47,75.94,77.38,1367600,38.69
"2012-03-16",77.95,78.14,76.55,76.93,2899400,38.47
"2012-03-19",76.63,77,75.7,76.86,1823600,38.43
"2012-03-20",76.5,76.74,76.04,76.26,1571200,38.13
"2012-03-21",76.25,76.67,75.66,76.3,1272200,38.15
"2012-03-22",75.87,76.88,75.3,76.61,1359600,38.31
"2012-03-23",77,77.15,75.55,76.71,1645800,38.35
"2012-03-26",77.1,78.53,77.01,78.13,2550000,39.06
"2012-03-27",78.15,78.29,76.11,76.16,2414600,38.08
"2012-03-28",76.07,76.49,75.04,75.79,2226000,37.9
"2012-03-29",75.48,76.42,74.68,76.15,2167800,38.08
"2012-03-30",76.67,76.7,75.48,76.16,1518000,38.08
"2012-04-02",76.12,77.2,75.77,76.87,1720000,38.44
"2012-04-03",76.57,77.32,76.19,76.59,1681200,38.29
"2012-04-04",76.14,76.42,75.15,75.42,1840800,37.71
"2012-04-05",75.08,75.97,75.01,75.87,1255400,37.94
"2012-04-09",74.53,75.04,73.98,74.47,1500600,37.24
"2012-04-10",74.23,74.49,72.68,72.81,2153200,36.4
"2012-04-11",73.5,74.08,73.4,73.91,1844600,36.96
"2012-04-12",74.05,74.18,73.49,73.55,1445800,36.78
"2012-04-13",73.15,73.7,72.6,72.93,1945000,36.47
"2012-04-16",73.33,73.65,72.34,73.24,1546200,36.62
"2012-04-17",73.56,74.48,73.44,73.8,2258000,36.9
"2012-04-18",73.53,74.45,73.3,74.38,1467200,37.19
"2012-04-19",74.19,74.87,73.29,74.07,943800,37.03
"2012-04-20",74.47,75.39,74.11,74.5,1374800,37.25
"2012-04-23",73.88,73.88,72.4,73.38,1652600,36.69
"2012-04-24",73.53,73.81,72.03,72.26,2067000,36.13
"2012-04-25",72.54,73.25,72.4,72.76,2976000,36.38
"2012-04-26",72.4,74.72,71.68,73.82,3349200,36.91
"2012-04-27",76.99,79.82,74.2,77.51,5945800,38.76
"2012-04-30",78.5,81.48,78,81.11,4975000,40.56
"2012-05-01",80.74,84.1,80.58,82.8,5419000,41.4
"2012-05-02",82.41,83.27,82.18,83,3350600,41.5
"2012-05-03",82.89,83.03,81.24,82.07,2915000,41.03
"2012-05-04",81.16,81.28,80.18,80.48,2786600,40.24
"2012-05-07",80.01,82,79.63,81.4,3025800,40.7
"2012-05-08",81,81.41,78.56,81.41,3915000,40.71
"2012-05-09",80.15,80.4,78.27,78.9,4674600,39.45
"2012-05-10",79.41,80.18,78,79.12,3159400,39.56
"2012-05-11",78.88,80.56,78.62,79.92,1830400,39.96
"2012-05-14",79.07,79.95,78.66,79.23,1411200,39.62
"2012-05-15",79.37,81.75,79.26,79.95,2758800,39.97
"2012-05-16",79.92,80.71,79.13,79.22,1942000,39.61
"2012-05-17",79.16,79.65,77.97,78.01,2343600,39.01
"2012-05-18",78.44,78.51,76.22,76.48,3133200,38.24
"2012-05-21",76.4,78.49,76.24,78.22,3380600,39.11
"2012-05-22",78.34,79.68,77.84,79.11,2527000,39.56
"2012-05-23",79.11,80,78.19,79.84,1962000,39.92
"2012-05-24",79.7,79.99,78.69,79.37,1941800,39.69
"2012-05-25",79.5,80.47,78.64,79.01,1937800,39.51
"2012-05-29",79.78,81.14,79,79.68,1939800,39.84
"2012-05-30",79,80,78.42,79.7,2338200,39.85
"2012-05-31",79.49,79.54,77.75,77.96,3106600,38.98
"2012-06-01",76.97,77.28,75.57,76.37,3033200,38.19
"2012-06-04",76.66,77.34,76.25,76.47,3020800,38.24
"2012-06-05",76.37,77.07,76.06,76.73,1523600,38.37
"2012-06-06",77.06,78.44,77,78.22,3020400,39.11
"2012-06-07",79.11,79.26,78.18,78.36,3488400,39.18
"2012-06-08",78.1,79,77.26,78.95,1821200,39.47
"2012-06-11",79.2,79.85,77.76,77.88,2206000,38.94
"2012-06-12",77.87,80.35,77.51,80.35,2510400,40.17
"2012-06-13",79.9,81,79.58,79.92,2381000,39.96
"2012-06-14",80.01,81.64,79.92,81.53,2188000,40.76
"2012-06-15",81.75,82.8,81.04,82.64,2880000,41.32
"2012-06-18",82.76,86.75,82.72,85.96,7059000,42.98
"2012-06-19",86.78,88.32,86,86.91,3881200,43.46
"2012-06-20",87.11,87.22,82.18,83.51,5509800,41.76
"2012-06-21",82.98,83.58,79.54,79.7,5297800,39.85
"2012-06-22",79.6,81.26,79.04,80.8,4036800,40.4
"2012-06-25",79.73,79.87,77.68,78.25,3053600,39.12
"2012-06-26",78.39,78.86,76.79,77.98,3233800,38.99
"2012-06-27",78.54,78.79,77.03,77.66,2239200,38.83
"2012-06-28",77.18,78.63,76.52,78.03,3409000,39.01
"2012-06-29",80.63,82.66,80.01,82.66,4788400,41.33
"2012-07-02",83.33,83.54,82.22,82.72,2803000,41.36
"2012-07-03",82.56,83.7,82.56,83.56,1280800,41.78
"2012-07-05",83.09,83.66,82.33,82.97,2290400,41.49
"2012-07-06",82.6,83.18,81.44,82.02,2900800,41.01
"2012-07-09",82.08,83,81.03,82.81,1992800,41.4
"2012-07-10",83.25,83.97,81.5,81.82,1661600,40.91
"2012-07-11",81.51,81.8,79.5,80.58,2506000,40.29
"2012-07-12",80.06,80.18,78.61,79.88,1818000,39.94
"2012-07-13",80.01,81.66,80,80.29,1876600,40.15
"2012-07-16",80.44,80.45,77.21,77.59,3167600,38.79
"2012-07-17",78.17,79.2,77.53,78.07,3616600,39.03
"2012-07-18",77.95,79.29,77.82,78.56,2037800,39.28
"2012-07-19",78.68,78.85,77.67,78.14,1648400,39.07
"2012-07-20",78.12,78.23,76.81,77.02,2971400,38.51
"2012-07-23",75.76,76.82,74.25,76.44,2547600,38.22
"2012-07-24",76.51,76.61,75,75.48,2107400,37.74
"2012-07-25",75.65,76.3,75.37,75.6,2290400,37.8
"2012-07-26",76.58,78.53,75.76,78.04,5349600,39.02
"2012-07-27",73.95,75.21,72.5,73.71,10249200,36.85
"2012-07-30",72.37,74.28,72.27,73.83,3885800,36.92
"2012-07-31",74.2,74.9,73.29,73.92,3242400,36.96
"2012-08-01",74.53,75.32,72.52,72.65,3414400,36.33
"2012-08-02",71.28,72.84,70.96,72.48,2957200,36.24
"2012-08-03",73.72,74.32,73.18,73.68,1878800,36.84
"2012-08-06",74.27,74.27,72.42,72.5,2624400,36.25
"2012-08-07",72.68,73.28,72.12,72.59,2406400,36.29
"2012-08-08",72.17,72.51,71.35,72.35,2581400,36.17
"2012-08-09",72.56,72.78,71.58,71.7,1857000,35.85
"2012-08-10",71.28,71.61,70.69,71.12,1919800,35.56
"2012-08-13",71.04,71.41,70.37,71.21,1313400,35.6
"2012-08-14",71.34,71.59,71,71.49,1922800,35.74
"2012-08-15",71.1,74.5,71,73.49,4424000,36.74
"2012-08-16",73.36,74,72.69,73.75,1683200,36.88
"2012-08-17",73.49,73.49,72.17,72.56,3976200,36.28
"2012-08-20",72.2,72.51,70.71,71.11,2353600,35.56
"2012-08-21",71.14,71.49,70.87,71.13,1610000,35.56
"2012-08-22",71.27,72.03,71.15,71.82,1324200,35.91
"2012-08-23",71.49,71.76,70.8,71.03,1867200,35.51
"2012-08-24",70.91,71.48,70.63,71.27,1354600,35.63
"2012-08-27",71.31,71.66,70.99,71.18,1762400,35.59
"2012-08-28",71.4,72.25,71.01,71.66,1909800,35.83
"2012-08-29",71.86,73.34,71.68,73.26,2446200,36.63
"2012-08-30",72.71,73.78,72.65,73.49,2416400,36.74
"2012-08-31",74.19,74.2,72.97,73.14,2598200,36.57
"2012-09-04",72.95,73.55,72.09,73.5,1841400,36.75
"2012-09-05",73.55,73.94,73.19,73.52,1542800,36.76
"2012-09-06",73.93,75.29,73.66,75.28,1906000,37.64
"2012-09-07",75.75,76.17,74.96,75.35,2344000,37.67
"2012-09-10",75.26,75.51,73.65,73.8,2012200,36.9
"2012-09-11",73.72,73.99,72.76,72.82,2475400,36.41
"2012-09-12",73.24,73.24,71.22,71.4,3395000,35.7
"2012-09-13",71.6,74,71,73.24,2758200,36.62
"2012-09-14",73.31,73.71,71.88,72.03,2500400,36.01
"2012-09-17",71.99,72.27,70.77,71,2812600,35.5
"2012-09-18",71.04,71.69,70.34,71.44,2468600,35.72
"2012-09-19",71.56,73.69,71.06,73.25,3729200,36.62
"2012-09-20",72.73,73.97,72.72,73.61,2922000,36.81
"2012-09-21",74.3,74.58,73.82,74.46,5324800,37.23
"2012-09-24",73.2,74.65,72.71,74.37,1782000,37.19
"2012-09-25",74.75,75.99,74.48,74.83,3257200,37.42
"2012-09-26",74.79,74.96,73.62,74.05,1685800,37.03
"2012-09-27",74.2,74.55,73.11,74.5,2385200,37.25
"2012-09-28",74.64,78.09,74.56,77.39,6224400,38.69
"2012-10-01",77.84,78.28,76.97,77.41,2217400,38.71
"2012-10-02",78.66,78.66,77.44,78.35,2352000,39.17
"2012-10-03",78.35,79.9,77.71,79.68,4010800,39.84
"2012-10-04",79.5,79.96,78.99,79.56,2084400,39.78
"2012-10-05",79.56,79.76,78.32,78.53,2017600,39.26
"2012-10-08",78.27,78.77,77.62,78,2393800,39
"2012-10-09",77.83,77.99,75.78,75.96,2649000,37.98
"2012-10-10",75.88,76.31,75.18,75.25,2519200,37.62
"2012-10-11",75.59,75.8,72.38,72.56,5899600,36.28
"2012-10-12",72.65,73.18,72.14,72.42,1745600,36.21
"2012-10-15",72.43,72.91,71.85,72.75,2082800,36.38
"2012-10-16",73.45,73.45,72.36,72.81,1439800,36.4
"2012-10-17",72.52,72.8,71.56,71.68,2327400,35.84
"2012-10-18",71.65,72.42,71.13,72.11,1653200,36.06
"2012-10-19",71.91,71.91,69.78,70.43,3400600,35.22
"2012-10-22",70.05,70.37,68.62,69.19,2942200,34.6
"2012-10-23",68.6,68.98,67.71,68,3331400,34
"2012-10-24",68.48,69.08,68,68.43,2332400,34.22
"2012-10-25",68.7,69.18,67.64,68.47,2770000,34.24
"2012-10-26",78.15,79.94,75.69,77.37,9264600,38.69
"2012-10-31",77.29,78.28,75.17,76.19,3671200,38.1
"2012-11-01",76.04,77.44,75.39,77.31,2317200,38.65
"2012-11-02",77.5,78.2,77.01,77.73,2234600,38.87
"2012-11-05",77.06,79.27,76.98,79.08,3081400,39.54
"2012-11-06",79.08,81.25,78.9,81.12,4880200,40.56
"2012-11-07",80.04,80.56,79.26,79.61,2861400,39.81
"2012-11-08",79.45,80.09,77.91,78,2066000,39
"2012-11-09",77.75,79.43,77.6,78.59,2269400,39.29
"2012-11-12",78.79,78.95,76.79,77.02,1459000,38.51
"2012-11-13",76.95,77.88,76.65,76.66,1084400,38.33
"2012-11-14",76.88,77.19,75.56,75.71,1535200,37.85
"2012-11-15",75.91,76.44,74.81,76.16,2321800,38.08
"2012-11-16",76.42,77.26,75.84,77.08,1885400,38.54
"2012-11-19",77.82,78.36,76.85,77.47,2089200,38.74
"2012-11-20",77.22,78.18,76.91,78,1336200,39
"2012-11-21",78.33,78.5,77.69,78.04,897600,39.02
"2012-11-23",78.05,78.23,77.55,78.06,609600,39.03
"2012-11-26",77.93,77.97,76.51,77.02,1845000,38.51
"2012-11-27",77.1,77.2,76.24,76.83,1640600,38.42
"2012-11-28",76.76,77.79,76.26,77.73,1415200,38.87
"2012-11-29",77.86,78.24,76.72,77.29,1232000,38.65
"2012-11-30",77.49,77.73,76.6,77.22,2268800,38.61
"2012-12-03",77.64,78.74,77,77.17,1479200,38.58
"2012-12-04",77.07,77.39,76,76.87,1430200,38.44
"2012-12-05",77.01,78.65,76.18,78.54,1954000,39.27
"2012-12-06",78.11,78.85,77.88,78.43,1183200,39.22
"2012-12-07",78.6,78.77,77.23,78.11,1041600,39.06
"2012-12-10",77.82,79.03,77.76,78.43,1102800,39.22
"2012-12-11",78.44,81.16,78.44,79.77,2226200,39.88
"2012-12-12",79.87,80.28,78.94,79.16,1277600,39.58
"2012-12-13",79.44,80.1,78.14,78.44,1284200,39.22
"2012-12-14",78.2,78.29,77.09,77.24,1561000,38.62
"2012-12-17",77.65,78.2,76.84,78.09,1533800,39.04
"2012-12-18",78.25,80.14,77.58,79.98,2345600,39.99
"2012-12-19",79.74,80.35,78.92,79.33,1382400,39.67
"2012-12-20",79.52,80.37,79.04,80.18,1285400,40.09
"2012-12-21",79.19,79.21,77.7,78.28,2792000,39.14
"2012-12-24",78.08,78.52,77.49,78.52,442400,39.26
"2012-12-26",78.5,78.95,76.89,77.19,716000,38.6
"2012-12-27",76.94,77.68,75.26,76.71,1378800,38.35
"2012-12-28",76.34,77.1,75.64,76.08,843200,38.04
"2012-12-31",75.54,77.67,75.35,77.51,1339200,38.76
"2013-01-02",78.79,80.45,78.79,80.45,1906800,40.22
"2013-01-03",80.45,80.78,79.76,80.21,1397000,40.1
"2013-01-04",80.67,81.44,80.04,81.07,1326400,40.53
"2013-01-07",81,83.1,81,83.02,2008800,41.51
"2013-01-08",82.71,83.57,81.77,81.93,1284200,40.97
"2013-01-09",82.26,82.54,80.72,81.3,1482600,40.65
"2013-01-10",81.39,82.41,81.38,82.21,1894400,41.1
"2013-01-11",82.39,82.56,81.14,81.62,1559600,40.81
"2013-01-14",81.63,82.25,81.42,82.16,1121400,41.08
"2013-01-15",81.59,81.71,78.8,80.7,2347200,40.35
"2013-01-16",80.48,80.52,78.71,79.06,3043800,39.53
"2013-01-17",79.56,80.25,78.92,79.95,2306400,39.97
"2013-01-18",79.7,81.24,79.15,81.19,1870800,40.6
"2013-01-22",80.99,83,80.75,83,1949000,41.5
"2013-01-23",82.97,83,82.3,82.66,1559600,41.33
"2013-01-24",82.9,83.83,82.56,83.06,1673400,41.53
"2013-01-25",83.33,83.88,82.85,83.38,1793600,41.69
"2013-01-28",83.79,83.9,83.01,83.13,1382600,41.56
"2013-01-29",83.1,84.49,82.57,84.38,1892200,42.19
"2013-01-30",84.5,84.59,82.18,82.47,1869600,41.24
"2013-01-31",82.61,83.21,82.11,82.55,1459000,41.28
"2013-02-01",83.06,85.35,82.91,84.12,2253200,42.06
"2013-02-04",83.61,83.82,82.38,83.09,1719200,41.54
"2013-02-05",83.21,84.91,82.82,83.6,2446600,41.8
"2013-02-06",87.66,87.7,84.5,85.46,3723800,42.73
"2013-02-07",85.25,86.74,85.25,86.56,3743200,43.28
"2013-02-08",86.8,88.33,86.58,88.1,2177600,44.05
"2013-02-11",88.1,88.1,86.53,87.5,1109800,43.75
"2013-02-12",87.58,88.06,86.92,87.55,1260800,43.78
"2013-02-13",87.64,88.35,87.17,87.62,1495400,43.81
"2013-02-14",87.1,88.29,87.07,87.9,1317400,43.95
"2013-02-15",87.68,88.72,87.67,87.93,1692000,43.97
"2013-02-19",88.06,88.92,87.92,88.41,1140600,44.21
"2013-02-20",88.35,88.68,87.03,87.12,1435800,43.56
"2013-02-21",86.79,87,85,86.16,2200800,43.08
"2013-02-22",86.65,87.59,86.25,87.56,1194200,43.78
"2013-02-25",88.09,88.58,85.38,85.38,1400800,42.69
"2013-02-26",85.59,87.47,85.59,87.18,1788000,43.59
"2013-02-27",87.15,88.18,86.58,87.7,1350000,43.85
"2013-02-28",87.74,88.5,87.45,87.46,1465200,43.73
"2013-03-01",87.68,89.39,87.04,89.23,2139400,44.62
"2013-03-04",89.03,89.61,88.27,89.6,1410800,44.8
"2013-03-05",90,92.32,89.81,92.28,2632800,46.14
"2013-03-06",92.64,92.96,90.73,90.91,1982400,45.46
"2013-03-07",91.04,92.29,91.02,91.51,1472200,45.76
"2013-03-08",92,92.62,91.4,92.29,1380800,46.15
"2013-03-11",91.89,93.45,91.78,92.78,1317400,46.39
"2013-03-12",92.69,93.11,92.14,93.07,1380600,46.53
"2013-03-13",93.3,93.4,92.6,92.91,2167400,46.46
"2013-03-14",92.9,93.23,92.62,93,1766800,46.5
"2013-03-15",92.75,93.32,92.64,92.78,3258400,46.39
"2013-03-18",92.07,92.07,90.97,91.12,1347000,45.56
"2013-03-19",91.25,91.67,89.83,90.76,1305200,45.38
"2013-03-20",91.47,91.6,90.83,91.39,932200,45.69
"2013-03-21",90.77,91.04,89.94,90.57,1189800,45.28
"2013-03-22",90.74,93.48,90.47,93.09,1679200,46.54
"2013-03-25",92.93,93.79,91.99,92.52,1630000,46.26
"2013-03-26",92.91,93.93,92.65,93.22,1399000,46.61
"2013-03-27",92.7,92.88,91.95,92.68,880200,46.34
"2013-03-28",92.78,94.92,92.39,94.74,1848200,47.37
"2013-04-01",94.97,94.97,93.14,94.23,1612400,47.12
"2013-04-02",94.44,95.13,94.39,94.82,1285000,47.41
"2013-04-03",94.69,94.77,92.7,92.84,1516000,46.42
"2013-04-04",92.8,93.04,91.99,92.17,1226600,46.08
"2013-04-05",91.35,92.55,91.25,92.13,1358600,46.06
"2013-04-08",92.05,93.43,91.43,93.42,1274800,46.71
"2013-04-09",93.37,93.77,91.88,93.13,817400,46.56
"2013-04-10",93.63,95.28,93.18,95.27,1546400,47.63
"2013-04-11",95.26,96.24,95.03,95.54,1636400,47.77
"2013-04-12",95.94,95.94,94.45,94.68,1794800,47.34
"2013-04-15",94.5,94.59,91.53,91.56,1781600,45.78
"2013-04-16",92.06,94.54,91.87,94.03,1669000,47.01
"2013-04-17",93.29,93.38,91.38,92.33,1427000,46.17
"2013-04-18",92.71,92.98,90.77,91.2,1160600,45.6
"2013-04-19",90.81,92.64,90.54,91.8,1540200,45.9
"2013-04-22",91.69,92.27,90.84,91.54,1133000,45.77
"2013-04-23",92.19,93.01,91.41,92.93,1586600,46.47
"2013-04-24",93.14,93.57,92.06,92.14,1347200,46.07
"2013-04-25",92.53,92.72,90.8,91.66,2991000,45.83
"2013-04-26",95,97.52,94.37,95.88,3977800,47.94
"2013-04-29",94.37,95.53,94.11,94.79,1734800,47.4
"2013-04-30",94.19,96.89,94.19,96.77,2416400,48.38
"2013-05-01",96.05,96.97,95.09,95.67,1530600,47.83
"2013-05-02",95.67,97.27,95.5,96.84,1550600,48.42
"2013-05-03",97.77,98.22,96.39,96.67,2005000,48.33
"2013-05-06",96.32,96.7,95.18,95.59,1210200,47.79
"2013-05-07",95.87,95.99,94.65,94.96,1517800,47.48
"2013-05-08",94.46,95.08,93.94,94.21,1511800,47.1
"2013-05-09",94.48,94.48,93.49,94.05,1294400,47.03
"2013-05-10",94.51,95.08,93.77,95.08,1175000,47.54
"2013-05-13",94.6,95.47,94.36,95.05,1162600,47.53
"2013-05-14",95.07,95.88,94.85,95.69,1232000,47.85
"2013-05-15",95.59,96.95,95.12,96.92,1122400,48.46
"2013-05-16",96.34,96.88,95.71,96.38,1119000,48.19
"2013-05-17",96.9,98.88,96.77,98.83,2103600,49.42
"2013-05-20",98.44,98.79,96.59,97.02,1130600,48.51
"2013-05-21",97.26,98.46,96.79,97.63,1010800,48.81
"2013-05-22",97.73,98.54,95.55,96.25,1433600,48.12
"2013-05-23",95.79,97.1,95.03,96.41,1189000,48.21
"2013-05-24",95.49,96.64,94.26,96.09,967600,48.04
"2013-05-28",97.21,97.41,95.01,95.45,1201200,47.72
"2013-05-29",95.38,97.76,95,97.15,2347200,48.58
"2013-05-30",97.68,98.53,97.01,97.92,1291800,48.96
"2013-05-31",97.24,98.89,97.11,98.16,2397400,49.08
"2013-06-03",98.38,99.28,97.34,98.86,1918000,49.43
"2013-06-04",99.31,99.61,98.37,99.04,2044800,49.52
"2013-06-05",98.85,99.08,96.55,96.78,2117200,48.39
"2013-06-06",96.98,99.31,96.7,99.26,2151600,49.63
"2013-06-07",99.19,100,98.36,99.35,1727800,49.67
"2013-06-10",99.19,99.48,98.4,98.45,1424600,49.22
"2013-06-11",97.78,99.16,97.26,98.14,995400,49.07
"2013-06-12",98.74,99.2,96.82,97.1,958600,48.55
"2013-06-13",97.24,98.99,96.41,98.9,834000,49.45
"2013-06-14",98.52,99.04,97.85,98.22,1294000,49.11
"2013-06-17",98.82,99.26,97.86,98.22,1310000,49.11
"2013-06-18",98.08,99.19,98.08,99.01,833400,49.51
"2013-06-19",99.08,99.21,96.87,97.12,918800,48.56
"2013-06-20",96.46,96.77,94.05,94.53,2033800,47.26
"2013-06-21",94.94,95.81,94.1,94.59,3594000,47.29
"2013-06-24",94.1,95.53,93.02,94.64,1936800,47.32
"2013-06-25",95.47,95.97,94.17,94.95,1218200,47.47
"2013-06-26",96.1,96.55,95.21,96.36,1091600,48.18
"2013-06-27",97.18,97.66,96.28,96.79,946600,48.4
"2013-06-28",96.24,97.3,96,96.09,2979200,48.04
"2013-07-01",48.5,49.29,48.05,48.75,1553100,48.75
"2013-07-02",48.85,48.92,48.31,48.62,1464600,48.62
"2013-07-03",48.37,48.86,48.25,48.56,851500,48.56
"2013-07-05",49.46,49.87,49.13,49.84,866600,49.84
"2013-07-08",49.99,50.1,48.9,48.93,1271700,48.93
"2013-07-09",49.02,49.09,47.35,47.53,2414300,47.53
"2013-07-10",48,48.11,47.34,47.59,1638400,47.59
"2013-07-11",48,49.27,48,49.1,1958200,49.1
"2013-07-12",49.31,49.76,48.95,49.56,2177300,49.56
"2013-07-15",49.52,49.94,49.02,49.54,1133700,49.54
"2013-07-16",49.37,49.83,49.02,49.39,1463300,49.39
"2013-07-17",49.73,49.92,49.43,49.66,889400,49.66
"2013-07-18",49.67,49.98,49.36,49.67,881500,49.67
"2013-07-19",49.73,50.41,49.3,49.79,1594200,49.79
"2013-07-22",50.42,50.54,49.96,50.54,1404200,50.54
"2013-07-23",50.45,50.73,49.9,49.92,1157500,49.92
"2013-07-24",49.91,50.85,49.34,49.39,1515200,49.39
"2013-07-25",49.26,49.78,48.92,49.63,2064500,49.63
"2013-07-26",49,49.74,47.93,48.66,3119900,48.66
"2013-07-29",48.44,48.77,47.94,48.29,1974300,48.29
"2013-07-30",48.49,49.62,48.38,49.28,2579600,49.28
"2013-07-31",49.45,49.79,48.93,49,1774900,49
"2013-08-01",49.3,49.97,49.23,49.86,1574000,49.86
"2013-08-02",50,50.42,49.82,50.07,1592700,50.07
"2013-08-05",49.99,50.04,49.39,49.72,1152800,49.72
"2013-08-06",49.66,49.8,49.19,49.32,1161300,49.32
"2013-08-07",49.2,49.42,48.59,48.65,1213800,48.65
"2013-08-08",49,49.04,48.48,48.63,954000,48.63
"2013-08-09",48.51,48.98,48.31,48.74,759500,48.74
"2013-08-12",48.5,49.49,48.31,48.93,802700,48.93
"2013-08-13",48.87,49.11,48.14,48.99,1068500,48.99
"2013-08-14",49,49.19,48.7,48.71,1272900,48.71
"2013-08-15",48.38,48.38,46.98,47.04,1991600,47.04
"2013-08-16",46.89,47.58,46.31,47.38,1887800,47.38
"2013-08-19",46.99,48.26,46.9,47.49,1353800,47.49
"2013-08-20",47.76,48.32,47.54,47.63,894200,47.63
"2013-08-21",47.63,47.82,46.91,47.03,1080200,47.03
"2013-08-22",47.06,47.82,47.03,47.63,633700,47.63
"2013-08-23",47.65,47.7,46.86,47.44,1386600,47.44
"2013-08-26",47.45,47.9,47.25,47.47,1022600,47.47
"2013-08-27",47,47.3,46.56,46.65,1235500,46.65
"2013-08-28",46.83,46.83,46.3,46.34,987800,46.34
"2013-08-29",46.15,47.24,46.07,46.66,762800,46.66
"2013-08-30",46.64,46.64,45.86,46.06,1168400,46.06
"2013-09-03",47.15,47.81,46.73,46.91,1962300,46.91
"2013-09-04",46.89,47.35,46.39,47.3,1542100,47.3
"2013-09-05",47.12,47.3,46.58,46.61,1228400,46.61
"2013-09-06",46.86,47.07,45.81,46.7,1036000,46.7
"2013-09-09",46.76,47.49,46.76,47.38,928300,47.38
"2013-09-10",47.65,48.4,47.55,48.14,1469300,48.14
"2013-09-11",48.13,48.84,48.12,48.53,1200400,48.53
"2013-09-12",48.39,49,48.33,48.59,1907300,48.59
"2013-09-13",48.73,49.05,48.53,48.98,1325600,48.98
"2013-09-16",49.5,49.98,49.38,49.66,1801300,49.66
"2013-09-17",49.81,49.85,49.31,49.48,895600,49.48
"2013-09-18",49.46,49.61,48.81,49.57,1208200,49.57
"2013-09-19",49.69,49.99,49.31,49.87,780000,49.87
"2013-09-20",49.9,50.25,49.7,49.82,2221600,49.82
"2013-09-23",49.53,49.73,48.88,49.26,1266800,49.26
"2013-09-24",49.34,49.49,48.81,48.89,1055000,48.89
"2013-09-25",49.01,49.11,48.61,48.99,1120300,48.99
"2013-09-26",49.02,49.37,48.58,48.73,1258500,48.73
"2013-09-27",48.55,55.07,48.5,52.61,6853200,52.61
"2013-09-30",52,52.98,51.37,52.55,2855200,52.55
"2013-10-01",52.52,53.99,52.35,53.97,2188000,53.97
"2013-10-02",53.55,53.94,53,53.78,1424700,53.78
"2013-10-03",53.53,53.71,52.5,53.57,1723300,53.57
"2013-10-04",53.66,54.82,53.53,54.71,1953600,54.71
"2013-10-07",54.32,54.65,53.96,54.19,1162800,54.19
"2013-10-08",54.29,54.71,52.98,53.17,1434500,53.17
"2013-10-09",53.18,53.49,52.55,52.7,1517800,52.7
"2013-10-10",53.05,54.6,52.97,54.51,1442900,54.51
"2013-10-11",54.27,54.93,54.12,54.68,1196500,54.68
"2013-10-14",54.15,55.98,54.02,55.95,1549500,55.95
"2013-10-15",55.74,55.94,54.87,55.22,1133600,55.22
"2013-10-16",55.45,56.57,55.38,56.51,1222800,56.51
"2013-10-17",55.86,57.35,55.86,57.12,1305600,57.12
"2013-10-18",57.18,57.8,56.8,57.77,1636100,57.77
"2013-10-21",57.91,58.13,57.36,58.07,1219500,58.07
"2013-10-22",58.62,59.42,57.57,58.19,1668600,58.19
"2013-10-23",57.89,58.42,57.24,58,1982300,58
"2013-10-24",59.04,59.09,57.64,57.76,2954600,57.76
"2013-10-25",55.55,57.2,54.44,56.13,3494300,56.13
"2013-10-28",55.93,56.58,55.89,56.54,1586500,56.54
"2013-10-29",56.86,57.23,56,56.17,1492100,56.17
"2013-10-30",56.19,56.82,55.83,55.88,1442700,55.88
"2013-10-31",56.13,56.55,55.76,56.03,1645100,56.03
"2013-11-01",56.31,56.52,55.7,56.17,1282600,56.17
"2013-11-04",56.21,56.55,55.86,56.49,887400,56.49
"2013-11-05",56.21,56.39,55.75,55.9,984000,55.9
"2013-11-06",56.06,56.52,55.95,56.45,912700,56.45
"2013-11-07",56.48,56.75,55.59,56.08,1738000,56.08
"2013-11-08",55.99,57.09,55.95,57.04,1136600,57.04
"2013-11-11",56.7,56.87,56.11,56.39,862900,56.39
"2013-11-12",56.26,56.97,56.01,56.47,848300,56.47
"2013-11-13",56.53,56.79,55.96,56.78,615000,56.78
"2013-11-14",56.94,57.19,56.5,57.09,754400,57.09
"2013-11-15",57.09,57.6,56.82,57.34,1004900,57.34
"2013-11-18",57.39,57.46,56.38,56.64,616100,56.64
"2013-11-19",56.48,56.57,55.82,56.15,771900,56.15
"2013-11-20",56.36,56.62,55.7,55.95,1069600,55.95
"2013-11-21",56.3,57.9,56.03,57.69,1490900,57.69
"2013-11-22",57.96,58.03,57.52,57.96,1044800,57.96
"2013-11-25",58.09,58.46,57.95,58.24,1343100,58.24
"2013-11-26",58.06,58.36,57.47,57.68,1187000,57.68
"2013-11-27",57.7,58.05,57.25,57.65,655500,57.65
"2013-11-29",57.71,58.08,57.28,57.47,463400,57.47
"2013-12-02",57.59,58.08,57.4,57.68,884800,57.68
"2013-12-03",57.51,57.67,56.79,57.45,1517200,57.45
"2013-12-04",57.05,57.43,55.81,56.4,1449300,56.4
"2013-12-05",56.5,56.96,56.01,56.09,1367300,56.09
"2013-12-06",56.8,57.52,56.51,57.42,1222600,57.42
"2013-12-09",57.49,57.65,56.51,56.71,1386100,56.71
"2013-12-10",56.79,57.22,55.75,55.86,1672400,55.86
"2013-12-11",55.82,56.34,54.52,54.6,2945800,54.6
"2013-12-12",54.5,54.86,53.83,54.03,1365400,54.03
"2013-12-13",54.5,54.82,53.92,54.17,930300,54.17
"2013-12-16",54.39,54.66,53.87,54.32,1212700,54.32
"2013-12-17",54.18,55.06,54.06,54.93,1829600,54.93
"2013-12-18",54.84,55.82,53.72,55.76,1699000,55.76
"2013-12-19",55.45,55.68,54.34,54.69,1210500,54.69
"2013-12-20",54.93,54.97,54.41,54.67,2235500,54.67
"2013-12-23",54.98,55.35,54.67,55.31,1124200,55.31
"2013-12-24",55.24,55.47,55.08,55.38,458400,55.38
"2013-12-26",55.57,55.75,55.31,55.67,476200,55.67
"2013-12-27",55.87,55.87,55.31,55.58,1177400,55.58
"2013-12-30",55.63,55.83,55.37,55.76,567500,55.76
"2013-12-31",55.75,56.1,55.55,55.74,676100,55.74
"2014-01-02",55.48,55.6,54.82,55.07,1111400,55.07
"2014-01-03",55.08,55.35,54.61,54.7,1039100,54.7
"2014-01-06",54.67,55.1,54.15,54.2,1465500,54.2
"2014-01-07",54.66,55.39,54.46,55.26,1565400,55.26
"2014-01-08",55.07,55.19,54.21,54.32,1664900,54.32
"2014-01-09",54.54,55.36,54.54,55.02,1413700,55.02
"2014-01-10",55.34,55.48,54.29,55.18,1274300,55.18
"2014-01-13",54.67,55.36,53.64,53.83,1734300,53.83
"2014-01-14",54.06,55.5,53.87,55.07,2135800,55.07
"2014-01-15",55.07,55.77,54.92,55.52,1448800,55.52
"2014-01-16",55.38,55.62,55.1,55.39,1118100,55.39
"2014-01-17",55.27,55.89,54.51,55.74,1946300,55.74
"2014-01-21",56,56.27,55.41,55.9,1087700,55.9
"2014-01-22",57.08,57.58,56.63,57.02,1524500,57.02
"2014-01-23",56.72,57.21,55.85,56.49,1121900,56.49
"2014-01-24",56.11,56.18,54.7,54.71,1651100,54.71
"2014-01-27",54.77,54.96,53.64,54.14,1539900,54.14
"2014-01-28",53.97,55.04,53.92,54.9,1067400,54.9
"2014-01-29",54.36,55.37,53.88,54.05,1616000,54.05
"2014-01-30",54.36,56.49,54.2,56.27,1720400,56.27
"2014-01-31",55.5,56.98,55.24,56.89,1839000,56.89
"2014-02-03",56.75,57.35,55.44,55.66,3445900,55.66
"2014-02-04",55.8,56.79,54.83,56.6,3492200,56.6
"2014-02-05",56.25,56.48,51.65,53.21,7120400,53.21
"2014-02-06",53.14,53.89,52.95,53.6,2336500,53.6
"2014-02-07",54.08,55.8,53.84,55.46,2185900,55.46
"2014-02-10",55.31,56.4,54.91,56.1,2105200,56.1
"2014-02-11",55.91,57.97,55.88,57.48,2624900,57.48
"2014-02-12",57.73,58.14,57.36,57.95,1630700,57.95
"2014-02-13",57.62,59.46,57.41,59.28,2531000,59.28
"2014-02-14",59.38,60.28,58.92,60.18,1839200,60.18
"2014-02-18",60.66,61.43,60.36,60.74,1838200,60.74
"2014-02-19",60.44,60.98,59.7,59.89,1975100,59.89
"2014-02-20",59.91,60.95,59.48,60.68,1749600,60.68
"2014-02-21",60.64,62.25,60.63,62.08,2256200,62.08
"2014-02-24",62.43,63.07,62.24,62.45,1831400,62.45
"2014-02-25",62.56,62.66,61.87,62.16,1301100,62.16
"2014-02-26",62.18,62.89,61.82,62.18,1078700,62.18
"2014-02-27",61.96,62.31,61.03,61.21,2017900,61.21
"2014-02-28",61.42,62.05,60.67,61.37,1718200,61.37
"2014-03-03",60.59,61.03,60.08,60.7,1248700,60.7
"2014-03-04",61.45,62.17,61.01,61.86,1406200,61.86
"2014-03-05",61.94,61.94,61,61.17,1567400,61.17
"2014-03-06",61.33,61.67,60.58,60.67,1277700,60.67
"2014-03-07",60.5,61.23,60.16,60.37,1628500,60.37
"2014-03-10",60.43,61.25,60.03,60.7,1299000,60.7
"2014-03-11",60.79,60.86,59.72,59.94,1022500,59.94
"2014-03-12",59.54,60.18,59.27,59.86,1364200,59.86
"2014-03-13",60.14,60.14,58.37,58.87,1405300,58.87
"2014-03-14",59.28,59.84,58.91,59.27,1258600,59.27
"2014-03-17",59.5,60.39,59.48,59.52,1097200,59.52
