"","CNP.Open","CNP.High","CNP.Low","CNP.Close","CNP.Volume","CNP.Adjusted"
"2007-01-03",16.63,17.25,16.62,17.05,5540800,12.21
"2007-01-04",17.04,17.38,17,17.08,3936500,12.23
"2007-01-05",17.13,17.47,16.67,16.79,6084900,12.03
"2007-01-08",16.74,16.91,16.54,16.63,3849100,11.91
"2007-01-09",16.65,16.77,16.54,16.7,2815400,11.96
"2007-01-10",16.7,16.89,16.66,16.79,1676800,12.03
"2007-01-11",16.82,17.03,16.7,16.87,1644300,12.08
"2007-01-12",16.88,17.34,16.79,16.84,1962000,12.06
"2007-01-16",16.89,16.97,16.84,16.9,1455100,12.11
"2007-01-17",16.69,16.75,16.54,16.71,2397400,11.97
"2007-01-18",16.72,16.73,16.5,16.51,2830400,11.83
"2007-01-19",16.48,16.73,16.4,16.72,2131100,11.98
"2007-01-22",16.75,16.89,16.64,16.85,3568000,12.07
"2007-01-23",16.85,17.02,16.78,17.01,3543700,12.18
"2007-01-24",17.09,17.41,17.02,17.31,5937100,12.4
"2007-01-25",17.2,17.42,17.15,17.41,6313000,12.47
"2007-01-26",17.41,17.54,17.35,17.49,4076700,12.53
"2007-01-29",17.48,17.49,17.22,17.43,4253300,12.49
"2007-01-30",17.43,17.48,17.24,17.47,3283400,12.51
"2007-01-31",17.47,17.47,17.26,17.26,4676700,12.36
"2007-02-01",17.28,17.5,17.25,17.5,2748800,12.54
"2007-02-02",17.54,17.55,17.44,17.5,2056500,12.54
"2007-02-05",17.5,17.79,17.48,17.77,2758700,12.73
"2007-02-06",18,18.31,17.56,18,3146800,12.89
"2007-02-07",18,18,17.76,17.8,2582600,12.75
"2007-02-08",17.81,18.08,17.55,18.06,7582600,12.94
"2007-02-09",18.03,18.1,17.85,17.95,2630000,12.86
"2007-02-12",17.97,18.04,17.9,17.94,2007600,12.85
"2007-02-13",17.92,18.2,17.88,18.19,1970400,13.03
"2007-02-14",18.1,18.24,18,18.17,2244900,13.14
"2007-02-15",18.2,18.24,18.12,18.18,1342600,13.15
"2007-02-16",18.12,18.18,17.86,18.16,999000,13.13
"2007-02-20",18.11,18.33,18.06,18.28,1468400,13.22
"2007-02-21",18.28,18.3,18.09,18.25,1837800,13.2
"2007-02-22",18.26,18.36,18.18,18.24,1900900,13.19
"2007-02-23",18.29,18.29,18.16,18.23,1642300,13.18
"2007-02-26",18.38,18.95,18.32,18.37,3675400,13.28
"2007-02-27",18.38,18.43,17.64,17.85,3216800,12.91
"2007-02-28",17.49,18.04,17.49,17.83,2928100,12.89
"2007-03-01",17.6,17.99,16.52,17.87,3005200,12.92
"2007-03-02",17.15,17.63,17.03,17.5,2843100,12.65
"2007-03-05",17.4,17.4,17.07,17.09,2765300,12.36
"2007-03-06",17.09,17.5,17.05,17.41,4467000,12.59
"2007-03-07",17.35,17.71,17.25,17.53,3368100,12.68
"2007-03-08",17.65,17.71,17.5,17.54,2725400,12.68
"2007-03-09",17.57,17.7,17.43,17.63,2227400,12.75
"2007-03-12",17.69,17.74,17.39,17.62,3051500,12.74
"2007-03-13",17.57,17.8,17.4,17.4,2131600,12.58
"2007-03-14",17.45,17.58,17,17.44,3565400,12.61
"2007-03-15",17.4,17.64,17.15,17.56,2488100,12.7
"2007-03-16",17.58,17.65,17.4,17.46,3396300,12.62
"2007-03-19",17.47,17.72,17.46,17.68,2375500,12.78
"2007-03-20",17.69,17.85,17.58,17.83,1833200,12.89
"2007-03-21",17.85,18.16,17.74,18.12,3747300,13.1
"2007-03-22",18.13,18.17,17.94,17.98,2645400,13
"2007-03-23",18.02,18.21,17.91,18.2,2675700,13.16
"2007-03-26",18.06,18.19,17.89,18.18,2406200,13.15
"2007-03-27",18.11,18.24,17.97,18.15,1873600,13.12
"2007-03-28",18.15,18.22,17.93,17.98,2199900,13
"2007-03-29",18.02,18.12,17.96,18.1,1599800,13.09
"2007-03-30",18.1,18.2,17.7,17.94,2138600,12.97
"2007-04-02",17.93,18.45,17.87,18.42,2729300,13.32
"2007-04-03",18.49,18.5,18.33,18.38,2833300,13.29
"2007-04-04",18.43,18.45,18.32,18.45,1457200,13.34
"2007-04-05",18.54,18.54,18.42,18.49,2674700,13.37
"2007-04-09",18.5,18.61,18.47,18.53,1409000,13.4
"2007-04-10",18.56,18.69,18.46,18.64,2746200,13.48
"2007-04-11",18.67,18.73,18.49,18.63,2827100,13.47
"2007-04-12",18.64,18.7,18.37,18.47,1598700,13.35
"2007-04-13",18.49,18.56,18.27,18.27,2298500,13.21
"2007-04-16",18.35,18.59,18.33,18.48,5352700,13.36
"2007-04-17",18.48,18.76,18.36,18.75,2207100,13.56
"2007-04-18",18.27,19.01,18.27,18.93,2516800,13.69
"2007-04-19",18.45,19.4,18.35,18.68,1141100,13.51
"2007-04-20",18.87,18.95,18.73,18.86,3695700,13.64
"2007-04-23",18.83,19.16,18.8,18.89,2033600,13.66
"2007-04-24",18.91,18.99,18.76,18.93,1999200,13.69
"2007-04-25",19,19.3,19,19.15,1768900,13.85
"2007-04-26",19.14,19.21,18.87,18.94,1357900,13.69
"2007-04-27",18.94,19.11,18.83,19.06,1643900,13.78
"2007-04-30",19.11,19.14,18.78,18.83,2907000,13.62
"2007-05-01",18.89,19.38,18.77,19.34,5412600,13.98
"2007-05-02",19.34,19.42,19.18,19.36,1847200,14
"2007-05-03",19.06,19.71,19.06,19.61,2767200,14.18
"2007-05-04",19.94,19.95,19.46,19.57,2287100,14.15
"2007-05-07",19.6,19.73,19.4,19.53,2397000,14.12
"2007-05-08",19.7,20,19.5,19.87,3664600,14.37
"2007-05-09",19.91,20.2,19.73,20.02,2327000,14.48
"2007-05-10",19.97,20,19.68,19.75,1844200,14.28
"2007-05-11",19.75,19.92,19.65,19.87,1462700,14.37
"2007-05-14",19.68,19.8,19.53,19.64,1437200,14.32
"2007-05-15",19.68,19.84,19.55,19.61,2109100,14.3
"2007-05-16",19.62,19.75,19.46,19.51,1794000,14.23
"2007-05-17",19.59,19.6,19.47,19.53,1424900,14.24
"2007-05-18",19.57,19.62,19.48,19.56,1258400,14.27
"2007-05-21",19.25,19.69,19.08,19.56,1543900,14.27
"2007-05-22",19.6,19.75,19.47,19.48,1530100,14.21
"2007-05-23",19.54,19.64,19.17,19.24,1592800,14.03
"2007-05-24",19.25,19.34,18.72,18.76,3160000,13.68
"2007-05-25",18.73,18.91,18.49,18.71,2514000,13.65
"2007-05-29",18.8,19.09,18.8,18.98,2314100,13.84
"2007-05-30",19.11,19.11,18.8,19.07,2001200,13.91
"2007-05-31",19.15,19.15,18.89,18.93,2648700,13.81
"2007-06-01",18.98,19.03,18.66,18.71,2883800,13.65
"2007-06-04",18.71,18.76,18.5,18.67,2173900,13.62
"2007-06-05",18.33,18.7,18.29,18.32,1764000,13.36
"2007-06-06",18.28,18.28,17.92,17.97,2014600,13.11
"2007-06-07",17.95,17.95,17.21,17.43,4482100,12.71
"2007-06-08",17.43,17.63,17.28,17.56,2266200,12.81
"2007-06-11",17.57,17.97,17.54,17.79,2230200,12.97
"2007-06-12",17.64,17.72,17.45,17.5,3233500,12.76
"2007-06-13",17.55,17.9,17.53,17.89,3651600,13.05
"2007-06-14",17.9,18.03,17.8,17.94,2552200,13.08
"2007-06-15",18.05,18.21,17.97,18.06,1932600,13.17
"2007-06-18",18.09,18.1,17.83,17.85,1692100,13.02
"2007-06-19",17.87,17.96,17.71,17.91,1645800,13.06
"2007-06-20",18.02,18.09,17.29,17.31,2605200,12.62
"2007-06-21",17.32,17.48,17.03,17.31,2730100,12.62
"2007-06-22",17.3,17.35,16.88,16.9,5540600,12.33
"2007-06-25",16.92,17.18,16.84,16.92,3010400,12.34
"2007-06-26",17.1,17.34,16.88,16.92,3519500,12.34
"2007-06-27",16.76,17.32,16.74,17.28,3535400,12.6
"2007-06-28",17.28,17.61,17.1,17.31,4205400,12.62
"2007-06-29",17.42,17.58,17.26,17.4,2831100,12.69
"2007-07-02",17.53,17.74,17.36,17.61,2952400,12.84
"2007-07-03",17.9,17.95,17.54,17.71,1332100,12.92
"2007-07-05",17.49,17.85,17.4,17.66,2341700,12.88
"2007-07-06",17.75,17.82,17.48,17.78,3135400,12.97
"2007-07-09",17.82,17.89,17.6,17.64,3057200,12.86
"2007-07-10",17.55,17.68,17.33,17.35,2677800,12.65
"2007-07-11",17.34,17.48,17.23,17.31,2485300,12.62
"2007-07-12",17.35,17.53,17.31,17.51,2690500,12.77
"2007-07-13",17.52,17.89,17.45,17.88,1877900,13.04
"2007-07-16",17.88,17.93,17.38,17.46,2414100,12.73
"2007-07-17",17.37,17.4,17,17.11,2557200,12.48
"2007-07-18",17.08,17.24,16.97,17.11,3007800,12.48
"2007-07-19",17.24,17.57,17.21,17.56,2402600,12.81
"2007-07-20",17.54,17.6,17.19,17.23,2489800,12.57
"2007-07-23",17.34,17.47,17.09,17.18,2538700,12.53
"2007-07-24",17.27,17.53,16.97,16.98,3633900,12.38
"2007-07-25",17.14,17.15,16.78,17.04,3070200,12.43
"2007-07-26",16.92,17.05,16.41,16.77,7327600,12.23
"2007-07-27",16.71,16.85,16.46,16.46,3978500,12
"2007-07-30",16.43,16.77,16.26,16.64,2885300,12.14
"2007-07-31",16.77,16.92,16.46,16.48,2469300,12.02
"2007-08-01",16.85,17.76,16.62,17.07,2751400,12.45
"2007-08-02",16.3,17.12,16,16.8,3413400,12.25
"2007-08-03",16.32,16.94,16.01,16.01,3434800,11.68
"2007-08-06",16.1,16.46,15.55,16.44,3618200,11.99
"2007-08-07",16.3,16.9,16.09,16.78,4434500,12.24
"2007-08-08",16.76,16.94,16.32,16.58,3503600,12.09
"2007-08-09",16.58,16.58,16.01,16.16,4882300,11.79
"2007-08-10",16.07,16.45,15.85,16.17,3420900,11.79
"2007-08-13",16.23,16.45,16.07,16.12,2838600,11.76
"2007-08-14",16,16.13,15.56,15.56,2428800,11.47
"2007-08-15",15.56,15.72,15.13,15.15,3040100,11.17
"2007-08-16",15.07,15.53,14.7,15.48,3732000,11.41
"2007-08-17",16.04,16.4,14.92,15.97,3960500,11.77
"2007-08-20",16.49,16.85,16.46,16.7,2887900,12.31
"2007-08-21",16.68,16.99,16.53,16.8,2418800,12.38
"2007-08-22",16.95,16.99,16.57,16.89,2464600,12.45
"2007-08-23",17.15,17.3,16.89,17.09,2466500,12.6
"2007-08-24",17.03,17.15,16.69,17.04,2342000,12.56
"2007-08-27",16.9,16.96,16.41,16.43,4425400,12.11
"2007-08-28",16.36,16.54,16.12,16.19,2061800,11.93
"2007-08-29",16.16,16.49,16.12,16.49,1695200,12.15
"2007-08-30",16.39,16.54,16.16,16.2,2504700,11.94
"2007-08-31",16.35,16.36,16.04,16.22,3223800,11.96
"2007-09-04",16.17,16.45,16.12,16.33,2239500,12.04
"2007-09-05",16.31,16.31,16.06,16.21,2060000,11.95
"2007-09-06",16.22,16.4,16.09,16.36,1499600,12.06
"2007-09-07",16.17,16.27,15.93,16,2155800,11.79
"2007-09-10",16.14,16.2,15.89,15.98,2316900,11.78
"2007-09-11",16.15,16.23,16.04,16.2,1388600,11.94
"2007-09-12",16.2,16.42,16.1,16.22,1820600,11.96
"2007-09-13",16.28,16.29,16.01,16.07,1203300,11.84
"2007-09-14",16,16.21,15.99,16.14,2142000,11.9
"2007-09-17",16.07,16.16,15.83,16.06,1840000,11.84
"2007-09-18",16.18,16.35,15.87,16.27,3273600,11.99
"2007-09-19",16.32,16.64,16.32,16.59,1873200,12.23
"2007-09-20",16.54,16.7,16.27,16.32,1689200,12.03
"2007-09-21",16.52,16.62,16.32,16.57,2284100,12.21
"2007-09-24",16.57,16.71,16.36,16.45,2898700,12.12
"2007-09-25",16.34,16.51,16.29,16.36,2349100,12.06
"2007-09-26",16.5,16.6,16.35,16.46,2018200,12.13
"2007-09-27",16.41,16.51,16.25,16.32,1248200,12.03
"2007-09-28",16.16,16.35,15.98,16.03,2337800,11.82
"2007-10-01",16.34,16.43,16.16,16.4,2471600,12.09
"2007-10-02",16.35,16.56,16.35,16.47,1646100,12.14
"2007-10-03",16.47,16.48,16.29,16.47,1888900,12.14
"2007-10-04",16.5,16.58,16.31,16.47,1427600,12.14
"2007-10-05",16.59,16.91,16.53,16.87,3023700,12.43
"2007-10-08",17.24,17.47,16.95,17,3247900,12.53
"2007-10-09",17.07,17.19,16.9,17.17,2191400,12.66
"2007-10-10",17.17,17.19,16.86,16.94,1391100,12.49
"2007-10-11",17.07,17.12,16.54,16.79,5233000,12.38
"2007-10-12",16.84,17.07,16.81,16.92,2135200,12.47
"2007-10-15",17.03,17.03,16.57,16.65,2771200,12.27
"2007-10-16",16.62,16.71,16.34,16.44,2383800,12.12
"2007-10-17",16.45,16.61,16.22,16.38,1665900,12.07
"2007-10-18",16.31,16.51,16.29,16.36,1794200,12.06
"2007-10-19",16.37,16.37,15.9,15.97,2707200,11.77
"2007-10-22",15.95,16.18,15.85,16.16,1933900,11.91
"2007-10-23",16.17,16.29,15.85,16.05,2565000,11.83
"2007-10-24",16.06,16.22,15.78,16.04,2422100,11.82
"2007-10-25",16.06,16.32,15.96,16.26,1654200,11.98
"2007-10-26",16.57,16.61,16.24,16.43,1457400,12.11
"2007-10-29",16.51,16.59,16.38,16.44,1316200,12.12
"2007-10-30",16.46,16.7,16.27,16.57,2185600,12.21
"2007-10-31",16.65,16.78,16.51,16.76,2767400,12.35
"2007-11-01",16.72,16.92,16.42,16.67,3065100,12.29
"2007-11-02",17.07,17.13,16.57,17.11,6933100,12.61
"2007-11-05",17.3,17.71,17.1,17.64,5273700,13
"2007-11-06",17.46,18.23,17.46,18.21,4957300,13.42
"2007-11-07",18.26,18.26,17.92,18.06,4251100,13.31
"2007-11-08",18.15,18.55,18,18.51,5106100,13.64
"2007-11-09",18.25,18.63,18.22,18.22,5105300,13.43
"2007-11-12",18.1,18.42,17.67,17.67,4361700,13.02
"2007-11-13",17.78,17.95,17.42,17.92,3951000,13.21
"2007-11-14",17.99,18.05,17.82,17.83,4903800,13.27
"2007-11-15",17.72,17.9,17.65,17.84,3395200,13.28
"2007-11-16",17.96,17.96,17.5,17.66,3687300,13.14
"2007-11-19",17.58,17.78,17.47,17.57,2852500,13.07
"2007-11-20",17.62,17.81,17.5,17.78,1964400,13.23
"2007-11-21",17.65,17.87,17.45,17.46,2416900,12.99
"2007-11-23",17.66,17.66,17.33,17.49,975300,13.01
"2007-11-26",17.5,17.7,17.4,17.44,2682000,12.98
"2007-11-27",17.5,17.57,17.15,17.4,2687800,12.95
"2007-11-28",17.5,17.63,17.33,17.63,1690000,13.12
"2007-11-29",17.55,17.65,17.38,17.6,2498000,13.1
"2007-11-30",17.78,17.85,17.57,17.85,2750200,13.28
"2007-12-03",17.71,17.99,17.71,17.94,1797800,13.35
"2007-12-04",17.8,18.07,17.8,18.07,1877200,13.45
"2007-12-05",18,18.3,18,18.27,2079800,13.6
"2007-12-06",18.19,18.24,17.85,18.08,2657700,13.45
"2007-12-07",18.04,18.16,17.88,18.16,2298600,13.51
"2007-12-10",18.16,18.29,18.14,18.25,1306000,13.58
"2007-12-11",18.24,18.35,17.88,18.02,2525700,13.41
"2007-12-12",18.45,18.45,17.82,18,3244100,13.39
"2007-12-13",17.88,18.4,17.86,18.37,3581800,13.67
"2007-12-14",18.24,18.35,18.15,18.33,3230500,13.64
"2007-12-17",18.28,18.31,17.91,18.16,1969400,13.51
"2007-12-18",18.25,18.38,18.03,18.2,2889400,13.54
"2007-12-19",18.31,18.31,17.92,18.1,2944300,13.47
"2007-12-20",18.11,18.2,16.75,17.34,7280000,12.9
"2007-12-21",17.51,17.85,17.09,17.38,4268100,12.93
"2007-12-24",17.53,17.7,17.32,17.65,1399000,13.13
"2007-12-26",17.55,17.63,17.44,17.6,1006700,13.1
"2007-12-27",17.61,17.65,17.41,17.52,1554800,13.04
"2007-12-28",17.54,17.59,17.39,17.47,960000,13
"2007-12-31",17.45,17.45,17.09,17.13,1338700,12.75
"2008-01-02",17.1,17.35,16.8,16.87,2176200,12.55
"2008-01-03",16.89,17,16.62,16.68,2657800,12.41
"2008-01-04",16.67,16.69,16.46,16.52,3254100,12.29
"2008-01-07",16.59,16.72,16.4,16.62,2884600,12.37
"2008-01-08",16.64,17.01,16.6,16.73,2562600,12.45
"2008-01-09",16.78,16.98,16.69,16.98,2465800,12.64
"2008-01-10",16.93,17.08,16.76,16.97,2556400,12.63
"2008-01-11",16.79,17.08,16.76,16.82,1488800,12.52
"2008-01-14",16.98,16.98,16.72,16.75,1912500,12.46
"2008-01-15",16.58,16.79,16.43,16.43,2442900,12.23
"2008-01-16",16.43,16.7,16.36,16.55,2940900,12.32
"2008-01-17",16.42,16.5,15.98,16.01,3440000,11.91
"2008-01-18",16.01,16.27,15.73,15.88,3477600,11.82
"2008-01-22",14.9,15.71,14.57,15.46,4071200,11.5
"2008-01-23",14.95,15.86,14.93,15.83,3799100,11.78
"2008-01-24",15.88,15.95,15.33,15.41,2512200,11.47
"2008-01-25",15.58,15.62,15.2,15.33,3922100,11.41
"2008-01-28",15.37,15.94,15.36,15.8,3134200,11.76
"2008-01-29",15.92,15.94,15.61,15.75,2409100,11.72
"2008-01-30",15.76,16.1,15.68,15.77,2440600,11.73
"2008-01-31",15.6,16.12,15.52,15.99,2443900,11.9
"2008-02-01",15.95,16.15,15.89,16.15,2857100,12.02
"2008-02-04",16.14,16.47,16.06,16.34,2167000,12.16
"2008-02-05",16.15,16.25,15.78,15.89,1986100,11.82
"2008-02-06",15.99,16.07,15.77,15.85,1263500,11.79
"2008-02-07",15.73,15.87,15.57,15.76,1833700,11.73
"2008-02-08",15.62,15.76,15.51,15.58,1580900,11.59
"2008-02-11",15.61,15.61,15.34,15.47,1605400,11.51
"2008-02-12",15.58,15.74,15.46,15.68,1827600,11.67
"2008-02-13",15.76,15.76,15.41,15.49,1585000,11.66
"2008-02-14",15.5,15.69,15.23,15.28,1736600,11.5
"2008-02-15",15.25,15.33,15.13,15.3,1796300,11.52
"2008-02-19",15.46,15.56,15.36,15.45,2119800,11.63
"2008-02-20",15.42,15.53,15.27,15.53,2236000,11.69
"2008-02-21",15.61,15.61,15.12,15.18,2042500,11.43
"2008-02-22",15.17,15.35,15.05,15.34,1687500,11.55
"2008-02-25",15.38,15.45,15.2,15.39,1922200,11.59
"2008-02-26",15.4,15.46,15.21,15.33,2853900,11.54
"2008-02-27",15.32,15.36,15.08,15.24,2836800,11.47
"2008-02-28",15.3,15.49,15.13,15.27,2560800,11.5
"2008-02-29",15.26,15.26,14.59,14.68,3574800,11.05
"2008-03-03",14.62,14.85,14.27,14.51,4965300,10.92
"2008-03-04",14.36,14.68,14.36,14.58,5172100,10.98
"2008-03-05",14.64,14.71,14.3,14.5,2475600,10.92
"2008-03-06",14.4,14.6,14.08,14.26,3856800,10.74
"2008-03-07",14.25,14.28,14.05,14.2,4413700,10.69
"2008-03-10",14.24,14.33,14.1,14.28,4173900,10.75
"2008-03-11",14.59,14.59,14.35,14.56,3180900,10.96
"2008-03-12",14.55,14.62,14.19,14.2,4607300,10.69
"2008-03-13",14.06,14.11,13.89,14,7071700,10.54
"2008-03-14",14.07,14.07,13.7,13.91,11047400,10.47
"2008-03-17",13.89,13.92,13.51,13.84,5050700,10.42
"2008-03-18",14,14.19,13.88,14.17,2988700,10.67
"2008-03-19",14.3,14.4,13.95,13.96,4683500,10.51
"2008-03-20",14.05,14.25,13.89,14.16,5619100,10.66
"2008-03-24",14.2,14.23,13.88,13.91,6169600,10.47
"2008-03-25",13.86,14.34,13.86,14.24,5104000,10.72
"2008-03-26",14.19,14.44,14.13,14.22,3167400,10.71
"2008-03-27",14.22,14.46,14.16,14.19,3689900,10.68
"2008-03-28",14.31,14.34,14.02,14.05,2789100,10.58
"2008-03-31",14.02,14.29,13.91,14.27,2487900,10.74
"2008-04-01",14.2,14.68,14.2,14.66,3012700,11.04
"2008-04-02",14.75,15.07,14.71,15.04,2874800,11.32
"2008-04-03",14.91,14.99,14.73,14.82,3773500,11.16
"2008-04-04",14.82,15.2,14.81,14.94,2804600,11.25
"2008-04-07",15.07,15.26,14.87,15.14,2560100,11.4
"2008-04-08",15.06,15.26,15.03,15.15,1708800,11.41
"2008-04-09",15.12,15.31,15.1,15.15,1951400,11.41
"2008-04-10",15.13,15.22,14.99,15.03,2702800,11.32
"2008-04-11",14.96,15.27,14.92,15.09,2523700,11.36
"2008-04-14",15.12,15.23,15.05,15.14,1966300,11.4
"2008-04-15",15.26,15.35,15.17,15.26,2893200,11.49
"2008-04-16",15.28,15.5,15.23,15.45,3027500,11.63
"2008-04-17",15.44,15.58,15.4,15.47,2222700,11.65
"2008-04-18",15.73,15.78,15.62,15.69,2627100,11.81
"2008-04-21",15.7,15.71,15.36,15.49,2033200,11.66
"2008-04-22",15.45,15.5,15.31,15.41,1877400,11.6
"2008-04-23",15.5,15.53,15.33,15.47,2685900,11.65
"2008-04-24",15.46,15.63,15.32,15.44,2109000,11.63
"2008-04-25",15.54,15.66,15.47,15.57,1819300,11.72
"2008-04-28",15.57,16.05,15.49,15.69,2227800,11.81
"2008-04-29",15.73,15.79,15.59,15.62,2015400,11.76
"2008-04-30",15.67,15.67,15.12,15.22,3661800,11.46
"2008-05-01",15.88,15.88,15.31,15.55,3852600,11.71
"2008-05-02",15.7,15.84,15.58,15.72,2700700,11.84
"2008-05-05",15.63,15.7,15.43,15.54,1884700,11.7
"2008-05-06",15.59,15.59,15.26,15.44,2130300,11.63
"2008-05-07",15.42,15.5,15.13,15.16,2493800,11.41
"2008-05-08",15.23,15.46,15.16,15.39,2192200,11.59
"2008-05-09",15.35,15.35,15.16,15.23,1690100,11.47
"2008-05-12",15.35,15.53,15.17,15.5,1978900,11.67
"2008-05-13",15.44,15.68,15.35,15.63,2929600,11.77
"2008-05-14",15.61,15.88,15.3,15.78,5423100,12.02
"2008-05-15",15.82,15.82,15.6,15.71,1906700,11.97
"2008-05-16",15.68,15.95,15.61,15.85,2253100,12.08
"2008-05-19",15.89,15.95,15.81,15.87,2072200,12.09
"2008-05-20",15.82,16.13,15.78,16.03,4143300,12.21
"2008-05-21",16.08,16.08,15.86,15.98,4893800,12.17
"2008-05-22",16.03,16.36,15.91,16.31,4329100,12.43
"2008-05-23",16.26,16.33,15.99,16.33,5469800,12.44
"2008-05-27",16.24,16.74,16.24,16.72,4879900,12.74
"2008-05-28",16.75,16.88,16.57,16.88,6013800,12.86
"2008-05-29",16.81,17.25,16.73,17.16,7150000,13.07
"2008-05-30",17.25,17.25,16.79,16.94,6958500,12.91
"2008-06-02",16.84,17,16.65,16.87,5397500,12.85
"2008-06-03",16.96,16.96,16.46,16.7,5314000,12.72
"2008-06-04",16.62,17.25,16.62,16.97,4299100,12.93
"2008-06-05",17,17.26,16.88,17.1,3509500,13.03
"2008-06-06",16.99,17.09,16.61,16.64,2964700,12.68
"2008-06-09",16.68,16.95,16.66,16.91,2110100,12.88
"2008-06-10",16.9,16.91,16.65,16.83,2515600,12.82
"2008-06-11",16.81,16.87,16.53,16.53,3771700,12.59
"2008-06-12",16.58,16.58,16.37,16.45,2999600,12.53
"2008-06-13",16.52,16.72,16.37,16.56,1950400,12.62
"2008-06-16",16.56,16.6,16.22,16.56,2160900,12.62
"2008-06-17",16.66,16.66,16.45,16.52,2033500,12.59
"2008-06-18",16.48,16.6,16.3,16.49,3224200,12.56
"2008-06-19",16.5,16.56,16.4,16.52,2795400,12.59
"2008-06-20",16.4,16.59,16.14,16.15,3441800,12.3
"2008-06-23",16.25,16.44,16.17,16.21,2787200,12.35
"2008-06-24",16.18,16.23,15.96,16.03,3093200,12.21
"2008-06-25",16.14,16.26,15.97,16.21,2551500,12.35
"2008-06-26",16,16.13,15.81,15.89,2983700,12.11
"2008-06-27",15.88,16.1,15.5,15.54,4064700,11.84
"2008-06-30",15.53,16.18,15.45,16.05,5070700,12.23
"2008-07-01",15.8,16.17,15.74,16.03,5542900,12.21
"2008-07-02",16.15,16.27,16,16.01,2699700,12.2
"2008-07-03",16.13,16.22,15.84,15.9,1365300,12.11
"2008-07-07",15.87,16.03,15.62,15.81,3210000,12.04
"2008-07-08",15.72,15.98,15.54,15.83,3862000,12.06
"2008-07-09",15.81,16.13,15.7,16,2887800,12.19
"2008-07-10",16.03,16.18,15.95,16.08,3317700,12.25
"2008-07-11",15.87,16.19,15.79,15.94,3019500,12.14
"2008-07-14",15.97,16.14,15.7,15.71,2318800,11.97
"2008-07-15",15.62,15.73,15.41,15.56,2802300,11.85
"2008-07-16",15.55,15.68,15.31,15.42,2837100,11.75
"2008-07-17",15.47,15.49,15.21,15.37,2586100,11.71
"2008-07-18",15.35,15.62,15.09,15.34,3176900,11.69
"2008-07-21",15.35,15.63,15.27,15.63,2324000,11.91
"2008-07-22",15.61,15.75,15.48,15.65,1981500,11.92
"2008-07-23",15.64,15.7,15.32,15.43,1708800,11.76
"2008-07-24",15.54,15.54,15.2,15.26,2207700,11.63
"2008-07-25",15.71,15.71,15.1,15.19,1698400,11.57
"2008-07-28",15.18,15.29,15.04,15.15,1439900,11.54
"2008-07-29",15.09,15.26,15.05,15.16,2506300,11.55
"2008-07-30",15.22,15.64,15.14,15.6,1831000,11.88
"2008-07-31",15.62,15.78,15.47,15.77,1970700,12.01
"2008-08-01",15.79,15.79,15.32,15.32,1997600,11.67
"2008-08-04",15.39,15.41,15.17,15.21,1703500,11.59
"2008-08-05",15.21,15.59,15.14,15.51,3494000,11.82
"2008-08-06",15.99,16.64,15.78,16.03,4962300,12.21
"2008-08-07",16.05,16.22,15.79,15.83,2885800,12.06
"2008-08-08",15.95,16.28,15.78,16.25,2801900,12.38
"2008-08-11",16.19,16.59,16.06,16.59,1624300,12.64
"2008-08-12",16.47,16.53,16.01,16.15,2400500,12.3
"2008-08-13",16.03,16.09,15.91,15.97,2128600,12.31
"2008-08-14",15.81,15.95,15.67,15.94,2218300,12.28
"2008-08-15",15.98,16.15,15.8,15.84,3663200,12.21
"2008-08-18",15.9,15.98,15.59,15.72,2276300,12.11
"2008-08-19",15.7,15.91,15.57,15.89,1923500,12.24
"2008-08-20",15.9,15.97,15.77,15.86,2306900,12.22
"2008-08-21",15.77,16.04,15.75,16,2219100,12.33
"2008-08-22",16.06,16.13,15.95,16.08,1636100,12.39
"2008-08-25",16.05,16.11,15.96,15.99,3018900,12.32
"2008-08-26",15.96,16.19,15.94,16.15,2262300,12.44
"2008-08-27",16.09,16.14,15.8,15.84,3270200,12.21
"2008-08-28",15.9,16.14,15.8,16.14,2371200,12.44
"2008-08-29",16.05,16.1,15.85,15.88,1521000,12.24
"2008-09-02",15.95,16.12,15.64,15.69,3289700,12.09
"2008-09-03",15.68,15.76,15.52,15.68,2786600,12.08
"2008-09-04",15.62,15.75,15.57,15.69,3118500,12.09
"2008-09-05",15.67,15.75,15.41,15.75,3183300,12.14
"2008-09-08",15.84,16.08,15.8,16.03,2837700,12.35
"2008-09-09",16.01,16.15,15.27,15.3,4426900,11.79
"2008-09-10",15.37,15.7,15.27,15.63,3004100,12.04
"2008-09-11",15.57,15.57,15.02,15.29,3713700,11.78
"2008-09-12",15.23,15.56,15.2,15.45,3433800,11.91
"2008-09-15",15.13,15.41,14.96,14.97,3402100,11.54
"2008-09-16",14.67,14.93,14.13,14.87,4746100,11.46
"2008-09-17",14.66,14.82,14.09,14.13,4601400,10.89
"2008-09-18",14.25,14.6,13.83,13.98,6019300,10.77
"2008-09-19",14.44,15.2,13.72,14.83,6250400,11.43
"2008-09-22",14.87,14.96,14.62,14.67,2352600,11.3
"2008-09-23",14.73,14.84,14.16,14.24,3515500,10.97
"2008-09-24",14.31,14.6,14,14.53,3149700,11.2
"2008-09-25",14.61,14.93,14.46,14.83,3160500,11.43
"2008-09-26",14.83,14.92,14.53,14.81,2699500,11.41
"2008-09-29",14.66,14.75,14.12,14.22,4105000,10.96
"2008-09-30",14.49,14.57,14.22,14.57,3661400,11.23
"2008-10-01",14.45,14.51,14.12,14.4,3930700,11.1
"2008-10-02",14.27,14.4,13.8,13.99,3676300,10.78
"2008-10-03",14.15,14.29,13.5,13.6,3329100,10.48
"2008-10-06",13.34,13.82,12.14,12.73,5497100,9.81
"2008-10-07",12.84,13.01,11.68,11.73,7613500,9.04
"2008-10-08",11.54,11.83,11.22,11.41,8154600,8.79
"2008-10-09",11.37,11.44,10.13,10.13,7619600,7.81
"2008-10-10",8.48,10.03,8.48,9.08,10917900,7
"2008-10-13",9.5,10.29,9.25,10.29,5577800,7.93
"2008-10-14",10.61,10.86,10.14,10.8,7245800,8.32
"2008-10-15",10.65,10.97,9.5,9.54,6024800,7.35
"2008-10-16",9.57,10.33,9.23,10.27,8193400,7.91
"2008-10-17",10.08,10.94,9.71,10.2,6522600,7.86
"2008-10-20",10.41,11.11,10.06,11.11,5110500,8.56
"2008-10-21",11.05,11.38,10.64,11.06,4796000,8.52
"2008-10-22",10.79,10.93,10.05,10.44,5100600,8.04
"2008-10-23",10.5,10.96,10.05,10.78,6654100,8.31
"2008-10-24",10.09,10.72,9.76,10.51,6152700,8.1
"2008-10-27",10.36,10.69,10.02,10.13,4955100,7.81
"2008-10-28",10.39,11.4,10.04,11.4,4912600,8.78
"2008-10-29",11.34,11.68,11.08,11.17,5533400,8.61
"2008-10-30",11.5,11.74,11.09,11.7,4358400,9.02
"2008-10-31",11.61,11.91,11.34,11.52,5116300,8.88
"2008-11-03",11.75,11.99,11.38,11.79,3817900,9.08
"2008-11-04",11.99,12.13,11.47,11.67,4097600,8.99
"2008-11-05",12.48,12.61,11.82,12.12,5171200,9.34
"2008-11-06",12.11,12.22,11.31,11.45,4295000,8.82
"2008-11-07",11.63,12.18,11.46,12.16,3858100,9.37
"2008-11-10",12.39,12.4,11.52,11.81,2954500,9.1
"2008-11-11",11.67,12.34,11.55,12.03,4099400,9.27
"2008-11-12",11.77,11.89,11.34,11.46,3499900,8.97
"2008-11-13",11.57,12.13,10.94,12.13,6075100,9.49
"2008-11-14",11.93,12.48,11.52,11.85,4112200,9.27
"2008-11-17",11.72,12.04,11.46,11.62,4421400,9.09
"2008-11-18",11.58,12.07,11.48,11.98,5772500,9.37
"2008-11-19",11.92,12.33,11.52,11.52,4909200,9.01
"2008-11-20",11.36,11.92,11.05,11.19,7275000,8.76
"2008-11-21",11.3,12.03,10.98,11.99,7718600,9.38
"2008-11-24",12.21,12.6,11.79,12.33,5286000,9.65
"2008-11-25",11.75,12.92,11.75,12.5,5754300,9.78
"2008-11-26",11.53,12.51,11.25,12.47,5029800,9.76
"2008-11-28",12.65,12.95,12.46,12.93,1377800,10.12
"2008-12-01",12.62,12.71,12.1,12.19,5388700,9.54
"2008-12-02",12.25,12.43,11.94,12.37,5048100,9.68
"2008-12-03",12.15,12.94,12.15,12.85,4984300,10.05
"2008-12-04",12.66,13.19,12.23,12.53,8300600,9.8
"2008-12-05",12.39,12.86,11.97,12.8,5089800,10.02
"2008-12-08",13.06,13.26,12.5,12.87,5113400,10.07
"2008-12-09",12.74,13.02,12.51,12.59,3913400,9.85
"2008-12-10",12.78,12.9,12.5,12.71,3834200,9.95
"2008-12-11",12.59,12.96,12.42,12.55,3185000,9.82
"2008-12-12",12.25,12.74,12.13,12.72,4341100,9.95
"2008-12-15",12.75,12.84,12.11,12.33,3181100,9.65
"2008-12-16",12.5,12.75,12.38,12.71,5465900,9.95
"2008-12-17",12.66,12.75,12.45,12.51,4653200,9.79
"2008-12-18",12.58,12.64,12.17,12.27,6054300,9.6
"2008-12-19",12.34,12.72,12.23,12.42,6684300,9.72
"2008-12-22",12.53,12.58,12.1,12.34,2883100,9.66
"2008-12-23",12.43,12.44,11.93,12.03,2724700,9.41
"2008-12-24",12.05,12.08,11.9,12.07,899700,9.44
"2008-12-26",12.12,12.15,11.98,12.1,1051600,9.47
"2008-12-29",12,12.12,11.94,12.11,2605500,9.48
"2008-12-30",12.2,12.45,12.2,12.38,2375200,9.69
"2008-12-31",12.37,12.67,12.21,12.62,2909100,9.87
"2009-01-02",12.76,12.93,12.51,12.85,2395400,10.05
"2009-01-05",12.83,13.23,12.64,13.14,3931600,10.28
"2009-01-06",13.2,13.34,12.85,12.91,2969500,10.1
"2009-01-07",12.82,12.91,12.66,12.72,3247900,9.95
"2009-01-08",12.72,13.09,12.6,13.06,3813300,10.22
"2009-01-09",13.07,13.22,12.78,12.85,3958700,10.05
"2009-01-12",12.97,12.97,12.66,12.8,3162800,10.02
"2009-01-13",12.77,12.77,12.52,12.64,3562800,9.89
"2009-01-14",12.5,12.61,12.23,12.43,3842600,9.73
"2009-01-15",12.44,12.55,12.2,12.54,4427600,9.81
"2009-01-16",12.8,12.92,12.59,12.74,4103800,9.97
"2009-01-20",12.78,12.9,12.41,12.43,4498800,9.73
"2009-01-21",12.66,12.66,12.32,12.59,4059600,9.85
"2009-01-22",12.51,12.89,12.29,12.75,4604600,9.98
"2009-01-23",12.51,13.04,12.5,12.98,4929600,10.16
"2009-01-26",13.11,13.6,12.97,13.47,5222800,10.54
"2009-01-27",13.5,13.65,13.33,13.6,3267700,10.64
"2009-01-28",13.8,13.8,13.51,13.72,3264300,10.74
"2009-01-29",13.66,13.92,13.45,13.64,3518800,10.67
"2009-01-30",13.77,13.77,13.28,13.38,3603400,10.47
"2009-02-02",13.25,13.88,13.21,13.83,4979900,10.82
"2009-02-03",13.88,14.1,13.73,14,3724800,10.95
"2009-02-04",14.02,14.27,13.82,13.98,4686000,10.94
"2009-02-05",13.91,14.36,13.84,14.3,5221800,11.19
"2009-02-06",13.85,14.44,13.85,14.39,5117400,11.26
"2009-02-09",14.5,14.53,14.03,14.21,2541600,11.12
"2009-02-10",14.06,14.21,13.45,13.52,5199900,10.58
"2009-02-11",13.47,13.52,13.1,13.16,4381900,10.44
"2009-02-12",12.98,13.27,12.86,13.22,4947300,10.49
"2009-02-13",13.1,13.4,13.1,13.13,4029500,10.42
"2009-02-17",12.99,13.02,12.54,12.56,4580600,9.97
"2009-02-18",12.62,12.65,12.19,12.24,7274400,9.71
"2009-02-19",12.32,12.47,12.07,12.19,5901900,9.67
"2009-02-20",12.03,12.15,11.56,11.83,5377100,9.39
"2009-02-23",11.83,12.03,11.59,11.66,6935900,9.25
"2009-02-24",11.77,11.97,11.55,11.88,5491600,9.43
"2009-02-25",11.79,11.79,9.86,10.52,18893700,8.35
"2009-02-26",10.84,11.45,10.52,10.6,7780900,8.41
"2009-02-27",10.55,10.59,10.2,10.32,7741800,8.19
"2009-03-02",10.17,10.28,9.61,9.64,5903300,7.65
"2009-03-03",9.75,10.05,9.12,9.18,5764000,7.29
"2009-03-04",9.37,9.67,9.2,9.52,3475900,7.56
"2009-03-05",9.35,9.46,8.83,8.95,4626300,7.1
"2009-03-06",9.01,9.49,8.66,8.88,4882100,7.05
"2009-03-09",8.78,9.2,8.75,9.06,8693300,7.19
"2009-03-10",9.23,9.43,9.1,9.3,3292200,7.38
"2009-03-11",9.4,9.47,9.11,9.3,6291100,7.38
"2009-03-12",9.31,9.86,9.24,9.74,5535900,7.73
"2009-03-13",9.8,10.24,9.8,10.14,7139600,8.05
"2009-03-16",10.24,10.54,10.1,10.1,6669600,8.02
"2009-03-17",10.18,10.37,9.97,10.21,6015000,8.1
"2009-03-18",10.17,10.55,9.97,10.42,6397300,8.27
"2009-03-19",10.38,10.49,10.29,10.39,3292400,8.25
"2009-03-20",10.55,10.68,10.39,10.47,6034800,8.31
"2009-03-23",10.56,10.79,10.44,10.79,5061100,8.56
"2009-03-24",10.7,10.8,10.41,10.44,3632100,8.29
"2009-03-25",10.53,10.6,10.09,10.29,4348500,8.17
"2009-03-26",10.48,10.48,10.15,10.32,4466500,8.19
"2009-03-27",10.22,10.28,10.13,10.17,2156000,8.07
"2009-03-30",10,10.2,9.92,10.11,5689400,8.02
"2009-03-31",10.28,10.65,10.19,10.43,6128000,8.28
"2009-04-01",10.3,10.34,9.93,10.28,3478200,8.16
"2009-04-02",10.34,10.61,10.28,10.46,3123500,8.3
"2009-04-03",10.46,10.59,10.34,10.56,2574500,8.38
"2009-04-06",10.55,10.71,10.4,10.49,2786300,8.33
"2009-04-07",10.4,10.51,10.27,10.3,2315000,8.17
"2009-04-08",10.31,10.39,10.18,10.26,3630300,8.14
"2009-04-09",10.49,10.52,10.16,10.23,3217700,8.12
"2009-04-13",10.21,10.3,10.1,10.18,2367300,8.08
"2009-04-14",10.1,10.24,10.02,10.12,3875600,8.03
"2009-04-15",10.24,10.28,10.08,10.18,2959700,8.08
"2009-04-16",10.28,10.33,10.18,10.28,3430200,8.16
"2009-04-17",10.32,10.57,10.29,10.52,6189900,8.35
"2009-04-20",10.42,10.48,10.32,10.42,3300400,8.27
"2009-04-21",10.45,10.58,10.35,10.44,2783900,8.29
"2009-04-22",10.36,10.5,10.26,10.31,3169200,8.18
"2009-04-23",10.26,10.34,10.11,10.2,4019700,8.09
"2009-04-24",10.28,10.37,10.12,10.31,2913100,8.18
"2009-04-27",10.16,10.73,10.16,10.67,5659800,8.47
"2009-04-28",10.67,10.85,10.52,10.74,3573800,8.52
"2009-04-29",10.5,10.75,10.32,10.7,4772000,8.49
"2009-04-30",10.77,10.8,10.43,10.64,3817700,8.44
"2009-05-01",10.62,11.01,10.59,11.01,4034600,8.74
"2009-05-04",11.4,11.4,10.87,10.97,3415300,8.71
"2009-05-05",10.94,11.02,10.72,10.77,5324300,8.55
"2009-05-06",10.83,11.05,10.72,10.84,3000200,8.6
"2009-05-07",10.98,10.98,10.79,10.85,2412500,8.61
"2009-05-08",10.94,11.17,10.86,10.93,3195900,8.67
"2009-05-11",10.83,10.96,10.77,10.79,2727400,8.56
"2009-05-12",10.79,10.89,10.61,10.68,2878400,8.48
"2009-05-13",10.41,10.65,10.16,10.19,3640300,8.23
"2009-05-14",10.24,10.32,10.12,10.24,2696800,8.27
"2009-05-15",10.19,10.24,10,10.05,3263800,8.12
"2009-05-18",10.21,10.37,10.06,10.27,3555200,8.3
"2009-05-19",10.31,10.47,10.21,10.32,3238300,8.34
"2009-05-20",10.39,10.42,9.92,9.96,5845600,8.05
"2009-05-21",9.95,9.98,9.8,9.83,2978600,7.94
"2009-05-22",9.82,9.97,9.78,9.85,2005400,7.96
"2009-05-26",9.89,10.07,9.78,10,3555600,8.08
"2009-05-27",10.03,10.06,9.76,9.77,2404500,7.89
"2009-05-28",9.87,10.15,9.83,10.1,2854500,8.16
"2009-05-29",10.15,10.18,9.89,10.12,3403600,8.18
"2009-06-01",10.22,10.4,10.14,10.27,4368600,8.3
"2009-06-02",10.24,10.32,10.13,10.24,6337300,8.27
"2009-06-03",10.23,10.26,9.93,10.05,2904900,8.12
"2009-06-04",10.12,10.12,10,10.02,2292900,8.1
"2009-06-05",10.14,10.14,9.95,9.99,3615600,8.07
"2009-06-08",10.01,10.26,9.99,10.15,4248500,8.2
"2009-06-09",10.19,10.23,10,10.04,4687400,8.11
"2009-06-10",10.13,10.24,10.03,10.18,5853000,8.23
"2009-06-11",10.18,10.67,10.18,10.54,6147100,8.52
"2009-06-12",10.48,10.73,10.42,10.66,3511800,8.61
"2009-06-15",10.55,10.63,10.38,10.46,2500700,8.45
"2009-06-16",10.51,10.59,10.38,10.47,2964000,8.46
"2009-06-17",10.45,10.61,10.41,10.5,4178900,8.48
"2009-06-18",10.52,10.77,10.52,10.73,2276600,8.67
"2009-06-19",10.83,10.95,10.7,10.75,8632000,8.69
"2009-06-22",10.68,11.16,10.68,11.05,7671800,8.93
"2009-06-23",11.06,11.1,10.63,10.69,5234200,8.64
"2009-06-24",10.76,10.86,10.66,10.8,3862100,8.73
"2009-06-25",10.79,11.1,10.7,11.05,3948400,8.93
"2009-06-26",11.05,11.11,10.99,11.06,5386500,8.94
"2009-06-29",11.13,11.24,11.02,11.24,3281500,9.08
"2009-06-30",11.27,11.4,10.96,11.08,4148300,8.95
"2009-07-01",11.02,11.33,10.96,11.2,4057100,9.05
"2009-07-02",11.15,11.18,10.94,10.94,4780300,8.84
"2009-07-06",10.9,11.19,10.9,11.17,3570800,9.03
"2009-07-07",11.08,11.2,10.94,10.94,5634500,8.84
"2009-07-08",11,11.07,10.68,10.8,3581900,8.73
"2009-07-09",10.82,10.86,10.65,10.78,1845400,8.71
"2009-07-10",10.71,10.95,10.66,10.92,5953400,8.82
"2009-07-13",10.94,11.12,10.82,11.11,2580500,8.98
"2009-07-14",11.1,11.21,11.02,11.2,3517100,9.05
"2009-07-15",11.28,11.3,11.07,11.29,3562900,9.12
"2009-07-16",11.24,11.28,10.98,11.2,5107400,9.05
"2009-07-17",11.21,11.25,11,11.19,3687600,9.04
"2009-07-20",11.27,11.43,11.19,11.43,3668300,9.24
"2009-07-21",11.49,11.57,11.31,11.55,6788200,9.33
"2009-07-22",11.56,11.64,11.46,11.51,2114400,9.3
"2009-07-23",11.49,11.8,11.45,11.73,2840200,9.48
"2009-07-24",11.71,11.88,11.65,11.87,2310300,9.59
"2009-07-27",11.83,12,11.79,11.97,1967100,9.67
"2009-07-28",11.92,11.92,11.72,11.84,1565300,9.57
"2009-07-29",11.78,11.87,11.57,11.75,2150300,9.49
"2009-07-30",11.85,12.09,11.8,12.01,3178400,9.7
"2009-07-31",11.97,12.13,11.86,12.05,6549400,9.74
"2009-08-03",12.04,12.2,11.95,12.17,2391000,9.83
"2009-08-04",12.14,12.3,12.01,12.09,5274000,9.77
"2009-08-05",12.07,12.29,11.98,12.07,3036900,9.75
"2009-08-06",12.1,12.21,12.04,12.13,2191400,9.8
"2009-08-07",12.19,12.44,12.17,12.34,2112900,9.97
"2009-08-10",12.32,12.46,12.26,12.44,1861700,10.05
"2009-08-11",12.42,12.62,12.35,12.52,3855300,10.12
"2009-08-12",12.33,12.47,12.25,12.34,3175200,10.12
"2009-08-13",12.41,12.43,12.23,12.4,3522500,10.17
"2009-08-14",12.4,12.5,12.36,12.48,2495600,10.24
"2009-08-17",12.31,12.63,12.27,12.48,3406700,10.24
"2009-08-18",12.48,12.59,12.44,12.54,3756500,10.29
"2009-08-19",12.46,12.65,12.46,12.57,1915500,10.31
"2009-08-20",12.59,12.7,12.49,12.67,2531100,10.4
"2009-08-21",12.68,12.88,12.64,12.8,2783800,10.5
"2009-08-24",12.8,12.88,12.7,12.81,2789700,10.51
"2009-08-25",12.88,12.94,12.76,12.77,1763900,10.48
"2009-08-26",12.78,12.85,12.63,12.83,3322500,10.53
"2009-08-27",12.88,12.89,12.68,12.75,2350600,10.46
"2009-08-28",12.85,12.85,12.39,12.57,4276000,10.31
"2009-08-31",12.57,12.58,12.32,12.4,2666100,10.17
"2009-09-01",12.37,12.5,12.23,12.32,3699900,10.11
"2009-09-02",12.25,12.31,12.14,12.17,2687800,9.98
"2009-09-03",12.19,12.21,11.99,12.12,3318500,9.94
"2009-09-04",12.15,12.18,11.98,12.07,3553700,9.9
"2009-09-08",12.16,12.17,12.02,12.13,2593100,9.95
"2009-09-09",12.16,12.32,12.1,12.21,5575900,10.02
"2009-09-10",11.97,12.37,11.91,12.13,6575900,9.95
"2009-09-11",12.17,12.58,12.12,12.45,27519600,10.21
"2009-09-14",12.66,12.66,12.36,12.53,7256000,10.28
"2009-09-15",12.59,12.72,12.44,12.69,4996000,10.41
"2009-09-16",12.75,12.79,12.52,12.77,4939000,10.48
"2009-09-17",12.75,12.8,12.43,12.49,7754600,10.25
"2009-09-18",12.52,12.59,12.42,12.49,7138900,10.25
"2009-09-21",12.47,12.6,12.35,12.5,2796000,10.26
"2009-09-22",12.5,12.59,12.37,12.48,3570400,10.24
"2009-09-23",12.49,12.57,12.36,12.38,3933000,10.16
"2009-09-24",12.4,12.49,12.23,12.26,2990200,10.06
"2009-09-25",12.24,12.34,12.17,12.25,3014300,10.05
"2009-09-28",12.27,12.52,12.26,12.49,2195600,10.25
"2009-09-29",12.5,12.62,12.45,12.6,3621200,10.34
"2009-09-30",12.59,12.64,12.35,12.43,6102900,10.2
"2009-10-01",12.38,12.49,12.24,12.29,5053300,10.08
"2009-10-02",12.2,12.28,12.1,12.22,3251300,10.03
"2009-10-05",12.27,12.4,12.12,12.36,3090300,10.14
"2009-10-06",12.34,12.46,12.26,12.38,3926600,10.16
"2009-10-07",12.39,12.47,12.31,12.35,2938100,10.13
"2009-10-08",12.36,12.59,12.35,12.53,3701000,10.28
"2009-10-09",12.54,12.69,12.5,12.67,2575400,10.4
"2009-10-12",12.6,12.81,12.6,12.77,2576300,10.48
"2009-10-13",12.8,12.8,12.62,12.68,2843900,10.4
"2009-10-14",12.72,12.82,12.58,12.73,3302000,10.44
"2009-10-15",12.74,12.86,12.64,12.85,3444100,10.54
"2009-10-16",12.74,13,12.69,12.94,2875600,10.62
"2009-10-19",12.94,13.17,12.85,13.09,5533500,10.74
"2009-10-20",13.09,13.11,12.85,12.93,2588200,10.61
"2009-10-21",12.93,13.04,12.79,12.79,3600900,10.49
"2009-10-22",12.76,13.03,12.73,13,3755200,10.67
"2009-10-23",13.03,13.09,12.77,12.85,3392000,10.54
"2009-10-26",12.89,13.01,12.57,12.7,3264800,10.42
"2009-10-27",12.74,12.84,12.65,12.71,3735800,10.43
"2009-10-28",12.65,12.76,12.54,12.6,5061600,10.34
"2009-10-29",12.65,12.68,12.45,12.59,5791600,10.33
"2009-10-30",12.54,12.75,12.51,12.6,6276300,10.34
"2009-11-02",12.64,12.81,12.4,12.54,4756000,10.29
"2009-11-03",12.53,12.58,12.37,12.48,5063500,10.24
"2009-11-04",12.53,12.76,12.49,12.58,4225800,10.32
"2009-11-05",12.65,12.76,12.64,12.74,2273300,10.45
"2009-11-06",12.7,12.76,12.62,12.74,2377400,10.45
"2009-11-09",12.81,12.9,12.74,12.89,2804500,10.58
"2009-11-10",12.88,12.99,12.85,12.94,2999900,10.62
"2009-11-11",13,13,12.75,12.82,4042300,10.52
"2009-11-12",12.57,12.69,12.43,12.45,4076100,10.37
"2009-11-13",12.46,12.72,12.46,12.63,3561900,10.52
"2009-11-16",12.7,12.91,12.61,12.87,3536500,10.72
"2009-11-17",12.89,13,12.82,12.88,2120400,10.73
"2009-11-18",12.88,12.97,12.74,12.85,3021400,10.7
"2009-11-19",12.85,12.86,12.55,12.73,6606200,10.6
"2009-11-20",12.69,12.8,12.64,12.77,4125500,10.63
"2009-11-23",12.9,13,12.86,12.98,3374900,10.81
"2009-11-24",12.97,13.1,12.92,13.03,3183600,10.85
"2009-11-25",13.06,13.2,13,13.19,2637300,10.98
"2009-11-27",12.94,13.12,12.85,12.96,1003300,10.79
"2009-11-30",13.01,13.27,12.94,13.27,3668200,11.05
"2009-12-01",13.37,13.5,13.33,13.47,2602300,11.22
"2009-12-02",13.5,13.62,13.43,13.58,3319700,11.31
"2009-12-03",13.63,13.88,13.6,13.8,4282400,11.49
"2009-12-04",13.9,13.98,13.56,13.77,6559600,11.47
"2009-12-07",13.74,13.98,13.74,13.88,2820500,11.56
"2009-12-08",13.85,13.95,13.7,13.88,2615300,11.56
"2009-12-09",13.89,13.94,13.78,13.89,2577600,11.57
"2009-12-10",13.98,14.14,13.94,14,4618400,11.66
"2009-12-11",14.07,14.5,13.98,14.45,5022400,12.03
"2009-12-14",14.6,14.63,14.52,14.57,3078600,12.13
"2009-12-15",14.59,14.6,14.45,14.53,3247400,12.1
"2009-12-16",14.54,14.64,14.48,14.59,4610500,12.15
"2009-12-17",14.53,14.63,14.41,14.46,3115100,12.04
"2009-12-18",14.54,14.67,14.42,14.55,5460000,12.12
"2009-12-21",14.65,14.72,14.49,14.65,4445100,12.2
"2009-12-22",14.7,14.75,14.62,14.7,2971000,12.24
"2009-12-23",14.71,14.76,14.64,14.7,3649000,12.24
"2009-12-24",14.72,14.79,14.69,14.77,1247500,12.3
"2009-12-28",14.82,14.82,14.72,14.81,1865700,12.33
"2009-12-29",14.81,14.87,14.74,14.76,1705500,12.29
"2009-12-30",14.69,14.79,14.64,14.69,1730100,12.23
"2009-12-31",14.63,14.73,14.49,14.51,3111300,12.08
"2010-01-04",14.59,14.65,14.5,14.52,2239700,12.09
"2010-01-05",14.56,14.61,14.29,14.41,4227100,12
"2010-01-06",14.45,14.45,14.18,14.27,5716100,11.88
"2010-01-07",14.3,14.42,14.09,14.41,5962900,12
"2010-01-08",14.33,14.38,14.18,14.24,4050400,11.86
"2010-01-11",14.3,14.34,14.21,14.34,2175000,11.94
"2010-01-12",14.32,14.68,14.32,14.43,4563400,12.02
"2010-01-13",14.42,14.55,14.37,14.55,2294300,12.12
"2010-01-14",14.57,14.64,14.41,14.62,2262200,12.18
"2010-01-15",14.55,14.64,14.35,14.61,3405900,12.17
"2010-01-19",14.63,14.9,14.62,14.82,3809100,12.34
"2010-01-20",14.75,14.89,14.61,14.86,3133200,12.38
"2010-01-21",14.83,14.9,14.44,14.56,5705400,12.13
"2010-01-22",14.51,14.56,14.19,14.2,3879300,11.83
"2010-01-25",14.36,14.42,14.2,14.33,3653400,11.93
"2010-01-26",14.3,14.33,14.19,14.2,4317600,11.83
"2010-01-27",14.26,14.26,13.9,14.08,4590200,11.73
"2010-01-28",14.11,14.22,13.84,14.1,5906400,11.74
"2010-01-29",14.11,14.24,13.93,13.95,3918700,11.62
"2010-02-01",14.01,14.29,13.9,14.26,4989400,11.88
"2010-02-02",14.3,14.49,14.13,14.46,4657100,12.04
"2010-02-03",14.44,14.5,14.33,14.38,3609700,11.98
"2010-02-04",14.32,14.39,13.89,13.89,5717500,11.57
"2010-02-05",13.88,13.98,13.72,13.92,5084400,11.59
"2010-02-08",13.98,14,13.74,13.75,4410200,11.45
"2010-02-09",13.89,14.17,13.8,14.01,5162600,11.67
"2010-02-10",14.02,14.05,13.71,13.83,4420100,11.52
"2010-02-11",13.67,13.77,13.48,13.74,3952900,11.61
"2010-02-12",13.64,13.7,13.51,13.65,5529300,11.53
"2010-02-16",13.7,13.98,13.7,13.95,2975400,11.78
"2010-02-17",13.96,14.09,13.95,14.06,3407200,11.88
"2010-02-18",14.05,14.4,14,14.39,5963400,12.16
"2010-02-19",14.34,14.59,14.23,14.53,4373100,12.27
"2010-02-22",14.53,14.61,14.41,14.45,2310200,12.21
"2010-02-23",14.4,14.47,14.28,14.31,2839400,12.09
"2010-02-24",14.32,14.36,13.99,14.21,3171800,12
"2010-02-25",14.05,14.16,13.95,14.1,4075600,11.91
"2010-02-26",14.04,14.04,13.36,13.38,12626900,11.3
"2010-03-01",13.47,13.68,13.47,13.6,6794300,11.49
"2010-03-02",13.66,13.91,13.65,13.83,3806900,11.68
"2010-03-03",13.92,13.96,13.75,13.77,3725200,11.63
"2010-03-04",13.83,14.02,13.76,14.02,3937800,11.84
"2010-03-05",14.01,14.16,14,14.01,4250700,11.83
"2010-03-08",14.02,14.19,14.02,14.15,2968600,11.95
"2010-03-09",14.15,14.23,14.04,14.11,2637700,11.92
"2010-03-10",14.14,14.15,14.01,14.12,2848000,11.93
"2010-03-11",14.17,14.28,14.1,14.28,1936000,12.06
"2010-03-12",14.34,14.39,14.16,14.24,1616900,12.03
"2010-03-15",14.25,14.32,14.1,14.23,2251500,12.02
"2010-03-16",14.21,14.46,14.16,14.43,2335200,12.19
"2010-03-17",14.5,14.52,14.41,14.46,2584700,12.21
"2010-03-18",14.52,14.52,14.33,14.41,1757500,12.17
"2010-03-19",14.43,14.52,14.33,14.43,4085700,12.19
"2010-03-22",14.38,14.44,14.27,14.28,3552600,12.06
"2010-03-23",14.28,14.35,14.21,14.3,3383500,12.08
"2010-03-24",14.25,14.35,14.17,14.19,2031800,11.99
"2010-03-25",14.23,14.29,14.13,14.13,1783400,11.94
"2010-03-26",14.21,14.28,14.07,14.19,3173100,11.99
"2010-03-29",14.24,14.5,14.18,14.47,3443400,12.22
"2010-03-30",14.42,14.5,14.32,14.44,3417800,12.2
"2010-03-31",14.37,14.5,14.31,14.36,3647700,12.13
"2010-04-01",14.37,14.62,14.37,14.5,4110900,12.25
"2010-04-05",14.56,14.69,14.51,14.64,2402600,12.37
"2010-04-06",14.6,14.77,14.56,14.74,3617400,12.45
"2010-04-07",14.76,14.76,14.41,14.47,4859500,12.22
"2010-04-08",14.38,14.48,14.3,14.37,2889400,12.14
"2010-04-09",14.46,14.56,14.31,14.5,2459700,12.25
"2010-04-12",14.58,14.63,14.51,14.53,2088700,12.27
"2010-04-13",14.55,14.58,14.4,14.5,1615300,12.25
"2010-04-14",14.51,14.55,14.35,14.52,1372100,12.27
"2010-04-15",14.57,14.63,14.51,14.62,1575100,12.35
"2010-04-16",14.59,14.64,14.28,14.32,2913700,12.1
"2010-04-19",14.27,14.36,14.17,14.25,3239700,12.04
"2010-04-20",14.3,14.38,14.23,14.36,1942400,12.13
"2010-04-21",14.34,14.44,14.28,14.38,3213400,12.15
"2010-04-22",14.34,14.43,14.25,14.36,3453000,12.13
"2010-04-23",14.38,14.58,14.31,14.57,1494500,12.31
"2010-04-26",14.53,14.63,14.5,14.55,2709400,12.29
"2010-04-27",14.45,14.53,14.18,14.18,2608400,11.98
"2010-04-28",14.26,14.39,14.16,14.34,2303600,12.11
"2010-04-29",14.43,14.49,14.35,14.39,3377000,12.16
"2010-04-30",14.44,14.65,14.36,14.36,4300800,12.13
"2010-05-03",14.44,14.63,14.42,14.57,2917300,12.31
"2010-05-04",14.46,14.6,14.3,14.34,4552200,12.11
"2010-05-05",14.4,14.65,14.29,14.38,6588700,12.15
"2010-05-06",14.39,14.39,5.67,13.88,9331200,11.72
"2010-05-07",13.87,14.04,13.38,13.75,7085500,11.61
"2010-05-10",14.18,14.43,13.94,14.14,5670200,11.94
"2010-05-11",14,14.38,13.99,14.18,5572700,11.98
"2010-05-12",14.08,14.41,13.9,14.29,6556100,12.24
"2010-05-13",14.26,14.51,14.18,14.25,3815000,12.2
"2010-05-14",14.19,14.31,14.01,14.15,4945300,12.12
"2010-05-17",14.18,14.24,13.89,14.18,3196700,12.14
"2010-05-18",14.25,14.35,13.94,13.98,5675300,11.97
"2010-05-19",13.87,13.97,13.62,13.76,6158100,11.79
"2010-05-20",13.52,13.62,13.24,13.27,7340200,11.37
"2010-05-21",13.14,13.36,12.95,13.33,5127900,11.42
"2010-05-24",13.3,13.44,13.18,13.2,2656000,11.31
"2010-05-25",12.93,13.06,12.75,13.06,6941900,11.19
"2010-05-26",13.16,13.36,13.04,13.15,5641300,11.26
"2010-05-27",13.31,13.54,13.28,13.52,2918100,11.58
"2010-05-28",13.55,13.81,13.54,13.62,5267700,11.67
"2010-06-01",13.54,13.63,13.26,13.28,3010500,11.37
"2010-06-02",13.36,13.58,13.29,13.58,3166400,11.63
"2010-06-03",13.57,13.76,13.57,13.72,2551100,11.75
"2010-06-04",13.48,13.59,13.14,13.2,5225100,11.31
"2010-06-07",13.24,13.49,13.2,13.29,6318100,11.38
"2010-06-08",13.25,13.35,13.19,13.33,7405300,11.42
"2010-06-09",13.21,13.24,12.87,12.9,9512000,11.05
"2010-06-10",13.17,13.31,13.03,13.16,32234100,11.27
"2010-06-11",13.12,13.27,13.05,13.27,4659300,11.37
"2010-06-14",13.35,13.52,13.28,13.34,4381900,11.43
"2010-06-15",13.44,13.62,13.41,13.6,3559100,11.65
"2010-06-16",13.5,13.86,13.43,13.78,4091100,11.8
"2010-06-17",13.79,13.95,13.71,13.95,2925500,11.95
"2010-06-18",13.96,14.03,13.88,14.01,4313400,12
"2010-06-21",14.1,14.15,13.9,13.99,2854200,11.98
"2010-06-22",13.98,14.04,13.62,13.64,4185900,11.68
"2010-06-23",13.68,13.75,13.43,13.52,2636200,11.58
"2010-06-24",13.5,13.71,13.47,13.54,3409500,11.6
"2010-06-25",13.58,13.66,13.4,13.52,7757100,11.58
"2010-06-28",13.59,13.8,13.5,13.72,2736900,11.75
"2010-06-29",13.62,13.66,13.23,13.31,4750300,11.4
"2010-06-30",13.26,13.44,13.11,13.16,5145800,11.27
"2010-07-01",13.11,13.2,12.96,13.06,5208900,11.19
"2010-07-02",13.11,13.13,12.96,13.03,3336000,11.16
"2010-07-06",13.2,13.36,13.08,13.24,9079400,11.34
"2010-07-07",13.25,13.71,13.25,13.71,4309000,11.74
"2010-07-08",13.74,13.97,13.66,13.97,5752600,11.97
"2010-07-09",13.94,14.07,13.87,14.05,2345400,12.03
"2010-07-12",13.98,14.08,13.91,14.07,2380600,12.05
"2010-07-13",14.19,14.32,14.1,14.19,3642000,12.15
"2010-07-14",14.18,14.27,13.98,14.18,4428800,12.14
"2010-07-15",14.2,14.33,14.07,14.3,2935200,12.25
"2010-07-16",14.19,14.26,13.9,13.93,2975000,11.93
"2010-07-19",14.01,14.1,13.88,14.05,3477800,12.03
"2010-07-20",13.87,14.19,13.87,14.17,2453400,12.14
"2010-07-21",14.18,14.23,13.82,13.91,2413400,11.91
"2010-07-22",14,14.26,13.93,14.19,2233100,12.15
"2010-07-23",14.16,14.28,14.06,14.25,2279800,12.2
"2010-07-26",14.26,14.4,14.25,14.4,2675500,12.33
"2010-07-27",14.41,14.61,14.34,14.6,3969700,12.5
"2010-07-28",14.56,14.58,14.45,14.54,2560800,12.45
"2010-07-29",14.62,14.64,14.21,14.33,3304400,12.27
"2010-07-30",14.24,14.33,14.12,14.23,3189600,12.19
"2010-08-02",14.36,14.59,14.36,14.53,2645500,12.44
"2010-08-03",14.5,14.62,14.41,14.46,3062800,12.38
"2010-08-04",14.5,14.75,14.32,14.73,4976800,12.62
"2010-08-05",14.7,14.81,14.6,14.81,2829700,12.68
"2010-08-06",14.71,14.84,14.51,14.84,3210400,12.71
"2010-08-09",14.89,15,14.83,14.96,3418300,12.81
"2010-08-10",14.87,15.08,14.67,15.06,4046800,12.9
"2010-08-11",14.89,14.89,14.69,14.74,3431400,12.62
"2010-08-12",14.39,14.58,14.19,14.48,3209200,12.57
"2010-08-13",14.44,14.67,14.44,14.5,3285800,12.59
"2010-08-16",14.43,14.59,14.29,14.5,2584900,12.59
"2010-08-17",14.6,14.9,14.55,14.78,3411000,12.83
"2010-08-18",14.77,14.82,14.48,14.72,3875300,12.78
"2010-08-19",14.67,14.67,14.37,14.49,3235100,12.58
"2010-08-20",14.36,14.58,14.34,14.55,2375200,12.63
"2010-08-23",14.63,14.74,14.52,14.55,7254700,12.63
"2010-08-24",14.43,14.79,14.4,14.67,3760900,12.73
"2010-08-25",14.6,14.81,14.59,14.77,4379000,12.82
"2010-08-26",14.83,14.84,14.57,14.62,2757800,12.69
"2010-08-27",14.74,14.97,14.54,14.96,3883700,12.98
"2010-08-30",14.86,14.96,14.66,14.67,3275600,12.73
"2010-08-31",14.65,14.9,14.54,14.79,4646100,12.84
"2010-09-01",14.93,15.18,14.85,15.12,4174800,13.12
"2010-09-02",15.15,15.15,14.92,15.06,3334900,13.07
"2010-09-03",15.11,15.26,15.07,15.26,2577200,13.25
"2010-09-07",15.26,15.36,15.13,15.27,4005600,13.25
"2010-09-08",15.33,15.34,15.02,15.06,3871500,13.07
"2010-09-09",15.22,15.32,15.16,15.21,1927300,13.2
"2010-09-10",15.3,15.35,15.11,15.2,5049600,13.19
"2010-09-13",15.33,15.34,15.15,15.26,3409300,13.25
"2010-09-14",15.27,15.37,15.13,15.25,4614300,13.24
"2010-09-15",15.23,15.27,15.07,15.12,4124200,13.12
"2010-09-16",15.07,15.18,14.98,14.99,4211800,13.01
"2010-09-17",15.07,15.12,14.91,15.03,5111600,13.05
"2010-09-20",15.15,15.39,15.05,15.38,4101900,13.35
"2010-09-21",15.4,15.55,15.32,15.36,6046800,13.33
"2010-09-22",15.34,15.56,15.34,15.41,3887500,13.38
"2010-09-23",15.31,15.47,15.24,15.24,4188000,13.23
"2010-09-24",15.41,15.73,15.41,15.65,4592800,13.58
"2010-09-27",15.69,15.81,15.57,15.72,4200800,13.64
"2010-09-28",15.8,15.85,15.59,15.84,4600600,13.75
"2010-09-29",15.81,15.84,15.64,15.76,2083700,13.68
"2010-09-30",15.85,15.98,15.7,15.72,5474700,13.64
"2010-10-01",15.84,16.01,15.73,15.9,3715500,13.8
"2010-10-04",15.9,15.97,15.69,15.78,3258700,13.7
"2010-10-05",15.88,16.05,15.84,16.03,2607300,13.91
"2010-10-06",16.02,16.05,15.79,15.89,3123300,13.79
"2010-10-07",15.97,16.06,15.86,16,2206300,13.89
"2010-10-08",16.03,16.13,15.98,16.09,2697500,13.97
"2010-10-11",16.14,16.23,16.05,16.16,3309200,14.03
"2010-10-12",16.11,16.18,16,16.08,2716700,13.96
"2010-10-13",16.16,16.18,15.96,15.99,4553800,13.88
"2010-10-14",15.99,16.11,15.88,15.96,2947800,13.85
"2010-10-15",16.11,16.13,16,16.13,2754500,14
"2010-10-18",16.16,16.26,16.11,16.15,6361500,14.02
"2010-10-19",16,16.24,16,16.15,5188500,14.02
"2010-10-20",16.15,16.46,16.14,16.39,6131200,14.23
"2010-10-21",16.45,16.56,16.28,16.39,3227000,14.23
"2010-10-22",16.4,16.53,16.23,16.42,5545100,14.25
"2010-10-25",16.54,16.59,16.35,16.4,1975200,14.23
"2010-10-26",16.37,16.56,16.35,16.42,3866500,14.25
"2010-10-27",16.31,16.43,16.2,16.42,2934300,14.25
"2010-10-28",16.42,16.55,16.28,16.39,4175900,14.23
"2010-10-29",16.41,16.62,16.31,16.56,3930000,14.37
"2010-11-01",16.66,16.74,16.4,16.55,2532800,14.36
"2010-11-02",16.76,16.88,16.72,16.77,3985700,14.56
"2010-11-03",16.81,16.82,16.59,16.72,3864900,14.51
"2010-11-04",16.9,17,16.81,16.92,5654300,14.69
"2010-11-05",16.86,16.92,16.55,16.68,7082700,14.48
"2010-11-08",16.63,16.64,16.4,16.55,5042800,14.36
"2010-11-09",16.56,16.69,16.51,16.6,4078500,14.41
"2010-11-10",16.59,16.59,16.46,16.58,3321400,14.39
"2010-11-11",16.49,16.62,16.48,16.59,4154200,14.4
"2010-11-12",16.41,16.41,16.07,16.11,6524200,14.15
"2010-11-15",16.2,16.29,16.17,16.22,2734900,14.25
"2010-11-16",16.16,16.21,15.75,15.88,4563800,13.95
"2010-11-17",15.94,15.95,15.66,15.69,5196100,13.78
"2010-11-18",15.84,15.89,15.77,15.85,2321700,13.92
"2010-11-19",15.88,15.9,15.64,15.82,3691500,13.89
"2010-11-22",15.82,15.91,15.72,15.87,2583700,13.94
"2010-11-23",15.76,15.83,15.64,15.76,2804100,13.84
"2010-11-24",15.91,15.95,15.82,15.92,1956100,13.98
"2010-11-26",15.91,15.92,15.73,15.79,1486100,13.87
"2010-11-29",15.68,15.69,15.44,15.6,3034400,13.7
"2010-11-30",15.5,15.64,15.48,15.63,3720200,13.73
"2010-12-01",15.78,15.83,15.65,15.76,3063700,13.84
"2010-12-02",15.73,15.87,15.64,15.84,2317600,13.91
"2010-12-03",15.82,15.92,15.67,15.9,6587800,13.96
"2010-12-06",15.87,15.87,15.66,15.66,4348400,13.75
"2010-12-07",15.86,15.88,15.62,15.64,3619300,13.74
"2010-12-08",15.64,15.75,15.53,15.63,2491800,13.73
"2010-12-09",15.68,15.77,15.58,15.75,2800800,13.83
"2010-12-10",15.83,15.99,15.74,15.84,4786800,13.91
"2010-12-13",15.98,16.04,15.9,15.93,2655700,13.99
"2010-12-14",15.99,16.17,15.97,16.1,2726100,14.14
"2010-12-15",16.06,16.07,15.81,15.86,2636200,13.93
"2010-12-16",15.91,15.93,15.74,15.9,2785100,13.96
"2010-12-17",15.85,15.91,15.74,15.87,3708200,13.94
"2010-12-20",16,16.05,15.84,15.91,3136400,13.97
"2010-12-21",15.94,16.05,15.87,15.88,2400700,13.95
"2010-12-22",15.89,15.98,15.87,15.88,2473700,13.95
"2010-12-23",15.88,15.94,15.81,15.9,1628300,13.96
"2010-12-27",15.85,15.95,15.7,15.9,1393800,13.96
"2010-12-28",15.95,15.95,15.81,15.85,2191800,13.92
"2010-12-29",15.84,15.92,15.83,15.83,1190800,13.9
"2010-12-30",15.84,15.88,15.71,15.76,1698000,13.84
"2010-12-31",15.76,15.79,15.71,15.72,1416600,13.81
"2011-01-03",15.81,15.83,15.72,15.8,3048400,13.88
"2011-01-04",15.79,15.91,15.68,15.83,2851400,13.9
"2011-01-05",15.81,15.85,15.72,15.77,2444400,13.85
"2011-01-06",15.74,15.77,15.57,15.61,3605000,13.71
"2011-01-07",15.67,15.74,15.52,15.68,5801900,13.77
"2011-01-10",15.59,15.74,15.48,15.74,3209700,13.82
"2011-01-11",15.76,15.77,15.62,15.63,3714800,13.73
"2011-01-12",15.73,15.82,15.66,15.77,2999000,13.85
"2011-01-13",15.78,15.83,15.71,15.77,2160900,13.85
"2011-01-14",15.77,15.8,15.63,15.7,2404200,13.79
"2011-01-18",15.74,15.79,15.65,15.74,2894200,13.82
"2011-01-19",15.77,15.84,15.7,15.82,2882700,13.89
"2011-01-20",15.82,16.21,15.82,15.94,4982600,14
"2011-01-21",16.04,16.06,15.89,15.9,5661800,13.96
"2011-01-24",15.9,16.1,15.84,16.09,7371000,14.13
"2011-01-25",16.02,16.15,16.01,16.15,3148400,14.18
"2011-01-26",16.12,16.16,16.05,16.11,1779100,14.15
"2011-01-27",16.13,16.2,16.06,16.15,2713600,14.18
"2011-01-28",16.16,16.17,15.92,16.03,3912800,14.08
"2011-01-31",16.09,16.26,16,16.15,4686400,14.18
"2011-02-01",16.23,16.27,16.17,16.25,3181100,14.27
"2011-02-02",16.2,16.26,16.07,16.07,2435700,14.11
"2011-02-03",16.08,16.19,16.01,16.16,8149700,14.19
"2011-02-04",16.19,16.2,16,16.14,6955300,14.18
"2011-02-07",16.18,16.35,16.15,16.34,10423000,14.35
"2011-02-08",16.31,16.35,16.22,16.24,2291400,14.26
"2011-02-09",16.17,16.19,16.01,16.1,2945400,14.14
"2011-02-10",16.09,16.21,16.02,16.13,2289700,14.17
"2011-02-11",16.04,16.29,16.03,16.19,2857600,14.22
"2011-02-14",16.04,16.04,15.82,15.88,3246200,14.12
"2011-02-15",15.83,16.01,15.8,15.96,3312000,14.19
"2011-02-16",16,16.06,15.86,15.92,2152800,14.16
"2011-02-17",15.86,15.94,15.83,15.91,2038700,14.15
"2011-02-18",15.9,15.91,15.81,15.9,2833700,14.14
"2011-02-22",15.76,15.9,15.72,15.78,2085000,14.03
"2011-02-23",15.76,15.83,15.54,15.54,4142500,13.82
"2011-02-24",15.53,15.65,15.4,15.47,4854700,13.76
"2011-02-25",15.55,15.69,15.47,15.68,3380600,13.94
"2011-02-28",15.7,15.97,15.6,15.86,4044500,14.1
"2011-03-01",15.84,16.1,15.63,15.64,5873500,13.91
"2011-03-02",15.36,15.78,15.35,15.76,5699300,14.01
"2011-03-03",15.82,15.97,15.77,15.92,4604500,14.16
"2011-03-04",15.9,15.95,15.7,15.88,3498700,14.12
"2011-03-07",15.91,16.09,15.8,15.82,3304700,14.07
"2011-03-08",15.83,16.13,15.81,16.1,2932900,14.32
"2011-03-09",16.04,16.25,16.04,16.24,2952600,14.44
"2011-03-10",16.15,16.19,15.94,16.02,4924200,14.24
"2011-03-11",16.07,16.15,15.99,16.1,2864800,14.32
"2011-03-14",15.99,16.01,15.67,15.75,9339400,14
"2011-03-15",15.4,15.72,15.4,15.58,6697400,13.85
"2011-03-16",15.52,15.58,15.24,15.32,5608900,13.62
"2011-03-17",15.53,15.53,15.09,15.2,10243100,13.52
"2011-03-18",15.28,16.73,15.18,16.67,28385400,14.82
"2011-03-21",17.02,17.22,16.86,17.1,13789600,15.2
"2011-03-22",17.12,17.21,16.87,16.89,6187200,15.02
"2011-03-23",16.9,17.02,16.79,16.96,5099800,15.08
"2011-03-24",17.02,17.2,16.92,17.17,3924200,15.27
"2011-03-25",17.16,17.37,17.08,17.13,3854100,15.23
"2011-03-28",17.23,17.45,17.14,17.17,3354200,15.27
"2011-03-29",17.19,17.32,17.08,17.29,2495900,15.37
"2011-03-30",17.4,17.76,17.33,17.68,3853900,15.72
"2011-03-31",17.66,17.75,17.56,17.56,2981900,15.61
"2011-04-01",17.72,17.88,17.67,17.75,2220600,15.78
"2011-04-04",18.05,18.05,17.79,17.91,3298400,15.92
"2011-04-05",17.81,17.92,17.63,17.68,3030400,15.72
"2011-04-06",17.77,17.83,17.66,17.71,2418800,15.75
"2011-04-07",17.72,17.72,17.48,17.49,3972200,15.55
"2011-04-08",17.6,17.7,17.37,17.5,2964900,15.56
"2011-04-11",17.48,17.5,17.21,17.32,3789200,15.4
"2011-04-12",17.23,17.27,17.1,17.23,3880100,15.32
"2011-04-13",17.28,17.52,17.28,17.32,4277700,15.4
"2011-04-14",17.17,17.74,17.17,17.64,5047800,15.68
"2011-04-15",17.77,17.93,17.6,17.88,4858400,15.9
"2011-04-18",17.73,17.83,17.51,17.82,4153600,15.84
"2011-04-19",17.84,17.9,17.74,17.81,4321500,15.84
"2011-04-20",18,18.16,17.88,18.11,3991300,16.1
"2011-04-21",18.16,18.28,18.08,18.28,3633900,16.25
"2011-04-25",18.17,18.3,18.14,18.26,2554200,16.24
"2011-04-26",18.25,18.3,18.15,18.27,4500000,16.24
"2011-04-27",18.26,18.4,18.22,18.34,4358500,16.31
"2011-04-28",18.35,18.49,18.21,18.46,4589900,16.41
"2011-04-29",18.5,18.62,18.38,18.6,2137200,16.54
"2011-05-02",18.68,18.77,18.52,18.59,3463100,16.53
"2011-05-03",18.54,18.74,18.47,18.65,3332300,16.58
"2011-05-04",18.6,18.71,18.36,18.49,3903100,16.44
"2011-05-05",18.54,18.83,18.37,18.6,5852400,16.54
"2011-05-06",18.75,18.81,18.64,18.72,4974800,16.65
"2011-05-09",18.69,18.93,18.66,18.91,3187400,16.81
"2011-05-10",18.9,19.35,18.89,19.26,3878500,17.13
"2011-05-11",19.23,19.24,18.8,19.11,4141600,16.99
"2011-05-12",18.94,18.95,18.78,18.9,4792600,16.98
"2011-05-13",18.9,18.96,18.6,18.73,4485800,16.83
"2011-05-16",18.7,18.76,18.58,18.69,3914800,16.79
"2011-05-17",18.65,18.84,18.59,18.63,3237600,16.74
"2011-05-18",18.7,18.99,18.62,18.98,4676800,17.05
"2011-05-19",19.02,19.07,18.87,19,2591000,17.07
"2011-05-20",18.99,19.09,18.82,18.96,2847700,17.03
"2011-05-23",18.74,18.9,18.67,18.73,2954900,16.83
"2011-05-24",18.79,18.91,18.7,18.75,4684600,16.85
"2011-05-25",18.97,19.08,18.65,18.97,5436500,17.04
"2011-05-26",18.94,19.07,18.8,19.02,2956400,17.09
"2011-05-27",19.1,19.39,18.95,19.08,5035500,17.14
"2011-05-31",19.23,19.37,19.17,19.33,5035700,17.37
"2011-06-01",19.56,19.57,19.2,19.24,5615200,17.29
"2011-06-02",19.18,19.42,19.11,19.35,7363000,17.39
"2011-06-03",19.17,19.32,19.08,19.09,7129800,17.15
"2011-06-06",19.04,19.17,18.93,19.09,5117900,17.15
"2011-06-07",19.18,19.21,19.06,19.09,5468800,17.15
"2011-06-08",19.09,19.13,18.89,18.9,8723100,16.98
"2011-06-09",18.93,18.96,18.75,18.82,5088200,16.91
"2011-06-10",18.8,19.15,18.76,18.86,6469200,16.95
"2011-06-13",18.72,18.9,18.61,18.72,4088200,16.82
"2011-06-14",18.82,18.9,18.71,18.84,3437400,16.93
"2011-06-15",18.75,18.85,18.44,18.49,5163300,16.61
"2011-06-16",18.5,18.79,18.5,18.66,4127300,16.77
"2011-06-17",18.77,18.92,18.69,18.74,3898200,16.84
"2011-06-20",18.73,18.85,18.64,18.83,2605700,16.92
"2011-06-21",18.9,19.11,18.84,19,3308800,17.07
"2011-06-22",19,19.1,18.88,19.02,5535300,17.09
"2011-06-23",18.85,18.89,18.47,18.76,5344400,16.86
"2011-06-24",18.81,19.22,18.76,18.95,8528600,17.03
"2011-06-27",19.16,19.22,19.03,19.12,3549700,17.18
"2011-06-28",19.21,19.29,19.12,19.24,2787100,17.29
"2011-06-29",19.28,19.39,19.26,19.34,4772400,17.38
"2011-06-30",19.4,19.51,19.24,19.35,4932700,17.39
"2011-07-01",19.44,19.81,19.36,19.79,2995200,17.78
"2011-07-05",19.67,19.8,19.57,19.75,3043700,17.74
"2011-07-06",19.69,19.81,19.58,19.81,3185400,17.8
"2011-07-07",19.95,19.95,19.76,19.8,2605500,17.79
"2011-07-08",19.62,19.75,19.53,19.75,2067500,17.74
"2011-07-11",19.54,19.55,19.27,19.29,2848800,17.33
"2011-07-12",19.21,19.66,19.2,19.45,4057100,17.48
"2011-07-13",19.5,19.61,19.33,19.4,3103900,17.43
"2011-07-14",19.41,19.61,19.27,19.31,3182700,17.35
"2011-07-15",19.36,19.43,19.14,19.39,4334700,17.42
"2011-07-18",19.29,19.41,19.17,19.4,3280200,17.43
"2011-07-19",19.5,19.74,19.34,19.71,3251000,17.71
"2011-07-20",19.81,20.18,19.76,20.12,5057300,18.08
"2011-07-21",20.26,20.36,20.18,20.28,3395300,18.22
"2011-07-22",20.34,20.34,20.03,20.26,2613200,18.2
"2011-07-25",19.9,20.18,19.9,20.1,3028100,18.06
"2011-07-26",20.14,20.14,20,20.05,2598900,18.01
"2011-07-27",19.98,20.14,19.98,20.05,3711900,18.01
"2011-07-28",20.11,20.12,19.75,19.79,4255700,17.78
"2011-07-29",19.62,19.86,19.41,19.58,4648800,17.59
"2011-08-01",19.78,19.78,19.4,19.56,4869000,17.57
"2011-08-02",19.45,19.68,19.29,19.29,3401900,17.33
"2011-08-03",19.4,19.43,18.95,19.32,4134200,17.36
"2011-08-04",19.12,19.27,18.36,18.45,8191200,16.58
"2011-08-05",18.74,18.86,18.1,18.54,9523300,16.66
"2011-08-08",18.2,18.35,17.11,17.24,9447300,15.49
"2011-08-09",17.49,18.36,17.13,18.35,8608200,16.49
"2011-08-10",18.08,18.69,17.87,18.23,9403100,16.38
"2011-08-11",18.23,19.36,18.2,19.13,6120700,17.19
"2011-08-12",19.02,19.13,18.59,18.7,3330200,16.98
"2011-08-15",18.91,19.54,18.87,19.54,3823200,17.74
"2011-08-16",19.34,19.41,19.06,19.35,3278300,17.57
"2011-08-17",19.46,19.74,19.39,19.44,2887200,17.65
"2011-08-18",19.09,19.23,18.71,18.85,6273400,17.11
"2011-08-19",18.67,19.07,18.62,18.73,3932900,17
"2011-08-22",19.02,19.1,18.53,18.66,3949300,16.94
"2011-08-23",18.94,19.24,18.61,19.21,9616300,17.44
"2011-08-24",19.25,19.72,19.15,19.57,7385700,17.77
"2011-08-25",19.7,19.7,19.02,19.24,4673200,17.47
"2011-08-26",19.16,19.55,18.72,19.55,4473100,17.75
"2011-08-29",19.8,19.91,19.56,19.83,5470200,18
"2011-08-30",19.81,19.98,19.7,19.88,5133500,18.05
"2011-08-31",19.99,20.14,19.88,20.01,4343100,18.17
"2011-09-01",20.11,20.14,19.79,19.79,5325600,17.97
"2011-09-02",19.39,19.63,19.39,19.45,3498400,17.66
"2011-09-06",19.06,19.23,18.84,19.23,4988200,17.46
"2011-09-07",19.44,19.61,19.29,19.61,4365500,17.8
"2011-09-08",19.54,20.24,19.51,20.01,5641800,18.17
"2011-09-09",19.76,19.79,19.27,19.52,5013800,17.72
"2011-09-12",19.27,19.54,19.1,19.54,4182200,17.74
"2011-09-13",19.52,19.85,19.26,19.83,3773100,18
"2011-09-14",19.86,20.15,19.49,19.91,4426100,18.08
"2011-09-15",20.05,20.08,19.71,19.88,4806900,18.05
"2011-09-16",20.02,20.14,19.86,19.93,4668000,18.09
"2011-09-19",19.62,20.04,19.56,19.97,2563200,18.13
"2011-09-20",19.99,20.45,19.85,20.13,3342900,18.28
"2011-09-21",20.07,20.13,19.34,19.36,4145500,17.58
"2011-09-22",18.91,18.95,18.53,18.71,6104400,16.99
"2011-09-23",18.63,19.07,18.56,18.97,3938800,17.22
"2011-09-26",19.11,19.24,18.86,19.24,3979500,17.47
"2011-09-27",19.57,19.66,19.14,19.23,4623800,17.46
"2011-09-28",19.22,19.42,19.08,19.12,4239400,17.36
"2011-09-29",19.47,20.39,19.38,19.96,10296700,18.12
"2011-09-30",19.78,20.1,19.62,19.62,5593700,17.81
"2011-10-03",19.6,19.92,19.17,19.18,4663800,17.41
"2011-10-04",18.97,19.58,18.7,19.57,7200000,17.77
"2011-10-05",19.57,19.74,19.21,19.71,3237600,17.89
"2011-10-06",19.72,20.13,19.58,20.13,3631600,18.28
"2011-10-07",20.25,20.25,19.75,19.93,3641400,18.09
"2011-10-10",20.19,20.5,20.19,20.5,3020700,18.61
"2011-10-11",20.37,20.38,19.97,20.05,6191100,18.2
"2011-10-12",20.18,20.22,19.87,19.88,5419200,18.05
"2011-10-13",19.83,20.1,19.78,20.07,2820600,18.22
"2011-10-14",20.29,20.38,20.13,20.35,3359100,18.48
"2011-10-17",20.33,20.6,20.24,20.51,3798400,18.62
"2011-10-18",20.47,20.91,20.19,20.73,4629200,18.82
"2011-10-19",20.76,21.12,20.58,20.67,5044200,18.77
"2011-10-20",20.76,21.03,20.7,20.94,3971400,19.01
"2011-10-21",21.18,21.33,20.99,21.23,3774000,19.27
"2011-10-24",21.21,21.39,21.13,21.25,2917100,19.29
"2011-10-25",21.22,21.33,20.89,20.91,3931400,18.98
"2011-10-26",21.15,21.2,20.82,21.02,8685600,19.08
"2011-10-27",21.3,21.39,21.13,21.25,8408500,19.29
"2011-10-28",21.2,21.35,21.11,21.29,4019400,19.33
"2011-10-31",21.19,21.23,20.83,20.84,5173800,18.92
"2011-11-01",20.31,20.6,20.19,20.23,4749300,18.37
"2011-11-02",20.51,21.47,19.68,20.08,12063900,18.23
"2011-11-03",20.01,20.36,19.95,20.3,6163900,18.43
"2011-11-04",20.16,20.41,20.07,20.31,4642800,18.44
"2011-11-07",20.37,20.42,20.1,20.35,2806400,18.48
"2011-11-08",20.35,20.39,20.04,20.17,5022500,18.31
"2011-11-09",19.92,20.04,19.49,19.58,6303200,17.78
"2011-11-10",19.78,19.86,19.33,19.55,6781200,17.75
"2011-11-11",19.76,19.85,19.67,19.8,5011300,17.98
"2011-11-14",19.52,19.56,19.05,19.25,6501000,17.65
"2011-11-15",19.12,19.67,19.01,19.6,6488600,17.97
"2011-11-16",19.47,19.59,19.24,19.27,3475100,17.67
"2011-11-17",19.3,19.51,19.16,19.36,4093400,17.75
"2011-11-18",19.44,19.51,19.3,19.36,2381700,17.75
"2011-11-21",19.13,19.2,18.86,19.01,2669600,17.43
"2011-11-22",19.03,19.11,18.83,18.9,2890800,17.33
"2011-11-23",18.76,18.8,18.59,18.68,2832600,17.13
"2011-11-25",18.6,18.77,18.59,18.59,1222300,17.05
"2011-11-28",19,19.15,18.84,18.97,2826800,17.4
"2011-11-29",19.07,19.3,19.06,19.22,2714800,17.63
"2011-11-30",19.66,19.92,19.51,19.9,5235800,18.25
"2011-12-01",19.82,19.95,19.77,19.8,2799100,18.16
"2011-12-02",19.93,19.96,19.61,19.63,2762400,18
"2011-12-05",19.89,19.96,19.68,19.79,2981300,18.15
"2011-12-06",19.86,19.91,19.67,19.68,3348800,18.05
"2011-12-07",19.6,19.9,19.53,19.8,3166100,18.16
"2011-12-08",19.75,19.77,19.34,19.42,2970400,17.81
"2011-12-09",19.53,19.87,19.45,19.83,4504700,18.18
"2011-12-12",19.62,19.67,19.22,19.44,2725200,17.83
"2011-12-13",19.55,19.62,19.12,19.2,4004900,17.61
"2011-12-14",19.14,19.26,18.74,18.76,5812400,17.2
"2011-12-15",18.88,19.17,18.79,19.1,3406300,17.52
"2011-12-16",19.17,19.35,19.15,19.22,4881800,17.63
"2011-12-19",19.33,19.39,19.04,19.1,2353400,17.52
"2011-12-20",19.26,19.57,19.23,19.52,2559400,17.9
"2011-12-21",19.54,19.76,19.43,19.76,2590700,18.12
"2011-12-22",19.83,19.99,19.7,19.92,2291800,18.27
"2011-12-23",19.98,20.23,19.91,20.22,1333700,18.54
"2011-12-27",20.18,20.33,20.12,20.31,1332500,18.62
"2011-12-28",20.37,20.46,20.12,20.17,1752600,18.5
"2011-12-29",20.16,20.27,20.12,20.23,1605200,18.55
"2011-12-30",20.3,20.31,20.07,20.09,1591800,18.42
"2012-01-03",20.31,20.35,19.84,19.89,1898600,18.24
"2012-01-04",19.81,20.08,19.73,19.79,2595200,18.15
"2012-01-05",19.69,19.86,19.6,19.8,3991200,18.16
"2012-01-06",19.77,19.84,19.5,19.54,3143600,17.92
"2012-01-09",19.55,19.72,19.53,19.7,1882300,18.07
"2012-01-10",19.85,19.89,19.52,19.55,3022800,17.93
"2012-01-11",19.53,19.57,19.29,19.32,1784400,17.72
"2012-01-12",19.41,19.45,19.12,19.16,3250300,17.57
"2012-01-13",19.08,19.19,18.98,19.09,2839900,17.51
"2012-01-17",19.31,19.38,19.01,19.13,5639200,17.54
"2012-01-18",19.09,19.13,18.88,18.94,3455400,17.37
"2012-01-19",18.91,18.93,18.41,18.43,5534900,16.9
"2012-01-20",18.74,18.82,18.43,18.81,10466500,17.25
"2012-01-23",18.85,18.92,18.73,18.74,4067800,17.19
"2012-01-24",18.41,18.64,18.32,18.58,3946400,17.04
"2012-01-25",18.51,18.76,18.35,18.72,4907000,17.17
"2012-01-26",18.8,18.86,18.43,18.48,5568000,16.95
"2012-01-27",18.48,18.48,18.13,18.23,5903000,16.72
"2012-01-30",18.18,18.4,18.07,18.34,6976400,16.82
"2012-01-31",18.37,18.56,18.22,18.47,5289600,16.94
"2012-02-01",18.58,18.86,18.55,18.68,4573100,17.13
"2012-02-02",18.66,18.75,18.53,18.58,2632900,17.04
"2012-02-03",18.93,19.04,18.72,18.88,6469900,17.31
"2012-02-06",18.85,18.89,18.66,18.77,3096000,17.21
"2012-02-07",18.71,18.97,18.61,18.87,4641700,17.3
"2012-02-08",18.87,18.92,18.8,18.89,6009600,17.32
"2012-02-09",18.9,18.92,18.76,18.84,12613000,17.28
"2012-02-10",18.76,18.92,18.72,18.91,12539900,17.34
"2012-02-13",19,19.07,18.85,18.86,3753600,17.3
"2012-02-14",18.6,18.73,18.52,18.63,4435600,17.27
"2012-02-15",18.63,18.94,18.47,18.84,8915700,17.46
"2012-02-16",18.82,19.01,18.75,18.85,10510800,17.47
"2012-02-17",18.85,19.24,18.77,18.98,7527000,17.59
"2012-02-21",19.04,19.13,18.89,18.95,4441900,17.57
"2012-02-22",18.95,19.07,18.74,18.79,3276100,17.42
"2012-02-23",18.79,18.89,18.74,18.83,2273900,17.46
"2012-02-24",18.84,18.92,18.73,18.8,2272700,17.43
"2012-02-27",18.75,18.8,18.55,18.62,4152200,17.26
"2012-02-28",18.62,18.72,18.47,18.52,7224200,17.17
"2012-02-29",18.59,19.68,18.59,19.49,19686800,18.07
"2012-03-01",19.38,19.41,19.14,19.36,7966200,17.95
"2012-03-02",19.3,19.57,19.25,19.53,4672300,18.1
"2012-03-05",19.32,19.45,19.11,19.31,6245900,17.9
"2012-03-06",19.13,19.28,19.06,19.16,3338000,17.76
"2012-03-07",19.13,19.47,19.07,19.29,8124600,17.88
"2012-03-08",19.36,19.48,19.21,19.42,7696100,18
"2012-03-09",19.44,19.46,19.24,19.26,4015300,17.85
"2012-03-12",19.32,19.44,19.13,19.37,3512000,17.96
"2012-03-13",19.41,19.48,19.28,19.47,3396200,18.05
"2012-03-14",19.44,19.44,19.1,19.14,4846800,17.74
"2012-03-15",19.2,19.29,18.96,19.22,5229400,17.82
"2012-03-16",19.21,19.27,19.04,19.07,3675100,17.68
"2012-03-19",19.08,19.17,18.93,18.94,3266200,17.56
"2012-03-20",18.88,19.19,18.88,19.15,3504500,17.75
"2012-03-21",19.13,19.26,19.1,19.13,2007500,17.73
"2012-03-22",19.05,19.38,19.05,19.3,6004200,17.89
"2012-03-23",19.27,19.38,19.25,19.31,3019600,17.9
"2012-03-26",19.39,19.55,19.33,19.49,3115000,18.07
"2012-03-27",19.52,19.64,19.47,19.54,2326100,18.11
"2012-03-28",19.53,19.54,19.04,19.17,5081100,17.77
"2012-03-29",19.1,19.35,18.98,19.35,3193200,17.94
"2012-03-30",19.45,19.74,19.39,19.72,4899800,18.28
"2012-04-02",19.73,19.94,19.61,19.87,4373400,18.42
"2012-04-03",19.94,19.96,19.6,19.82,3421000,18.37
"2012-04-04",19.69,19.77,19.58,19.63,3599600,18.2
"2012-04-05",19.63,19.69,19.42,19.55,3328200,18.12
"2012-04-09",19.37,19.51,19.32,19.42,2108400,18
"2012-04-10",19.34,19.39,19,19.06,3336700,17.67
"2012-04-11",19.23,19.26,19.05,19.07,3027400,17.68
"2012-04-12",19.06,19.26,18.91,19.26,2875700,17.85
"2012-04-13",19.21,19.34,19.13,19.17,3540400,17.77
"2012-04-16",19.21,19.35,19.1,19.32,4044100,17.91
"2012-04-17",19.41,19.49,19.17,19.48,3327000,18.06
"2012-04-18",19.4,19.43,19.25,19.32,2664500,17.91
"2012-04-19",19.31,19.44,19.2,19.33,2967900,17.92
"2012-04-20",19.37,19.63,19.37,19.53,2170900,18.1
"2012-04-23",19.4,19.45,19.14,19.28,4393300,17.87
"2012-04-24",19.33,19.53,19.28,19.53,3386100,18.1
"2012-04-25",19.64,19.8,19.54,19.72,3217300,18.28
"2012-04-26",19.67,19.92,19.6,19.85,3608500,18.4
"2012-04-27",19.94,20.12,19.7,20.05,8510200,18.59
"2012-04-30",20.01,20.24,19.91,20.21,3219700,18.73
"2012-05-01",20.26,20.46,20.08,20.42,4936900,18.93
"2012-05-02",20.34,20.36,19.94,20.05,5934800,18.59
"2012-05-03",20.09,20.31,19.62,19.72,10032800,18.28
"2012-05-04",19.87,20.15,19.77,20.05,6155600,18.59
"2012-05-07",20.03,20.05,19.84,19.89,3074800,18.44
"2012-05-08",19.76,19.9,19.7,19.89,5511200,18.44
"2012-05-09",19.7,19.84,19.52,19.77,5452000,18.33
"2012-05-10",19.92,20.31,19.84,20.25,7080600,18.77
"2012-05-11",20.15,20.31,20.04,20.24,5833600,18.76
"2012-05-14",19.97,20.2,19.9,20.08,4101800,18.8
"2012-05-15",20.02,20.26,19.79,19.83,6787900,18.57
"2012-05-16",19.89,20.21,19.86,20.02,7790500,18.75
"2012-05-17",20.02,20.14,19.7,19.83,5421300,18.57
"2012-05-18",19.83,19.94,19.56,19.62,3954100,18.37
"2012-05-21",19.61,19.86,19.56,19.86,3351600,18.6
"2012-05-22",19.88,20.14,19.77,19.98,3413700,18.71
"2012-05-23",19.9,20,19.7,19.87,4167600,18.61
"2012-05-24",19.87,20.14,19.82,20.03,2470100,18.76
"2012-05-25",20.06,20.18,19.97,20.18,2786700,18.9
"2012-05-29",20.25,20.25,20.04,20.24,2995600,18.95
"2012-05-30",20.16,20.31,20,20.02,2797900,18.75
"2012-05-31",20.06,20.39,19.96,20.23,4120300,18.94
"2012-06-01",20.01,20.07,19.82,19.97,5407600,18.7
"2012-06-04",20.03,20.03,19.65,19.78,6432900,18.52
"2012-06-05",19.79,20.11,19.67,19.93,2872300,18.66
"2012-06-06",20.01,20.15,19.85,20.15,3578000,18.87
"2012-06-07",20.25,20.35,20.22,20.32,2840900,19.03
"2012-06-08",20.32,20.43,20.23,20.4,2155300,19.1
"2012-06-11",20.5,20.5,20.12,20.16,4677700,18.88
"2012-06-12",20.18,20.31,20.07,20.3,1785700,19.01
"2012-06-13",20.26,20.34,20.03,20.3,3550900,19.01
"2012-06-14",20.33,20.46,20.28,20.41,1917800,19.11
"2012-06-15",20.48,20.73,20.38,20.62,3853200,19.31
"2012-06-18",20.53,20.75,20.53,20.71,1925700,19.39
"2012-06-19",20.76,21,20.58,20.59,5033600,19.28
"2012-06-20",20.62,20.78,20.34,20.58,4089300,19.27
"2012-06-21",20.41,20.62,20.14,20.18,4365500,18.9
"2012-06-22",20.3,20.44,20.2,20.34,3175300,19.05
"2012-06-25",20.19,20.31,20.08,20.28,1768000,18.99
"2012-06-26",20.34,20.38,20.23,20.29,1578700,19
"2012-06-27",20.29,20.56,20.29,20.52,2941100,19.22
"2012-06-28",20.45,20.64,20.32,20.62,1682000,19.31
"2012-06-29",20.86,21,20.55,20.67,3668000,19.36
"2012-07-02",20.76,20.83,20.6,20.76,3287700,19.44
"2012-07-03",20.71,20.74,20.57,20.65,1580000,19.34
"2012-07-05",20.59,20.62,20.39,20.46,2536900,19.16
"2012-07-06",20.35,20.59,20.29,20.57,2313700,19.26
"2012-07-09",20.51,20.58,20.4,20.56,2559600,19.25
"2012-07-10",20.6,20.74,20.38,20.47,1984500,19.17
"2012-07-11",20.46,20.59,20.4,20.52,2069400,19.22
"2012-07-12",20.42,20.72,20.38,20.63,1996800,19.32
"2012-07-13",20.65,20.99,20.65,20.99,2250300,19.66
"2012-07-16",20.98,21,20.64,20.7,3023500,19.38
"2012-07-17",20.73,20.84,20.56,20.8,1913000,19.48
"2012-07-18",20.75,20.95,20.73,20.95,1730900,19.62
"2012-07-19",20.87,20.94,20.56,20.92,3298300,19.59
"2012-07-20",20.91,21.18,20.82,21.15,4757900,19.8
"2012-07-23",21,21.04,20.78,20.97,3461400,19.64
"2012-07-24",20.93,20.95,20.48,20.55,5142700,19.24
"2012-07-25",20.66,20.81,20.36,20.57,3036000,19.26
"2012-07-26",20.73,20.95,20.73,20.89,2827900,19.56
"2012-07-27",21.02,21.23,20.95,21.19,4745300,19.84
"2012-07-30",21.1,21.23,20.99,21.19,3132900,19.84
"2012-07-31",21.17,21.27,21.03,21.06,2456800,19.72
"2012-08-01",21.08,21.44,20.87,20.9,3490300,19.57
"2012-08-02",20.76,21.18,20.47,20.83,4782800,19.51
"2012-08-03",21.13,21.39,21.03,21.16,2963500,19.81
"2012-08-06",21.25,21.4,20.93,21.06,3876800,19.72
"2012-08-07",21.16,21.3,21.03,21.04,3252800,19.7
"2012-08-08",21.07,21.14,20.93,21.11,3546200,19.77
"2012-08-09",21.06,21.1,20.97,21.01,2523800,19.67
"2012-08-10",20.99,21.13,20.93,21.08,2405700,19.74
"2012-08-13",21.07,21.12,20.76,20.78,3067000,19.46
"2012-08-14",20.59,20.69,20.38,20.55,10993800,19.43
"2012-08-15",20.56,20.65,20.48,20.51,3340600,19.4
"2012-08-16",20.48,20.56,20.36,20.42,2699600,19.31
"2012-08-17",20.35,20.45,20.22,20.24,2771000,19.14
"2012-08-20",20.22,20.43,20.14,20.43,2803800,19.32
"2012-08-21",20.41,20.65,20.3,20.43,3424700,19.32
"2012-08-22",20.66,20.69,20.34,20.38,2839200,19.27
"2012-08-23",20.37,20.4,20.18,20.24,2845800,19.14
"2012-08-24",20.23,20.36,20.18,20.32,2174800,19.22
"2012-08-27",20.29,20.51,20.29,20.46,1875000,19.35
"2012-08-28",20.41,20.63,20.4,20.6,3796900,19.48
"2012-08-29",20.57,20.65,20.5,20.58,1900800,19.46
"2012-08-30",20.5,20.58,20.39,20.52,1574200,19.4
"2012-08-31",20.57,20.65,20.33,20.39,2560400,19.28
"2012-09-04",20.41,20.67,20.3,20.63,2989300,19.51
"2012-09-05",20.63,20.75,20.5,20.64,3494400,19.52
"2012-09-06",20.72,20.99,20.69,20.99,3582000,19.85
"2012-09-07",20.98,21,20.86,20.95,2807100,19.81
"2012-09-10",21.01,21.03,20.91,20.93,1670600,19.79
"2012-09-11",20.9,20.98,20.85,20.9,1343900,19.76
"2012-09-12",20.91,20.94,20.69,20.7,2051200,19.57
"2012-09-13",20.68,21.1,20.65,21.1,2503700,19.95
"2012-09-14",21.11,21.25,20.91,21.02,3447500,19.88
"2012-09-17",21.02,21.04,20.74,20.8,2738000,19.67
"2012-09-18",20.82,20.9,20.68,20.81,2824700,19.68
"2012-09-19",20.81,20.84,20.6,20.72,2474600,19.59
"2012-09-20",20.71,21,20.65,20.87,3761800,19.74
"2012-09-21",20.9,21.15,20.8,21.12,3542900,19.97
"2012-09-24",21.01,21.31,21,21.29,2938300,20.13
"2012-09-25",21.29,21.44,21.26,21.42,3994500,20.26
"2012-09-26",21.42,21.56,21.28,21.45,3886300,20.28
"2012-09-27",21.49,21.54,21.25,21.3,3265700,20.14
"2012-09-28",21.28,21.35,21.11,21.3,2536500,20.14
"2012-10-01",21.33,21.38,21.14,21.15,2864700,20
"2012-10-02",21.22,21.26,21.11,21.2,1963000,20.05
"2012-10-03",21.24,21.54,21.22,21.52,3202100,20.35
"2012-10-04",21.57,21.71,21.45,21.51,1709400,20.34
"2012-10-05",21.58,21.68,21.32,21.41,2458700,20.25
"2012-10-08",21.41,21.49,21.27,21.41,1408200,20.25
"2012-10-09",21.37,21.44,21.28,21.36,1777000,20.2
"2012-10-10",21.4,21.43,21.25,21.29,1550700,20.13
"2012-10-11",21.37,21.39,21.15,21.18,1907300,20.03
"2012-10-12",21.27,21.27,21.03,21.13,1106000,19.98
"2012-10-15",21.17,21.43,21.12,21.4,2148400,20.24
"2012-10-16",21.5,21.5,21.25,21.44,3214800,20.27
"2012-10-17",21.51,21.75,21.45,21.75,2954500,20.57
"2012-10-18",21.74,21.75,21.54,21.69,1908500,20.51
"2012-10-19",21.69,21.72,21.39,21.41,1871500,20.25
"2012-10-22",21.3,21.36,21.15,21.24,2771500,20.09
"2012-10-23",21.08,21.13,20.87,21.04,2870600,19.9
"2012-10-24",21.09,21.39,21.03,21.12,2385800,19.97
"2012-10-25",21.21,21.38,21.12,21.38,1574100,20.22
"2012-10-26",21.4,21.5,21.12,21.47,2338300,20.3
"2012-10-31",21.54,21.71,21.46,21.67,1985600,20.49
"2012-11-01",21.66,21.74,21.56,21.74,2905100,20.56
"2012-11-02",21.8,21.81,21.53,21.54,1761200,20.37
"2012-11-05",21.49,21.49,21.27,21.37,1834200,20.21
"2012-11-06",21.39,21.63,21.31,21.48,2381500,20.31
"2012-11-07",21.43,21.51,20.58,20.63,5334200,19.51
"2012-11-08",20.55,20.86,20.36,20.39,4726200,19.28
"2012-11-09",20.35,20.42,20.12,20.15,3547600,19.05
"2012-11-12",20.15,20.25,20.01,20.16,2040300,19.06
"2012-11-13",20.03,20.43,19.93,19.96,4869200,18.88
"2012-11-14",19.96,20.05,19.42,19.49,3986100,18.62
"2012-11-15",19.49,19.6,18.95,19.13,6430300,18.28
"2012-11-16",19.18,19.59,19.17,19.58,4976700,18.71
"2012-11-19",19.71,19.71,19.29,19.38,4183800,18.51
"2012-11-20",19.42,19.48,19.18,19.36,3296500,18.5
"2012-11-21",19.4,19.45,19.15,19.3,2236000,18.44
"2012-11-23",19.32,19.34,19.13,19.26,1238700,18.4
"2012-11-26",19.18,19.58,19.18,19.56,3182600,18.69
"2012-11-27",19.56,19.79,19.48,19.62,4584100,18.74
"2012-11-28",19.53,19.74,19.34,19.74,3277600,18.86
"2012-11-29",19.97,19.97,19.65,19.76,2223200,18.88
"2012-11-30",19.76,19.88,19.6,19.73,7578400,18.85
"2012-12-03",19.73,19.89,19.56,19.76,2958400,18.88
"2012-12-04",19.75,19.76,19.52,19.63,2693500,18.75
"2012-12-05",19.68,20.15,19.64,19.92,4100200,19.03
"2012-12-06",19.94,20,19.8,19.86,2817300,18.97
"2012-12-07",19.88,19.93,19.68,19.84,3207600,18.95
"2012-12-10",19.84,20.07,19.73,19.92,2808900,19.03
"2012-12-11",19.94,20.12,19.83,19.88,3214200,18.99
"2012-12-12",19.9,20.04,19.83,19.85,2773900,18.96
"2012-12-13",19.83,19.96,19.79,19.83,2936400,18.94
"2012-12-14",19.86,19.91,19.64,19.67,1909900,18.79
"2012-12-17",19.71,19.98,19.64,19.84,2155000,18.95
"2012-12-18",19.87,19.99,19.8,19.9,2128300,19.01
"2012-12-19",19.89,19.93,19.68,19.72,2690800,18.84
"2012-12-20",19.75,19.82,19.62,19.67,2681000,18.79
"2012-12-21",19.47,19.63,19.36,19.46,4393900,18.59
"2012-12-24",19.4,19.45,19.25,19.39,1038400,18.52
"2012-12-26",19.42,19.47,19.12,19.13,2172000,18.28
"2012-12-27",19.08,19.15,18.83,19.05,4020400,18.2
"2012-12-28",18.95,19.19,18.88,19,3110200,18.15
"2012-12-31",18.91,19.28,18.79,19.25,2557300,18.39
"2013-01-02",19.52,19.62,19.39,19.62,3043300,18.74
"2013-01-03",19.62,19.75,19.59,19.68,1990900,18.8
"2013-01-04",19.67,19.85,19.63,19.82,2161000,18.94
"2013-01-07",19.74,19.79,19.53,19.6,1981800,18.73
"2013-01-08",19.54,19.6,19.34,19.47,4052600,18.6
"2013-01-09",19.51,19.67,19.41,19.67,2498200,18.79
"2013-01-10",19.7,19.81,19.63,19.79,2605600,18.91
"2013-01-11",19.99,20.27,19.9,20.04,3661500,19.15
"2013-01-14",20.02,20.07,19.8,19.88,3053400,18.99
"2013-01-15",19.86,20.06,19.8,20.06,2935800,19.16
"2013-01-16",19.97,20.06,19.78,19.92,3760400,19.03
"2013-01-17",19.92,20.08,19.91,19.91,2692100,19.02
"2013-01-18",19.98,20.03,19.91,20.02,2759000,19.13
"2013-01-22",20.01,20.21,20,20.19,2301800,19.29
"2013-01-23",20.12,20.18,20.02,20.16,1994000,19.26
"2013-01-24",20.19,20.36,20.06,20.24,2212200,19.34
"2013-01-25",20.25,20.34,20.1,20.33,2073700,19.42
"2013-01-28",20.29,20.4,20.03,20.25,1879100,19.35
"2013-01-29",20.24,20.53,20.18,20.53,3155400,19.61
"2013-01-30",20.51,20.61,20.43,20.51,2146000,19.59
"2013-01-31",20.49,20.53,20.38,20.44,2409700,19.53
"2013-02-01",20.53,20.62,20.49,20.56,2774500,19.64
"2013-02-04",20.51,20.59,20.48,20.53,1791500,19.61
"2013-02-05",20.57,20.74,20.57,20.67,3362000,19.75
"2013-02-06",20.59,20.81,20.45,20.78,4258100,19.85
"2013-02-07",20.84,20.87,20.64,20.87,3014000,19.94
"2013-02-08",20.85,20.91,20.75,20.91,2246000,19.98
"2013-02-11",20.91,20.97,20.8,20.92,3130100,19.99
"2013-02-12",20.88,21.06,20.83,21.05,3336800,20.11
"2013-02-13",20.87,21.01,20.66,20.78,3448400,20.05
"2013-02-14",20.76,20.86,20.39,20.43,6194000,19.71
"2013-02-15",20.43,20.57,20.32,20.41,6050500,19.69
"2013-02-19",20.5,20.8,20.43,20.51,5022600,19.79
"2013-02-20",20.48,20.83,20.48,20.7,3801500,19.97
"2013-02-21",20.64,20.79,20.54,20.67,2942700,19.94
"2013-02-22",20.71,20.92,20.68,20.9,3329500,20.17
"2013-02-25",20.94,21.17,20.52,20.52,3592100,19.8
"2013-02-26",20.63,20.9,20.5,20.7,4635700,19.97
"2013-02-27",20.75,21.53,20.75,21.23,9133900,20.48
"2013-02-28",21.28,21.52,21.16,21.43,4961900,20.68
"2013-03-01",21.48,21.56,21.27,21.53,3290200,20.77
"2013-03-04",21.48,21.67,21.43,21.65,2023500,20.89
"2013-03-05",21.71,21.95,21.68,21.86,3465500,21.09
"2013-03-06",21.89,21.9,21.61,21.71,2227000,20.95
"2013-03-07",21.7,21.78,21.6,21.63,2092500,20.87
"2013-03-08",21.72,21.87,21.63,21.82,2884400,21.05
"2013-03-11",21.8,21.92,21.76,21.85,1452900,21.08
"2013-03-12",21.88,21.94,21.74,21.77,1797700,21
"2013-03-13",21.82,21.88,21.74,21.87,1769300,21.1
"2013-03-14",21.86,21.9,21.74,21.84,2409600,21.07
"2013-03-15",23.84,24.01,22.83,23.41,24499700,22.59
"2013-03-18",23.04,23.52,22.96,23.11,7814300,22.3
"2013-03-19",23.21,23.27,22.84,22.97,3221900,22.16
"2013-03-20",23.04,23.22,22.99,23.12,2810000,22.31
"2013-03-21",23,23.47,22.95,23.44,5159800,22.62
"2013-03-22",23.4,23.65,23.36,23.43,3480000,22.61
"2013-03-25",23.5,23.65,23.2,23.41,3283400,22.59
"2013-03-26",23.55,23.76,23.49,23.75,2971200,22.92
"2013-03-27",23.6,23.8,23.56,23.67,2384900,22.84
"2013-03-28",23.71,24.05,23.64,23.96,3165200,23.12
"2013-04-01",23.89,23.99,23.7,23.8,2002900,22.96
"2013-04-02",23.86,24.08,23.84,23.96,2891200,23.12
"2013-04-03",23.98,24.04,23.66,23.73,2647100,22.9
"2013-04-04",23.78,24.02,23.75,23.94,3438100,23.1
"2013-04-05",23.64,23.93,23.52,23.87,3275800,23.03
"2013-04-08",23.85,24.08,23.82,24.07,2957800,23.22
"2013-04-09",24.15,24.2,23.92,23.94,4057700,23.1
"2013-04-10",24,24.15,23.96,24.1,2946400,23.25
"2013-04-11",24.18,24.26,24.11,24.23,1973800,23.38
"2013-04-12",24.18,24.24,24.02,24.02,2731800,23.18
"2013-04-15",24,24.04,23.51,23.51,3865900,22.68
"2013-04-16",23.67,23.86,23.54,23.85,3585500,23.01
"2013-04-17",23.74,23.84,23.42,23.57,3483200,22.74
"2013-04-18",23.58,23.88,23.56,23.74,2736900,22.91
"2013-04-19",23.84,24.16,23.75,24.14,1787500,23.29
"2013-04-22",24.11,24.19,23.86,24.02,1734800,23.18
"2013-04-23",24.11,24.2,23.91,24.19,1756700,23.34
"2013-04-24",24.28,24.34,24.12,24.19,1915700,23.34
"2013-04-25",24.34,24.44,24.22,24.32,1679500,23.47
"2013-04-26",24.3,24.43,24.25,24.26,1515300,23.41
"2013-04-29",24.36,24.7,24.26,24.52,2232400,23.66
"2013-04-30",24.56,24.69,24.37,24.68,2899100,23.81
"2013-05-01",24.68,24.73,24.27,24.34,3023000,23.48
"2013-05-02",24.1,24.4,23.93,24.14,3701600,23.29
"2013-05-03",24.17,24.59,23.96,24.34,5153200,23.48
"2013-05-06",24.3,24.32,24.12,24.18,3518800,23.33
"2013-05-07",24.25,24.42,24.19,24.38,3903800,23.52
"2013-05-08",24.33,24.47,24.12,24.22,1998500,23.37
"2013-05-09",23.97,24.3,23.95,24.09,3433800,23.24
"2013-05-10",24.1,24.23,24.03,24.21,2137500,23.36
"2013-05-13",24.1,24.19,24,24.08,3067400,23.23
"2013-05-14",23.83,24.3,23.76,24.13,3969800,23.48
"2013-05-15",24.1,24.53,24.06,24.41,2756100,23.76
"2013-05-16",24.33,24.41,24.07,24.1,2381500,23.45
"2013-05-17",24.16,24.37,24.08,24.3,2542500,23.65
"2013-05-20",24.21,24.39,24.15,24.27,2061800,23.62
"2013-05-21",24.29,24.52,24.19,24.37,1703500,23.72
"2013-05-22",24.34,24.48,23.68,23.74,2620300,23.1
"2013-05-23",23.57,23.94,23.45,23.86,3264600,23.22
"2013-05-24",23.65,23.79,23.44,23.56,2005600,22.93
"2013-05-28",23.63,23.87,23.31,23.43,2122200,22.8
"2013-05-29",23.26,23.34,22.81,23.04,2358000,22.42
"2013-05-30",23.14,23.6,23.06,23.2,2396200,22.58
"2013-05-31",23.15,23.72,23.09,23.18,4218900,22.56
"2013-06-03",23.19,23.42,22.97,23.2,3309900,22.58
"2013-06-04",23.15,23.49,22.98,23.11,4100500,22.49
"2013-06-05",23.03,23.23,22.71,22.85,5134900,22.24
"2013-06-06",22.84,23.16,22.65,23.15,3955200,22.53
"2013-06-07",23.21,23.41,23.02,23.39,1981000,22.76
"2013-06-10",23.41,23.55,23.19,23.33,2435500,22.71
"2013-06-11",23.19,23.26,23.01,23.12,3635000,22.5
"2013-06-12",23.24,23.41,22.91,23.07,3651800,22.45
"2013-06-13",23.03,23.68,22.95,23.62,2950700,22.99
"2013-06-14",23.57,23.81,23.5,23.71,2203000,23.07
"2013-06-17",23.85,23.9,23.43,23.54,2597700,22.91
"2013-06-18",23.6,23.81,23.52,23.67,2153000,23.04
"2013-06-19",23.67,23.73,23.09,23.09,2206200,22.47
"2013-06-20",22.94,22.99,22.41,22.49,2897100,21.89
"2013-06-21",22.65,22.92,22.22,22.76,3039800,22.15
"2013-06-24",22.58,22.81,22.36,22.62,2138000,22.01
"2013-06-25",22.81,23.16,22.68,23.07,3109700,22.45
"2013-06-26",23.2,23.41,23.04,23.3,2217800,22.68
"2013-06-27",23.38,23.63,23.31,23.49,1907200,22.86
"2013-06-28",23.46,23.75,23.31,23.49,3130800,22.86
"2013-07-01",23.78,23.78,23.2,23.27,2749400,22.65
"2013-07-02",23.25,23.58,23.23,23.45,3049400,22.82
"2013-07-03",23.3,23.46,23.23,23.36,785500,22.73
"2013-07-05",23.42,23.42,23.08,23.34,1646600,22.71
"2013-07-08",23.45,23.8,23.4,23.68,1770700,23.05
"2013-07-09",23.79,23.87,23.66,23.86,1837500,23.22
"2013-07-10",23.8,24.07,23.72,24.04,1583300,23.4
"2013-07-11",24.3,24.35,24.01,24.31,1451500,23.66
"2013-07-12",24.32,24.42,24.13,24.4,947600,23.75
"2013-07-15",24.33,24.71,24.32,24.64,2520800,23.98
"2013-07-16",24.67,24.71,24.35,24.51,1701400,23.85
"2013-07-17",24.62,24.7,24.31,24.46,1609800,23.8
"2013-07-18",24.53,24.83,24.49,24.74,1216400,24.08
"2013-07-19",24.74,24.83,24.35,24.64,2350000,23.98
"2013-07-22",24.73,24.77,24.51,24.58,1290000,23.92
"2013-07-23",24.61,24.83,24.53,24.78,1439200,24.12
"2013-07-24",24.74,24.78,24.37,24.45,1489700,23.8
"2013-07-25",24.35,24.89,24.35,24.71,2547200,24.05
"2013-07-26",24.49,24.82,24.33,24.82,2962700,24.16
"2013-07-29",24.76,24.84,24.65,24.67,1279200,24.01
"2013-07-30",24.8,24.89,24.76,24.83,1603400,24.16
"2013-07-31",24.75,24.99,24.58,24.82,5029000,24.16
"2013-08-01",25.38,25.65,24.71,25.16,2936800,24.49
"2013-08-02",25.18,25.28,24.91,25.11,2177300,24.44
"2013-08-05",25.01,25.05,24.57,24.58,4146900,23.92
"2013-08-06",24.61,24.92,24.5,24.62,3107700,23.96
"2013-08-07",24.5,24.75,24.46,24.53,2325600,23.87
"2013-08-08",24.39,24.75,24.33,24.4,9297200,23.75
"2013-08-09",24.4,24.44,24.13,24.25,9119800,23.6
"2013-08-12",24.14,24.24,24.02,24.11,8489100,23.46
"2013-08-13",24.11,24.17,23.92,24.03,3801400,23.39
"2013-08-14",23.76,23.9,23.47,23.55,2383600,23.12
"2013-08-15",23.45,23.47,23.24,23.29,2749300,22.86
"2013-08-16",23.27,23.33,23.07,23.18,3565300,22.76
"2013-08-19",23.13,23.21,22.88,22.93,2888800,22.51
"2013-08-20",22.93,23.43,22.87,23.31,3711900,22.88
"2013-08-21",23.18,23.26,22.97,23,2443800,22.58
"2013-08-22",23,23.14,22.9,23.01,1605600,22.59
"2013-08-23",23.01,23.25,22.9,23.17,1646900,22.75
"2013-08-26",23.15,23.2,22.95,22.99,2233900,22.57
"2013-08-27",22.81,23.21,22.73,23.04,3174000,22.62
"2013-08-28",23.01,23.32,22.92,23.2,3174600,22.77
"2013-08-29",23.1,23.27,23,23.05,1995400,22.63
"2013-08-30",23.04,23.14,22.82,22.93,2228100,22.51
"2013-09-03",23.09,23.13,22.66,22.76,2859700,22.34
"2013-09-04",22.75,22.95,22.49,22.93,3224100,22.51
"2013-09-05",22.91,23.03,22.7,22.76,2314100,22.34
"2013-09-06",22.86,23.03,22.75,22.81,2877900,22.39
"2013-09-09",22.83,23.15,22.83,23.02,1969400,22.6
"2013-09-10",23.1,23.17,22.97,23.11,2033600,22.69
"2013-09-11",23.09,23.13,22.69,22.86,3413300,22.44
"2013-09-12",22.88,22.99,22.68,22.87,2444500,22.45
"2013-09-13",22.89,23.06,22.84,22.89,1588200,22.47
"2013-09-16",23.14,23.2,22.84,22.87,3118300,22.45
"2013-09-17",22.91,23.49,22.87,23.49,3329800,23.06
"2013-09-18",23.48,24.4,23.45,24.31,7327000,23.86
"2013-09-19",24.36,24.63,24.02,24.21,5124000,23.77
"2013-09-20",24.21,24.36,23.88,23.92,5236500,23.48
"2013-09-23",23.88,24.26,23.76,24.25,3785000,23.81
"2013-09-24",24.2,24.24,24.01,24.03,2652500,23.59
"2013-09-25",24.01,24.22,23.95,24,2046800,23.56
"2013-09-26",23.99,24.23,23.96,24.09,2766600,23.65
"2013-09-27",23.98,24.17,23.84,23.93,2304500,23.49
"2013-09-30",23.81,24.05,23.72,23.97,3036200,23.53
"2013-10-01",24.02,24.38,23.94,24.19,2888700,23.75
"2013-10-02",24.12,24.6,24.03,24.41,3749200,23.96
"2013-10-03",24.3,24.3,23.83,23.87,3406400,23.43
"2013-10-04",23.86,24.18,23.83,24.13,2884400,23.69
"2013-10-07",23.99,24.14,23.87,23.87,1365900,23.43
"2013-10-08",23.85,24.07,23.75,23.85,2870000,23.41
"2013-10-09",23.95,24.33,23.82,23.93,2248600,23.49
"2013-10-10",24.02,24.36,23.83,24.34,1577500,23.89
"2013-10-11",24.24,24.46,24.16,24.46,1450800,24.01
"2013-10-14",24.36,24.43,23.98,24.41,2343300,23.96
"2013-10-15",24.3,24.47,24.03,24.04,2088500,23.6
"2013-10-16",24.18,24.38,24.08,24.35,2584400,23.9
"2013-10-17",24.27,24.75,24.17,24.68,1828600,24.23
"2013-10-18",24.77,24.83,24.57,24.6,2679800,24.15
"2013-10-21",24.55,24.69,24.47,24.6,1839800,24.15
"2013-10-22",24.66,24.94,24.56,24.71,3481400,24.26
"2013-10-23",24.69,25.02,24.59,24.68,3514400,24.23
"2013-10-24",24.77,24.83,24.43,24.62,1846900,24.17
"2013-10-25",24.61,24.89,24.48,24.87,2429900,24.41
"2013-10-28",24.94,25.04,24.7,24.84,2690300,24.38
"2013-10-29",24.84,24.93,24.55,24.8,2056500,24.35
"2013-10-30",24.88,25.01,24.44,24.48,2753600,24.03
"2013-10-31",24.51,24.75,24.25,24.6,3046300,24.15
"2013-11-01",24.64,24.72,24.39,24.41,3496600,23.96
"2013-11-04",24.48,24.58,24.22,24.45,2264600,24
"2013-11-05",24.42,24.5,24.24,24.26,2911200,23.82
"2013-11-06",24.25,25.17,24.07,25.05,6943300,24.59
"2013-11-07",25.13,25.3,24.69,24.73,3674000,24.28
"2013-11-08",24.65,24.83,24.35,24.82,9744800,24.37
"2013-11-11",24.87,25.13,24.76,25,2677500,24.54
"2013-11-12",24.9,25.02,24.81,24.9,12282500,24.44
"2013-11-13",24.56,24.99,24.45,24.98,3029200,24.73
"2013-11-14",25.05,25.14,24.82,24.94,2643000,24.69
"2013-11-15",24.92,25.07,24.79,25.07,7225800,24.82
"2013-11-18",25.07,25.1,24.82,24.91,4160300,24.66
"2013-11-19",24.84,24.93,24.6,24.68,1856200,24.43
"2013-11-20",24.7,24.79,24.36,24.39,2351000,24.14
"2013-11-21",24.47,24.67,24.35,24.54,2765600,24.29
"2013-11-22",24.54,25.05,24.46,24.98,8578100,24.73
"2013-11-25",25.01,25.03,24.8,24.87,3862800,24.62
"2013-11-26",24.2,24.23,22.94,23.58,22806800,23.34
"2013-11-27",23.56,23.58,23.36,23.45,9252800,23.21
"2013-11-29",23.42,23.6,23.35,23.43,3062100,23.19
"2013-12-02",23.17,23.42,22.97,23.13,6728500,22.9
"2013-12-03",23.02,23.17,22.92,23.05,5254800,22.82
"2013-12-04",22.8,23.09,22.7,23.09,3277300,22.86
"2013-12-05",23,23.23,22.83,23.19,4889300,22.96
"2013-12-06",23.26,23.5,23.01,23.36,6625800,23.12
"2013-12-09",23.36,23.38,23.01,23.29,3158000,23.05
"2013-12-10",23.22,23.5,23.16,23.24,4628500,23.01
"2013-12-11",23.19,23.27,22.76,22.85,3826200,22.62
"2013-12-12",22.82,23.04,22.81,22.85,2201800,22.62
"2013-12-13",22.84,22.9,22.62,22.68,3138100,22.45
"2013-12-16",22.84,23.01,22.63,22.79,3075100,22.56
"2013-12-17",22.75,23.02,22.65,22.89,4905400,22.66
"2013-12-18",22.85,23.03,22.46,22.99,3646500,22.76
"2013-12-19",22.87,22.89,22.57,22.76,2527600,22.53
"2013-12-20",22.78,23.51,22.78,23.25,6128700,23.02
"2013-12-23",23.3,23.36,23.02,23.06,2700100,22.83
"2013-12-24",23.08,23.22,22.96,23.15,745000,22.92
"2013-12-26",23.16,23.25,23,23.07,1472800,22.84
"2013-12-27",23.07,23.24,23.01,23.12,1436900,22.89
"2013-12-30",23.14,23.23,23.07,23.11,2159200,22.88
"2013-12-31",23.12,23.23,23.03,23.18,1945900,22.95
"2014-01-02",23.17,23.29,22.81,22.82,2980400,22.59
"2014-01-03",22.86,23,22.7,22.81,3187900,22.58
"2014-01-06",22.93,22.94,22.69,22.84,2697800,22.61
"2014-01-07",22.88,23.2,22.81,23.08,2760300,22.85
"2014-01-08",23.02,23.1,22.76,22.84,2521700,22.61
"2014-01-09",22.85,23.11,22.71,23.1,3654400,22.87
"2014-01-10",23.23,23.68,23.22,23.38,5118800,23.14
"2014-01-13",23.29,23.36,23,23.04,5265600,22.81
"2014-01-14",23.04,23.28,23,23.23,3566000,23
"2014-01-15",23.21,23.47,23.09,23.46,6575700,23.22
"2014-01-16",23.45,23.62,23.26,23.56,5048000,23.32
"2014-01-17",23.58,23.6,23.41,23.42,2868100,23.18
"2014-01-21",23.5,23.74,23.47,23.71,2551900,23.47
"2014-01-22",23.69,23.87,23.68,23.79,1708000,23.55
"2014-01-23",23.71,23.76,23.41,23.57,2523700,23.33
"2014-01-24",23.45,23.64,23.15,23.15,2767400,22.92
"2014-01-27",23.17,23.3,23.09,23.18,2559900,22.95
"2014-01-28",23.18,23.37,23.14,23.34,2212800,23.1
"2014-01-29",23.2,23.37,23.02,23.15,2779400,22.92
"2014-01-30",23.26,23.62,23.25,23.55,2780100,23.31
"2014-01-31",23.34,23.77,23.33,23.4,7158900,23.16
"2014-02-03",23.47,23.64,22.96,23.05,4106100,22.82
"2014-02-04",23.15,23.18,22.87,23.06,3668600,22.83
"2014-02-05",22.97,23.09,22.62,23.04,5107600,22.81
"2014-02-06",23.04,23.21,22.95,23.18,4360200,22.95
"2014-02-07",23.24,23.47,23.18,23.33,3168100,23.09
"2014-02-10",23.29,23.43,23.1,23.4,3059400,23.16
"2014-02-11",23.36,23.57,23.3,23.56,3701500,23.32
"2014-02-12",23.28,23.52,23.28,23.3,3341000,23.3
"2014-02-13",23.22,23.52,23.15,23.5,3591300,23.5
"2014-02-14",23.44,24.06,23.38,24.05,5238300,24.05
"2014-02-18",24,24.15,23.72,24.09,5914600,24.09
"2014-02-19",23.99,24.47,23.93,24.14,5924300,24.14
"2014-02-20",24.18,24.54,24.06,24.28,3884500,24.28
"2014-02-21",24.26,24.53,24.16,24.48,3749600,24.48
"2014-02-24",24.55,24.7,24.37,24.38,3178600,24.38
"2014-02-25",24.36,24.48,23.99,24.19,5774500,24.19
"2014-02-26",24.28,24.37,23.53,23.55,10724700,23.55
"2014-02-27",23.52,23.78,23.45,23.56,7500600,23.56
"2014-02-28",23.6,23.73,23.55,23.65,2565700,23.65
"2014-03-03",23.53,23.59,23.3,23.48,4131900,23.48
"2014-03-04",23.66,23.77,23.5,23.61,2064900,23.61
"2014-03-05",23.61,23.61,23.24,23.33,3139300,23.33
"2014-03-06",23.39,23.49,23.21,23.25,3322500,23.25
"2014-03-07",23.23,23.23,23.01,23.19,2119500,23.19
"2014-03-10",23.21,23.24,23.01,23.09,3435500,23.09
"2014-03-11",23.16,23.4,22.94,23.31,5707400,23.31
"2014-03-12",23.27,23.46,23.2,23.42,8262500,23.42
"2014-03-13",23.5,24.12,23.46,23.94,10242900,23.94
"2014-03-14",23.91,24.02,23.77,23.9,4598900,23.9
"2014-03-17",23.94,24.26,23.9,24.25,4702700,24.25
