"","DOV.Open","DOV.High","DOV.Low","DOV.Close","DOV.Volume","DOV.Adjusted"
"2007-01-03",49.15,49.62,48.54,48.8,1191400,34.58
"2007-01-04",48.9,49.21,48.37,49.01,1057700,34.73
"2007-01-05",48.99,48.99,48.21,48.4,720100,34.3
"2007-01-08",48.16,48.6,47.87,48.45,1025000,34.33
"2007-01-09",48.58,48.87,48.38,48.69,832300,34.5
"2007-01-10",48.35,48.63,48.24,48.54,1171400,34.4
"2007-01-11",48.7,49.02,48.6,48.93,906800,34.67
"2007-01-12",48.94,49.37,48.8,49.11,854200,34.8
"2007-01-16",48.6,48.88,48.29,48.77,1565800,34.56
"2007-01-17",48.52,48.8,48.25,48.48,1607200,34.35
"2007-01-18",48.73,48.93,48.26,48.43,1043400,34.32
"2007-01-19",48.53,48.95,48.43,48.88,1219900,34.64
"2007-01-22",48.84,48.85,48,48.29,973600,34.22
"2007-01-23",48.27,48.72,48.27,48.56,1695800,34.41
"2007-01-24",48.65,48.81,48.31,48.66,1640500,34.48
"2007-01-25",48.64,48.74,47.7,47.79,1717200,33.87
"2007-01-26",47.73,47.98,47.32,47.47,1430800,33.64
"2007-01-29",47.12,48,47.12,47.69,1330200,33.79
"2007-01-30",47.9,48.12,47.72,47.99,1439700,34.01
"2007-01-31",47.8,50,47.71,49.6,2493400,35.15
"2007-02-01",49.79,50.75,49.72,50.62,2088300,35.87
"2007-02-02",50.7,50.92,50.05,50.27,2021700,35.62
"2007-02-05",50.27,50.85,50.07,50.63,1289400,35.88
"2007-02-06",50.73,50.75,50.13,50.42,1356300,35.73
"2007-02-07",50.34,50.79,50.15,50.71,1148100,35.93
"2007-02-08",50.71,50.71,50.32,50.59,708300,35.85
"2007-02-09",50.75,50.89,50,50.24,1075500,35.6
"2007-02-12",50.35,50.52,50.13,50.41,874100,35.72
"2007-02-13",50.6,50.72,50.27,50.41,890400,35.72
"2007-02-14",50.58,50.67,50.27,50.58,1469400,35.84
"2007-02-15",50.45,50.8,50.11,50.44,1297100,35.74
"2007-02-16",50.22,50.3,49.9,50.04,1087200,35.46
"2007-02-20",50,50.64,49.85,50.61,971700,35.86
"2007-02-21",50.02,50.86,50.02,50.59,1576500,35.85
"2007-02-22",50.77,50.83,49.89,49.95,1462100,35.4
"2007-02-23",49.95,49.99,49.33,49.38,1708200,34.99
"2007-02-26",49.57,49.66,48.91,49.02,1303000,34.87
"2007-02-27",48.72,48.84,47.13,47.56,1974300,33.83
"2007-02-28",47.48,48.16,47.34,47.79,3208000,33.99
"2007-03-01",47.3,48.24,46.94,48.08,1778900,34.2
"2007-03-02",47.9,48.03,47.18,47.18,1541600,33.56
"2007-03-05",46.98,47.35,46.67,46.7,1884100,33.22
"2007-03-06",46.92,47.23,46.54,47.2,1557000,33.57
"2007-03-07",47,47.42,46.98,47.12,1526000,33.52
"2007-03-08",47.62,48.05,47.41,47.72,1808900,33.94
"2007-03-09",47.9,48.14,47.45,47.68,1040600,33.91
"2007-03-12",47.55,48.29,47.51,48.19,994500,34.28
"2007-03-13",47.9,48.07,46.87,46.96,1451100,33.4
"2007-03-14",46.74,47.35,46.07,47.3,2647900,33.64
"2007-03-15",47.3,47.81,47.2,47.74,1331000,33.96
"2007-03-16",47.92,48.23,47.38,47.5,1522800,33.79
"2007-03-19",47.65,48.16,47.65,47.9,1540100,34.07
"2007-03-20",47.83,48.14,47.72,47.95,1384900,34.11
"2007-03-21",47.95,48.93,47.75,48.75,1018500,34.68
"2007-03-22",49.59,49.59,48.58,48.7,1694500,34.64
"2007-03-23",48.75,48.96,48.52,48.81,903500,34.72
"2007-03-26",48.95,48.97,48.14,48.78,992900,34.7
"2007-03-27",48.6,48.8,48.19,48.67,1913800,34.62
"2007-03-28",48.3,48.69,48.11,48.35,2011400,34.39
"2007-03-29",48.65,48.93,48.39,48.76,2491000,34.68
"2007-03-30",48.72,49.48,48.34,48.81,2127700,34.72
"2007-04-02",48.93,49.07,48.51,48.6,2290500,34.57
"2007-04-03",48.9,49.25,48.73,49.08,1337600,34.91
"2007-04-04",49.13,49.5,48.96,49.23,1033900,35.02
"2007-04-05",49.3,49.4,48.95,49.15,909100,34.96
"2007-04-09",49.16,49.19,48.63,48.74,903300,34.67
"2007-04-10",48.74,48.85,48.36,48.39,1220200,34.42
"2007-04-11",48.31,48.37,47.55,47.71,1681800,33.94
"2007-04-12",47.7,48.15,47.41,48.13,1011100,34.23
"2007-04-13",48.13,48.34,47.86,48.19,809600,34.28
"2007-04-16",48.28,48.89,48.28,48.89,760100,34.77
"2007-04-17",48.87,49.28,48.61,49.21,1183800,35
"2007-04-18",49.05,49.13,48.71,48.98,1148400,34.84
"2007-04-19",49.7,49.7,48.5,49.08,1071200,34.91
"2007-04-20",49.7,49.95,49.65,49.95,1623900,35.53
"2007-04-23",49.95,50.44,49.95,50.36,986200,35.82
"2007-04-24",50.28,50.47,49.83,50.13,1095300,35.66
"2007-04-25",48.9,49.08,47.76,48.69,4669400,34.63
"2007-04-26",49.92,49.92,48.33,49.01,2587700,34.86
"2007-04-27",48.8,49.23,48.69,48.81,1740100,34.72
"2007-04-30",49,49,48.08,48.12,1986700,34.23
"2007-05-01",48.39,48.46,47.77,48.01,2125100,34.15
"2007-05-02",47.89,48.66,47.85,48.56,2031600,34.54
"2007-05-03",48.56,49.41,48.23,48.43,2272000,34.45
"2007-05-04",48.65,48.82,48.25,48.34,1025800,34.38
"2007-05-07",48.5,48.62,48.2,48.55,1384800,34.53
"2007-05-08",48.47,48.78,48.31,48.78,1453500,34.7
"2007-05-09",48.69,48.98,48.41,48.9,1862900,34.78
"2007-05-10",48.7,48.74,47.9,47.91,1469700,34.08
"2007-05-11",48.06,48.22,47.71,47.95,1998700,34.11
"2007-05-14",48.12,48.3,47.86,48.11,2685000,34.22
"2007-05-15",48.33,48.8,47.94,48.09,3268800,34.21
"2007-05-16",48.3,48.49,47.86,48.25,2006600,34.32
"2007-05-17",48.07,48.24,47.85,47.92,1237700,34.08
"2007-05-18",47.99,48.49,47.97,48.49,1714800,34.49
"2007-05-21",48.5,49.2,48.34,49.15,2453000,34.96
"2007-05-22",49.05,49.46,48.99,49.43,2256400,35.16
"2007-05-23",49.58,49.86,49.31,49.75,2656800,35.39
"2007-05-24",50.58,50.58,49.25,49.28,2955700,35.05
"2007-05-25",49.34,49.55,49.18,49.18,1148500,34.98
"2007-05-29",49.14,49.45,48.72,48.89,1413700,34.91
"2007-05-30",48.69,49.37,48.18,49.37,1427400,35.25
"2007-05-31",49.44,50.05,49.08,50.05,2036600,35.73
"2007-06-01",50.14,50.33,49.9,50.33,1363500,35.93
"2007-06-04",49.49,50.25,49.49,50.15,1273700,35.81
"2007-06-05",49.5,50.84,49.5,50.34,2368200,35.94
"2007-06-06",50,50.22,49.43,49.54,1656900,35.37
"2007-06-07",49.54,49.6,48.95,48.95,1992500,34.95
"2007-06-08",48.94,50.07,48.79,50.07,1927200,35.75
"2007-06-11",50.21,51.35,50,50.94,3495700,36.37
"2007-06-12",50.8,51.17,50.41,50.64,2315500,36.16
"2007-06-13",50.89,52.83,50.78,52.83,3286200,37.72
"2007-06-14",52.84,53.36,52.33,53.21,2579100,37.99
"2007-06-15",53.5,53.75,53.27,53.36,2363200,38.1
"2007-06-18",52.38,53.02,52.34,52.64,1827500,37.58
"2007-06-19",52.66,53.09,52.42,52.93,1440000,37.79
"2007-06-20",52.94,53.13,52.5,52.52,2264100,37.5
"2007-06-21",52.36,52.84,52.13,52.44,2423600,37.44
"2007-06-22",52.24,52.35,51.51,51.81,2366900,36.99
"2007-06-25",52.03,52.03,50.86,51.08,2211200,36.47
"2007-06-26",51.49,51.59,50.76,51.17,1588200,36.53
"2007-06-27",50.74,51.39,50.62,51.31,1596100,36.63
"2007-06-28",50.52,51.6,50.51,51,1573100,36.41
"2007-06-29",51.09,51.57,51.04,51.15,1814100,36.52
"2007-07-02",51.4,52.21,51.35,52.2,1306800,37.27
"2007-07-03",52.24,52.51,51.78,51.82,677900,37
"2007-07-05",51.68,51.85,51.46,51.59,1267300,36.83
"2007-07-06",51.47,52.35,51.3,52.26,1187400,37.31
"2007-07-09",52.18,52.67,52.15,52.46,1045800,37.46
"2007-07-10",52.09,52.56,51.61,51.61,1934300,36.85
"2007-07-11",51.51,52.17,51.31,52.04,913100,37.16
"2007-07-12",52.35,53.23,52.04,53.23,1012200,38
"2007-07-13",52.8,53.37,52.76,53.23,794100,38
"2007-07-16",53.23,54.37,53.1,54,1996400,38.55
"2007-07-17",54.08,54.59,54.02,54.35,2060900,38.8
"2007-07-18",54.24,54.27,53.29,53.64,2775200,38.3
"2007-07-19",53.78,54.5,53.75,54.44,1625200,38.87
"2007-07-20",54.16,54.26,53.52,53.55,1905200,38.23
"2007-07-23",53.71,54.32,53.59,54.04,1126400,38.58
"2007-07-24",53.67,53.75,51.5,51.99,2225900,37.12
"2007-07-25",52.35,52.54,49.55,50.07,4961200,35.75
"2007-07-26",49.8,50,48.49,49.7,4569500,35.48
"2007-07-27",49.76,50.69,49.12,49.75,4485600,35.52
"2007-07-30",50.02,50.59,49.9,50.37,2561100,35.96
"2007-07-31",51.25,52.63,50.91,51,4337900,36.41
"2007-08-01",50.74,51.04,49.95,50.72,2729600,36.21
"2007-08-02",51.4,51.75,51,51.64,2055100,36.87
"2007-08-03",52,53,51.11,51.17,3710200,36.53
"2007-08-06",51.29,51.95,50.65,51.95,2701000,37.09
"2007-08-07",51.51,51.65,50.87,51.31,2750800,36.63
"2007-08-08",51.5,51.56,50.27,51.13,2212600,36.51
"2007-08-09",49.25,50.3,49,49.2,3360000,35.13
"2007-08-10",49.98,50.69,48.02,50.41,2605900,35.99
"2007-08-13",51.11,51.11,49.93,50.22,1643100,35.86
"2007-08-14",50.42,50.48,49.37,49.37,1393900,35.25
"2007-08-15",49.4,50.04,48.83,48.9,1927500,34.91
"2007-08-16",49.05,49.06,46.84,48.32,3100900,34.5
"2007-08-17",49.32,53.2,47.69,49.4,1712400,35.27
"2007-08-20",49.25,50.05,48.83,49.78,1092800,35.54
"2007-08-21",49.75,49.8,48.76,48.87,1126700,34.89
"2007-08-22",49.13,50.12,49.13,49.92,1149600,35.64
"2007-08-23",50.3,50.32,49.05,49.15,1112000,35.09
"2007-08-24",49.05,49.39,48.8,49.29,1439700,35.19
"2007-08-27",49.35,49.5,48.81,48.85,1127000,34.88
"2007-08-28",48.73,48.86,47.52,47.52,1533200,33.93
"2007-08-29",47.63,48.68,47.52,48.6,1489700,34.85
"2007-08-30",48.25,49.08,48.13,48.6,1372100,34.85
"2007-08-31",49.23,49.55,48.75,49.4,1449700,35.42
"2007-09-04",49.58,49.81,48.99,49.56,1147200,35.53
"2007-09-05",49,49.09,48.13,48.37,1232800,34.68
"2007-09-06",48.66,49.47,48.11,49.19,1370700,35.27
"2007-09-07",48.47,48.69,47.64,47.92,2071600,34.36
"2007-09-10",48,48.11,46.39,47.18,1616000,33.83
"2007-09-11",47.28,48.19,47.16,48.14,1976000,34.52
"2007-09-12",47.93,48.09,47.45,47.75,858400,34.24
"2007-09-13",47.94,48.62,47.94,48.34,1291500,34.66
"2007-09-14",47.96,48.68,47.84,48.52,837100,34.79
"2007-09-17",48.03,48.42,47.97,48.08,584300,34.47
"2007-09-18",48.21,49.82,48.03,49.77,1644000,35.68
"2007-09-19",50,51.83,49.93,51.17,3188900,36.69
"2007-09-20",51,51.04,50.11,50.31,1495600,36.07
"2007-09-21",50.95,51.09,50.28,50.76,1858600,36.39
"2007-09-24",50.7,51.41,50.62,50.85,1809100,36.46
"2007-09-25",50.6,50.9,50.07,50.64,1536500,36.31
"2007-09-26",51,51.29,50.46,51.11,1608200,36.65
"2007-09-27",51.11,51.2,50.74,51.02,939700,36.58
"2007-09-28",50.72,51.1,50.71,50.95,963200,36.53
"2007-10-01",50.9,51.5,50.82,51.33,1360900,36.8
"2007-10-02",51.27,51.41,50.69,50.96,948100,36.54
"2007-10-03",50.66,50.82,50.2,50.3,853100,36.06
"2007-10-04",50.46,50.55,50.05,50.38,715000,36.12
"2007-10-05",50.7,51.58,50.66,51.4,1219700,36.85
"2007-10-08",51.24,51.56,50.91,51.06,740800,36.61
"2007-10-09",51.3,51.39,50.55,51.16,1202100,36.68
"2007-10-10",50.9,50.98,49.76,49.99,1043000,35.84
"2007-10-11",50.07,50.54,49.3,49.67,1606000,35.61
"2007-10-12",49.68,50.27,49.23,50.02,891500,35.86
"2007-10-15",50.23,50.27,48.85,49.07,1076300,35.18
"2007-10-16",48.93,49.1,48.4,48.7,1269300,34.92
"2007-10-17",49.19,49.28,48.61,48.93,1421500,35.08
"2007-10-18",48.65,49.17,48.65,48.8,889800,34.99
"2007-10-19",48.46,48.91,48.18,48.32,2213700,34.65
"2007-10-22",47.86,48.78,47.6,48.51,1814700,34.78
"2007-10-23",48.67,49.6,48.67,49.35,1619300,35.38
"2007-10-24",47.67,47.67,45.84,46.78,6860200,33.54
"2007-10-25",46.67,46.89,45.47,45.91,2884300,32.92
"2007-10-26",46.01,46.1,45.33,45.98,2706300,32.97
"2007-10-29",45.78,46.03,45.1,45.31,2750300,32.49
"2007-10-30",45.44,46.1,45.1,45.4,2251100,32.55
"2007-10-31",45.63,46.04,45.1,46,2092000,32.98
"2007-11-01",45.82,45.93,44.42,44.47,2578200,31.88
"2007-11-02",44.6,45.2,44.45,45.09,2068700,32.33
"2007-11-05",44.98,45.58,44.58,45.27,1906100,32.46
"2007-11-06",45.48,46.01,45.35,46.01,1538200,32.99
"2007-11-07",45.53,45.54,44.34,44.34,1873500,31.79
"2007-11-08",44.41,46.21,44.37,45.99,2872600,32.97
"2007-11-09",45.34,46.64,44.5,45.9,3409900,32.91
"2007-11-12",44.7,46.52,44.37,45.96,3529100,32.95
"2007-11-13",46.44,46.94,45.98,46.7,2476200,33.48
"2007-11-14",46.8,47.57,46.65,47.3,1769100,33.91
"2007-11-15",47.02,47.4,46.58,46.71,1892600,33.49
"2007-11-16",47.07,47.08,45.87,46.28,2215200,33.18
"2007-11-19",46.23,46.29,45.61,45.7,1404900,32.77
"2007-11-20",45.89,46.49,45.23,45.82,1290200,32.85
"2007-11-21",45.53,45.7,44.84,44.95,1345900,32.23
"2007-11-23",45.3,45.74,44.88,45.74,542500,32.8
"2007-11-26",45.8,46.27,44.79,44.85,1963800,32.16
"2007-11-27",44.84,45.76,44.84,45.6,1891100,32.69
"2007-11-28",45.6,47.1,45.49,47,1431700,33.85
"2007-11-29",46.81,47.03,46.31,46.63,1437300,33.58
"2007-11-30",47.5,47.5,45.96,46.28,2098900,33.33
"2007-12-03",46.29,46.45,45.63,45.74,932300,32.94
"2007-12-04",45.4,45.87,45.31,45.44,1001100,32.72
"2007-12-05",45.77,46.15,45.57,45.94,1137000,33.08
"2007-12-06",45.92,47.08,45.71,47,1022100,33.85
"2007-12-07",46.98,47.26,46.52,46.72,894700,33.65
"2007-12-10",46.77,47.61,46.56,47.5,826000,34.21
"2007-12-11",47.56,47.79,45.73,45.77,1313700,32.96
"2007-12-12",46.85,46.98,45.31,45.85,1139600,33.02
"2007-12-13",45.53,46.28,45.15,46.17,1363500,33.25
"2007-12-14",45.94,46.34,45.59,45.59,1558500,32.83
"2007-12-17",45.28,45.6,44.57,44.57,1198500,32.1
"2007-12-18",44.8,45.52,44.64,45.45,1504400,32.73
"2007-12-19",45.72,45.78,44.86,45.48,1108800,32.75
"2007-12-20",45.63,45.98,45.13,45.74,822400,32.94
"2007-12-21",46.17,46.6,45.97,46.57,1518900,33.54
"2007-12-24",46.53,47.34,46.42,47.24,413800,34.02
"2007-12-26",47.27,47.27,46.31,46.57,658300,33.54
"2007-12-27",46.2,46.49,45.76,45.76,659000,32.95
"2007-12-28",46.34,46.67,45.93,46.5,1003200,33.49
"2007-12-31",46.26,46.5,46.08,46.09,808400,33.19
"2008-01-02",45.83,46.15,44.41,44.42,1215100,31.99
"2008-01-03",44.56,44.87,44.2,44.29,1238500,31.9
"2008-01-04",43.96,44.13,42.52,42.52,1835600,30.62
"2008-01-07",42.96,43,40.85,41.2,3399200,29.67
"2008-01-08",41.31,41.4,38.45,38.59,3203000,27.79
"2008-01-09",38.3,38.6,37.5,38.32,3597500,27.6
"2008-01-10",37.72,39.61,37.56,39.48,3527800,28.43
"2008-01-11",38.92,39.34,37.6,37.76,1927900,27.19
"2008-01-14",37.96,38.25,37.5,37.85,2559200,27.26
"2008-01-15",37.48,37.58,36.55,36.76,1849800,26.47
"2008-01-16",36.66,37.34,36.51,36.58,1985600,26.34
"2008-01-17",36.62,37.13,35.76,35.8,2906700,25.78
"2008-01-18",37.85,38.09,35.31,35.55,2869100,25.6
"2008-01-22",34.18,36.22,33.54,35.89,2998300,25.85
"2008-01-23",34.9,36.63,34.28,36.62,3422600,26.37
"2008-01-24",36.87,36.87,36.12,36.45,2483400,26.25
"2008-01-25",36.63,37.98,36.63,37.66,2821600,27.12
"2008-01-28",37.7,37.91,36.89,37.37,2911500,26.91
"2008-01-29",37.67,38.52,37.1,38.4,2419400,27.65
"2008-01-30",39.44,42.2,39.2,41.06,5307200,29.57
"2008-01-31",40.49,41.76,40.23,40.29,3360500,29.01
"2008-02-01",40.72,42.7,40.17,42.55,3194200,30.64
"2008-02-04",42.35,42.77,42.18,42.39,1438600,30.53
"2008-02-05",41.47,42.1,41.45,41.49,1942900,29.88
"2008-02-06",41.64,42.21,40.87,41.09,1875100,29.59
"2008-02-07",40.98,41.71,40.78,41.41,1504800,29.82
"2008-02-08",40.92,41.41,40.5,40.95,1535300,29.49
"2008-02-11",40.67,41.62,40.47,41.49,1517200,29.88
"2008-02-12",41.66,42.57,41.58,42.05,1634600,30.28
"2008-02-13",42.29,43.52,42.29,43.45,1924400,31.29
"2008-02-14",43.45,43.46,42.22,42.3,1044700,30.46
"2008-02-15",42.21,42.24,41.65,42.04,1082300,30.28
"2008-02-19",42.54,42.83,42.13,42.55,1787700,30.64
"2008-02-20",42.45,43.47,42.25,43.3,1572800,31.18
"2008-02-21",43.39,43.77,42.52,42.62,1622100,30.69
"2008-02-22",42.72,42.89,41.73,42.66,2072800,30.72
"2008-02-25",42.86,43.36,42.32,43.36,1501400,31.23
"2008-02-26",43.1,43.48,42.75,43.22,1622500,31.12
"2008-02-27",42.86,43.46,42.67,42.97,1985400,31.09
"2008-02-28",42.75,42.9,41.84,42.18,1783000,30.52
"2008-02-29",41.57,42,41.24,41.51,2303600,30.03
"2008-03-03",41.39,42.05,41.32,42.05,1541700,30.42
"2008-03-04",41.55,41.77,40.78,41.37,2142200,29.93
"2008-03-05",41.36,42.1,41.23,41.91,1799400,30.32
"2008-03-06",41.79,41.87,40.93,41,1933100,29.66
"2008-03-07",40.72,41.3,40.57,40.91,2348400,29.6
"2008-03-10",40.86,40.93,39.69,39.72,1989500,28.74
"2008-03-11",40.53,41.74,40.34,41.74,2598700,30.2
"2008-03-12",42,42.33,41.63,41.72,1367800,30.18
"2008-03-13",41.1,41.75,40.46,41.62,1803500,30.11
"2008-03-14",41.85,41.85,40.03,40.53,2544600,29.32
"2008-03-17",39.55,40.38,39.41,40.02,3081200,28.95
"2008-03-18",40.65,42.08,40.46,42.01,3411400,30.39
"2008-03-19",42.27,42.68,40.75,40.75,2795700,29.48
"2008-03-20",41,41.1,40.39,41.05,2765600,29.7
"2008-03-24",41.31,42.05,41.22,41.88,2470100,30.3
"2008-03-25",41.83,42.97,41.35,42.76,2388700,30.94
"2008-03-26",42.45,42.57,41.79,42.13,1354900,30.48
"2008-03-27",42.25,42.35,40.99,41.26,2004000,29.85
"2008-03-28",41.49,41.93,41.15,41.21,857200,29.82
"2008-03-31",41.37,41.98,41.14,41.78,1655500,30.23
"2008-04-01",42.56,43.93,42.39,43.93,1806800,31.78
"2008-04-02",44.23,44.49,43.58,43.67,1872800,31.6
"2008-04-03",43.51,43.86,43.21,43.66,1237500,31.59
"2008-04-04",43.62,44.78,43.46,44.43,1647800,32.15
"2008-04-07",44.53,44.59,43.87,43.89,1691000,31.75
"2008-04-08",43.58,43.74,42.96,43.52,1760900,31.49
"2008-04-09",43.36,44.16,43.25,43.47,1564200,31.45
"2008-04-10",43.28,43.86,43,43.76,2219400,31.66
"2008-04-11",43.33,43.47,42.22,42.34,2530600,30.63
"2008-04-14",42.42,43.76,42.42,43.5,1818600,31.47
"2008-04-15",43.69,44.39,43.46,43.94,2367800,31.79
"2008-04-16",44.16,45.43,44.09,45.09,2705300,32.62
"2008-04-17",44.87,46.22,44.59,46.03,2017200,33.3
"2008-04-18",45.84,47.86,45.68,46.71,2200000,33.79
"2008-04-21",46.58,46.92,46.29,46.78,1572800,33.85
"2008-04-22",46.42,47.23,45.64,46.13,1713100,33.38
"2008-04-23",46.13,47.02,45.77,46.21,2401000,33.43
"2008-04-24",46.18,48.4,45.37,48.05,2305500,34.76
"2008-04-25",48.2,48.65,47.54,47.95,2607400,34.69
"2008-04-28",48.23,48.67,47.75,48.45,2649200,35.05
"2008-04-29",48.29,50.22,48.29,49.99,3886100,36.17
"2008-04-30",49.84,50.22,49.44,49.47,3732600,35.79
"2008-05-01",49.59,51.02,49.41,50.97,2384100,36.88
"2008-05-02",51.36,51.49,50.33,50.63,3058400,36.63
"2008-05-05",50.59,51.21,49.58,50.93,3857700,36.85
"2008-05-06",50.44,51.79,50.21,51.12,2696300,36.99
"2008-05-07",51.3,52.03,51.12,51.47,3321600,37.24
"2008-05-08",51.76,52.23,51.5,51.78,2022600,37.46
"2008-05-09",51.34,52,50.89,51.8,1671500,37.48
"2008-05-12",51.77,53.01,51.77,52.96,2823000,38.32
"2008-05-13",52.85,53.16,52.68,53.11,3374100,38.43
"2008-05-14",53.38,54.57,53.11,53.79,3597500,38.92
"2008-05-15",53.79,54.18,53.31,54.18,2464900,39.2
"2008-05-16",54.16,54.27,53.38,53.97,2090200,39.05
"2008-05-19",54,54.35,53.3,53.54,2576500,38.74
"2008-05-20",52.92,53.61,52.72,53.42,2646900,38.65
"2008-05-21",53.62,54.17,52.95,53.01,2308200,38.35
"2008-05-22",52.98,53.35,52.49,52.7,1782200,38.13
"2008-05-23",52.34,52.5,51.85,52.21,1424100,37.77
"2008-05-27",52.38,52.72,51.68,52.57,1695100,38.03
"2008-05-28",52.88,53.71,52.67,53.45,2173800,38.82
"2008-05-29",53.24,54.25,53.01,53.88,1998000,39.13
"2008-05-30",53.88,54.3,53.67,54.08,1808800,39.28
"2008-06-02",54.04,54.07,52.79,53.09,1336300,38.56
"2008-06-03",53.27,53.96,52.96,53.33,1822600,38.73
"2008-06-04",53.23,54.02,53.08,53.68,1114300,38.99
"2008-06-05",53.97,54.22,53.11,53.98,1733200,39.2
"2008-06-06",53.34,53.61,51.93,51.93,1360000,37.71
"2008-06-09",52.32,52.53,51.7,52.12,1776800,37.85
"2008-06-10",51.94,52.6,51.6,52.03,1370300,37.79
"2008-06-11",51.83,51.96,49.82,49.83,2666900,36.19
"2008-06-12",50.31,51.61,50.31,50.91,2324900,36.97
"2008-06-13",51.2,51.92,51.16,51.67,1693400,37.53
"2008-06-16",51.23,51.75,50.99,51.64,1423600,37.5
"2008-06-17",52,52.39,51.85,51.98,1914600,37.75
"2008-06-18",51.3,52.1,51.26,51.48,1739300,37.39
"2008-06-19",51.43,52.43,51.16,52.27,1387100,37.96
"2008-06-20",52.16,52.28,50.87,51.06,2132400,37.08
"2008-06-23",51.38,52.34,51.3,52.18,1961600,37.9
"2008-06-24",51.99,52,51.09,51.18,1520300,37.17
"2008-06-25",51.54,51.54,50.41,50.74,3169000,36.85
"2008-06-26",50,50.2,48.69,48.71,3026500,35.38
"2008-06-27",48.48,48.68,47.52,47.93,4034100,34.81
"2008-06-30",47.91,48.93,47.77,48.37,2773700,35.13
"2008-07-01",47.92,48.43,47.31,48.34,2748200,35.11
"2008-07-02",48.34,48.51,47.06,47.14,2701200,34.24
"2008-07-03",47.3,47.52,46.73,46.94,1197200,34.09
"2008-07-07",46.96,48.12,46.45,47.05,2396100,34.17
"2008-07-08",47.3,47.99,46.99,47.92,2953100,34.8
"2008-07-09",47.61,48,46.51,46.55,2580000,33.81
"2008-07-10",46.26,47.18,46.02,46.7,2556800,33.92
"2008-07-11",45.94,46.98,45.6,46.25,1877400,33.59
"2008-07-14",46.71,46.71,45.38,46.11,2272100,33.49
"2008-07-15",45.8,46.36,44.61,45.88,2270500,33.32
"2008-07-16",45.72,47.65,45.07,47.65,3043200,34.61
"2008-07-17",47.74,49.52,47.64,49.08,3886100,35.64
"2008-07-18",49.03,49.82,48.19,49.05,2374800,35.62
"2008-07-21",49.02,49.62,48.93,49.49,1744100,35.94
"2008-07-22",49.4,50.6,49.26,50.59,2355800,36.74
"2008-07-23",49.68,51.99,48.99,49.43,3231400,35.9
"2008-07-24",49.79,49.99,48.44,48.56,1919300,35.27
"2008-07-25",49,49.65,48.77,49.51,1700100,35.96
"2008-07-28",49.45,49.64,48.71,48.76,1696500,35.41
"2008-07-29",48.64,50.12,48.64,49.97,1624700,36.29
"2008-07-30",50.3,51.36,49.88,50.7,2340600,36.82
"2008-07-31",50.25,50.53,49.48,49.63,1944500,36.04
"2008-08-01",49.96,49.96,48.43,48.56,1815000,35.27
"2008-08-04",48.44,48.47,47.59,47.77,1548700,34.69
"2008-08-05",48.22,48.86,48.07,48.64,1919900,35.33
"2008-08-06",48.54,50.22,48.34,50.13,1749900,36.41
"2008-08-07",49.64,49.73,48.35,48.46,1486000,35.19
"2008-08-08",48.41,49.76,48.09,49.59,1834000,36.02
"2008-08-11",49.63,50.4,49.22,49.75,1627100,36.13
"2008-08-12",48.15,50.34,48.15,49.98,2147100,36.3
"2008-08-13",49.78,49.79,48.28,49.05,1570700,35.62
"2008-08-14",48.35,49.64,48.15,49.11,1253700,35.67
"2008-08-15",49.19,50.3,49.08,50.16,1316800,36.43
"2008-08-18",50.42,50.5,49.45,49.76,1143200,36.14
"2008-08-19",49.44,49.76,48.42,48.71,1384200,35.38
"2008-08-20",48.5,49.22,47.97,49.15,1276000,35.7
"2008-08-21",48.25,48.96,47.85,48.75,1021000,35.41
"2008-08-22",48.95,49.76,48.94,49.76,1022700,36.14
"2008-08-25",49.41,49.59,48.37,48.59,1103500,35.29
"2008-08-26",48.51,48.51,47.58,48.12,1515200,34.95
"2008-08-27",48.09,48.32,47.62,47.97,1417700,35.02
"2008-08-28",48.11,50,48.1,49.96,1540700,36.47
"2008-08-29",49.6,50.17,49.31,49.38,1122300,36.05
"2008-09-02",50.39,51.3,49.12,49.18,1574200,35.9
"2008-09-03",49.13,49.78,49,49.55,2197700,36.17
"2008-09-04",49.05,49.31,46.22,46.25,2899800,33.77
"2008-09-05",46.15,46.4,45.28,45.67,2328400,33.34
"2008-09-08",46.53,47.2,46,46.45,2484800,33.91
"2008-09-09",46.81,46.93,44.61,44.61,2393900,32.57
"2008-09-10",45.05,46.06,44.87,45.62,1451300,33.31
"2008-09-11",45.23,45.94,44.49,45.88,1376400,33.49
"2008-09-12",45.52,46.77,45.09,46.59,2228200,34.01
"2008-09-15",44.76,46.44,44.76,45.19,1751100,32.99
"2008-09-16",45.39,46.6,43.97,46.48,2848900,33.93
"2008-09-17",46.01,46.64,44.99,45.04,2561300,32.88
"2008-09-18",45.55,45.92,41.2,43.63,4188800,31.85
"2008-09-19",42.66,47.16,42,46.21,2990100,33.74
"2008-09-22",45.72,46,44.74,44.93,1426700,32.8
"2008-09-23",44.97,45.6,42.51,42.64,2078600,31.13
"2008-09-24",42.64,42.65,41.33,42.05,2334200,30.7
"2008-09-25",42.42,42.7,41.74,42.15,2300300,30.77
"2008-09-26",42.02,42.11,40.74,41.93,2270900,30.61
"2008-09-29",41.21,41.62,37.67,38.86,3156900,28.37
"2008-09-30",39.67,40.57,38.86,40.55,2151500,29.6
"2008-10-01",40.5,40.5,38.88,39.71,2481500,28.99
"2008-10-02",39.29,39.43,36.56,36.63,2103100,26.74
"2008-10-03",37.24,37.85,35.67,35.75,2548000,26.1
"2008-10-06",34.88,35.45,33.02,35.11,2628900,25.63
"2008-10-07",35.76,35.99,32.31,32.4,3497000,23.65
"2008-10-08",31.49,34.75,31.1,33.2,3582100,24.24
"2008-10-09",33.5,34.15,31.2,31.35,2753700,22.89
"2008-10-10",30.05,34.07,28.76,32.8,4562400,23.95
"2008-10-13",33.53,36.2,32.07,34.14,3271600,24.92
"2008-10-14",37,37,33.3,34.45,3909700,25.15
"2008-10-15",33.57,35,30.77,30.77,2343500,22.46
"2008-10-16",30.77,32.28,29.15,32.2,2744000,23.51
"2008-10-17",31.34,32.69,30.63,31.1,1948700,22.7
"2008-10-20",30.76,32.25,30.58,31.49,2081300,22.99
"2008-10-21",31.3,31.61,30.3,30.33,2526400,22.14
"2008-10-22",30.33,30.33,27.21,28.02,2667700,20.46
"2008-10-23",27.85,28.56,26.18,27.27,3216900,19.91
"2008-10-24",25.62,27.25,25.34,26.27,2475100,19.18
"2008-10-27",26,27.39,25.21,26.19,2373900,19.12
"2008-10-28",26.63,29.81,26.3,29.15,2922800,21.28
"2008-10-29",28.46,31.2,28.46,29.28,2457700,21.38
"2008-10-30",30.14,31.52,29.97,31.42,2209600,22.94
"2008-10-31",31.5,32.35,30.88,31.77,2173800,23.19
"2008-11-03",31.17,32.4,30.72,32.21,1967900,23.52
"2008-11-04",33.05,33.05,32.09,32.82,2217600,23.96
"2008-11-05",32.27,33.29,31.59,31.7,1532000,23.14
"2008-11-06",31.46,31.76,29.96,30.08,2642000,21.96
"2008-11-07",30.35,30.97,29.65,30.84,1452700,22.51
"2008-11-10",31.45,32,30.16,30.6,1229800,22.34
"2008-11-11",30.12,30.93,28.96,29.94,1537600,21.86
"2008-11-12",29.6,29.69,28.38,28.46,2060600,20.78
"2008-11-13",28.57,31.27,27.95,31.18,2622300,22.76
"2008-11-14",30.19,31,28.98,29.21,2094500,21.32
"2008-11-17",28.65,30.15,28.43,28.63,1972600,20.9
"2008-11-18",28.48,29.4,27.5,28.45,2892800,20.77
"2008-11-19",28.37,29.16,26.44,26.51,2254100,19.35
"2008-11-20",26.33,27.18,23.67,23.97,3924000,17.5
"2008-11-21",24,25.56,23.39,25.47,3581100,18.59
"2008-11-24",26.09,28.37,25.42,27.61,2467600,20.16
"2008-11-25",28.59,28.59,26.37,27.41,1961100,20.19
"2008-11-26",26.92,29.29,26.59,29.17,1806300,21.49
"2008-11-28",28.83,29.83,28.82,29.83,817400,21.98
"2008-12-01",28.68,28.87,27.15,27.2,2066700,20.04
"2008-12-02",27.51,28.58,27.34,28.52,2129100,21.01
"2008-12-03",27.87,28.97,27.09,28.42,2556200,20.94
"2008-12-04",28.24,28.8,27.11,27.71,1410500,20.41
"2008-12-05",27.32,27.87,25.94,27.21,3668900,20.05
"2008-12-08",28.24,29.41,28.05,29,2712800,21.37
"2008-12-09",28.66,29.65,28.42,28.92,2832700,21.31
"2008-12-10",28.63,30.11,28.63,29.34,2211100,21.62
"2008-12-11",29.22,29.79,28.3,28.55,1816800,21.03
"2008-12-12",27.8,30.02,27.26,29.63,2650200,21.83
"2008-12-15",29.8,30.11,28.88,29.23,2163300,21.53
"2008-12-16",29.46,31.04,28.63,30.99,3275200,22.83
"2008-12-17",30.54,31.66,30.38,31.34,1912700,23.09
"2008-12-18",31.91,32.14,30.47,30.85,2377200,22.73
"2008-12-19",30.83,32.45,30.83,31.76,2950100,23.4
"2008-12-22",31.7,31.76,30.14,30.73,1734500,22.64
"2008-12-23",30.97,31.37,30.07,30.4,1905900,22.4
"2008-12-24",30.78,30.8,30.05,30.63,435000,22.57
"2008-12-26",30.72,31.18,30.48,31.12,441000,22.93
"2008-12-29",30.98,31.02,30.19,30.73,1146900,22.64
"2008-12-30",31.15,32.12,30.93,32.06,1483000,23.62
"2008-12-31",32.08,33.25,32.03,32.92,1469400,24.25
"2009-01-02",33,35.1,32.92,34.83,2074000,25.66
"2009-01-05",34.69,36.06,34.55,35.65,2374900,26.26
"2009-01-06",36.01,36.15,35.21,35.68,2342500,26.29
"2009-01-07",35.06,35.39,34.37,34.61,2095300,25.5
"2009-01-08",34.53,35.11,33.85,35.02,1141300,25.8
"2009-01-09",33.8,34.12,32.9,33.15,2304400,24.42
"2009-01-12",33.26,33.48,31.64,31.97,1947200,23.55
"2009-01-13",31.96,32.44,31.56,32.16,1774600,23.69
"2009-01-14",31.38,31.72,30.54,30.79,2115300,22.68
"2009-01-15",30.75,31.4,30.07,31.11,2544100,22.92
"2009-01-16",31.64,31.72,30,31.2,2685100,22.99
"2009-01-20",30.96,31.27,29.42,29.46,2789600,21.7
"2009-01-21",30.22,31.29,29.72,31.19,3302100,22.98
"2009-01-22",30.95,31.03,29.94,30.23,2992000,22.27
"2009-01-23",29.56,30.95,29.33,30.14,2112200,22.2
"2009-01-26",30.1,30.3,29,29.49,3375400,21.73
"2009-01-27",29.93,30.69,29.51,30.4,2868500,22.4
"2009-01-28",31.08,32.51,31.08,32.05,3487600,23.61
"2009-01-29",31.61,31.61,29.8,29.98,2200900,22.09
"2009-01-30",29.83,30.07,28.08,28.28,3626600,20.83
"2009-02-02",27.91,28.56,27.59,28.35,2714700,20.89
"2009-02-03",28.85,29.93,28.18,29.72,2746800,21.9
"2009-02-04",29.96,30.63,29.56,29.89,1993300,22.02
"2009-02-05",29.42,30.64,28.97,30.26,2221500,22.29
"2009-02-06",30.31,30.98,30.11,30.71,2328200,22.62
"2009-02-09",30.34,31.68,30.34,31.17,2567000,22.96
"2009-02-10",30.88,31.29,29.33,29.61,1615900,21.81
"2009-02-11",30.03,30.26,29.3,29.81,1449000,21.96
"2009-02-12",29.44,29.53,28.4,29.45,1838100,21.7
"2009-02-13",29.63,30.66,29.46,29.69,2260100,21.87
"2009-02-17",28.56,29.06,28,28.61,2499400,21.08
"2009-02-18",28.67,28.69,27.81,28.15,2470500,20.74
"2009-02-19",27.73,28.73,27.47,27.61,1448400,20.34
"2009-02-20",27.47,27.65,26.46,27.27,2988000,20.09
"2009-02-23",26.93,27.63,25.63,25.66,3047100,18.9
"2009-02-24",25.85,26.64,25.33,26.24,3288000,19.33
"2009-02-25",25.73,26.25,25.03,25.69,3437100,19.11
"2009-02-26",26.04,26.2,25.35,25.39,2561000,18.89
"2009-02-27",25.14,25.73,24.84,24.94,2812600,18.55
"2009-03-02",24.21,24.83,23.26,23.33,3121400,17.35
"2009-03-03",23.99,24.02,22.87,23.35,3318300,17.37
"2009-03-04",23.77,24.45,23.57,24.05,2164400,17.89
"2009-03-05",23.03,23.55,22.21,22.43,2519800,16.68
"2009-03-06",22.61,23.17,21.79,22.32,2945100,16.6
"2009-03-09",22,22.71,21.94,22.06,2198000,16.41
"2009-03-10",22.15,23.74,22.15,23.71,3228600,17.64
"2009-03-11",23.94,24.37,23.59,24.08,2409600,17.91
"2009-03-12",23.98,24.91,23.53,24.82,2165100,18.46
"2009-03-13",25,25.11,24.29,24.83,1815200,18.47
"2009-03-16",24.83,25.68,24.78,24.97,3095000,18.57
"2009-03-17",25.09,25.14,24.2,25.14,2665700,18.7
"2009-03-18",24.78,26.47,24.69,26.17,3194800,19.47
"2009-03-19",26.73,26.73,26.01,26.06,2300600,19.38
"2009-03-20",26.09,26.32,24.83,25,2575100,18.6
"2009-03-23",25.59,26.97,25.31,26.95,2170200,20.05
"2009-03-24",26.82,27.32,26.5,26.89,2370600,20
"2009-03-25",26.76,27.65,25.66,26.48,2572900,19.7
"2009-03-26",26.69,27.75,26.43,27.69,2751900,20.6
"2009-03-27",27.28,27.42,27,27.06,2316600,20.13
"2009-03-30",26.14,26.53,25.42,25.75,1728700,19.15
"2009-03-31",26.05,26.98,25.63,26.38,2798100,19.62
"2009-04-01",26.02,26.81,25.83,26.76,2208400,19.9
"2009-04-02",27.47,29.29,27.12,28.91,3351900,21.5
"2009-04-03",28.67,29.65,28.67,29.64,3469300,22.05
"2009-04-06",29.39,29.48,28.8,29.42,3223700,21.88
"2009-04-07",28.87,29.17,28.81,29.05,3845900,21.61
"2009-04-08",29.05,29.47,28.83,29.36,2819600,21.84
"2009-04-09",30.09,32.38,30.02,32.35,4417800,24.06
"2009-04-13",31.86,31.94,31.15,31.6,4978300,23.5
"2009-04-14",31.32,32.18,31.1,31.84,3102300,23.68
"2009-04-15",31.53,31.53,29.84,30.48,3964000,22.67
"2009-04-16",30.53,32.35,30.32,32.18,2955400,23.94
"2009-04-17",32.32,32.48,31.77,32.16,2413000,23.92
"2009-04-20",31.57,31.59,30.16,30.46,1910800,22.66
"2009-04-21",30.66,31.81,30.35,31.79,1916200,23.65
"2009-04-22",30.86,32.74,30,32,3776100,23.8
"2009-04-23",31.99,32.05,29.88,30.98,3946000,23.04
"2009-04-24",31.04,32.25,30.86,31.84,4181700,23.68
"2009-04-27",31.38,31.67,30.03,30.34,4681800,22.57
"2009-04-28",30.44,30.54,29.72,29.76,3178100,22.14
"2009-04-29",29.64,31.4,29.55,31.08,2587000,23.12
"2009-04-30",31.35,32.33,30.73,30.78,3104300,22.89
"2009-05-01",30.5,30.97,30.11,30.94,2449600,23.01
"2009-05-04",30.82,32.11,30.5,32.07,3263900,23.85
"2009-05-05",32.02,32.24,31.31,31.65,2212100,23.54
"2009-05-06",32.04,32.74,31.78,32.56,2156200,24.22
"2009-05-07",32.51,32.88,31.89,32.47,3116700,24.15
"2009-05-08",32.82,34.12,32.56,34.03,3091400,25.31
"2009-05-11",33.74,33.74,32.77,33.12,3244200,24.64
"2009-05-12",33.15,33.42,31.68,32.68,2425800,24.31
"2009-05-13",32.09,32.09,30.79,30.96,1465400,23.03
"2009-05-14",31.01,31.31,30.72,30.98,2108400,23.04
"2009-05-15",30.83,31.9,30.64,31.15,2024500,23.17
"2009-05-18",31.53,32.36,31.37,32.36,1245700,24.07
"2009-05-19",32.41,32.75,32.02,32.28,1397000,24.01
"2009-05-20",32.42,32.92,31.78,31.86,1214200,23.7
"2009-05-21",31.41,31.56,30.39,30.8,1049100,22.91
"2009-05-22",30.86,31.29,30.37,30.9,1145200,22.98
"2009-05-26",30.62,31.98,30.36,31.79,1432700,23.65
"2009-05-27",31.42,31.88,30.85,30.88,1663500,23.15
"2009-05-28",31.32,31.39,30.26,31.01,1435000,23.25
"2009-05-29",31.34,31.5,30.74,31.44,1438600,23.57
"2009-06-01",31.99,33.74,31.92,33.53,1912000,25.14
"2009-06-02",35.11,35.16,34.25,34.68,3085900,26
"2009-06-03",34.43,34.78,33.86,34.21,2428200,25.65
"2009-06-04",34.4,35.5,34.05,35.31,2618800,26.47
"2009-06-05",35.69,36.35,35.49,35.69,2548700,26.76
"2009-06-08",35.3,35.86,34.59,35.5,2465600,26.61
"2009-06-09",35.5,36.1,35.1,35.85,2024200,26.88
"2009-06-10",36.39,36.39,35.16,35.72,2766800,26.78
"2009-06-11",36.06,36.55,35.73,36.2,1992900,27.14
"2009-06-12",35.86,36.16,35.35,36.16,1711000,27.11
"2009-06-15",35.66,35.85,34.5,34.77,1923300,26.07
"2009-06-16",34.97,35.21,34.17,34.27,2553600,25.69
"2009-06-17",34.21,34.66,33.82,34.17,2202100,25.62
"2009-06-18",34.29,34.31,33.58,33.67,1782300,25.24
"2009-06-19",34.5,34.75,33.23,33.57,2507400,25.17
"2009-06-22",33.33,33.33,31.92,31.94,1924400,23.95
"2009-06-23",31.93,32.13,31.77,31.93,2123000,23.94
"2009-06-24",31.94,32.88,31.83,31.96,2773900,23.96
"2009-06-25",31.87,33,31.76,32.96,1933100,24.71
"2009-06-26",32.9,33.26,32.68,33.03,2189700,24.76
"2009-06-29",33.09,33.68,32.94,33.55,1547200,25.15
"2009-06-30",33.53,33.67,32.91,33.09,2257900,24.81
"2009-07-01",33.21,33.72,33.1,33.41,1317700,25.05
"2009-07-02",33.05,33.05,32.22,32.22,1753300,24.16
"2009-07-06",31.92,32.03,31.67,31.95,1555700,23.95
"2009-07-07",31.75,31.94,30.96,31.05,1784200,23.28
"2009-07-08",31.03,31.14,30.3,30.7,1773900,23.02
"2009-07-09",30.85,31.07,30.5,30.75,1549900,23.05
"2009-07-10",31.02,31.86,31.02,31.52,2243800,23.63
"2009-07-13",31.53,31.99,31.19,31.97,1869400,23.97
"2009-07-14",32.05,32.34,31.8,32.33,1815500,24.24
"2009-07-15",32.78,33.4,32.6,33.25,1906800,24.93
"2009-07-16",33.24,34.07,32.98,33.92,1596300,25.43
"2009-07-17",33.62,33.93,33.43,33.71,1267200,25.27
"2009-07-20",34,34.75,33.98,34.69,1339500,26.01
"2009-07-21",35.11,35.56,34.53,34.8,2280200,26.09
"2009-07-22",34.74,35.46,34.74,35.18,1801500,26.37
"2009-07-23",34.87,36.77,34.79,36.52,2970800,27.38
"2009-07-24",35.94,36.3,33.58,35.12,4305000,26.33
"2009-07-27",35.15,35.23,34.18,34.51,2202400,25.87
"2009-07-28",34.25,34.51,33.6,34.02,1924000,25.51
"2009-07-29",33.71,33.87,32.97,33.45,2069700,25.08
"2009-07-30",33.89,34.4,33.51,33.59,1530800,25.18
"2009-07-31",33.61,34.33,33.32,34.01,1908600,25.5
"2009-08-03",34.17,34.6,33.91,34.48,1987900,25.85
"2009-08-04",34.6,34.76,34.01,34.68,1839200,26
"2009-08-05",34.73,34.79,33.88,34.01,1150100,25.5
"2009-08-06",34.1,34.33,33.65,33.94,1884500,25.45
"2009-08-07",34.41,34.54,34.07,34.35,1497800,25.75
"2009-08-10",34.12,34.3,33.41,33.67,1368200,25.24
"2009-08-11",33.77,33.77,32.97,33.37,1229100,25.02
"2009-08-12",33.36,34.47,33.31,34.16,1013400,25.61
"2009-08-13",34.32,34.89,34.29,34.68,1683300,26
"2009-08-14",34.75,34.85,33.8,34.26,1501100,25.69
"2009-08-17",33.81,33.81,33.01,33.31,1271500,24.97
"2009-08-18",33.44,34.03,33.39,34.02,1383700,25.51
"2009-08-19",33.42,34.32,33.41,34.26,1703300,25.69
"2009-08-20",34.08,34.63,34.08,34.49,1137200,25.86
"2009-08-21",34.78,35.55,34.61,35.52,1525400,26.63
"2009-08-24",35.71,35.98,35.33,35.56,1445300,26.66
"2009-08-25",35.86,36.26,35.46,36.01,2023700,27
"2009-08-26",35.75,36.02,35.34,35.55,1439300,26.65
"2009-08-27",35.26,35.88,34.84,35.82,1772200,27.05
"2009-08-28",36.06,36.27,35.17,35.37,1431400,26.71
"2009-08-31",34.98,35.1,34.39,34.59,1137300,26.12
"2009-09-01",34.59,35.34,33.74,33.84,1698100,25.56
"2009-09-02",33.84,34.03,33.57,33.73,1906800,25.47
"2009-09-03",33.76,34.18,33.5,34.09,1133500,25.75
"2009-09-04",34.09,34.96,33.92,34.93,1029400,26.38
"2009-09-08",35.08,35.41,34.81,35.14,1213900,26.54
"2009-09-09",35.31,36.52,35.13,36.42,2700300,27.51
"2009-09-10",36.28,37.07,35.98,37.06,1842300,27.99
"2009-09-11",37.09,37.83,36.9,37.45,4180600,28.28
"2009-09-14",37.27,38.18,37.14,37.97,2584800,28.68
"2009-09-15",37.98,38.39,37.53,38.09,2121600,28.77
"2009-09-16",38.39,38.54,37.58,38.52,1925800,29.09
"2009-09-17",38.47,39.22,38.34,38.66,2420100,29.2
"2009-09-18",38.94,39.79,38.85,39.37,3336200,29.73
"2009-09-21",39.14,39.19,38.58,38.68,1614700,29.21
"2009-09-22",38.9,39.13,38.54,38.87,1646400,29.36
"2009-09-23",39.03,39.03,38.17,38.21,1421100,28.86
"2009-09-24",38.43,38.65,37.59,37.78,1525300,28.53
"2009-09-25",37.66,37.82,37.41,37.68,1524400,28.46
"2009-09-28",37.75,38.77,37.68,38.35,1383000,28.96
"2009-09-29",38.47,38.93,38.39,38.66,1281900,29.2
"2009-09-30",38.54,39.36,37.68,38.76,3234000,29.27
"2009-10-01",38.66,38.72,37.02,37.03,2769700,27.97
"2009-10-02",36.75,37.01,36.52,36.79,1747500,27.79
"2009-10-05",36.9,37.75,36.88,37.73,2059000,28.49
"2009-10-06",38.17,38.92,37.79,37.95,1933900,28.66
"2009-10-07",37.89,37.99,37.49,37.87,1035200,28.6
"2009-10-08",38.27,38.92,38.1,38.65,2414500,29.19
"2009-10-09",38.57,39.46,38.54,39.41,1636400,29.76
"2009-10-12",39.52,39.76,39.32,39.51,1034900,29.84
"2009-10-13",39.49,39.51,38.62,39.04,2196400,29.48
"2009-10-14",39.5,40.23,39.22,40.13,1739200,30.31
"2009-10-15",39.99,40.49,39.92,40.34,2025200,30.47
"2009-10-16",39.97,40.13,39.53,39.85,1190300,30.1
"2009-10-19",40.07,40.74,39.92,40.24,2084700,30.39
"2009-10-20",40.37,40.53,39.8,40.1,1626600,30.28
"2009-10-21",39.96,40.85,39.72,39.81,1818300,30.07
"2009-10-22",39.84,40.63,39.43,40.54,2244100,30.62
"2009-10-23",41.52,41.52,38.58,38.66,3867900,29.2
"2009-10-26",38.69,40.74,38.08,38.98,3145400,29.44
"2009-10-27",39.04,39.57,37.88,38,2631800,28.7
"2009-10-28",37.93,38.1,37.28,37.49,2104400,28.31
"2009-10-29",37.7,38.94,37.54,38.78,2630300,29.29
"2009-10-30",38.59,38.81,37.61,37.68,2631600,28.46
"2009-11-02",37.76,38.48,37.31,38.12,2314800,28.79
"2009-11-03",37.65,38.87,37.65,38.67,1844000,29.2
"2009-11-04",39,39.68,38.65,38.7,2272900,29.23
"2009-11-05",39.02,40.17,39.02,40.13,1847900,30.31
"2009-11-06",40.05,40.43,39.93,40.12,1962500,30.3
"2009-11-09",40.46,41.42,40.28,41.37,2441100,31.24
"2009-11-10",41.3,41.61,41.07,41.54,1713400,31.37
"2009-11-11",41.8,42.05,41.26,41.64,1293900,31.45
"2009-11-12",41.34,41.83,40.9,41.06,1511400,31.01
"2009-11-13",41.23,41.51,40.82,41.29,1378600,31.18
"2009-11-16",41.5,42.96,41.49,42.87,2150700,32.38
"2009-11-17",42.62,43.1,42.25,42.57,1569500,32.15
"2009-11-18",42.41,42.64,42,42.44,1113300,32.05
"2009-11-19",42.3,42.3,41.32,41.85,1092600,31.61
"2009-11-20",41.04,41.65,40.97,41.37,960400,31.24
"2009-11-23",42.12,42.63,41.58,41.75,1259200,31.53
"2009-11-24",41.9,42.06,41.22,41.77,1428600,31.55
"2009-11-25",41.7,41.73,41.39,41.64,793400,31.64
"2009-11-27",40.15,41.11,40.15,40.58,463000,30.84
"2009-11-30",40.4,40.97,40.19,40.88,1832800,31.07
"2009-12-01",41.16,41.79,41.05,41.32,1632700,31.4
"2009-12-02",41.45,41.78,41.03,41.32,1330400,31.4
"2009-12-03",41.33,41.76,40.88,40.91,760600,31.09
"2009-12-04",41.63,42.06,40.9,41.6,868700,31.61
"2009-12-07",41.68,42.4,41.67,41.98,1287800,31.9
"2009-12-08",41.56,41.61,40.84,41.13,981200,31.26
"2009-12-09",40.96,41.03,40.29,40.91,1292600,31.09
"2009-12-10",41.21,41.44,40.9,40.99,898800,31.15
"2009-12-11",41.14,41.29,40.81,41.07,814000,31.21
"2009-12-14",41.42,41.66,41.07,41.6,1492800,31.61
"2009-12-15",41.35,41.56,41.08,41.36,1268100,31.43
"2009-12-16",41.61,41.96,41.31,41.41,1240200,31.47
"2009-12-17",40.95,41.39,40.82,41.02,1143100,31.17
"2009-12-18",41.05,41.24,40.22,40.59,2265900,30.85
"2009-12-21",40.88,41.16,40.79,40.95,1131700,31.12
"2009-12-22",41.01,41.61,40.94,41.48,1142900,31.52
"2009-12-23",41.58,41.91,41.3,41.82,893600,31.78
"2009-12-24",42,42.7,42,42.55,455200,32.34
"2009-12-28",42.63,42.75,42.16,42.46,863900,32.27
"2009-12-29",42.6,42.6,42.09,42.15,701400,32.03
"2009-12-30",41.91,42.35,41.88,42.18,712600,32.06
"2009-12-31",42.15,42.3,41.61,41.61,745200,31.62
"2010-01-04",41.92,42.36,41.63,42.36,1502300,32.19
"2010-01-05",42.26,42.31,41.95,42.16,1027600,32.04
"2010-01-06",42.15,42.72,41.9,42.66,1496500,32.42
"2010-01-07",42.83,44.11,42.83,43.6,1582600,33.13
"2010-01-08",43.56,44.87,43.22,44.85,1769700,34.08
"2010-01-11",44.92,45.55,44.85,45.39,1620600,34.49
"2010-01-12",44.96,45.56,44.83,45.55,2607900,34.62
"2010-01-13",45.39,46.06,45.27,45.97,3746300,34.94
"2010-01-14",45.94,46.48,45.55,46.43,2187000,35.29
"2010-01-15",46.22,46.33,45.43,45.59,2300600,34.65
"2010-01-19",45.33,46,45.28,45.9,1880900,34.88
"2010-01-20",45.5,45.52,44.97,45.45,2213700,34.54
"2010-01-21",45.33,45.72,44.7,44.85,2267200,34.08
"2010-01-22",44.79,44.79,43.71,43.77,1614500,33.26
"2010-01-25",43.92,44.43,43.07,43.25,2112200,32.87
"2010-01-26",42.99,43.44,42.72,42.96,1324100,32.65
"2010-01-27",42.82,42.96,41.97,42.81,2192100,32.53
"2010-01-28",42.93,43.1,42.29,42.52,2334700,32.31
"2010-01-29",43.1,45.05,42.85,42.88,3659000,32.59
"2010-02-01",43.18,43.89,43.02,43.47,1832200,33.04
"2010-02-02",43.66,44.44,43.58,44.32,2187100,33.68
"2010-02-03",43.88,44.63,43.87,44.13,1666400,33.54
"2010-02-04",43.73,44.03,42.58,42.76,2516600,32.5
"2010-02-05",42.68,42.97,40.5,41.49,4012300,31.53
"2010-02-08",41.42,41.66,40.85,41.05,2558000,31.2
"2010-02-09",41.55,42.36,41.49,42.06,3385100,31.96
"2010-02-10",42.01,42.45,41.62,42.09,1669000,31.99
"2010-02-11",42.02,42.92,41.72,42.88,2591800,32.59
"2010-02-12",42.48,42.88,41.96,42.72,1671600,32.47
"2010-02-16",43.06,43.66,42.94,43.65,1581700,33.17
"2010-02-17",43.86,44.47,43.68,44.45,2570700,33.78
"2010-02-18",44.75,45.62,44.4,45.44,2716600,34.53
"2010-02-19",45.39,46.11,45.1,46.08,2957700,35.02
"2010-02-22",46.14,46.22,45.74,46.02,2354400,34.97
"2010-02-23",45.39,45.92,44.52,44.94,2890900,34.15
"2010-02-24",44.98,45.1,44.5,44.7,3222800,34.17
"2010-02-25",43.68,44.68,43.44,44.61,2421000,34.1
"2010-02-26",44.73,45.36,44.54,45.26,1937600,34.6
"2010-03-01",45.52,46.09,45.32,45.76,1654700,34.98
"2010-03-02",46.09,46.38,45.85,46.15,1824100,35.28
"2010-03-03",46.06,46.45,45.77,45.92,1915800,35.1
"2010-03-04",46.06,46.49,45.78,46.07,1507100,35.22
"2010-03-05",46.38,47.07,46.38,47.02,1678000,35.94
"2010-03-08",47,47.07,46.61,46.67,631100,35.67
"2010-03-09",46.5,46.87,46.32,46.52,1136400,35.56
"2010-03-10",46.45,46.45,46.04,46.33,1308900,35.41
"2010-03-11",45.78,46.42,45.45,46.41,942800,35.48
"2010-03-12",46.63,46.77,46.13,46.43,814100,35.49
"2010-03-15",46.28,46.35,45.83,46.24,1224300,35.35
"2010-03-16",46.43,46.79,46.24,46.36,1762100,35.44
"2010-03-17",46.44,47.31,46.32,46.93,1051000,35.87
"2010-03-18",46.85,47.25,46.72,47.09,1125800,35.99
"2010-03-19",47.34,47.44,46.43,46.53,1549100,35.57
"2010-03-22",46.17,46.9,45.97,46.42,1121000,35.48
"2010-03-23",46.41,47.56,46.04,47.38,2707900,36.22
"2010-03-24",47.31,47.31,46.37,46.4,1823200,35.47
"2010-03-25",46.84,46.84,46.1,46.18,2002700,35.3
"2010-03-26",46.19,46.49,45.55,46.07,2780500,35.22
"2010-03-29",46.23,46.68,45.98,46.64,1999100,35.65
"2010-03-30",46.82,47.28,46.8,47.12,1758700,36.02
"2010-03-31",46.97,47.18,46.57,46.75,1120800,35.74
"2010-04-01",47,47.43,46.66,47,1717700,35.93
"2010-04-05",47.29,47.7,47.15,47.55,1717100,36.35
"2010-04-06",47.41,47.67,47.17,47.65,1261000,36.42
"2010-04-07",47.5,47.73,47.16,47.34,1408800,36.19
"2010-04-08",47.12,47.28,46.6,47.14,1020900,36.03
"2010-04-09",47.2,48.06,47.01,48.02,1339500,36.71
"2010-04-12",48.19,48.23,47.67,47.82,1078800,36.55
"2010-04-13",47.63,48.11,47.5,47.87,1075800,36.59
"2010-04-14",48,48.75,47.96,48.69,1260700,37.22
"2010-04-15",48.4,48.75,48.39,48.51,1198500,37.08
"2010-04-16",48.4,48.47,47.55,47.78,1113200,36.52
"2010-04-19",47.48,47.84,46.93,47.75,1141400,36.5
"2010-04-20",48.21,48.62,47.98,48.25,1134100,36.88
"2010-04-21",48.2,48.93,48.15,48.89,1426200,37.37
"2010-04-22",48.6,50.34,48.25,50.25,2482100,38.41
"2010-04-23",53.6,55.5,53.6,54.2,6666200,41.43
"2010-04-26",54.12,54.12,53.34,53.61,2577000,40.98
"2010-04-27",53.47,53.77,51.55,51.74,3024700,39.55
"2010-04-28",51.88,52.35,51.69,52.04,1430700,39.78
"2010-04-29",52.57,53.03,52.2,52.85,1879200,40.4
"2010-04-30",53,53.42,52.21,52.22,2167600,39.92
"2010-05-03",52.57,53.56,52.43,53.41,1282100,40.83
"2010-05-04",52.62,52.62,51.36,51.92,2002200,39.69
"2010-05-05",51.37,51.91,51.06,51.6,2188500,39.44
"2010-05-06",51.21,51.44,45.01,48.74,2979800,37.26
"2010-05-07",48.72,48.95,46.73,48.03,3330900,36.71
"2010-05-10",50.62,51.27,50,50.94,2025000,38.94
"2010-05-11",50.28,51.4,50.28,50.47,2080800,38.58
"2010-05-12",50.67,51.93,50.67,51.77,1310100,39.57
"2010-05-13",51.72,51.91,50.74,50.82,1389600,38.85
"2010-05-14",50.23,50.61,48.84,49.49,1566400,37.83
"2010-05-17",49.43,50.1,48.2,49.5,1553000,37.84
"2010-05-18",50.05,50.41,47.99,48.24,2019000,36.87
"2010-05-19",47.88,48.07,45.94,47.18,3306800,36.06
"2010-05-20",45.72,45.84,44.2,44.21,3757900,33.79
"2010-05-21",43.24,44.7,43,44.45,5008900,33.98
"2010-05-24",44.27,44.87,43.95,43.99,2597700,33.63
"2010-05-25",42.75,43.73,42.2,43.66,2931800,33.37
"2010-05-26",44.15,44.62,43.55,43.75,2807300,33.64
"2010-05-27",44.86,45.61,44.41,45.61,1617700,35.07
"2010-05-28",45.49,45.72,44.41,44.89,2327700,34.52
"2010-06-01",44.31,45.35,43.71,43.72,2057100,33.62
"2010-06-02",43.93,45.2,43.37,45.16,2083800,34.73
"2010-06-03",45.1,46.05,45.1,45.82,2276800,35.23
"2010-06-04",44.49,44.91,42.85,43.05,2005200,33.1
"2010-06-07",43.04,43.38,41.92,41.98,1758600,32.28
"2010-06-08",42,42.62,41.42,42.29,1494400,32.52
"2010-06-09",42.6,43.96,42.51,42.69,1918700,32.83
"2010-06-10",43.57,44.67,43.53,44.65,2083800,34.33
"2010-06-11",44.09,45.18,43.99,45.14,1985200,34.71
"2010-06-14",45.73,46.34,45.25,45.41,1759200,34.92
"2010-06-15",45.75,47.01,45.75,46.94,1666600,36.1
"2010-06-16",46.3,46.75,46.15,46.4,1527900,35.68
"2010-06-17",46.51,46.64,45.45,45.95,1976700,35.33
"2010-06-18",46.08,46.21,45.33,45.63,1997800,35.09
"2010-06-21",46.35,47.16,46.06,46.32,1471700,35.62
"2010-06-22",46.45,46.53,44.38,44.49,3219300,34.21
"2010-06-23",44.48,44.75,43.43,44.35,2200600,34.1
"2010-06-24",44.17,44.49,43.19,43.3,1830600,33.3
"2010-06-25",43.51,44.22,43.15,44.14,2649700,33.94
"2010-06-28",44.13,44.35,43.26,43.78,1223700,33.67
"2010-06-29",42.87,43.01,41.56,41.91,2227000,32.23
"2010-06-30",41.91,42.71,41.65,41.79,1982200,32.14
"2010-07-01",41.74,41.99,40.5,41.31,2206800,31.77
"2010-07-02",41.43,41.7,40.84,41.11,1350600,31.61
"2010-07-06",41.77,42.48,41.23,41.66,2146000,32.04
"2010-07-07",41.67,43.19,41.52,43.12,1888800,33.16
"2010-07-08",43.58,43.84,42.89,43.59,1266500,33.52
"2010-07-09",43.63,44.31,43.38,44.17,1198900,33.97
"2010-07-12",43.9,44.03,43.04,43.45,1303800,33.41
"2010-07-13",44.21,44.79,44.12,44.38,1505800,34.13
"2010-07-14",44.22,44.91,43.92,44.49,1240700,34.21
"2010-07-15",44.4,44.55,43.25,44.1,1754400,33.91
"2010-07-16",43.5,43.77,42.47,42.58,1720900,32.74
"2010-07-19",42.9,43.21,42.23,43.1,879500,33.14
"2010-07-20",42.35,43.71,42.34,43.68,1442600,33.59
"2010-07-21",44.07,44.86,43.84,44.3,2239500,34.07
"2010-07-22",45,46.07,44.83,46.04,2682700,35.4
"2010-07-23",48.74,48.75,46.81,47.74,4185300,36.71
"2010-07-26",48.01,48.75,47.45,48.54,1931300,37.33
"2010-07-27",48.84,48.84,47.3,47.39,2902700,36.44
"2010-07-28",47.45,47.88,47.07,47.33,1335600,36.4
"2010-07-29",47.74,48.12,47.1,47.73,2033000,36.7
"2010-07-30",46.98,48.13,46.79,47.97,1885000,36.89
"2010-08-02",48.98,49.34,48.28,48.88,1955600,37.59
"2010-08-03",48.6,49.03,48.25,48.56,1387700,37.34
"2010-08-04",48.68,49.41,48.43,49.36,1257100,37.96
"2010-08-05",48.99,49.5,48.79,49.05,1170900,37.72
"2010-08-06",48.5,49.19,48.02,49.19,1400200,37.83
"2010-08-09",49.36,49.38,48.59,49.01,1364800,37.69
"2010-08-10",49.33,49.71,48.7,49.45,2566400,38.03
"2010-08-11",48.21,48.34,46.73,46.86,1739500,36.03
"2010-08-12",46.07,46.86,46,46.61,1274500,35.84
"2010-08-13",46.36,46.79,46.3,46.41,650500,35.69
"2010-08-16",45.97,46.65,45.55,46.39,882500,35.67
"2010-08-17",46.96,48,46.74,47.49,1368200,36.52
"2010-08-18",47.49,47.81,46.88,47.52,834300,36.54
"2010-08-19",47.22,47.43,46.04,46.46,978500,35.73
"2010-08-20",46.02,46.33,45.53,46.18,929200,35.51
"2010-08-23",46.5,46.59,45.26,45.38,2216000,34.9
"2010-08-24",44.63,44.76,44.13,44.46,1567000,34.19
"2010-08-25",44,44.46,43.23,44.24,1564600,34.02
"2010-08-26",44.69,45.24,44.16,44.35,1486600,34.1
"2010-08-27",44.4,45.45,43.62,45.35,2033100,35.09
"2010-08-30",45.14,45.45,44.47,44.47,1619300,34.41
"2010-08-31",44.23,45.28,43.89,44.76,1624100,34.63
"2010-09-01",45.68,47.79,45.48,47.67,2359100,36.89
"2010-09-02",47.54,48.55,47.54,48.46,1738700,37.5
"2010-09-03",49.25,50.06,49.06,49.21,1498700,38.08
"2010-09-07",48.72,49.22,48.53,48.63,1047100,37.63
"2010-09-08",48.81,49.45,48.66,48.7,1312800,37.68
"2010-09-09",49.53,49.66,48.67,48.93,1163700,37.86
"2010-09-10",49.12,49.5,48.8,49.2,1608900,38.07
"2010-09-13",49.78,50.24,49.4,49.98,1551400,38.67
"2010-09-14",49.91,50.76,49.59,50.4,1808900,39
"2010-09-15",50.23,50.45,49.74,50.2,1221900,38.84
"2010-09-16",49.5,50.19,49.5,49.84,1578800,38.56
"2010-09-17",50.08,51,49.73,50.59,2279900,39.14
"2010-09-20",50.79,51.92,50.67,51.84,1384200,40.11
"2010-09-21",51.86,51.98,51.09,51.38,1637000,39.76
"2010-09-22",51.46,51.66,50.29,50.64,1724800,39.18
"2010-09-23",50.06,50.46,49.56,49.66,1206400,38.43
"2010-09-24",50.58,51.87,50.38,51.81,1741100,40.09
"2010-09-27",51.92,51.96,50.98,50.98,1548700,39.45
"2010-09-28",51.05,51.57,50.13,51.46,1832300,39.82
"2010-09-29",51.14,51.97,50.95,51.88,2538700,40.14
"2010-09-30",52.09,53,51.74,52.21,4881500,40.4
"2010-10-01",52.74,52.85,52,52.52,1991400,40.64
"2010-10-04",52.51,52.93,51.39,52.12,1851800,40.33
"2010-10-05",52.67,54.48,52.67,54.32,2431900,42.03
"2010-10-06",54.45,54.5,53.66,53.98,2210900,41.77
"2010-10-07",54.29,54.82,53.66,54.69,3413400,42.32
"2010-10-08",54.71,54.89,53.72,54.54,3848400,42.2
"2010-10-11",54.54,54.76,53.82,54.07,1396800,41.84
"2010-10-12",54,54.43,53.29,54.05,2237800,41.82
"2010-10-13",54.96,54.97,54.5,54.69,1884500,42.32
"2010-10-14",54.73,54.87,53.56,54.04,2710400,41.81
"2010-10-15",54.45,54.67,53.43,54.02,1912800,41.8
"2010-10-18",54.25,54.3,53.15,53.59,2594400,41.47
"2010-10-19",52.68,53.16,52.26,52.68,3304100,40.76
"2010-10-20",52.97,54.14,52.91,53.8,1981700,41.63
"2010-10-21",54.06,54.82,53.92,54.79,2514100,42.39
"2010-10-22",53.62,53.62,51.72,53.18,5515000,41.15
"2010-10-25",53.72,54.38,53.22,53.4,2429300,41.32
"2010-10-26",52.95,53.44,52.67,53.17,1631300,41.14
"2010-10-27",52.66,52.99,52.16,52.87,1477300,40.91
"2010-10-28",53.22,53.59,52.43,52.92,1148400,40.95
"2010-10-29",52.68,53.23,52.57,53.1,2024800,41.09
"2010-11-01",53.25,53.99,53.05,53.52,1688000,41.41
"2010-11-02",54.11,54.12,53.74,53.93,1203200,41.73
"2010-11-03",54.2,54.21,53.23,54.05,793500,41.82
"2010-11-04",54.77,55.64,54.59,55.21,2634700,42.72
"2010-11-05",55.25,55.39,54.8,55.08,2385400,42.62
"2010-11-08",54.74,54.98,54.22,54.54,1544700,42.2
"2010-11-09",54.5,54.9,54.13,54.38,1665900,42.08
"2010-11-10",54.39,54.9,53.91,54.85,1292100,42.44
"2010-11-11",54.26,55.09,54.23,55.08,1755800,42.62
"2010-11-12",54.65,54.87,54.25,54.62,2051800,42.26
"2010-11-15",55.1,55.93,54.85,54.89,2482700,42.47
"2010-11-16",54.46,54.7,53.2,53.52,2820800,41.41
"2010-11-17",53.65,53.76,53.1,53.36,1686900,41.29
"2010-11-18",53.9,54.92,53.87,54.32,1503500,42.03
"2010-11-19",54.33,54.91,53.88,54.87,1714400,42.46
"2010-11-22",56.07,56.22,54.81,55.69,2830300,43.09
"2010-11-23",54.88,55.12,54.2,54.56,1459700,42.22
"2010-11-24",54.94,56.69,54.85,56.64,1793000,43.83
"2010-11-26",55.91,56.1,55.42,55.71,533500,43.32
"2010-11-29",55.19,55.27,54.5,55.22,1872600,42.94
"2010-11-30",54.45,55.18,54.24,54.81,1446600,42.62
"2010-12-01",55.94,56.85,55.86,56.8,1543100,44.16
"2010-12-02",56.97,57.87,56.68,57.78,1198700,44.93
"2010-12-03",57.57,57.88,57.32,57.79,1098400,44.93
"2010-12-06",57.6,57.69,57.14,57.46,1222200,44.68
"2010-12-07",58.09,58.25,57.56,57.61,1568100,44.79
"2010-12-08",57.75,58.25,57.62,58.14,1192300,45.21
"2010-12-09",58.49,58.66,57.87,58.08,920700,45.16
"2010-12-10",58.35,58.6,58.06,58.45,893400,45.45
"2010-12-13",58.85,58.86,57.77,57.8,1438000,44.94
"2010-12-14",57.81,58.26,57.53,57.73,1345700,44.89
"2010-12-15",57.67,58.26,57.48,57.53,1722400,44.73
"2010-12-16",57.53,57.83,57.05,57.68,1352000,44.85
"2010-12-17",57.67,57.95,57.08,57.36,1601900,44.6
"2010-12-20",57.59,57.93,56.12,57.07,2127900,44.37
"2010-12-21",57.27,57.58,57.08,57.44,1272700,44.66
"2010-12-22",57.5,59.2,56.9,58.96,4723600,45.84
"2010-12-23",58.91,58.95,58.48,58.68,1382700,45.63
"2010-12-27",58.31,58.6,58,58.45,586600,45.45
"2010-12-28",58.48,58.83,58.22,58.62,1058400,45.58
"2010-12-29",58.79,58.98,58.42,58.51,1202100,45.49
"2010-12-30",58.4,58.78,58.39,58.59,551400,45.56
"2010-12-31",58.51,58.72,58.27,58.45,635500,45.45
"2011-01-03",59.18,59.82,58.97,59.12,1735000,45.97
"2011-01-04",59.33,59.5,58.19,58.79,1626600,45.71
"2011-01-05",58.39,58.83,58.12,58.21,1547700,45.26
"2011-01-06",58.2,58.54,57.38,57.56,1678900,44.76
"2011-01-07",57.76,58.45,57.35,57.39,1446700,44.62
"2011-01-10",57.12,57.62,56.77,57.44,1404400,44.66
"2011-01-11",57.72,58.19,57.5,57.83,1252400,44.97
"2011-01-12",58.25,59.12,58.18,58.88,1036400,45.78
"2011-01-13",58.97,59.17,58.62,59.06,1344400,45.92
"2011-01-14",58.82,59.59,58.53,59.59,1348400,46.33
"2011-01-18",59.45,59.91,59.45,59.75,1142200,46.46
"2011-01-19",59.67,59.67,57.97,58.2,2121200,45.25
"2011-01-20",57.95,58.1,56.51,56.72,2283500,44.1
"2011-01-21",57.28,57.84,56.52,56.66,2447000,44.06
"2011-01-24",56.77,57.84,56.77,56.96,1819300,44.29
"2011-01-25",56.86,57.57,56.59,57.48,1419200,44.69
"2011-01-26",57.77,59.6,57.73,59.39,3010000,46.18
"2011-01-27",58.31,60,58.31,59.48,3291600,46.25
"2011-01-28",61.21,65,60.95,62.15,5565800,48.32
"2011-01-31",62.64,64.55,62.64,64.1,4298800,49.84
"2011-02-01",64.49,66.03,63.88,65.73,2825800,51.11
"2011-02-02",65.33,65.6,64.62,65.17,1968400,50.67
"2011-02-03",65.07,65.37,64.6,64.71,2431600,50.31
"2011-02-04",64.84,65.46,64.68,65.29,1368600,50.77
"2011-02-07",65.56,66.05,65.43,65.85,2617300,51.2
"2011-02-08",65.93,66.65,65.43,66.08,1555300,51.38
"2011-02-09",65.72,66.2,65.37,66.09,1894700,51.39
"2011-02-10",65.85,66.97,65.7,66.59,1759700,51.78
"2011-02-11",66.26,67.01,65.91,66.64,1612400,51.82
"2011-02-14",66.66,67.81,66.47,67.71,1712400,52.65
"2011-02-15",67.28,67.66,66.29,66.47,1477800,51.68
"2011-02-16",66.77,67.34,66.14,66.63,1376000,51.81
"2011-02-17",66.72,67.6,66.25,67.34,1374100,52.36
"2011-02-18",67.87,68.07,67.11,67.75,1437400,52.68
"2011-02-22",66.81,66.84,65.28,65.49,976700,50.92
"2011-02-23",65.51,65.65,62.91,63.5,1935800,49.37
"2011-02-24",63.59,64.63,62.9,63.5,1636600,49.59
"2011-02-25",63.99,64.22,63.78,64.06,1337400,50.03
"2011-02-28",64.28,64.9,63.86,64.25,1256900,50.17
"2011-03-01",64.35,64.93,63.43,63.64,1500500,49.7
"2011-03-02",63.64,65.53,63.5,64.64,1702100,50.48
"2011-03-03",65.07,66.76,65.07,66.63,2270700,52.03
"2011-03-04",66.43,66.63,65.15,65.63,3079700,51.25
"2011-03-07",65.58,66.15,63.53,63.82,2854600,49.84
"2011-03-08",64.28,65.48,63.84,64.92,1130500,50.7
"2011-03-09",64.7,64.84,63.91,64.7,1074100,50.53
"2011-03-10",63.85,63.9,62.57,63.15,1126400,49.32
"2011-03-11",63.08,64.03,62.51,63.7,1229300,49.74
"2011-03-14",63.09,63.84,62.53,63.12,1388000,49.29
"2011-03-15",60.94,62.83,60.43,62.5,1727500,48.81
"2011-03-16",62.3,63.14,61.59,62.17,2783400,48.55
"2011-03-17",63.48,64.06,62.99,63.35,1441900,49.47
"2011-03-18",64.38,64.5,63.02,63.34,1949300,49.46
"2011-03-21",64.55,65.43,64.3,65.24,3106000,50.95
"2011-03-22",65.16,65.22,64.14,64.34,1905700,50.24
"2011-03-23",64.27,64.66,63.46,64.33,1683900,50.24
"2011-03-24",65.08,65.58,64.55,65.24,2118900,50.95
"2011-03-25",65.48,65.82,65.08,65.51,1026700,51.16
"2011-03-28",65.6,65.72,64.62,64.64,1172600,50.48
"2011-03-29",64.58,64.93,64,64.93,1229900,50.71
"2011-03-30",65.26,65.33,64.7,65.04,1247400,50.79
"2011-03-31",64.99,65.88,64.87,65.74,1095100,51.34
"2011-04-01",66.55,67.41,66.05,67.24,1804700,52.51
"2011-04-04",67.01,67.04,65.63,66.6,1435400,52.01
"2011-04-05",66.64,66.75,66.22,66.58,1865200,51.99
"2011-04-06",66.85,66.95,66.13,66.4,1201500,51.85
"2011-04-07",66.15,66.37,65.41,65.95,1074300,51.5
"2011-04-08",65.92,66.24,64.66,65.09,1033500,50.83
"2011-04-11",65.15,65.42,64.62,65,1162100,50.76
"2011-04-12",64.51,64.83,63.85,64.47,1186700,50.35
"2011-04-13",64.89,65.2,63.92,64.45,1168100,50.33
"2011-04-14",64.15,64.63,63.38,64.35,1402900,50.25
"2011-04-15",64.53,65.64,64.3,65.32,1502400,51.01
"2011-04-18",64.24,64.31,63.31,64.16,1678400,50.1
"2011-04-19",64.32,66.39,64.32,66.34,1938500,51.81
"2011-04-20",67.3,67.52,66.59,67.19,1907500,52.47
"2011-04-21",68,69.25,67.3,67.8,2517100,52.95
"2011-04-25",67.91,67.98,66.08,66.3,1765100,51.77
"2011-04-26",66.8,67.85,66.54,67.47,1807500,52.69
"2011-04-27",67.63,67.94,66.87,67.48,1954000,52.7
"2011-04-28",67.4,68.11,67.3,68.02,1624600,53.12
"2011-04-29",68.06,68.56,67.63,68.04,1350900,53.13
"2011-05-02",68.42,68.64,67.14,67.32,1539900,52.57
"2011-05-03",67.26,67.71,66.19,66.8,1663400,52.17
"2011-05-04",66.59,66.77,64.99,65.15,2027500,50.88
"2011-05-05",64.79,66.39,64.25,65.16,3422600,50.88
"2011-05-06",66.2,66.96,65.12,65.42,1808700,51.09
"2011-05-09",65.56,66.64,65.4,66.21,1128600,51.7
"2011-05-10",66.32,66.95,66.2,66.81,945800,52.17
"2011-05-11",66.66,66.93,65.33,65.92,1192200,51.48
"2011-05-12",65.75,65.96,64.87,65.56,1107400,51.2
"2011-05-13",65.6,65.9,64.16,64.33,1473500,50.24
"2011-05-16",64.05,64.66,63.42,63.55,1470600,49.63
"2011-05-17",63.19,63.35,62.11,62.7,1507800,48.96
"2011-05-18",62.81,63.89,62.57,63.71,1642400,49.75
"2011-05-19",64.11,64.63,63.8,64.45,1240900,50.33
"2011-05-20",64.48,64.48,63.19,63.49,1205000,49.58
"2011-05-23",62.42,63.11,62.12,62.75,1500200,49
"2011-05-24",62.84,63.24,62.19,62.26,1334900,48.62
"2011-05-25",63.7,63.9,61.76,63.7,1833000,49.74
"2011-05-26",63.07,64.37,62.88,64.2,1630100,50.35
"2011-05-27",64.45,65.95,64.45,65.81,1980100,51.62
"2011-05-31",66.76,68,66.42,67.23,3183500,52.73
"2011-06-01",66.73,66.98,63.71,63.76,3059700,50.01
"2011-06-02",63.96,64.61,63.19,63.48,2248000,49.79
"2011-06-03",62.45,63.21,62.27,62.46,1601400,48.99
"2011-06-06",62.31,62.95,62.05,62.18,1591100,48.77
"2011-06-07",62.6,62.83,62.03,62.38,2094000,48.93
"2011-06-08",62,62.47,61.88,62.11,1749200,48.71
"2011-06-09",62.27,62.55,62.06,62.3,1464400,48.86
"2011-06-10",61.84,62.17,60.77,60.83,1358200,47.71
"2011-06-13",60.91,61.43,60.57,60.91,1145100,47.77
"2011-06-14",61.76,63.39,61.73,62.71,1700700,49.18
"2011-06-15",62.05,62.41,61.2,61.49,1491200,48.23
"2011-06-16",61.48,62.4,61.01,62.26,1770000,48.83
"2011-06-17",62.91,63.24,62.1,62.3,1539700,48.86
"2011-06-20",62.05,63.27,61.96,63.12,1079700,49.51
"2011-06-21",63.6,64.55,63.47,64.46,1016300,50.56
"2011-06-22",64.05,64.97,63.88,64.58,1392600,50.65
"2011-06-23",63.36,64.89,62.6,64.86,2230100,50.87
"2011-06-24",64.93,65.15,63.49,63.65,1540800,49.92
"2011-06-27",63.77,64.8,63.17,64.51,1089300,50.6
"2011-06-28",64.74,66.3,64.62,66.26,1351400,51.97
"2011-06-29",66.64,66.76,65.65,66.36,1681200,52.05
"2011-06-30",66.65,68.23,66.52,67.8,1591300,53.18
"2011-07-01",67.91,69.26,67.62,69.09,1081200,54.19
"2011-07-05",69.16,69.47,68.6,68.98,998000,54.1
"2011-07-06",68.9,69.55,68.46,69.25,1589800,54.31
"2011-07-07",69.93,70.15,69.46,69.84,1837900,54.78
"2011-07-08",68.73,69.32,68.5,69.19,1500700,54.27
"2011-07-11",68.18,68.32,66.9,67.41,1110600,52.87
"2011-07-12",67.21,67.5,66.02,66.06,1663500,51.81
"2011-07-13",66.56,67.19,66.1,66.32,1464100,52.02
"2011-07-14",66.54,66.95,65.27,65.5,1601200,51.37
"2011-07-15",65.91,66.01,64.9,65.97,1235700,51.74
"2011-07-18",65.61,65.84,64.91,65.67,1791700,51.51
"2011-07-19",66.34,67.08,66.06,67.07,1185000,52.6
"2011-07-20",67.35,67.61,66.41,66.56,1431300,52.2
"2011-07-21",66.98,67.38,66.05,66.36,2362000,52.05
"2011-07-22",66.66,67.39,65.87,66.84,2759300,52.42
"2011-07-25",66.8,67.58,66.15,66.62,1718300,52.25
"2011-07-26",66.68,67.01,64.43,64.57,1864900,50.64
"2011-07-27",64.07,64.1,61.45,61.65,3966700,48.35
"2011-07-28",61.79,62.36,60.25,60.41,2684000,47.38
"2011-07-29",59.97,61.67,59.55,60.47,3137300,47.43
"2011-08-01",61.33,61.64,59.63,60.77,2755800,47.66
"2011-08-02",60.19,60.76,58.37,58.4,2815700,45.8
"2011-08-03",58.3,59.5,57.31,59.22,2999200,46.45
"2011-08-04",57.94,58.24,55.05,55.17,3730400,43.27
"2011-08-05",56.02,56.59,53.78,55.3,4950900,43.37
"2011-08-08",53.28,54.31,50.59,50.61,4011000,39.69
"2011-08-09",51.68,54.01,50.01,53.98,5422900,42.34
"2011-08-10",52.55,53.91,51.39,51.58,4068300,40.45
"2011-08-11",51.85,55.43,51.75,54.62,2557700,42.84
"2011-08-12",55.03,55.49,54.4,55.05,2189800,43.18
"2011-08-15",55.61,56.88,55.58,56.54,2070300,44.34
"2011-08-16",55.56,56.07,54.57,55.06,2135300,43.18
"2011-08-17",55.45,55.74,53.64,54.35,1806200,42.63
"2011-08-18",52.79,52.79,50.33,50.94,3351800,39.95
"2011-08-19",50.19,51.85,49.91,50.02,2721400,39.23
"2011-08-22",51.49,51.62,50.57,51.06,2542400,40.05
"2011-08-23",51.3,53.51,50.93,53.5,2094400,41.96
"2011-08-24",53.41,54.75,53.05,54.66,2093600,42.87
"2011-08-25",54.89,55.55,52.62,52.84,1814900,41.44
"2011-08-26",52.54,54.78,51.49,54.39,1850400,42.66
"2011-08-29",55.12,56.37,54.97,56.28,1437700,44.4
"2011-08-30",56.06,57.67,55.47,57.24,1661300,45.16
"2011-08-31",57.74,58.81,56.83,57.52,1653100,45.38
"2011-09-01",57.63,58.4,56.21,56.56,2036200,44.62
"2011-09-02",55.2,56.06,54.36,55.02,1986900,43.4
"2011-09-06",53.13,54.03,52.56,53.87,2637000,42.5
"2011-09-07",54.14,54.36,52.77,53.93,4848700,42.54
"2011-09-08",53.77,54.55,52.74,52.99,4320600,41.8
"2011-09-09",52.41,52.85,51.15,51.67,2706400,40.76
"2011-09-12",51.01,51.31,49.05,50.2,4005300,39.6
"2011-09-13",50.42,51.8,50.04,51.2,2741000,40.39
"2011-09-14",51.61,52.96,50.33,52.16,3241600,41.15
"2011-09-15",52.85,52.99,52.02,52.91,1929200,41.74
"2011-09-16",53.23,53.6,51.89,52.34,2275800,41.29
"2011-09-19",51.03,52.19,50.65,51.82,1532200,40.88
"2011-09-20",51.84,52.5,50.73,50.8,1630500,40.07
"2011-09-21",50.66,51.12,49.25,49.28,2778600,38.88
"2011-09-22",47.66,47.84,45.42,46.07,4142900,36.34
"2011-09-23",45.93,47.39,45.65,46.28,3185200,36.51
"2011-09-26",46.83,48.54,45.58,48.42,2867900,38.2
"2011-09-27",49.97,50.59,48.47,48.79,2873300,38.49
"2011-09-28",48.68,49.32,46.78,46.87,3454400,36.97
"2011-09-29",47.84,48.32,46.4,47.75,2814900,37.67
"2011-09-30",46.12,47.17,46.02,46.6,3399800,36.76
"2011-10-03",46.14,47,44.63,44.64,3189000,35.22
"2011-10-04",43.98,47.59,43.64,47.48,2892000,37.46
"2011-10-05",47.69,49.23,46.96,49,2663800,38.65
"2011-10-06",48.87,50.71,48.76,50.64,1852700,39.95
"2011-10-07",50.93,51,49.59,50.04,2365300,39.48
"2011-10-10",51.26,52.51,51.26,52.5,1427100,41.42
"2011-10-11",52.11,53.04,51.92,52.81,1944500,41.66
"2011-10-12",53.17,54.76,53.17,54.1,1961300,42.68
"2011-10-13",53.46,53.5,52.09,53,1890200,41.81
"2011-10-14",53.93,54.1,52.81,53.83,2236800,42.47
"2011-10-17",53.48,53.81,51.37,51.79,2166200,40.86
"2011-10-18",52.05,54.97,51.87,54.37,1921400,42.89
"2011-10-19",54.42,54.76,52.55,52.8,1798300,41.65
"2011-10-20",52.96,53.8,51.89,53.55,2956500,42.24
"2011-10-21",54.68,54.68,50.75,52.71,5085800,41.58
"2011-10-24",52.67,54.04,52.5,53.74,2961600,42.39
"2011-10-25",53.57,55.81,52.27,54.66,3160500,43.12
"2011-10-26",55.34,56.19,53.97,55.65,2798900,43.9
"2011-10-27",57.84,58.67,57.05,57.95,2757400,45.72
"2011-10-28",57.67,58.89,57.56,58.67,1943100,46.28
"2011-10-31",57.56,57.63,55.53,55.53,3357600,43.81
"2011-11-01",53.31,55.21,52.78,54.15,2829900,42.72
"2011-11-02",55.18,55.65,54.24,55,1927000,43.39
"2011-11-03",55.54,57.24,54.94,57.12,1934700,45.06
"2011-11-04",56.48,57.15,55.88,56.89,1664800,44.88
"2011-11-07",56.91,57.04,54.9,56.09,2160000,44.25
"2011-11-08",56.39,56.79,55.27,56.31,1886100,44.42
"2011-11-09",54.96,54.96,53.26,53.81,3000100,42.45
"2011-11-10",54.46,54.65,53.48,53.85,2013800,42.48
"2011-11-11",54.83,56.57,54.77,56.27,1572500,44.39
"2011-11-14",56.06,56.8,55.57,55.96,1322700,44.15
"2011-11-15",55.62,56.74,55.44,56.38,1248400,44.48
"2011-11-16",55.63,56.3,55.12,55.2,2051800,43.55
"2011-11-17",55,55.28,52.99,53.43,2610600,42.15
"2011-11-18",54.06,54.16,53.03,53.11,2165500,41.9
"2011-11-21",52.29,52.42,50.34,51.26,3041300,40.44
"2011-11-22",51.32,52.01,50.85,51.87,2150800,40.92
"2011-11-23",51.34,51.36,50.29,50.4,1826100,39.76
"2011-11-25",50.24,51.13,50.14,50.26,611700,39.65
"2011-11-28",51.47,52.47,51.43,52.01,1556500,41.29
"2011-11-29",52.22,53.49,52.19,53,2445100,42.07
"2011-11-30",55.15,56.16,53.43,54.97,7312100,43.64
"2011-12-01",54.7,55.58,54.62,54.76,2242000,43.47
"2011-12-02",55.52,56.48,55.46,55.88,2570000,44.36
"2011-12-05",56.83,57.76,56.19,57.51,2911500,45.65
"2011-12-06",57.34,58.09,56.98,57.58,2207100,45.71
"2011-12-07",57.21,58.48,56.6,58.22,2618500,46.22
"2011-12-08",57.58,57.9,55.57,55.73,1999800,44.24
"2011-12-09",56.18,57.46,55.74,57.2,1680000,45.41
"2011-12-12",56.46,56.56,55.11,55.83,1573500,44.32
"2011-12-13",56.37,56.83,54.93,55.53,2037200,44.08
"2011-12-14",55.06,55.37,54.67,55.1,1723500,43.74
"2011-12-15",55.88,56.08,55.19,55.96,2105000,44.42
"2011-12-16",56.41,57.41,55.85,56.14,3331700,44.57
"2011-12-19",56.33,56.75,55.01,55.17,1204500,43.8
"2011-12-20",56.39,58.11,56.34,57.9,1354100,45.96
"2011-12-21",57.89,58.43,56.58,57.48,2222600,45.63
"2011-12-22",57.84,58.03,57.38,57.59,1495000,45.72
"2011-12-23",57.97,58.77,57.85,58.74,1010800,46.63
"2011-12-27",58.39,59.27,58.38,58.92,1022400,46.77
"2011-12-28",58.69,59,57.56,57.61,973800,45.73
"2011-12-29",57.91,58.59,57.79,58.42,1229000,46.38
"2011-12-30",58.5,58.9,58.05,58.05,829500,46.08
"2012-01-03",59.57,59.87,59.04,59.09,1667200,46.91
"2012-01-04",58.66,58.86,57.57,58.17,2434600,46.18
"2012-01-05",57.43,58.75,56.81,58.68,1712500,46.58
"2012-01-06",58.48,58.56,57.52,57.66,1633300,45.77
"2012-01-09",57.94,57.94,57.2,57.46,1670900,45.61
"2012-01-10",58.28,59.27,58.13,59.18,2418200,46.98
"2012-01-11",58.92,59.46,58.77,59.05,1265900,46.88
"2012-01-12",59.23,60.1,58.92,59.92,1833800,47.57
"2012-01-13",59.34,60.32,58.72,60.22,1426500,47.81
"2012-01-17",61,61.28,60.19,60.25,1218700,47.83
"2012-01-18",60.29,61.16,59.89,60.6,1804700,48.11
"2012-01-19",60.88,61.04,60.38,60.85,1451300,48.31
"2012-01-20",60.69,60.69,58.88,59.33,2535600,47.1
"2012-01-23",59.15,60.04,58.95,59.92,1604500,47.57
"2012-01-24",59.3,61.2,59.11,60.47,2142200,48
"2012-01-25",61.71,62,59.96,60.86,2321900,48.31
"2012-01-26",62.39,63.21,62.19,62.93,2704400,49.96
"2012-01-27",62.74,63.95,62.53,63.69,2019700,50.56
"2012-01-30",63.29,63.45,62.46,63.24,1179200,50.2
"2012-01-31",63.67,63.98,62.84,63.41,2066800,50.34
"2012-02-01",64.2,64.81,63.55,64.43,1767500,51.15
"2012-02-02",64.58,64.75,64.28,64.52,1018200,51.22
"2012-02-03",65.17,65.91,65.17,65.63,1401800,52.1
"2012-02-06",65.13,65.41,64.87,65.06,1021800,51.65
"2012-02-07",64.7,65,64.23,64.89,837600,51.51
"2012-02-08",65.09,65.36,64.68,65.18,1056400,51.74
"2012-02-09",65.39,65.49,64.93,65.38,874700,51.9
"2012-02-10",64.58,64.63,63.92,64.51,606700,51.21
"2012-02-13",65.18,66.04,64.89,66.04,1260700,52.43
"2012-02-14",65.97,66.13,65.45,66,1139800,52.39
"2012-02-15",66.5,66.53,65.26,65.63,1421300,52.1
"2012-02-16",65.8,66.81,65.49,66.61,1183400,52.88
"2012-02-17",67.02,67.2,65.64,66.09,1070600,52.47
"2012-02-21",66.38,66.74,65.66,66.52,1316600,52.81
"2012-02-22",65.71,66.72,65.71,65.82,962600,52.25
"2012-02-23",65.59,65.67,64.94,65.58,930100,52.06
"2012-02-24",65.72,66.31,65.44,65.67,1005100,52.13
"2012-02-27",64.92,65.48,64.35,65.01,1378300,51.86
"2012-02-28",65.12,65.18,64.14,64.61,1291300,51.54
"2012-02-29",64.64,64.84,63.7,64.02,1234300,51.07
"2012-03-01",64.17,64.9,63.69,64.05,1293200,51.09
"2012-03-02",63.78,63.83,63.1,63.28,1391300,50.48
"2012-03-05",63.22,63.58,62.5,63.44,1757900,50.6
"2012-03-06",62.6,62.6,60.67,60.75,2106200,48.46
"2012-03-07",60.65,61.6,60.65,61.39,3054900,48.97
"2012-03-08",61.8,62.57,61.6,62.34,1361300,49.73
"2012-03-09",62.46,63.4,62.33,63.14,2048300,50.37
"2012-03-12",63,63.34,62.8,63.09,1269900,50.33
"2012-03-13",63.53,64.6,63.53,64.59,1168400,51.52
"2012-03-14",64.41,64.55,63.66,63.93,1238900,51
"2012-03-15",64.06,64.27,63.48,64.17,1133500,51.19
"2012-03-16",64.31,64.4,64.02,64.14,1331500,51.16
"2012-03-19",64.08,64.55,63.78,64.21,1097800,51.22
"2012-03-20",63.67,63.93,63.12,63.23,1647500,50.44
"2012-03-21",63.17,63.17,62.13,62.62,1618700,49.95
"2012-03-22",61.98,62.08,60.78,61.63,1482200,49.16
"2012-03-23",61.7,62.57,61.64,62.53,2741900,49.88
"2012-03-26",63.25,63.47,63,63.43,1820900,50.6
"2012-03-27",63.62,63.65,62.8,62.98,2064000,50.24
"2012-03-28",63.14,63.41,61.4,61.57,2892800,49.11
"2012-03-29",61.18,62.31,61.01,62.22,2468600,49.63
"2012-03-30",62.53,63,62.3,62.94,2432400,50.21
"2012-04-02",62.81,64.36,62.46,64.04,1808100,51.08
"2012-04-03",64.03,64.17,62.98,63.39,1534400,50.56
"2012-04-04",62.58,63.12,62.55,63.01,1402400,50.26
"2012-04-05",62.69,62.69,61.29,61.39,4419600,48.97
"2012-04-09",60.37,61.09,60.31,60.81,1711500,48.51
"2012-04-10",60.54,60.84,59.71,59.93,3042100,47.8
"2012-04-11",60.7,60.78,60,60.15,1627200,47.98
"2012-04-12",60.24,61,60.24,60.86,2423000,48.55
"2012-04-13",61.69,61.81,60.77,60.92,3237700,48.59
"2012-04-16",61.3,61.59,60.75,61,2046200,48.66
"2012-04-17",62,62.81,61.4,62.43,3108300,49.8
"2012-04-18",62.6,63.1,60.73,61.04,3133100,48.69
"2012-04-19",61.08,61.15,59.43,59.88,2169000,47.76
"2012-04-20",60.11,60.55,59.76,60.12,2166000,47.96
"2012-04-23",59.25,60.37,59.04,60.31,2233900,48.11
"2012-04-24",60.51,61.16,60.39,60.87,1940200,48.55
"2012-04-25",61.79,62,61.22,61.51,1641000,49.07
"2012-04-26",61.41,62.55,60.88,62.31,1466800,49.7
"2012-04-27",62.43,63.68,62.38,63.5,2193200,50.65
"2012-04-30",63.29,63.41,62.19,62.66,1410800,49.98
"2012-05-01",62.54,63.25,61.87,62.72,1565500,50.03
"2012-05-02",62.54,62.69,61.92,62.17,2035200,49.59
"2012-05-03",62.13,62.3,60.89,61.28,1420300,48.88
"2012-05-04",61.09,61.09,59.53,60.03,1410500,47.88
"2012-05-07",59.85,60.01,58.95,59.01,2317000,47.07
"2012-05-08",58.54,58.83,57.87,58.72,3556100,46.84
"2012-05-09",57.98,59.09,57.74,58.29,3433600,46.5
"2012-05-10",58.87,59.91,58.81,58.91,2001400,46.99
"2012-05-11",58.51,59.5,58.47,58.8,1725300,46.9
"2012-05-14",57.95,58.82,57.46,58.34,1446000,46.54
"2012-05-15",58.28,58.28,57.12,57.25,2079800,45.67
"2012-05-16",57.56,57.65,56.75,56.9,1424900,45.39
"2012-05-17",56.89,56.95,55.08,55.08,2004600,43.94
"2012-05-18",55.53,55.99,54.87,55.07,1597100,43.93
"2012-05-21",55.34,57.26,55.34,57.18,2269700,45.61
"2012-05-22",57.28,57.45,56.43,56.79,1823500,45.3
"2012-05-23",56.22,57.85,55.85,57.78,1589300,46.09
"2012-05-24",58.17,58.25,57.27,58.25,1457800,46.46
"2012-05-25",58.28,58.65,57.54,57.78,1138200,46.09
"2012-05-29",57.8,58.98,57.65,58.55,1546500,46.96
"2012-05-30",57.82,57.91,57.12,57.63,1548300,46.22
"2012-05-31",57.49,57.56,55.23,56.56,3095300,45.36
"2012-06-01",54.92,55.31,54.41,54.68,3494700,43.86
"2012-06-04",54.56,54.84,53.14,53.59,3038000,42.98
"2012-06-05",53.33,54.59,53.11,54.46,2024500,43.68
"2012-06-06",55.03,55.79,54.88,55.74,1528800,44.71
"2012-06-07",56.59,57.4,56.14,56.43,2814900,45.26
"2012-06-08",56.34,56.84,55.95,56.68,1270100,45.46
"2012-06-11",57.42,57.42,55.58,55.68,1258600,44.66
"2012-06-12",55.89,56.3,55.02,56.29,1261200,45.15
"2012-06-13",56.01,56.16,55.08,55.29,1490300,44.35
"2012-06-14",55.27,55.39,54.44,55,2103700,44.11
"2012-06-15",55.26,55.54,54.98,55.31,2453000,44.36
"2012-06-18",54.99,55.76,54.44,55.67,1061800,44.65
"2012-06-19",55.82,56.55,55.82,56.13,1199000,45.02
"2012-06-20",56.2,56.58,55.6,56.11,1769900,45
"2012-06-21",55.98,56.36,54.29,54.42,1504700,43.65
"2012-06-22",54.67,54.75,53.4,53.57,4781200,42.97
"2012-06-25",52.88,53,52.08,52.32,1978600,41.96
"2012-06-26",52.37,52.37,51.25,51.86,2182300,41.59
"2012-06-27",51.92,52.21,51.21,51.84,2440700,41.58
"2012-06-28",51.35,51.9,50.88,51.57,2370100,41.36
"2012-06-29",52.79,53.62,52.79,53.61,2358500,43
"2012-07-02",53.91,54.03,52.83,53.18,1599900,42.65
"2012-07-03",53.15,54.23,52.99,54.23,959300,43.5
"2012-07-05",54.07,54.49,53.71,54.03,966800,43.33
"2012-07-06",53.42,53.45,52.24,52.44,1367900,42.06
"2012-07-09",51.93,52.45,51.39,52.38,2323700,42.01
"2012-07-10",52.53,52.93,51.42,51.79,2387500,41.54
"2012-07-11",51.79,51.82,50.55,51.06,2741500,40.95
"2012-07-12",50.75,51.49,50.38,51.25,2254800,41.1
"2012-07-13",51.42,52.75,51.32,52.64,1873100,42.22
"2012-07-16",52.35,52.43,51.13,51.2,1745300,41.06
"2012-07-17",51.43,51.84,50.78,51.58,3121600,41.37
"2012-07-18",51.27,53.74,50.27,52.53,3031400,42.13
"2012-07-19",53.01,54.31,52.81,53.97,3874300,43.29
"2012-07-20",53.51,53.8,53,53.42,2173700,42.85
"2012-07-23",52.25,52.71,51.51,52.23,1807500,41.89
"2012-07-24",52.25,52.3,50.63,51,2351300,40.9
"2012-07-25",51.18,51.32,50.47,50.94,2376900,40.86
"2012-07-26",51.78,52.69,51.5,52.07,1912000,41.76
"2012-07-27",52.5,54.52,52.41,54.16,2083900,43.44
"2012-07-30",54.2,55.04,54.07,54.33,1922700,43.58
"2012-07-31",54.21,55.07,54.04,54.47,2329600,43.69
"2012-08-01",54.76,55.09,53.92,53.95,1368500,43.27
"2012-08-02",53.59,54.12,52.59,53.57,1499500,42.97
"2012-08-03",54.57,54.9,54.09,54.56,1110800,43.76
"2012-08-06",54.91,55.56,54.8,55.05,1419600,44.15
"2012-08-07",55.44,56.36,55.36,56,1685600,44.91
"2012-08-08",56.01,56.57,55.64,56.53,1171300,45.34
"2012-08-09",56.55,56.93,56.4,56.73,1721300,45.5
"2012-08-10",56.5,57.48,56.5,57.36,1425500,46.01
"2012-08-13",57.11,57.3,56.43,57,1214000,45.72
"2012-08-14",57.37,57.54,56.73,56.99,1261900,45.71
"2012-08-15",56.76,57.13,56.65,57.03,1572000,45.74
"2012-08-16",57.09,58.38,56.79,58.19,1210300,46.67
"2012-08-17",58.2,58.44,58.04,58.31,1163200,46.77
"2012-08-20",58.08,58.24,57.51,57.8,1154400,46.36
"2012-08-21",58.01,58.35,57.33,57.47,2132200,46.09
"2012-08-22",57.2,57.72,56.98,57.51,1776700,46.13
"2012-08-23",57.32,58.01,57.07,57.77,1506000,46.33
"2012-08-24",57.57,58.18,57.17,57.83,1162300,46.38
"2012-08-27",57.93,58.21,57.64,57.76,1173800,46.33
"2012-08-28",57.5,57.94,57.37,57.76,1483000,46.33
"2012-08-29",57.72,57.95,57.21,57.55,1168100,46.44
"2012-08-30",57.02,57.51,57,57.35,1451300,46.28
"2012-08-31",57.78,58.05,57.29,57.81,1489400,46.65
"2012-09-04",57.68,58.16,57.23,57.82,1440900,46.66
"2012-09-05",57.89,57.98,56.73,56.96,3055600,45.96
"2012-09-06",57.43,57.81,56.96,57.7,2560400,46.56
"2012-09-07",57.99,59.2,57.99,58.79,1380000,47.44
"2012-09-10",59.42,59.42,58.73,58.8,1516900,47.45
"2012-09-11",58.95,59.29,58.75,59.01,1119800,47.62
"2012-09-12",59.28,59.35,58.62,58.71,1973500,47.38
"2012-09-13",59,60.09,58.3,59.79,1577000,48.25
"2012-09-14",59.76,61.64,59.76,61.64,2576200,49.74
"2012-09-17",61.41,61.41,60.11,60.4,1886700,48.74
"2012-09-18",59.9,60.61,59.59,60.6,2020500,48.9
"2012-09-19",60.82,61.36,60.32,60.58,2361800,48.88
"2012-09-20",60.29,61.08,59.77,61.03,1812100,49.25
"2012-09-21",61.32,61.48,60.7,61.04,2073000,49.26
"2012-09-24",60.16,60.26,59.65,60.12,2123700,48.51
"2012-09-25",60.2,60.2,59.08,59.12,2053100,47.71
"2012-09-26",59.17,59.26,58.12,58.87,1752800,47.5
"2012-09-27",59.21,59.97,58.85,59.7,1541800,48.17
"2012-09-28",59.33,59.84,58.66,59.49,2029900,48
"2012-10-01",59.53,60.32,59.16,59.55,1497500,48.05
"2012-10-02",59.77,59.83,58.16,58.47,2646900,47.18
"2012-10-03",58.55,58.7,57.94,58.39,1748000,47.12
"2012-10-04",58.84,59.38,58.45,59.21,2022400,47.78
"2012-10-05",59.59,59.87,58.53,58.83,1596500,47.47
"2012-10-08",57.18,58.91,57.18,57.97,2409300,46.78
"2012-10-09",57.95,58.15,56.21,56.39,5996700,45.5
"2012-10-10",56.08,56.36,54.9,55.22,4591500,44.56
"2012-10-11",55.8,56.15,55.23,55.25,1726500,44.58
"2012-10-12",55.04,55.75,54.92,55.33,1618100,44.65
"2012-10-15",55.39,56.19,55.24,56.11,2322900,45.28
"2012-10-16",55.68,57.32,55.68,57.18,2014600,46.14
"2012-10-17",56.19,58.37,55.66,56.01,4422200,45.2
"2012-10-18",56.98,58.08,55.7,57.94,3333500,46.75
"2012-10-19",57.4,58.16,56.69,58.08,3691300,46.87
"2012-10-22",57.78,58.53,57.09,57.63,1795800,46.5
"2012-10-23",56.71,57.36,56.34,57.16,1715200,46.12
"2012-10-24",57.54,57.86,57.03,57.52,2270000,46.42
"2012-10-25",57.84,58.23,57.5,58.19,1680500,46.96
"2012-10-26",58.13,58.19,57.26,57.77,1263000,46.62
"2012-10-31",57.89,59.09,57.84,58.22,1324800,46.98
"2012-11-01",58.31,59.55,58.24,59.55,1267800,48.05
"2012-11-02",60.08,60.08,58.54,58.58,1427600,47.27
"2012-11-05",60.14,61.38,59.65,60.82,2388100,49.08
"2012-11-06",61.51,62.23,61.17,61.65,2094900,49.75
"2012-11-07",60.86,61.19,59.37,60.16,2078400,48.55
"2012-11-08",60.07,60.24,59.45,59.61,1392500,48.1
"2012-11-09",59.6,61.81,59.18,60.46,2731100,48.79
"2012-11-12",60.34,60.7,60.05,60.43,1535300,48.76
"2012-11-13",60.26,61.98,59.76,60.75,2786600,49.02
"2012-11-14",61.04,61.9,60.48,60.6,3618400,48.9
"2012-11-15",60.5,61.15,60.15,60.7,2102600,48.98
"2012-11-16",60.85,61.69,60.28,61.57,2419800,49.68
"2012-11-19",61.78,63.03,61.78,62.98,1970200,50.82
"2012-11-20",62.98,63.4,62.63,63.12,1184500,50.93
"2012-11-21",63.19,63.48,62.97,63.12,726400,50.93
"2012-11-23",63.42,63.9,63.15,63.88,332900,51.55
"2012-11-26",63.62,63.97,63.28,63.68,964200,51.39
"2012-11-27",63.57,63.96,62.63,62.69,1890600,50.59
"2012-11-28",62.31,63.58,62.31,63.29,1276700,51.36
"2012-11-29",63.5,64.13,62.95,64.01,1404400,51.94
"2012-11-30",64.03,64.21,63.45,63.59,2641800,51.6
"2012-12-03",64.08,64.25,63.05,63.06,954100,51.17
"2012-12-04",62.92,63.57,62.92,63.39,929900,51.44
"2012-12-05",63.34,63.89,62.72,63.5,1066500,51.53
"2012-12-06",63.23,63.6,63.01,63.43,897000,51.47
"2012-12-07",63.8,63.8,63.34,63.73,1024400,51.71
"2012-12-10",63.67,64.32,62.98,63.79,3406500,51.76
"2012-12-11",64.48,65.05,63.64,63.89,1918700,51.84
"2012-12-12",64.2,64.74,63.58,64.17,2022500,52.07
"2012-12-13",64.07,64.58,63.93,64.09,1590800,52.01
"2012-12-14",63.99,64.37,63.78,63.85,1724100,51.81
"2012-12-17",63.91,64.58,63.81,64.25,2079800,52.14
"2012-12-18",64.24,65.4,63.9,65.34,1732100,53.02
"2012-12-19",65.55,65.62,64.91,64.92,1243600,52.68
"2012-12-20",65,65.09,64.42,64.7,1554900,52.5
"2012-12-21",63.84,64.64,63.79,64.54,2479800,52.37
"2012-12-24",64.2,65.16,64.2,64.87,638200,52.64
"2012-12-26",64.87,65.25,64.58,64.99,1214800,52.74
"2012-12-27",65.03,65.21,64.42,65.14,1258600,52.86
"2012-12-28",64.67,65.23,64.59,64.78,1065500,52.57
"2012-12-31",64.5,65.8,64.29,65.71,882200,53.32
"2013-01-02",66.97,67.43,66.78,67.24,1639300,54.56
"2013-01-03",67.27,67.92,66.92,67.13,1029700,54.47
"2013-01-04",67.41,67.7,67.08,67.3,907200,54.61
"2013-01-07",67,67.26,66.68,66.86,762000,54.25
"2013-01-08",67.49,67.77,66.61,66.74,1648400,54.16
"2013-01-09",66.87,67.36,66.32,67.23,1309700,54.56
"2013-01-10",67.67,67.77,67.02,67.41,1269200,54.7
"2013-01-11",67.27,67.39,66.99,67.07,827600,54.43
"2013-01-14",66.89,67.12,66.28,66.6,1448500,54.04
"2013-01-15",66.25,66.98,66.24,66.61,1544900,54.05
"2013-01-16",66.53,66.97,66.23,66.89,988700,54.28
"2013-01-17",67.19,68.54,67.19,68.24,1374400,55.37
"2013-01-18",68.44,68.55,67.12,68.03,2244800,55.2
"2013-01-22",68.08,68.4,67.66,68.24,1243700,55.37
"2013-01-23",68.05,68.46,67.74,68.16,1320900,55.31
"2013-01-24",68.2,68.24,65.4,67.06,3160800,54.42
"2013-01-25",67.28,67.55,66.53,66.78,2183500,54.19
"2013-01-28",66.98,67.71,66.86,67.54,1952900,54.81
"2013-01-29",67.6,69.71,67.55,69.65,1948400,56.52
"2013-01-30",69.7,69.72,68.99,69.13,1399500,56.1
"2013-01-31",69.11,69.4,68.52,69.18,2065000,56.14
"2013-02-01",69.62,70.53,69.11,70.34,1672500,57.08
"2013-02-04",69.57,70.27,69.57,69.94,1888700,56.75
"2013-02-05",70.2,70.98,70.01,70.81,1508700,57.46
"2013-02-06",70.43,71.38,70.43,71.31,1507200,57.87
"2013-02-07",71.54,71.77,70.57,70.9,1558800,57.53
"2013-02-08",70.9,71.35,70.77,71.13,1110200,57.72
"2013-02-11",71.1,71.56,71.01,71.06,1300800,57.66
"2013-02-12",71.16,71.7,71.04,71.46,1351900,57.99
"2013-02-13",71.46,71.83,71.23,71.61,1140300,58.11
"2013-02-14",71.48,71.89,71.29,71.86,1264300,58.31
"2013-02-15",71.91,72.82,71.87,72.56,1861500,58.88
"2013-02-19",72.8,73.25,72.33,72.86,1303000,59.12
"2013-02-20",72.97,73.13,72.16,72.22,2126000,58.6
"2013-02-21",71.85,72.04,71.3,71.62,1876500,58.12
"2013-02-22",71.93,73.45,71.9,73.12,2995800,59.33
"2013-02-25",73.43,73.64,71.38,71.4,2220300,57.94
"2013-02-26",71.51,72.62,71.13,72.25,1557000,58.92
"2013-02-27",72.36,73.85,72.04,73.62,1262200,60.03
"2013-02-28",73.57,73.99,73.17,73.35,1532500,59.81
"2013-03-01",72.89,73.42,71.93,72.96,1615400,59.5
"2013-03-04",72.65,72.74,71.57,72.37,1834000,59.02
"2013-03-05",72.76,73.8,72.76,73.47,952400,59.91
"2013-03-06",73.69,73.72,73.12,73.28,817100,59.76
"2013-03-07",73.39,73.68,72.96,73.1,1084400,59.61
"2013-03-08",73.6,73.82,73.15,73.75,864800,60.14
"2013-03-11",73.71,73.99,73.43,73.89,827200,60.25
"2013-03-12",73.76,73.76,72.83,73.21,809500,59.7
"2013-03-13",73.29,73.77,72.89,73.7,1362400,60.1
"2013-03-14",73.9,74.62,73.71,74.52,1112900,60.77
"2013-03-15",74.25,74.57,73.84,74.08,1484800,60.41
"2013-03-18",73.31,74.45,73.21,73.89,703100,60.25
"2013-03-19",73.99,74.3,73.05,73.58,1037500,60
"2013-03-20",73.88,74.01,73,73.38,1691600,59.84
"2013-03-21",73.74,73.86,72.14,72.35,2033800,59
"2013-03-22",72.4,72.86,72,72.79,1808500,59.36
"2013-03-25",73.09,73.36,71.64,72.22,1814100,58.89
"2013-03-26",72.72,72.98,72.42,72.76,1234800,59.33
"2013-03-27",72.36,72.39,71.64,72.34,1203700,58.99
"2013-03-28",72.34,72.96,72.12,72.88,1845800,59.43
"2013-04-01",72.76,72.97,71.52,71.77,889900,58.53
"2013-04-02",72.04,72.32,70.94,71.17,848200,58.04
"2013-04-03",71.07,71.77,70.32,70.92,1628000,57.83
"2013-04-04",71.15,72.11,71.09,71.92,1795100,58.65
"2013-04-05",70.94,72.01,70.62,71.75,1309400,58.51
"2013-04-08",72.25,73.1,72.25,72.94,1939200,59.48
"2013-04-09",72.97,73.36,72.33,73.03,1224800,59.55
"2013-04-10",73.12,74.41,73.05,74.41,1306300,60.68
"2013-04-11",74.38,74.76,73.9,74.7,1637800,60.92
"2013-04-12",74.4,74.64,73.05,73.41,1041700,59.86
"2013-04-15",72.92,73.07,70.43,70.47,1444200,57.47
"2013-04-16",71.18,72.23,70.47,72.22,2590800,58.89
"2013-04-17",71.93,72.81,69.29,69.91,2629400,57.01
"2013-04-18",70.09,70.29,68.21,68.59,1958600,55.93
"2013-04-19",68.58,68.97,68.04,68.15,1715900,55.57
"2013-04-22",68.18,68.31,67.45,68,2556400,55.45
"2013-04-23",68.47,69.1,68.11,69.1,1935800,56.35
"2013-04-24",69.35,70.25,68.95,70.07,1334300,57.14
"2013-04-25",69.95,70.66,69.82,69.94,1189200,57.03
"2013-04-26",69.98,69.98,68.66,69.1,728100,56.35
"2013-04-29",69.45,69.91,68.72,69.7,1238500,56.84
"2013-04-30",69.7,69.72,68.71,68.98,1979800,56.25
"2013-05-01",68.77,68.94,67.98,68.03,1688300,55.48
"2013-05-02",68.39,69.43,68.12,69.33,1361300,56.54
"2013-05-03",69.83,71.79,69.83,71.16,1150500,58.03
"2013-05-06",71.02,72.56,70.8,71.98,1278000,58.7
"2013-05-07",71.97,72.45,71.67,72.2,1011000,58.88
"2013-05-08",72.19,73.01,71.82,73.01,835800,59.54
"2013-05-09",72.95,73.62,72.81,73.24,776100,59.72
"2013-05-10",73.55,74.1,73.3,74,753100,60.34
"2013-05-13",73.75,74.41,73.42,73.99,1133700,60.34
"2013-05-14",74,75.53,73.94,75.43,1308000,61.51
"2013-05-15",75.14,76.21,75.03,76,764800,61.98
"2013-05-16",75.6,76.18,75.45,75.77,904200,61.79
"2013-05-17",75.93,77.21,75.93,77.21,897200,62.96
"2013-05-20",76.92,78,76.81,77.82,1077900,63.46
"2013-05-21",78,78.38,77.6,77.87,1165600,63.5
"2013-05-22",77.88,78.34,76.02,76.41,1043500,62.31
"2013-05-23",78.76,80.36,78.5,79.54,3858000,64.86
"2013-05-24",79.51,79.51,78.18,79.19,2184300,64.58
"2013-05-28",80.21,80.45,78.95,79.19,1436500,64.58
"2013-05-29",78.05,78.76,77.79,77.95,1782300,63.85
"2013-05-30",78.21,78.93,77.95,78.57,1083400,64.36
"2013-05-31",78.19,79.91,77.96,78.25,1656400,64.09
"2013-06-03",78.38,79.1,77.44,79.03,1692700,64.73
"2013-06-04",78.85,79.78,78.44,79.21,1839400,64.88
"2013-06-05",79.17,79.65,77.47,77.59,1523100,63.55
"2013-06-06",77.65,79.04,77,79.04,1261000,64.74
"2013-06-07",79.83,79.99,78.94,79.52,1430500,65.13
"2013-06-10",79.72,79.76,78.47,78.79,1109000,64.54
"2013-06-11",77.93,78.94,77.66,78.25,1236200,64.09
"2013-06-12",78.82,78.86,77.16,77.3,853600,63.32
"2013-06-13",77.26,78.91,77.09,78.61,904600,64.39
"2013-06-14",78.63,79.45,78.3,78.6,789200,64.38
"2013-06-17",79.37,79.58,78.78,79.14,687500,64.82
"2013-06-18",79.41,80.75,79.2,80.62,1096300,66.03
"2013-06-19",80.68,80.73,79.39,79.39,841200,65.03
"2013-06-20",78.51,78.64,76.91,77.06,1531600,63.12
"2013-06-21",77.51,77.81,76.06,77.37,1882300,63.37
"2013-06-24",76.62,76.8,75.58,75.83,1365000,62.11
"2013-06-25",76.66,77.18,76.4,76.7,1717600,62.82
"2013-06-26",77.3,78.07,76.72,77.65,1590000,63.6
"2013-06-27",78.2,78.36,77.74,78.04,1183600,63.92
"2013-06-28",77.9,78.54,77.61,77.66,2823600,63.61
"2013-07-01",78.49,78.69,77.74,77.84,1462900,63.76
"2013-07-02",77.75,78.16,76.5,76.76,1667100,62.87
"2013-07-03",76.31,76.74,75.96,76.58,1194800,62.73
"2013-07-05",77.26,78.05,77.06,78,922500,63.89
"2013-07-08",78.55,78.78,78.01,78.44,1414200,64.25
"2013-07-09",79.15,80.33,79.07,79.53,1263000,65.14
"2013-07-10",79.4,79.83,79.27,79.53,918000,65.14
"2013-07-11",80.95,81.39,80.7,81.33,796000,66.62
"2013-07-12",81.21,81.24,80.69,81,921200,66.35
"2013-07-15",81,81.13,80.64,80.71,895600,66.11
"2013-07-16",81.11,81.8,80.1,80.17,1159800,65.67
"2013-07-17",80.45,80.75,79.85,80.41,1274600,65.86
"2013-07-18",82.61,84.04,81.36,83.63,2007500,68.5
"2013-07-19",83.7,85.65,83.51,85.31,2101200,69.88
"2013-07-22",85,85.79,84.94,85.27,2112600,69.84
"2013-07-23",85.51,86.58,85.18,86.4,1570200,70.77
"2013-07-24",86.63,87.05,85.06,85.22,1116600,69.8
"2013-07-25",84.84,85.72,84.25,85.44,989900,69.98
"2013-07-26",85.02,85.19,83.92,84.67,1097000,69.35
"2013-07-29",84.7,85.98,84.69,85.06,1231100,69.67
"2013-07-30",85.48,85.61,84.7,84.87,947600,69.52
"2013-07-31",84.9,86.37,84.9,85.64,1012800,70.15
"2013-08-01",86.49,87.93,86.35,87.65,1056900,71.79
"2013-08-02",86.92,87.11,86.41,87.01,945900,71.27
"2013-08-05",86.77,87.54,86.49,87.25,542900,71.47
"2013-08-06",86.93,87,85.89,86.64,1040600,70.97
"2013-08-07",86.62,87.35,86.34,87.21,936800,71.43
"2013-08-08",87.47,88.1,87.25,87.8,751600,71.92
"2013-08-09",87.42,88.31,87.32,87.92,1180800,72.01
"2013-08-12",87.55,88.49,87.28,88.27,755300,72.3
"2013-08-13",88.27,88.63,87.94,88.61,828800,72.58
"2013-08-14",88.48,88.7,88.04,88.55,894700,72.53
"2013-08-15",87.54,87.6,86.8,87.11,1094500,71.35
"2013-08-16",87.18,88,86.87,87.15,871700,71.38
"2013-08-19",87.16,87.53,86.62,86.65,574200,70.97
"2013-08-20",86.78,87.35,86.35,86.83,656700,71.12
"2013-08-21",86.6,86.71,85.82,85.97,798600,70.42
"2013-08-22",86.31,87.28,86.15,86.63,886500,70.96
"2013-08-23",86.92,87.27,86.18,87.09,752600,71.33
"2013-08-26",87.48,87.8,87.07,87.09,646100,71.33
"2013-08-27",86.07,86.3,85.15,85.25,904000,69.83
"2013-08-28",84.99,85.9,84.9,85.61,685900,70.43
"2013-08-29",85.38,86.51,85.37,85.92,526100,70.69
"2013-08-30",86.27,86.37,84.8,85.05,552900,69.97
"2013-09-03",85.83,86.86,84.94,85.64,621300,70.46
"2013-09-04",85.55,86.95,85.46,86.88,558200,71.48
"2013-09-05",86.76,87.66,86.48,87.51,598900,71.99
"2013-09-06",87.85,88.36,86.02,87.6,975400,72.07
"2013-09-09",87.83,88.36,87.64,88.15,1031100,72.52
"2013-09-10",88.8,89.64,88.68,89.54,792600,73.67
"2013-09-11",89.55,89.63,88.9,89.44,653400,73.58
"2013-09-12",89.44,89.78,88.74,88.99,847000,73.21
"2013-09-13",89,89.25,88.53,88.99,630500,73.21
"2013-09-16",90.51,90.6,89.9,89.94,886200,73.99
"2013-09-17",89.96,90.26,89.39,89.67,725500,73.77
"2013-09-18",89.72,91.09,89.62,90.91,1105900,74.79
"2013-09-19",91.3,92.54,91.19,92.46,1044400,76.07
"2013-09-20",92.26,92.87,90.64,90.65,1549100,74.58
"2013-09-23",90.45,91.03,89.93,90.91,653800,74.79
"2013-09-24",90.81,91.58,90.73,90.89,924600,74.78
"2013-09-25",90.89,91.26,90.04,90.21,1201900,74.22
"2013-09-26",90.49,91.13,89.73,90.01,862500,74.05
"2013-09-27",89.41,89.91,89.33,89.36,885100,73.52
"2013-09-30",88.46,89.9,88.3,89.83,884300,73.9
"2013-10-01",89.81,91.04,89.46,90.66,1189600,74.59
"2013-10-02",90.2,90.37,88.98,90.21,756700,74.22
"2013-10-03",89.72,90.1,88.13,88.48,832700,72.79
"2013-10-04",88.41,89.1,88.17,88.97,733100,73.2
"2013-10-07",88.26,89.29,88.09,88.51,924800,72.82
"2013-10-08",88.54,89.27,87.45,87.5,941500,71.99
"2013-10-09",87.58,87.59,86.25,86.86,915200,71.46
"2013-10-10",87.91,89.15,87.57,89.14,936400,73.34
"2013-10-11",88.78,90.41,88.65,90.35,920400,74.33
"2013-10-14",89.7,90.81,89.34,90.78,1189500,74.69
"2013-10-15",90.6,90.9,89,89.49,1446700,73.62
"2013-10-16",90,90,87.95,88.32,1911700,72.66
"2013-10-17",87.1,87.58,85.1,87.4,3849700,71.9
"2013-10-18",88.07,89.31,87.67,88.93,2266000,73.16
"2013-10-21",89.28,90.12,89.09,89.41,1117400,73.56
"2013-10-22",89.76,90.67,89.53,90.41,991700,74.38
"2013-10-23",90.25,90.42,89.34,90.38,953400,74.36
"2013-10-24",90.68,92.02,90.46,91.75,1272400,75.48
"2013-10-25",91.88,92.08,90.71,90.95,1384700,74.83
"2013-10-28",90.76,91.43,90.61,91.36,983000,75.16
"2013-10-29",91.55,92.13,91.1,92.07,767100,75.75
"2013-10-30",92.37,92.65,91.52,91.84,861600,75.56
"2013-10-31",91.77,92.38,91.06,91.79,1040300,75.52
"2013-11-01",91.85,92.42,90.81,91.26,1289100,75.08
"2013-11-04",91.36,91.61,90.92,91.54,958200,75.31
"2013-11-05",91.32,91.51,90.48,91.33,816000,75.14
"2013-11-06",91.73,91.81,90.94,91.38,561200,75.18
"2013-11-07",91.5,91.79,90.04,90.18,930700,74.19
"2013-11-08",90.2,92.29,90.07,92.24,891100,75.89
"2013-11-11",92.27,92.64,91.73,91.91,787700,75.61
"2013-11-12",91.79,91.97,91.25,91.88,860400,75.59
"2013-11-13",91.16,92.98,91.16,92.93,1402600,76.45
"2013-11-14",93.18,93.71,92.7,93.6,664600,77.01
"2013-11-15",93.83,93.89,93.15,93.3,790600,76.76
"2013-11-18",93.34,93.88,92.48,92.85,502600,76.39
"2013-11-19",92.73,92.77,91.43,91.75,632300,75.48
"2013-11-20",91.79,91.98,90.67,90.93,495100,74.81
"2013-11-21",91.33,92.92,91.07,92.77,1046400,76.32
"2013-11-22",92.59,93.46,92.01,93.41,568000,76.85
"2013-11-25",93.48,93.89,91.86,91.89,869400,75.6
"2013-11-26",91.73,92.3,91.35,91.42,1005500,75.52
"2013-11-27",91.82,91.95,90.51,90.63,1210300,74.87
"2013-11-29",90.71,91.18,90.45,90.74,472500,74.96
"2013-12-02",88.41,90.18,88.41,89.54,2142400,73.97
"2013-12-03",89.18,90.33,89.18,89.43,1943500,73.88
"2013-12-04",88.92,89.66,88.22,88.41,1821500,73.03
"2013-12-05",88.27,89.97,88.16,89.72,1383100,74.12
"2013-12-06",90.79,91.66,90.55,91.65,874500,75.71
"2013-12-09",91.71,92.05,91.17,91.35,951000,75.46
"2013-12-10",91.31,91.57,90.77,90.87,967400,75.07
"2013-12-11",90.82,90.87,89.37,89.47,855900,73.91
"2013-12-12",89.56,89.95,89.39,89.66,898400,74.07
"2013-12-13",89.76,90.29,89.28,89.59,748300,74.01
"2013-12-16",90.06,92.02,89.91,91.71,922200,75.76
"2013-12-17",92.02,92.15,91.13,91.21,1047600,75.35
"2013-12-18",91.51,91.97,89.76,91.91,1270600,75.92
"2013-12-19",91.8,93.23,91.3,93.17,1361800,76.97
"2013-12-20",93.17,94.62,92.85,94.56,1669500,78.11
"2013-12-23",95.15,95.5,94.8,94.87,961000,78.37
"2013-12-24",94.81,95.71,94.8,95.48,210800,78.87
"2013-12-26",95.7,96.48,95.67,96.12,392300,79.4
"2013-12-27",96.4,96.47,95.9,96.32,387800,79.57
"2013-12-30",96.31,96.57,96.12,96.38,464900,79.62
"2013-12-31",96.57,97,96.14,96.54,508000,79.75
"2014-01-02",96.54,96.74,94.93,95.25,780600,78.68
"2014-01-03",95.45,95.88,94.87,95.22,905200,78.66
"2014-01-06",95.77,95.81,94.4,94.59,894800,78.14
"2014-01-07",94.59,95.22,94.33,94.76,840800,78.28
"2014-01-08",94.76,94.78,93.93,94.2,1193000,77.82
"2014-01-09",94.5,95.21,93.78,94.07,1220200,77.71
"2014-01-10",94.11,94.7,93.27,94.44,939300,78.01
"2014-01-13",94.07,95.14,92.95,93.15,970000,76.95
"2014-01-14",93.59,95.43,93.28,95.42,1393900,78.82
"2014-01-15",95.58,96.67,95.44,96.36,1068000,79.6
"2014-01-16",96.17,96.59,94.65,96.1,1517200,79.39
"2014-01-17",95.83,95.98,94.91,95.11,1690700,78.57
"2014-01-21",95.94,96.38,95.05,96.02,1605300,79.32
"2014-01-22",96.14,96.22,95.49,95.89,1246500,79.21
"2014-01-23",95.49,95.55,93.72,94.08,1126900,77.72
"2014-01-24",92.46,93.58,90.31,90.33,1438300,74.62
"2014-01-27",90.58,91.03,89.07,89.55,1341900,73.98
"2014-01-28",89.92,91.01,89.92,90.49,1282200,74.75
"2014-01-29",90,90.79,89.23,89.68,1684800,74.08
"2014-01-30",87.68,89.62,85.83,89.27,1753400,73.74
"2014-01-31",86.68,87.7,86.29,86.56,2225300,71.51
"2014-02-03",86.3,86.91,82.81,82.96,2411600,68.53
"2014-02-04",83.02,83.93,82.47,83.62,1905100,69.08
"2014-02-05",83.17,83.45,81.68,82.78,2257000,68.38
"2014-02-06",83.07,83.77,82.57,82.64,1877400,68.27
"2014-02-07",83.26,85.71,82.85,85.44,2299500,70.58
"2014-02-10",85.24,85.53,83.99,84.45,1415400,69.76
"2014-02-11",84.42,85.25,84.19,84.76,1553600,70.02
"2014-02-12",85.04,85.85,84.71,85.38,1932500,70.53
"2014-02-13",84.66,85.47,84.5,85.3,2292000,70.46
"2014-02-14",85.22,86.25,84.92,86.06,1826500,71.09
"2014-02-18",86.21,87.45,85.99,87.1,2115600,71.95
"2014-02-19",86.86,87.47,86.47,86.58,2356700,71.52
"2014-02-20",86.73,88.84,86.46,88.58,2725100,73.17
"2014-02-21",88.56,89.24,88,88.99,2219700,73.51
"2014-02-24",89.14,89.81,88.95,89.47,1668400,73.91
"2014-02-25",89.5,90.05,89.42,90,2326700,74.35
"2014-02-26",90.29,91.08,89.88,90.98,1805300,75.16
"2014-02-27",90.51,91.78,90.51,91.76,1864900,75.8
"2014-02-28",92.06,94.38,91.92,94.3,2742200,77.9
"2014-03-03",77.89,79.83,77.63,79.1,3066200,78.74
"2014-03-04",80.41,80.74,79.01,79.48,2337800,79.12
"2014-03-05",79.88,80.37,79.42,79.87,1341900,79.5
"2014-03-06",80.03,81.59,80.01,81.58,2242000,81.21
"2014-03-07",81.87,82.72,81.48,82.27,1735400,81.89
"2014-03-10",82.04,82.63,81.54,82.51,1276300,82.13
"2014-03-11",82.68,83.36,81.63,81.92,1352700,81.54
"2014-03-12",80.85,81.63,80.67,81.31,1439900,81.31
"2014-03-13",81.76,82.19,80.19,80.67,1596500,80.67
"2014-03-14",80.45,81.18,79.73,79.8,1484900,79.8
"2014-03-17",80.49,82.14,80.49,81.43,1319700,81.43
