"","EQR.Open","EQR.High","EQR.Low","EQR.Close","EQR.Volume","EQR.Adjusted"
"2007-01-03",50.98,51.58,50.44,50.82,2015600,38.17
"2007-01-04",50.9,51.31,50.63,50.92,2415200,38.25
"2007-01-05",50.75,50.75,49.58,49.92,2174600,37.5
"2007-01-08",49.87,50,49.54,49.88,1570700,37.47
"2007-01-09",50.18,50.66,49.87,50.6,1879300,38.01
"2007-01-10",50.25,51.47,50.15,51.4,1632400,38.61
"2007-01-11",51.47,52.66,51.4,52.22,1800600,39.23
"2007-01-12",52,52.78,52,52.66,1224800,39.56
"2007-01-16",52.94,53.98,52.79,53.61,1664200,40.27
"2007-01-17",53.31,53.85,52.73,53.4,1675500,40.11
"2007-01-18",53.64,53.99,53.14,53.45,947700,40.15
"2007-01-19",53.68,53.87,53.13,53.87,1170500,40.47
"2007-01-22",53.8,53.86,53.03,53.16,1351300,39.93
"2007-01-23",53.1,53.5,53.01,53.25,1396000,40
"2007-01-24",53.45,54.47,53.26,54.46,1311800,40.91
"2007-01-25",55.02,55.34,54.44,54.72,2118300,41.1
"2007-01-26",54.65,55.15,54.41,55.08,1068500,41.37
"2007-01-29",55.04,55.45,54.87,55.05,991900,41.35
"2007-01-30",55.25,55.69,54.65,55.61,1183300,41.77
"2007-01-31",55.45,56.46,55.12,56.28,1581900,42.28
"2007-02-01",56.26,56.26,55.48,56.07,1671700,42.12
"2007-02-02",55.8,56.15,55.4,55.75,2708500,41.88
"2007-02-05",55.82,55.89,55.5,55.7,1319000,41.84
"2007-02-06",55.8,56.35,55.45,56.35,1577600,42.33
"2007-02-07",54.86,55.25,53.3,53.5,9416900,40.19
"2007-02-08",53.45,53.82,52.96,53.5,4516100,40.19
"2007-02-09",53.61,53.75,51.63,52.75,5085300,39.62
"2007-02-12",53.23,53.23,51.3,52.06,4148500,39.11
"2007-02-13",52.06,52.66,51.51,52.42,3172300,39.38
"2007-02-14",52.22,52.84,52.03,52.35,2162500,39.32
"2007-02-15",52.36,53.14,52.07,52.92,1463500,39.75
"2007-02-16",52.36,52.61,51.71,52.2,1992100,39.21
"2007-02-20",52.35,53.46,51.91,53.45,2585000,40.15
"2007-02-21",53.35,53.4,52.66,53.14,2070200,39.92
"2007-02-22",53.29,53.5,52.74,53.03,1976800,39.83
"2007-02-23",52.83,53.08,51.87,52.16,1034100,39.18
"2007-02-26",52.19,52.41,50.93,51.74,1967100,38.87
"2007-02-27",51.47,51.49,49.31,49.85,3642200,37.45
"2007-02-28",49.52,50.98,49.42,50.79,2872900,38.15
"2007-03-01",49.79,50.67,49.01,49.87,3387800,37.46
"2007-03-02",49.72,49.78,48.85,48.95,2514100,36.77
"2007-03-05",48.4,48.65,46.7,46.7,2986300,35.08
"2007-03-06",46.95,48.4,46.95,48.07,2145700,36.11
"2007-03-07",48.13,48.34,47.41,47.5,2751800,35.68
"2007-03-08",47.04,48.14,47.03,47.83,3281900,35.93
"2007-03-09",48.38,48.6,47.84,48.36,1979200,36.33
"2007-03-12",49,49.16,48.04,48.88,2048100,36.72
"2007-03-13",48.51,48.51,47.46,47.62,2679500,35.77
"2007-03-14",47.43,48.29,46.88,48.1,2431500,36.13
"2007-03-15",47.41,48.68,47.39,48.02,2072500,36.42
"2007-03-16",47.89,48.13,47.33,47.63,2971500,36.13
"2007-03-19",47.93,48.48,47.7,48,1919600,36.41
"2007-03-20",47.75,48.7,47.67,48.34,2457500,36.66
"2007-03-21",48.36,49.19,47.86,49.15,1861600,37.28
"2007-03-22",50.04,50.04,48.8,49.3,1359900,37.39
"2007-03-23",49.36,49.73,49.25,49.32,1061200,37.41
"2007-03-26",49.23,49.31,48.1,48.3,2612800,36.63
"2007-03-27",48.2,48.2,47.42,47.6,1997200,36.1
"2007-03-28",47.33,47.72,46.66,47.12,3135300,35.74
"2007-03-29",47.6,48.02,47.24,47.67,2731400,36.16
"2007-03-30",47.74,48.51,47.6,48.23,2539700,36.58
"2007-04-02",48.4,48.86,47.85,48.67,1402700,36.91
"2007-04-03",48.9,49.46,48.68,49.35,1747000,37.43
"2007-04-04",49.35,49.46,48.85,49.26,1883500,37.36
"2007-04-05",49.11,49.4,48.96,49.33,924400,37.42
"2007-04-09",49.34,49.64,49.11,49.37,1140500,37.45
"2007-04-10",49.41,49.83,49.18,49.55,1293800,37.58
"2007-04-11",49.7,49.7,48.32,48.5,1705300,36.79
"2007-04-12",48.4,48.51,47.92,48.16,1296600,36.53
"2007-04-13",49.03,49.03,47.82,48.73,1325000,36.96
"2007-04-16",49.12,49.19,48.19,48.72,1489000,36.95
"2007-04-17",48.7,49.42,48.47,48.88,1669200,37.07
"2007-04-18",48.7,48.96,48.3,48.33,1620500,36.66
"2007-04-19",49,49,47.67,47.8,2502400,36.25
"2007-04-20",48.03,48.5,47.79,47.96,2032500,36.38
"2007-04-23",48.02,48.57,47.98,48.45,1983400,36.75
"2007-04-24",48.63,48.63,47.49,47.67,1842600,36.16
"2007-04-25",48.26,48.35,47.32,47.79,2143600,36.25
"2007-04-26",47.76,47.85,47.07,47.35,1945200,35.91
"2007-04-27",47.35,48.06,47.17,47.34,2833800,35.91
"2007-04-30",47.45,47.45,46.42,46.43,1501300,35.22
"2007-05-01",46.44,46.67,45.25,46.02,3122700,34.9
"2007-05-02",45.96,46.53,45.44,46.35,3372600,35.16
"2007-05-03",46.9,46.9,45.56,46.16,4354100,35.01
"2007-05-04",46.15,46.15,45.15,45.59,3424800,34.58
"2007-05-07",45.6,46.02,45.56,45.94,2260600,34.84
"2007-05-08",45.64,46.04,45.46,45.52,4786600,34.53
"2007-05-09",45.53,46.43,45.42,46.15,2486500,35
"2007-05-10",45.95,46.13,45.77,45.88,2594600,34.8
"2007-05-11",46.52,47.91,46.51,47.61,3385600,36.11
"2007-05-14",47.9,48,47.4,47.45,1939700,35.99
"2007-05-15",47.2,48.09,47.12,47.19,2848800,35.79
"2007-05-16",47.26,47.33,46.68,47.01,2158600,35.66
"2007-05-17",46.91,47.05,46.4,46.6,2819500,35.34
"2007-05-18",46.58,46.71,45.99,46.14,2502000,35
"2007-05-21",46.69,47.08,46.11,46.67,2703800,35.4
"2007-05-22",47.18,47.64,46.79,47.19,2479200,35.79
"2007-05-23",47.26,47.6,46.65,46.67,2820200,35.4
"2007-05-24",46.69,46.73,45.75,46.37,2851100,35.17
"2007-05-25",46.78,48.67,46.78,47.55,3304300,36.07
"2007-05-29",49.31,51.15,49.3,50.75,5705900,38.49
"2007-05-30",50.4,51.87,50.36,51.84,3596400,39.32
"2007-05-31",52.08,52.25,50.24,50.67,3120500,38.43
"2007-06-01",50.7,51.15,50.44,50.89,2979100,38.6
"2007-06-04",50.4,51.16,50.4,50.6,1527100,38.38
"2007-06-05",50.39,50.56,49.74,49.97,2283600,37.9
"2007-06-06",49.16,50,48.95,49.52,2507100,37.56
"2007-06-07",48.8,48.93,47.45,47.54,4137700,36.06
"2007-06-08",47.6,48.34,47.4,48.11,2285600,36.49
"2007-06-11",47.61,48.17,47.04,47.08,2314400,35.71
"2007-06-12",46.9,47.29,46.25,46.83,3056900,35.52
"2007-06-13",47.08,48.1,46.84,47.96,2105700,36.38
"2007-06-14",48.16,48.16,46.87,46.97,2106300,35.97
"2007-06-15",47.32,47.64,46.95,47.11,1708100,36.08
"2007-06-18",47.11,47.11,46.39,46.54,2245900,35.64
"2007-06-19",46.29,46.89,45.89,46.65,2351100,35.73
"2007-06-20",46.84,46.84,45.8,45.8,2145400,35.08
"2007-06-21",45.8,46.03,44.47,45.82,2940500,35.09
"2007-06-22",45.63,46.16,45.36,46.13,2901200,35.33
"2007-06-25",46.18,46.43,45.36,45.62,3377100,34.94
"2007-06-26",45.77,45.86,45.14,45.24,2717500,34.65
"2007-06-27",44.85,46.65,44.36,46.36,2746400,35.51
"2007-06-28",45.92,46.62,45.51,45.61,3601000,34.93
"2007-06-29",45.93,46.52,45.19,45.63,3370400,34.95
"2007-07-02",45.58,46.23,45.23,46.09,2964300,35.3
"2007-07-03",46.09,46.29,45.66,45.94,1349900,35.18
"2007-07-05",46.58,46.96,46.35,46.38,1908000,35.52
"2007-07-06",45.88,46.8,45.85,46.45,1702000,35.57
"2007-07-09",46.59,46.69,45.92,46.09,1501300,35.3
"2007-07-10",45.75,46.07,44.82,44.85,2611700,34.35
"2007-07-11",44.87,44.89,44.21,44.8,2663300,34.31
"2007-07-12",45,46.08,44.73,46.04,2157600,35.26
"2007-07-13",46,46.8,45.65,46.75,1283600,35.8
"2007-07-16",46.9,47.48,46.52,46.67,1623700,35.74
"2007-07-17",46.75,47.01,45.95,46.29,1787700,35.45
"2007-07-18",46.1,46.18,45.09,46.05,1910900,35.27
"2007-07-19",46.4,47,46.03,46.52,1244200,35.63
"2007-07-20",46.5,46.61,45.62,45.78,2228200,35.06
"2007-07-23",45.78,46.09,44.7,44.7,1657400,34.23
"2007-07-24",44.2,44.94,43.21,43.44,2903100,33.27
"2007-07-25",43.41,43.95,42.35,42.97,2206300,32.91
"2007-07-26",42.97,42.97,41.17,42.05,3896000,32.2
"2007-07-27",41.18,42.54,40.57,40.57,4096300,31.07
"2007-07-30",41.44,41.44,39.92,40.49,2698300,31.01
"2007-07-31",41.13,41.5,39.5,39.81,3210900,30.49
"2007-08-01",37.89,41.9,37.47,40.09,4401700,30.7
"2007-08-02",40.4,40.98,40,40.54,3862900,31.05
"2007-08-03",40.25,40.42,38.58,38.82,3584500,29.73
"2007-08-06",39.59,40.05,37.76,40,3485900,30.63
"2007-08-07",39.5,41.1,39.21,40.15,4542500,30.75
"2007-08-08",40.25,41.77,40,41.77,4794900,31.99
"2007-08-09",39.44,41.9,36.42,41.45,3831200,31.75
"2007-08-10",39.88,41.18,35,39.28,4259900,30.08
"2007-08-13",39.52,39.97,38.54,38.75,2604500,29.68
"2007-08-14",38.55,38.85,36.79,36.92,3141900,28.28
"2007-08-15",36.85,38.41,36.49,37.02,2944600,28.35
"2007-08-16",36.6,39.25,36.5,39.01,4393200,29.88
"2007-08-17",39.74,42.26,38.65,40.47,4818300,30.99
"2007-08-20",40.35,42.03,40.19,41.56,2554100,31.83
"2007-08-21",41.47,42.05,41.3,41.77,2511000,31.99
"2007-08-22",42.2,42.46,41.27,41.67,2215300,31.91
"2007-08-23",41.55,41.9,40.78,41.14,2044800,31.51
"2007-08-24",40.91,41.35,40.31,40.96,1437600,31.37
"2007-08-27",40.88,41.14,39.97,40.02,1587600,30.65
"2007-08-28",40,40.17,38.52,38.55,2080100,29.52
"2007-08-29",38.94,39.44,38.58,39.36,1880200,30.14
"2007-08-30",38.9,39.76,38.82,39.67,1185700,30.38
"2007-08-31",39.22,40.63,39.22,40.24,2185800,30.82
"2007-09-04",40.23,41.34,39.89,40.91,1656700,31.33
"2007-09-05",40.32,40.53,39.88,40.3,2511600,30.86
"2007-09-06",40.36,40.88,40.02,40.61,1809500,31.1
"2007-09-07",39.95,40.21,39.68,39.77,2328400,30.46
"2007-09-10",40.2,40.48,39.28,39.78,1961600,30.47
"2007-09-11",39.92,40.75,39.87,40.57,1757400,31.07
"2007-09-12",40.28,40.71,40.1,40.25,1387400,30.83
"2007-09-13",40.14,40.76,39.92,40.32,1515800,31.24
"2007-09-14",40.18,40.38,39.55,40.23,1968400,31.17
"2007-09-17",39.9,40.4,39.75,39.97,1131400,30.97
"2007-09-18",40,41.43,39.93,41.35,2308400,32.04
"2007-09-19",41.82,42.38,41.59,42.05,2561500,32.58
"2007-09-20",41.94,42.02,41.39,41.52,1541800,32.17
"2007-09-21",41.85,41.94,41.36,41.78,2996400,32.37
"2007-09-24",41.92,42.97,41.86,42.73,1918400,33.11
"2007-09-25",42.68,42.68,42.11,42.42,1886400,32.87
"2007-09-26",42.66,43.2,42.35,43.19,1937900,33.46
"2007-09-27",43.21,43.46,42.96,43.36,1587500,33.59
"2007-09-28",43.32,43.32,42.14,42.36,1546800,32.82
"2007-10-01",42.6,43,42.32,42.9,1919000,33.24
"2007-10-02",42.65,43.43,42.58,43.3,1855000,33.55
"2007-10-03",43.2,43.78,43.04,43.65,1788100,33.82
"2007-10-04",43.8,44.09,43.03,44.08,1549400,34.15
"2007-10-05",44.1,45.01,43.66,44.88,1800600,34.77
"2007-10-08",44.55,44.66,44,44.2,958200,34.25
"2007-10-09",44.46,44.5,43.37,44.28,1185800,34.31
"2007-10-10",44.34,44.43,43.6,43.74,1365800,33.89
"2007-10-11",43.89,44.24,42.91,42.94,1694400,33.27
"2007-10-12",42.9,43.31,41.91,42.12,1420700,32.63
"2007-10-15",42.29,42.41,41.07,41.32,1662400,32.01
"2007-10-16",41.26,41.35,40.55,40.9,1909900,31.69
"2007-10-17",41.2,41.28,39.46,40.17,1900400,31.12
"2007-10-18",40.07,41.15,39.55,40.59,1543100,31.45
"2007-10-19",40.34,40.39,39.32,39.52,2950600,30.62
"2007-10-22",39.39,40.02,39.1,39.67,1802100,30.74
"2007-10-23",40,40.43,39.79,40.43,1263700,31.32
"2007-10-24",40.29,40.31,38.81,39.55,1850300,30.64
"2007-10-25",39.66,39.96,38.55,39.27,2401400,30.43
"2007-10-26",39.62,40.06,38.93,39.32,1853100,30.46
"2007-10-29",39.33,39.62,38.78,38.9,1693800,30.14
"2007-10-30",39.38,40.09,38.59,39.87,1750200,30.89
"2007-10-31",40.48,41.95,40.48,41.78,3285300,32.37
"2007-11-01",40.88,42.19,40.09,40.2,3134300,31.15
"2007-11-02",40.08,40.22,38.5,39.11,3402800,30.3
"2007-11-05",38.54,39.01,38.05,38.54,2236600,29.86
"2007-11-06",38.91,38.91,37.87,38.7,1573100,29.98
"2007-11-07",37.91,38.5,37.66,37.73,2696200,29.23
"2007-11-08",37.57,38.15,37.4,37.85,3316500,29.33
"2007-11-09",37.53,38.43,37.08,37.82,2885500,29.3
"2007-11-12",37.75,38.73,37.58,37.68,2334100,29.19
"2007-11-13",37.9,39.45,37.9,39.35,2331500,30.49
"2007-11-14",39.24,40.13,38.37,38.43,2711600,29.77
"2007-11-15",38.43,38.56,37.82,38.11,3235700,29.53
"2007-11-16",38.64,38.95,37.41,37.76,3219200,29.26
"2007-11-19",37.65,37.69,36.28,36.48,2180200,28.26
"2007-11-20",36.42,37.35,35.1,35.93,3088400,27.84
"2007-11-21",35.51,36.17,35.12,35.83,2076900,27.76
"2007-11-23",36.37,37.13,36.25,36.92,948200,28.6
"2007-11-26",37.15,37.15,34.37,34.49,2844200,26.72
"2007-11-27",33.79,34.82,33.79,34.74,3689600,26.92
"2007-11-28",34.93,36.64,34.93,36.47,4493300,28.26
"2007-11-29",36.25,36.74,35.46,36.29,2369600,28.12
"2007-11-30",37.09,37.7,36.69,37.21,3791800,28.83
"2007-12-03",37.2,37.4,36.54,37.22,2917900,28.84
"2007-12-04",36.92,37.29,36.25,36.25,1961100,28.09
"2007-12-05",36.51,37.87,36.51,37.76,1761000,29.26
"2007-12-06",37.75,39.94,37.5,39.91,2566400,30.92
"2007-12-07",40,40.89,39.6,40.05,2562200,31.03
"2007-12-10",40.08,40.9,39.76,40.7,1856500,31.53
"2007-12-11",40.68,41.07,37.62,37.79,2765800,29.28
"2007-12-12",38.72,40.63,36.1,36.73,3816000,28.46
"2007-12-13",36.48,36.81,35.22,35.97,3039100,27.87
"2007-12-14",36.05,36.35,34.57,34.62,2266100,26.82
"2007-12-17",34.4,34.81,34.01,34.24,2517300,26.53
"2007-12-18",36.05,36.05,34.37,35.68,3768300,27.64
"2007-12-19",36.01,36.91,35.64,36.86,3107700,28.56
"2007-12-20",36.54,37,35.32,36.02,2715400,28.28
"2007-12-21",37.1,37.11,36.5,36.98,3083000,29.03
"2007-12-24",37.58,38.91,37.14,38.86,909600,30.51
"2007-12-26",38.54,38.54,37.57,37.78,1841400,29.66
"2007-12-27",38.08,38.08,36.43,36.61,1826400,28.74
"2007-12-28",36.46,37.57,36.16,36.44,1510300,28.61
"2007-12-31",36.18,37.13,36.08,36.47,2862400,28.63
"2008-01-02",36.33,37.06,35.97,36.43,2685700,28.6
"2008-01-03",36.16,36.73,34.72,34.89,2209400,27.39
"2008-01-04",34.66,34.87,33.26,33.38,3262200,26.21
"2008-01-07",33.65,34.1,32.66,33.88,2668400,26.6
"2008-01-08",34.13,35.36,32.97,33.11,3260300,25.99
"2008-01-09",32.77,33.66,31.48,33.54,3656200,26.33
"2008-01-10",32.65,34.84,31.86,34.14,3848200,26.8
"2008-01-11",34,34.51,32.91,33.64,3434600,26.41
"2008-01-14",34.11,34.43,32.72,33.69,2336000,26.45
"2008-01-15",33.17,33.33,32.28,32.78,3016400,25.73
"2008-01-16",32.69,34,32.54,33.4,2764800,26.22
"2008-01-17",33.36,34.02,32.92,33.05,3234600,25.95
"2008-01-18",33.3,34,32.02,32.72,3420300,25.69
"2008-01-22",31.07,34.39,31.07,33.91,4141000,26.62
"2008-01-23",32.85,38.15,32.54,37.52,7953100,29.46
"2008-01-24",37.56,37.7,36.57,37.45,3377000,29.4
"2008-01-25",37.88,38.4,37.25,37.61,4168500,29.53
"2008-01-28",37.66,37.83,36.67,37.74,4433500,29.63
"2008-01-29",37.91,38.38,37.33,37.76,3370000,29.64
"2008-01-30",37.72,38.5,36.55,36.82,4294700,28.91
"2008-01-31",36.36,37.85,35.75,37.37,3633700,29.34
"2008-02-01",37.5,39,37.1,38.75,4394700,30.42
"2008-02-04",38.65,38.65,37.45,38.1,2618700,29.91
"2008-02-05",37.53,38.27,36.22,36.51,3301300,28.66
"2008-02-06",38.42,39,36.95,37.49,4522200,29.43
"2008-02-07",37.4,38.78,36.92,38.57,3062900,30.28
"2008-02-08",38.18,38.56,36.86,37.4,3129100,29.36
"2008-02-11",37.43,37.53,36.43,36.57,1868800,28.71
"2008-02-12",36.72,38.6,36.72,38.59,3090200,30.3
"2008-02-13",38.83,39.22,38.03,38.85,2785200,30.5
"2008-02-14",38.89,39.17,37.53,38.14,1906000,29.94
"2008-02-15",38.13,38.6,37.75,38.6,2884500,30.3
"2008-02-19",39.11,39.28,37.96,38.26,3156700,30.04
"2008-02-20",38.1,39.94,38.01,39.88,4169900,31.31
"2008-02-21",39.94,40.6,39.08,39.25,3624000,30.81
"2008-02-22",39.4,40.09,38.67,40.09,2810100,31.47
"2008-02-25",40.04,41.26,39.43,41.22,3241600,32.36
"2008-02-26",40.83,40.98,40.03,40.41,3451400,31.72
"2008-02-27",40.11,40.68,39.66,40.04,2324900,31.43
"2008-02-28",39.69,39.69,38.6,38.82,2516300,30.48
"2008-02-29",38.46,38.89,38.04,38.18,3417000,29.97
"2008-03-03",38.05,39.28,37.94,39.15,3187900,30.74
"2008-03-04",38.71,39.06,37.86,38.81,2804300,30.47
"2008-03-05",38.83,39.56,38.29,38.74,2134400,30.41
"2008-03-06",38.7,38.75,36.6,36.71,3257400,28.82
"2008-03-07",36.2,37.42,35.76,37.21,4017300,29.21
"2008-03-10",37.16,37.33,36.03,36.24,2561800,28.45
"2008-03-11",37.14,38.94,37.09,38.79,5099800,30.45
"2008-03-12",38.8,40.19,38.24,38.24,3879700,30.02
"2008-03-13",37.57,38.88,36.52,38.64,4844700,30.72
"2008-03-14",38.85,39.32,37.16,38.62,4545300,30.71
"2008-03-17",37.67,38.99,37.53,38.26,5347600,30.42
"2008-03-18",39,40.61,38.49,40.59,4780400,32.27
"2008-03-19",41.26,41.69,40.28,40.38,3162900,32.11
"2008-03-20",40.58,42.44,40.45,42.23,3855600,33.58
"2008-03-24",42.32,43.77,42.32,43.51,4266000,34.6
"2008-03-25",43.44,43.78,42.6,43.53,4192300,34.61
"2008-03-26",43.5,43.5,41.57,41.58,3722900,33.06
"2008-03-27",42.34,42.34,41,41.01,2927000,32.61
"2008-03-28",41.28,41.31,40.2,40.35,3236500,32.08
"2008-03-31",40.26,42.13,40.26,41.49,3439100,32.99
"2008-04-01",42.21,44.28,42.03,44.26,4099500,35.19
"2008-04-02",44.49,44.56,42.97,43.26,3107400,34.4
"2008-04-03",43.33,43.75,42.83,43.75,3700600,34.79
"2008-04-04",43.99,44.06,43.12,43.29,2595100,34.42
"2008-04-07",43.64,43.78,42.69,43.28,1814600,34.41
"2008-04-08",43.05,43.05,42,42.11,2540800,33.48
"2008-04-09",42.19,42.23,40.98,40.98,2680400,32.58
"2008-04-10",40.98,41.18,40.46,40.87,3425700,32.5
"2008-04-11",40.3,41,39.9,40.35,1759900,32.08
"2008-04-14",40.39,40.92,40.11,40.18,1975300,31.95
"2008-04-15",40.36,40.85,39.86,40.57,2614200,32.26
"2008-04-16",40.86,42.4,40.52,42.29,3255000,33.63
"2008-04-17",41.91,42.49,41.66,42.39,1708900,33.7
"2008-04-18",42.9,43.13,41.92,42.39,1780400,33.7
"2008-04-21",41.99,42.2,41.73,41.96,1733400,33.36
"2008-04-22",41.76,41.98,41.17,41.32,1751500,32.85
"2008-04-23",41.43,42.42,41.24,42.35,1627900,33.67
"2008-04-24",42.52,43.46,42.17,43.34,1947800,34.46
"2008-04-25",43.64,43.87,43.33,43.8,2097000,34.83
"2008-04-28",43.6,43.7,42.85,42.94,1608700,34.14
"2008-04-29",42.69,43.07,42.18,42.43,1703300,33.74
"2008-04-30",42.62,43.14,41.52,41.52,1936800,33.01
"2008-05-01",40.39,43.13,40.39,42.99,2035700,34.18
"2008-05-02",43.22,44.39,42.63,43.63,4411700,34.69
"2008-05-05",43.29,43.44,42.7,43.38,1352500,34.49
"2008-05-06",43.1,44.07,42.95,43.98,2207800,34.97
"2008-05-07",43.83,44.15,42.17,42.28,1920200,33.62
"2008-05-08",42.84,42.84,41.31,41.85,1426500,33.28
"2008-05-09",40.93,42.18,40.93,41.65,1862700,33.12
"2008-05-12",41.84,43.57,41.84,43.47,1753100,34.56
"2008-05-13",43.64,43.64,42.67,43.31,1391100,34.44
"2008-05-14",43.63,44.08,43.27,43.86,1344100,34.87
"2008-05-15",43.61,44.36,43.04,44.25,2009000,35.18
"2008-05-16",44.15,44.46,43.57,44.07,1541800,35.04
"2008-05-19",44.85,44.89,44.02,44.45,1455600,35.34
"2008-05-20",44.39,44.44,43.08,43.26,1542200,34.4
"2008-05-21",43.51,43.74,41.87,41.93,2141700,33.34
"2008-05-22",41.79,42.06,41.55,41.74,1795700,33.19
"2008-05-23",40.7,41.35,40.63,40.97,1639300,32.58
"2008-05-27",41.18,41.92,40.96,41.56,1553200,33.04
"2008-05-28",41.51,41.82,41.07,41.76,1885400,33.2
"2008-05-29",41.45,42.74,41.44,42.59,1860500,33.86
"2008-05-30",42.51,42.67,42.06,42.29,1786800,33.63
"2008-06-02",41.9,42.01,41.45,41.77,1621500,33.21
"2008-06-03",42.28,43.06,42.12,42.91,2510300,34.12
"2008-06-04",42.9,43.94,42.73,43.67,2630500,34.72
"2008-06-05",44,44.35,43.54,44.16,2358600,35.11
"2008-06-06",43.34,43.82,42.33,42.55,2482700,33.83
"2008-06-09",42.53,43.24,41.31,41.35,2234100,32.88
"2008-06-10",41.01,42.1,40.76,41.78,2150200,33.22
"2008-06-11",41.91,42.08,41,41.33,2539700,32.86
"2008-06-12",41.41,42.21,40.87,41.65,2421800,33.51
"2008-06-13",41.87,42.61,41.34,42.61,1922200,34.28
"2008-06-16",42.17,43.43,41.87,43.3,1955900,34.84
"2008-06-17",43.8,43.8,41.5,41.51,1699500,33.4
"2008-06-18",41.07,41.53,40.48,40.74,2562600,32.78
"2008-06-19",40.85,41.61,40.3,41.61,2060700,33.48
"2008-06-20",41.64,41.8,40.29,40.35,2370000,32.46
"2008-06-23",40.52,40.67,39.14,39.26,2056300,31.58
"2008-06-24",39.1,39.97,38.63,39.59,2296600,31.85
"2008-06-25",39.67,41.1,39.67,40.19,2438500,32.33
"2008-06-26",39.67,39.96,38.24,38.38,2996700,30.88
"2008-06-27",38.7,39.01,38.05,38.25,2476600,30.77
"2008-06-30",38.13,39.1,37.76,38.27,2207900,30.79
"2008-07-01",37.61,38.32,36.84,38.19,3990400,30.72
"2008-07-02",38.1,38.22,37.23,37.29,2336800,30
"2008-07-03",37.69,38.29,37.22,37.83,1314300,30.43
"2008-07-07",37.86,38.66,37.47,37.79,3751200,30.4
"2008-07-08",39.93,41.79,38.05,41.12,5536900,33.08
"2008-07-09",40.77,41.02,37.55,38.1,4453500,30.65
"2008-07-10",37.74,39.59,37.6,39.02,3742700,31.39
"2008-07-11",38.02,40.36,37,39.27,3346700,31.59
"2008-07-14",39.73,40.1,38.32,38.44,4959500,30.93
"2008-07-15",38.39,39.43,37.33,37.6,5827500,30.25
"2008-07-16",37.36,40.74,37,40.48,4945400,32.57
"2008-07-17",40.87,41.64,39.66,41.31,5419000,33.23
"2008-07-18",41.26,41.77,40.36,41.3,3971400,33.23
"2008-07-21",41.33,41.96,41,41.76,3056800,33.6
"2008-07-22",41.55,43.34,40.94,43.17,3899200,34.73
"2008-07-23",43.27,45.37,42.79,44.54,4911300,35.83
"2008-07-24",44.41,44.41,40.92,41.29,5804300,33.22
"2008-07-25",41.79,43.18,41.25,42.72,4006000,34.37
"2008-07-28",42.72,43.3,41.35,41.47,3617000,33.36
"2008-07-29",41.59,44.58,41.59,43.71,4881000,35.17
"2008-07-30",43.81,44,41.77,43.39,3802300,34.91
"2008-07-31",41.69,44,41.27,43.17,3524300,34.73
"2008-08-01",43.65,44.33,42.07,44.12,3757900,35.49
"2008-08-04",44.14,44.57,43.33,44.11,3490200,35.49
"2008-08-05",44.45,47.29,44.35,46.87,5170700,37.71
"2008-08-06",45.29,46.48,44.61,45.96,4214200,36.98
"2008-08-07",44.79,45.5,43.38,43.69,5181000,35.15
"2008-08-08",43.9,45.91,43.4,45.6,3648900,36.69
"2008-08-11",45.7,47.72,45.47,47.14,4339700,37.92
"2008-08-12",46.31,46.68,44.97,45.3,3821500,36.44
"2008-08-13",45.37,45.68,44.09,44.64,3445400,35.91
"2008-08-14",43.56,45.9,43.56,45.57,2642800,36.66
"2008-08-15",45.7,46.33,44.61,44.89,2812500,36.11
"2008-08-18",45.35,45.35,43.54,43.94,3257900,35.35
"2008-08-19",43.38,43.75,42.2,42.58,4947800,34.26
"2008-08-20",42.5,43.01,41.7,42.41,3490900,34.12
"2008-08-21",41.01,42,40.98,41.34,4786900,33.26
"2008-08-22",41.89,42.91,41.37,42.75,3722600,34.39
"2008-08-25",42.93,42.93,41.22,41.39,2817100,33.3
"2008-08-26",41.43,42.38,41.02,42.05,2888000,33.83
"2008-08-27",42.01,42.26,41.01,41.83,2569800,33.65
"2008-08-28",42.01,43.01,41.76,42.95,3600800,34.55
"2008-08-29",42.42,42.92,42.02,42.2,2252200,33.95
"2008-09-02",42.76,43.46,41.6,42.41,2829300,34.12
"2008-09-03",42.59,43.85,42.02,43.78,3320900,35.22
"2008-09-04",43.74,43.74,41.54,41.65,3573600,33.51
"2008-09-05",41.28,42.35,40.95,42.35,2964100,34.07
"2008-09-08",44,44.75,43.03,44.69,5154400,35.95
"2008-09-09",44.69,44.74,41.78,42.26,5509800,34
"2008-09-10",42.9,43.03,41.08,42.46,4691800,34.16
"2008-09-11",41.35,42.4,40.84,42.37,3681000,34.48
"2008-09-12",41.77,42.94,41.53,42.85,2276700,34.87
"2008-09-15",42.58,42.58,39.6,40,6455200,32.55
"2008-09-16",39.5,41.97,39.41,41.73,6660200,33.96
"2008-09-17",40.54,41.72,39.32,39.66,5837400,32.27
"2008-09-18",40.13,49,39.29,49,9287600,39.87
"2008-09-19",48.3,49,44.49,47.53,9509900,38.68
"2008-09-22",46.51,46.65,43,43.45,5080500,35.36
"2008-09-23",43.4,44.75,42.63,43.18,3908800,35.14
"2008-09-24",43.34,43.77,42.15,42.74,3259700,34.78
"2008-09-25",43.4,44.39,42.35,43.85,3795700,35.68
"2008-09-26",43.3,45.58,42.34,45.51,3723100,37.03
"2008-09-29",44.61,44.88,41,41.52,5469600,33.79
"2008-09-30",42.65,44.71,42.18,44.41,4838600,36.14
"2008-10-01",43.1,43.76,42.63,43.09,3228000,35.07
"2008-10-02",42.51,42.54,40.5,40.83,4633300,33.23
"2008-10-03",41.62,42.11,38.92,39.14,5206500,31.85
"2008-10-06",37.61,39.83,36.17,38.67,6613600,31.47
"2008-10-07",38.1,38.87,36.02,36.64,8087100,29.82
"2008-10-08",35.57,38.79,35.08,36.99,7075600,30.1
"2008-10-09",37.1,38.24,33.32,33.38,7359100,27.16
"2008-10-10",32.28,41,32,41,13278500,33.36
"2008-10-13",41.49,41.49,36.56,39.44,7524900,32.09
"2008-10-14",40.49,41.13,33.12,35.91,7783100,29.22
"2008-10-15",35.74,35.74,29.74,30.28,8150900,24.64
"2008-10-16",31,33.06,29.72,32.32,8321400,26.3
"2008-10-17",31.67,33.81,30.47,32.51,4459100,26.46
"2008-10-20",32.56,33.39,31.32,33.25,3950700,27.06
"2008-10-21",32.76,34,32.18,32.52,3620900,26.46
"2008-10-22",32.1,32.35,28.96,29.98,6771700,24.4
"2008-10-23",30.08,31.7,28.2,31.5,7068200,25.63
"2008-10-24",28.89,32,28.69,30.08,5848700,24.48
"2008-10-27",29.69,31.66,28.38,28.72,4663500,23.37
"2008-10-28",29.49,33.26,27.85,31.9,7228200,25.96
"2008-10-29",31.82,33.75,30.59,31.93,5957900,25.98
"2008-10-30",33.21,33.25,30.75,32.06,4737400,26.09
"2008-10-31",32.43,35.22,31.63,34.93,5742300,28.42
"2008-11-03",34.57,35.1,32.64,32.97,2989300,26.83
"2008-11-04",33.13,35.56,32.92,35.14,4832100,28.6
"2008-11-05",34.51,34.93,31,31.4,6057900,25.55
"2008-11-06",31.16,31.51,29.54,29.83,4710200,24.27
"2008-11-07",29.95,33.43,29.43,33.06,5389300,26.9
"2008-11-10",33.57,33.57,29.92,30.33,4665200,24.68
"2008-11-11",30.03,31.34,29.35,30.52,4329000,24.84
"2008-11-12",31.09,31.23,29.04,29.15,6516700,23.72
"2008-11-13",29.77,32.85,27.49,32.05,9418200,26.08
"2008-11-14",30.99,31.89,27.22,27.66,6471600,22.51
"2008-11-17",27.66,28.51,26.48,26.62,6904000,21.66
"2008-11-18",26.7,27.88,25.11,26.5,5222700,21.56
"2008-11-19",26.44,26.65,22.78,23.21,8113200,18.89
"2008-11-20",23.1,25.53,21.27,22.13,12193600,18.01
"2008-11-21",22.62,25.51,21.63,25.35,11909600,20.63
"2008-11-24",26.27,30.76,24.99,29.94,11988300,24.36
"2008-11-25",30.13,30.83,27.91,29.77,11719600,24.23
"2008-11-26",29.06,31.6,28.33,31.41,8237700,25.56
"2008-11-28",31.41,31.84,30.23,30.43,4183300,24.76
"2008-12-01",29.83,29.94,23.75,23.85,10673900,19.41
"2008-12-02",25.28,29.2,25.07,28.67,11695000,23.33
"2008-12-03",27.39,31.05,26.89,30.68,10239000,24.97
"2008-12-04",29.63,32.59,28.92,29.54,9983800,24.04
"2008-12-05",29.94,34.02,28.89,33.64,8747500,27.38
"2008-12-08",34.65,34.87,32.4,34.6,9834600,28.16
"2008-12-09",33.88,34.91,31.4,31.97,7606300,26.02
"2008-12-10",32.64,34.62,31.81,34.48,6454900,28.06
"2008-12-11",33.8,34.04,27.06,27.43,14001800,22.32
"2008-12-12",26.66,31.75,26.17,31.65,10914100,25.76
"2008-12-15",31.33,31.43,28.69,29.66,6673600,24.14
"2008-12-16",29.94,33.48,29.28,33.19,12022800,27.01
"2008-12-17",32.11,34.57,30.79,33.29,7527100,27.09
"2008-12-18",32.85,32.87,28.33,28.86,10460800,23.83
"2008-12-19",29.46,30.14,28.4,29.53,6874900,24.38
"2008-12-22",28.92,28.92,27.05,28.4,6683900,23.45
"2008-12-23",28.66,29.15,27.36,27.52,4255900,22.72
"2008-12-24",27.83,28.28,27.48,27.76,1381100,22.92
"2008-12-26",27.77,28.32,27.34,28.11,1393600,23.21
"2008-12-29",27.92,28,26.44,26.98,3511200,22.28
"2008-12-30",27.04,28.39,27.04,28.14,3746500,23.24
"2008-12-31",27.85,30.06,27.64,29.82,4479500,24.62
"2009-01-02",29.87,29.87,28.05,28.23,3956500,23.31
"2009-01-05",27.94,28.39,26.95,27.29,4817700,22.53
"2009-01-06",27.57,28.22,26.69,27.94,6549700,23.07
"2009-01-07",27.39,28.17,27,27.22,4039000,22.48
"2009-01-08",27.01,27.29,26.4,26.92,4434200,22.23
"2009-01-09",27.13,27.2,25.61,25.82,5056600,21.32
"2009-01-12",25.88,25.9,24.01,24.35,5852500,20.11
"2009-01-13",24.25,26.17,24.06,25.69,6397700,21.21
"2009-01-14",24.84,25.48,24.47,24.97,7298800,20.62
"2009-01-15",24.91,27.24,24.31,26.22,7516500,21.65
"2009-01-16",27.01,27.45,25.26,27.27,8853600,22.52
"2009-01-20",26.99,27.27,24,24.18,9891500,19.97
"2009-01-21",24.65,26.34,23.4,26.19,9158200,21.63
"2009-01-22",24.77,25.59,23.75,24.38,8357000,20.13
"2009-01-23",23.51,25.32,23.42,25.13,5988300,20.75
"2009-01-26",25.54,25.54,24.31,24.71,4876400,20.4
"2009-01-27",24.99,25.47,24.51,25.02,4719400,20.66
"2009-01-28",26.22,27.52,25.32,27.36,8995500,22.59
"2009-01-29",26.53,26.68,24.78,24.98,8511800,20.63
"2009-01-30",25.6,25.81,23.39,23.93,8420700,19.76
"2009-02-02",23.36,24.26,22.93,24.19,5949700,19.97
"2009-02-03",24.55,24.55,23.54,23.75,6045100,19.61
"2009-02-04",24,24.79,23.32,23.42,6421300,19.34
"2009-02-05",23.17,23.17,20.79,21.39,10376200,17.66
"2009-02-06",21.78,23.27,21.23,23.07,7683300,19.05
"2009-02-09",23.15,23.53,22.49,23.46,4736100,19.37
"2009-02-10",22.69,23.46,20.85,21.05,9892600,17.38
"2009-02-11",21.2,22.45,20.66,22.29,7852600,18.41
"2009-02-12",21.64,22.31,20.4,21.94,8805300,18.12
"2009-02-13",21.77,22.29,20.99,21.05,7990200,17.38
"2009-02-17",19.9,20.44,18.97,19.21,10100700,15.86
"2009-02-18",19.23,19.99,18.65,19.92,7209300,16.45
"2009-02-19",20.65,20.74,18.55,18.83,7230300,15.55
"2009-02-20",18.6,20.62,18.26,20.47,10064300,16.9
"2009-02-23",20.72,20.72,18.46,18.49,9466000,15.27
"2009-02-24",18.7,20.31,18.49,20.2,10582100,16.68
"2009-02-25",19.54,20.3,18.65,19.46,10468500,16.07
"2009-02-26",19.79,19.87,17.98,18.1,8960100,14.95
"2009-02-27",17.58,18.57,17.51,17.6,11621900,14.53
"2009-03-02",17.12,17.84,16.43,16.72,11334500,13.81
"2009-03-03",17.07,17.86,16.26,16.96,9435100,14
"2009-03-04",17.14,18.34,16.97,17.91,9349100,14.79
"2009-03-05",17.44,17.59,16.53,16.71,9143900,13.8
"2009-03-06",17,17.31,15.68,17.09,10491100,14.11
"2009-03-09",16.83,17.69,16.58,17.59,7775400,14.52
"2009-03-10",18,20.07,17.56,20.03,14788000,16.54
"2009-03-11",20.19,20.53,19.11,19.68,11420000,16.25
"2009-03-12",19.19,21.26,18.72,21.11,11459700,17.87
"2009-03-13",21.11,21.11,19.49,20.33,7726400,17.21
"2009-03-16",19.89,20.3,18.36,18.53,9891000,15.69
"2009-03-17",18.63,20.41,18.04,20.38,8508600,17.25
"2009-03-18",20.11,21.42,19.22,21.39,10081900,18.11
"2009-03-19",21.69,21.76,19.05,19.2,9279000,16.25
"2009-03-20",19.25,19.26,16.99,16.99,11125000,14.38
"2009-03-23",17.54,20.78,17.54,20.56,14607500,17.4
"2009-03-24",19.85,20.3,18.35,18.63,9926400,15.77
"2009-03-25",19.04,19.58,17.26,19.17,10457400,16.23
"2009-03-26",19.42,19.77,17.73,19.63,9347000,16.62
"2009-03-27",19.21,19.3,18.36,18.5,6824100,15.66
"2009-03-30",17.3,17.84,16.92,17.03,7928400,14.42
"2009-03-31",17.67,18.69,17.24,18.35,11658600,15.53
"2009-04-01",17.88,18.75,17.73,18.39,7804000,15.57
"2009-04-02",19.05,19.96,18.44,19.71,12955800,16.68
"2009-04-03",19.66,21.7,19.01,21.67,10800100,18.34
"2009-04-06",21.32,21.95,20.5,21.47,7365300,18.17
"2009-04-07",20.78,20.98,19.02,19.04,8660700,16.12
"2009-04-08",19.35,19.84,18.78,19.4,8162700,16.42
"2009-04-09",20.04,22.89,19.79,22.74,12290000,19.25
"2009-04-13",22.39,23.5,21.9,22.92,7356400,19.4
"2009-04-14",22.39,22.77,20.25,20.43,11695100,17.29
"2009-04-15",20.19,22.5,20.02,22.4,9822000,18.96
"2009-04-16",22.41,23.85,20.7,22.72,9306700,19.23
"2009-04-17",22.69,23.65,21.84,22.67,8670100,19.19
"2009-04-20",22.15,22.19,19.59,19.7,10711100,16.68
"2009-04-21",19.35,22.9,19.1,22.9,10946300,19.39
"2009-04-22",22.07,22.62,20.75,20.75,9925500,17.57
"2009-04-23",21,22.32,20.63,22.06,6888600,18.67
"2009-04-24",22,23.77,21.53,23.21,8689500,19.65
"2009-04-27",22.49,22.66,20.46,20.99,8252800,17.77
"2009-04-28",20.55,22.21,20.5,21.53,5106600,18.23
"2009-04-29",21.74,22.95,21.45,22.58,7602400,19.11
"2009-04-30",22.8,23.68,22.1,22.89,6456900,19.38
"2009-05-01",22.7,22.85,21.25,21.47,6420300,18.17
"2009-05-04",21.83,23.8,21.58,23.76,8188800,20.11
"2009-05-05",23.52,23.63,22.41,22.99,7513400,19.46
"2009-05-06",23.5,23.79,22.39,23.63,7938200,20
"2009-05-07",23.71,23.88,21.16,21.6,11395500,18.28
"2009-05-08",22.22,24.3,21.76,24.26,9450400,20.54
"2009-05-11",23.5,23.82,22.71,22.79,7301600,19.29
"2009-05-12",23.06,23.34,21.76,22.65,5882000,19.17
"2009-05-13",22.15,22.18,21.02,21.28,8079200,18.01
"2009-05-14",21.56,22.95,21.27,22.74,7558900,19.25
"2009-05-15",22.56,22.89,21.7,22.04,7331400,18.66
"2009-05-18",22.61,24.5,22.41,24.38,9228300,20.64
"2009-05-19",23.98,24.15,23.16,23.38,6412400,19.79
"2009-05-20",23.78,24.34,22.9,22.97,5822400,19.44
"2009-05-21",22.84,23.38,22.4,23.05,5183500,19.51
"2009-05-22",23.32,23.42,22.34,22.38,4157700,18.95
"2009-05-26",22.22,23.79,22,23.65,8400000,20.02
"2009-05-27",23.53,23.73,22.4,22.51,7691900,19.06
"2009-05-28",22.96,23.53,22.37,23.44,6029400,19.84
"2009-05-29",23.49,24.34,23.04,24.34,5962800,20.6
"2009-06-01",24.57,26.24,24.4,25.25,8458000,21.37
"2009-06-02",25.22,25.43,24.17,24.25,6518500,20.53
"2009-06-03",24.17,24.69,23.95,24.61,4626000,20.83
"2009-06-04",24.11,25.38,24.11,24.99,5896300,21.15
"2009-06-05",25.31,25.48,24.44,24.64,6119200,20.86
"2009-06-08",24.56,25.03,24.33,24.74,4867800,20.94
"2009-06-09",24.82,25.15,24.42,24.98,4659900,21.15
"2009-06-10",25.34,25.34,23.44,24.12,7419900,20.42
"2009-06-11",23.86,24.08,22.96,23.06,5304900,19.92
"2009-06-12",23.05,23.92,22.89,23.91,4855300,20.65
"2009-06-15",23.48,23.5,22.48,22.72,6314100,19.63
"2009-06-16",22.95,23.17,22.05,22.33,4066300,19.29
"2009-06-17",22.25,22.67,21.84,21.91,5222200,18.93
"2009-06-18",22.07,22.71,21.72,22.51,4512100,19.44
"2009-06-19",23.03,23.03,22.06,22.39,4897400,19.34
"2009-06-22",22.11,22.31,21.35,21.48,6454000,18.55
"2009-06-23",21.72,22.06,21.33,21.65,4283100,18.7
"2009-06-24",21.69,22.18,21.67,21.94,3585300,18.95
"2009-06-25",21.82,22.29,21.42,22.17,3871600,19.15
"2009-06-26",22.06,22.43,21.69,22.27,3109100,19.24
"2009-06-29",22.3,22.41,21.88,22.14,3752800,19.12
"2009-06-30",22.15,22.49,21.96,22.23,3616700,19.2
"2009-07-01",22.34,22.52,22.2,22.33,3471200,19.29
"2009-07-02",22.05,22.08,20.91,21,5958200,18.14
"2009-07-06",21.1,21.62,20.88,21.57,6792300,18.63
"2009-07-07",21.42,21.44,20.33,20.43,6585000,17.65
"2009-07-08",20.65,20.65,19.52,20.04,7221900,17.31
"2009-07-09",20.25,20.41,19.49,19.55,4602100,16.89
"2009-07-10",19.39,19.66,18.8,19.26,3490300,16.64
"2009-07-13",19.45,20.32,19.42,20.27,6429000,17.51
"2009-07-14",20.17,20.47,19.62,20.24,3884800,17.48
"2009-07-15",20.45,21.02,20.14,20.76,5603800,17.93
"2009-07-16",20.58,21.1,20.15,20.92,3721100,18.07
"2009-07-17",20.89,20.89,19.9,20.03,4728600,17.3
"2009-07-20",20.3,20.95,20.19,20.89,4257500,18.05
"2009-07-21",21.15,21.15,20.2,20.63,4112200,17.82
"2009-07-22",20.29,21.14,20.29,20.71,3083300,17.89
"2009-07-23",20.89,21.76,20.6,21.52,5476800,18.59
"2009-07-24",21.19,21.43,20.86,21.23,4206200,18.34
"2009-07-27",21.31,21.76,20.98,21.75,4314100,18.79
"2009-07-28",21.53,22.36,21.4,22.2,4327100,19.18
"2009-07-29",22,22.1,21.61,21.87,4147100,18.89
"2009-07-30",22.8,23.94,22.55,23.62,9257700,20.4
"2009-07-31",23.55,24.21,23.39,24,7228900,20.73
"2009-08-03",24.31,24.54,24.17,24.44,5736000,21.11
"2009-08-04",24.37,26.18,24.22,26.09,9249600,22.54
"2009-08-05",26.12,27.72,25.82,27.61,6384600,23.85
"2009-08-06",27.89,28.97,27.7,28.01,7426100,24.2
"2009-08-07",28.28,30.75,28.09,30.05,7473000,25.96
"2009-08-10",29.99,30.04,28.7,28.99,5154600,25.04
"2009-08-11",28.7,28.98,27.52,27.76,6398200,23.98
"2009-08-12",28.04,28.51,27.67,27.8,5658000,24.01
"2009-08-13",28.28,28.35,27.66,27.85,3439600,24.06
"2009-08-14",27.48,27.52,26.53,27.28,4543800,23.56
"2009-08-17",26.42,26.72,26.02,26.14,5544100,22.58
"2009-08-18",26.3,26.9,26.17,26.67,3385300,23.04
"2009-08-19",26.25,26.48,25.95,26.4,3261300,22.8
"2009-08-20",26.27,27.48,26.27,27.43,3752600,23.69
"2009-08-21",27.61,28.66,27.3,27.65,4455100,23.88
"2009-08-24",27.78,28.07,27.3,27.45,3407600,23.71
"2009-08-25",27.8,28.18,27.16,27.36,4886000,23.63
"2009-08-26",27.43,27.83,27.28,27.82,3534600,24.03
"2009-08-27",27.95,27.95,27.12,27.9,3446500,24.1
"2009-08-28",28.11,28.26,27.25,27.8,4384600,24.01
"2009-08-31",27.36,27.63,27.08,27.31,3744700,23.59
"2009-09-01",27.11,27.51,26.05,26.12,6034800,22.56
"2009-09-02",26.49,26.49,25.91,25.91,4332500,22.38
"2009-09-03",26.19,26.48,25.72,26.47,4455100,22.87
"2009-09-04",26.31,26.67,25.88,26.66,2870200,23.03
"2009-09-08",26.88,27.58,26.71,27.57,3984700,23.82
"2009-09-09",27.47,28.77,27.2,28.77,5792000,24.85
"2009-09-10",28.77,29.36,28.14,29.24,3974100,25.26
"2009-09-11",29.27,29.37,28.7,29.15,4175000,25.18
"2009-09-14",28.95,30.02,28.68,30.01,2956800,25.92
"2009-09-15",30.13,30.87,29.7,30.56,5167800,26.4
"2009-09-16",30.4,32.01,30.4,31.99,4974100,27.63
"2009-09-17",31.69,32.91,31.14,31.61,4615500,27.6
"2009-09-18",32.05,32.15,31.31,31.75,6120500,27.72
"2009-09-21",31.55,32.41,31.39,31.7,4229000,27.68
"2009-09-22",32,33.06,32,32.86,4248800,28.69
"2009-09-23",32.88,33.02,31.25,31.25,4758600,27.28
"2009-09-24",31.49,31.84,29.97,30.39,5863700,26.53
"2009-09-25",30.24,30.82,29.92,30.24,4239700,26.4
"2009-09-28",30.37,31.47,30.37,31.46,4052900,27.47
"2009-09-29",30.74,31.72,30.59,30.72,4609200,26.82
"2009-09-30",30.78,31.12,30.25,30.7,5780700,26.8
"2009-10-01",30.57,30.76,28.8,28.9,6215600,25.23
"2009-10-02",28.34,29.65,28.18,28.62,4708400,24.99
"2009-10-05",28.85,29.65,28.85,29.38,3976600,25.65
"2009-10-06",29.67,29.88,28.53,29,3952400,25.32
"2009-10-07",28.83,29.32,28.52,29.03,2796300,25.34
"2009-10-08",29.31,30,29.2,29.81,4628000,26.03
"2009-10-09",29.62,30.29,29.26,30.21,5047100,26.37
"2009-10-12",30.3,30.64,29.96,30.2,1913000,26.37
"2009-10-13",29.98,30.2,29.5,29.65,3282700,25.89
"2009-10-14",29.99,30.57,29.96,30.43,4591400,26.57
"2009-10-15",30.1,30.35,29.79,29.97,2621200,26.17
"2009-10-16",29.67,29.72,28.99,29.06,3786400,25.37
"2009-10-19",29.23,29.71,28.91,29.61,3937700,25.85
"2009-10-20",29.48,29.58,28.84,29.04,3095800,25.35
"2009-10-21",29.09,29.59,28.27,28.33,3791200,24.73
"2009-10-22",28.35,29.19,28.1,29.16,4553000,25.46
"2009-10-23",29.16,29.21,28.65,28.97,4156900,25.29
"2009-10-26",28.94,29.81,28.94,29.11,4039300,25.41
"2009-10-27",29.08,29.25,28.6,28.74,3042900,25.09
"2009-10-28",28.52,29.09,27.54,27.56,4830900,24.06
"2009-10-29",28.07,29.19,27.98,29.06,5203600,25.37
"2009-10-30",28.92,29.44,28.05,28.88,7614800,25.21
"2009-11-02",29.11,29.63,28.05,28.88,4316700,25.21
"2009-11-03",28.49,29.31,28.27,29.2,4484200,25.49
"2009-11-04",29.47,29.6,28.48,28.55,4492700,24.93
"2009-11-05",28.75,29.4,28.63,29.27,3373400,25.55
"2009-11-06",28.84,29.11,28.47,28.85,3174100,25.19
"2009-11-09",29.05,30.09,29.05,30.07,6172300,26.25
"2009-11-10",30.1,30.92,29.69,30.59,4411200,26.71
"2009-11-11",30.81,31.62,30.81,31.42,3174100,27.43
"2009-11-12",31.25,31.66,31.1,31.11,3026000,27.16
"2009-11-13",31.1,31.82,31.1,31.59,2472700,27.58
"2009-11-16",31.73,32.69,31.73,32.3,3192200,28.2
"2009-11-17",32.16,32.54,31.8,31.81,3631500,27.77
"2009-11-18",31.8,32.91,31.74,32.81,3002300,28.64
"2009-11-19",32.52,32.58,31.72,32.12,3991000,28.04
"2009-11-20",31.97,32.1,31.66,31.95,2467300,27.89
"2009-11-23",32.43,32.74,31.83,32.14,3090700,28.06
"2009-11-24",31.9,32.2,31.42,31.49,3601500,27.49
"2009-11-25",31.75,32.11,31.56,31.69,2876500,27.67
"2009-11-27",31.22,31.57,30.67,30.91,1771500,26.99
"2009-11-30",30.85,32.27,30.7,32.21,4302200,28.12
"2009-12-01",32.45,32.76,32.02,32.48,2594300,28.36
"2009-12-02",32.71,33.15,32.47,32.87,3030500,28.7
"2009-12-03",33.09,33.32,32.08,32.22,3658900,28.13
"2009-12-04",32.9,33.52,32.47,33.04,4873400,28.85
"2009-12-07",32.88,33.11,31.96,32.14,3434800,28.06
"2009-12-08",31.77,32.27,31.41,31.82,2832700,27.78
"2009-12-09",31.92,32.25,31.59,31.72,3061900,27.69
"2009-12-10",31.92,31.98,31.35,31.51,2178600,27.51
"2009-12-11",31.67,32.16,31.39,32.12,2607600,28.04
"2009-12-14",32.28,32.81,31.75,32.71,2936900,28.56
"2009-12-15",32.45,32.63,32.24,32.32,2898800,28.22
"2009-12-16",32.5,32.62,32.32,32.43,3344900,28.31
"2009-12-17",32.06,32.13,31.65,31.85,4100800,28.1
"2009-12-18",32,32.71,31.7,32.61,6336500,28.77
"2009-12-21",32.65,33.58,32.65,33.57,2547000,29.62
"2009-12-22",33.63,34.19,33.38,34.19,2504300,30.16
"2009-12-23",34.13,35.18,34.13,34.92,3742200,30.81
"2009-12-24",35.16,35.5,34.94,35.29,1755500,31.13
"2009-12-28",35.36,36.38,35.23,36,4298900,31.76
"2009-12-29",36.06,36.2,34.94,34.99,2955100,30.87
"2009-12-30",35,35.06,34.47,34.97,2256700,30.85
"2009-12-31",35.15,35.29,33.64,33.78,3561600,29.8
"2010-01-04",34.06,34.53,33.23,33.4,3299500,29.47
"2010-01-05",33.32,33.49,32.91,33.27,4545400,29.35
"2010-01-06",33.27,33.65,33.27,33.46,3409700,29.52
"2010-01-07",33.29,34.18,33.18,33.78,3637300,29.8
"2010-01-08",33.65,33.87,33.09,33.35,2325900,29.42
"2010-01-11",33.57,33.85,33.14,33.25,2320600,29.33
"2010-01-12",32.98,33.29,32.52,32.77,2684400,28.91
"2010-01-13",32.93,33.89,32.88,33.81,3128000,29.83
"2010-01-14",33.52,33.86,33.35,33.75,1810800,29.78
"2010-01-15",33.57,33.67,33.26,33.37,2485600,29.44
"2010-01-19",33.8,34.46,33.46,34.42,2517000,30.37
"2010-01-20",34.12,34.12,33.64,33.77,2941000,29.79
"2010-01-21",33.79,34.23,32.88,32.93,4540500,29.05
"2010-01-22",32.96,33.39,31.81,31.93,4798300,28.17
"2010-01-25",32.27,32.39,31.48,31.92,3559400,28.16
"2010-01-26",31.79,32.37,31.49,31.86,2341200,28.11
"2010-01-27",31.78,32.49,31.4,32.44,3021100,28.62
"2010-01-28",32.64,32.67,31.89,32.28,2204700,28.48
"2010-01-29",32.39,32.71,31.78,32.05,3315200,28.28
"2010-02-01",32.32,32.85,32.25,32.77,2502800,28.91
"2010-02-02",32.76,33.35,32.43,33.35,3170800,29.42
"2010-02-03",33.14,33.14,32.28,32.37,2429000,28.56
"2010-02-04",33.99,34.72,32.69,32.72,7454100,28.87
"2010-02-05",32.9,33.32,32.05,32.97,4661000,29.09
"2010-02-08",32.94,33.23,32.37,32.44,3303800,28.62
"2010-02-09",32.84,32.96,32.12,32.4,3456700,28.58
"2010-02-10",32.36,32.84,31.82,32.26,3014900,28.46
"2010-02-11",32.1,32.78,31.88,32.76,2615300,28.9
"2010-02-12",32.45,33.26,32.19,33.2,3192800,29.29
"2010-02-16",33.8,34.45,33.56,34.39,3112600,30.34
"2010-02-17",34.44,34.67,34.3,34.6,2615100,30.53
"2010-02-18",34.39,35.26,34.37,35.07,3128900,30.94
"2010-02-19",34.88,35.59,34.7,35.46,3696200,31.28
"2010-02-22",35.5,36.23,35.21,35.92,4216900,31.69
"2010-02-23",35.97,35.97,35.48,35.7,4729700,31.5
"2010-02-24",35.84,36.11,35.48,36.11,3003000,31.86
"2010-02-25",35.67,36.25,35.34,36.24,2843400,31.97
"2010-02-26",36.21,36.5,36.01,36.08,3645800,31.83
"2010-03-01",36.45,36.45,35.98,36.1,2461500,31.85
"2010-03-02",36.22,36.36,35.93,36.12,2009000,31.87
"2010-03-03",36.2,36.2,35.74,35.84,2456600,31.62
"2010-03-04",35.94,36.19,35.79,36.08,2356300,31.83
"2010-03-05",36.27,37.31,36.03,37.27,3557400,32.88
"2010-03-08",37.25,37.71,37.15,37.62,2450200,33.19
"2010-03-09",37.35,38.63,37.31,38.3,5593900,33.79
"2010-03-10",38.41,38.49,37.9,38.41,3577600,33.89
"2010-03-11",38.01,38.15,37.61,38.14,2073600,33.95
"2010-03-12",38.3,38.5,37.8,38.07,2517800,33.88
"2010-03-15",37.97,38.27,37.49,38.11,2118100,33.92
"2010-03-16",38.38,39.48,38.2,39.37,3139400,35.04
"2010-03-17",39.57,39.98,39.29,39.91,2725600,35.52
"2010-03-18",39.91,40.43,39.61,39.64,3333700,35.28
"2010-03-19",39.64,39.83,39.09,39.31,4076800,34.99
"2010-03-22",39.09,39.76,38.95,39.65,2609300,35.29
"2010-03-23",39.5,39.62,39.02,39.54,2193000,35.19
"2010-03-24",39.11,39.7,39.05,39.37,4154300,35.04
"2010-03-25",39.57,40.19,39.45,39.5,4088900,35.16
"2010-03-26",39.68,39.84,39.08,39.35,2853700,35.02
"2010-03-29",39.54,39.56,39.11,39.36,2162900,35.03
"2010-03-30",39.38,39.76,39.11,39.49,2619600,35.15
"2010-03-31",39.14,39.59,39,39.15,2559400,34.85
"2010-04-01",39.47,39.47,38.84,39.13,2455000,34.83
"2010-04-05",39.26,40.26,39.21,40.23,3486200,35.81
"2010-04-06",40.07,41.6,39.96,41.56,3894800,36.99
"2010-04-07",41.41,41.61,40.46,40.63,3551700,36.16
"2010-04-08",40.33,40.62,40.18,40.56,3425600,36.1
"2010-04-09",40.71,41.96,40.69,41.95,3562500,37.34
"2010-04-12",41.91,42.16,41.71,41.97,2788600,37.36
"2010-04-13",41.96,43.17,41.9,43.03,3347100,38.3
"2010-04-14",43.38,43.38,42.8,43.09,2726700,38.35
"2010-04-15",42.98,43.17,41.93,42.04,3183500,37.42
"2010-04-16",41.75,42.17,40.96,41.11,4141400,36.59
"2010-04-19",40.77,41.52,40.54,41.15,2764300,36.63
"2010-04-20",41.36,42.01,41,42.01,1986600,37.39
"2010-04-21",41.97,43.53,41.85,42.94,3602600,38.22
"2010-04-22",42.5,43.85,42.25,43.75,3168900,38.94
"2010-04-23",43.85,44.65,43.46,44.6,3670100,39.7
"2010-04-26",45.13,45.67,44.86,45.26,3190400,40.28
"2010-04-27",44.94,45.38,43.68,43.7,3517000,38.9
"2010-04-28",44.17,44.42,43.76,43.92,3128700,39.09
"2010-04-29",44.51,47.38,44.26,47.16,5231700,41.98
"2010-04-30",45.63,47.08,45.13,45.27,4705600,40.29
"2010-05-03",45.64,48,45.64,47.52,4182200,42.3
"2010-05-04",46.98,47.56,46.5,47.01,3873100,41.84
"2010-05-05",46.7,47.35,45.92,46.27,3228800,41.18
"2010-05-06",45.99,47.45,41.5,44.33,6124000,39.46
"2010-05-07",44.33,45.52,42.8,43.43,4620900,38.66
"2010-05-10",45.88,47.12,45.36,47,4667400,41.83
"2010-05-11",46.28,47.93,45.95,47.33,3829600,42.13
"2010-05-12",47.46,48.46,47.27,48.1,3339900,42.81
"2010-05-13",48.01,48.32,46.92,47.01,2891200,41.84
"2010-05-14",46.43,46.74,45,45.62,3804700,40.61
"2010-05-17",45.71,46.53,44.48,45.91,3228200,40.86
"2010-05-18",46.82,46.87,44.43,44.59,3734800,39.69
"2010-05-19",44.29,45.43,43.19,44.5,3753800,39.61
"2010-05-20",43.2,43.9,42.2,42.28,5757100,37.63
"2010-05-21",41.39,44.01,41.27,43.96,5660700,39.13
"2010-05-24",44.04,44.07,42.54,42.61,3220200,37.93
"2010-05-25",41.44,43.44,40.9,43.4,4319600,38.63
"2010-05-26",44.08,44.64,43.12,43.37,4133800,38.6
"2010-05-27",44.29,45.83,43.85,45.75,3851800,40.72
"2010-05-28",45.61,46.04,44.99,45.13,3608300,40.17
"2010-06-01",44.63,45.39,44.2,44.33,3497500,39.46
"2010-06-02",44.75,44.78,43.7,44.51,5248800,39.62
"2010-06-03",44.54,45.04,43.94,44.31,3332300,39.44
"2010-06-04",42.97,43.83,41,41.23,5332000,36.7
"2010-06-07",41.55,42.04,40.77,40.86,4264800,36.37
"2010-06-08",41.05,41.97,39.79,41.82,4228500,37.22
"2010-06-09",42.25,43.38,41.59,41.81,4334500,37.21
"2010-06-10",42.47,44.26,42.29,44.2,3536300,39.34
"2010-06-11",43.6,44.61,43.38,44.55,2146600,39.65
"2010-06-14",44.97,45.47,44.72,45.22,3884900,40.25
"2010-06-15",45.52,46.48,45.11,46.43,2938400,41.33
"2010-06-16",45.66,46.22,45.57,45.85,2532600,41.11
"2010-06-17",45.98,46.73,45.94,46.33,3299500,41.54
"2010-06-18",46.53,46.67,45.67,45.76,3650500,41.03
"2010-06-21",46.49,46.92,45.36,45.56,2183200,40.85
"2010-06-22",45.74,45.79,43.8,43.85,3535100,39.32
"2010-06-23",43.84,44.87,43.08,44.34,2969800,39.76
"2010-06-24",43.97,44.12,42.85,42.95,3188300,38.51
"2010-06-25",43.43,44.85,43.08,44.56,3500400,39.95
"2010-06-28",44.81,44.83,43.64,43.89,1673200,39.35
"2010-06-29",43.24,43.41,41.89,42.14,4887400,37.78
"2010-06-30",42.17,42.95,41.59,41.64,4034400,37.33
"2010-07-01",41.85,42.1,40.53,41.65,4304700,37.34
"2010-07-02",41.08,41.58,39.98,40.67,5050700,36.46
"2010-07-06",41.89,41.92,39.69,40.22,5215800,36.06
"2010-07-07",40.43,42.58,40.27,42.53,4950300,38.13
"2010-07-08",43.08,43.82,42.37,43.31,4442700,38.83
"2010-07-09",43.25,44.12,43.2,44.05,2367100,39.5
"2010-07-12",44.14,44.51,43.63,44.31,2235600,39.73
"2010-07-13",44.94,45.46,44.77,45.23,3037200,40.55
"2010-07-14",44.63,45.1,43.9,44.69,2382400,40.07
"2010-07-15",44.77,44.93,43.53,44.8,2241000,40.17
"2010-07-16",44.26,44.68,42.39,42.69,3822700,38.28
"2010-07-19",42.71,43.86,42.29,43.64,2747500,39.13
"2010-07-20",42.85,44.21,42.48,44.12,3978200,39.56
"2010-07-21",44.67,44.67,42.71,42.85,3680600,38.42
"2010-07-22",43.51,45.25,43.51,44.92,4437400,40.28
"2010-07-23",44.69,45.25,43.79,45.15,3281800,40.48
"2010-07-26",45.15,46.76,45.02,46.72,2520800,41.89
"2010-07-27",47.15,47.15,45.66,46.44,2295600,41.64
"2010-07-28",46.33,47.03,45.94,46.56,2404700,41.75
"2010-07-29",46.95,47.5,44.59,45.21,4020200,40.54
"2010-07-30",44.56,46.07,44.52,45.85,2621700,41.11
"2010-08-02",46.73,47.57,46.31,47.33,3711900,42.44
"2010-08-03",47.12,47.28,46.46,46.94,2514900,42.09
"2010-08-04",46.98,47.2,46.55,46.82,2270800,41.98
"2010-08-05",46.45,46.77,45.88,45.91,2940600,41.16
"2010-08-06",45.21,46.05,44.93,45.85,1940900,41.11
"2010-08-09",46.29,47.05,45.96,46.99,2614000,42.13
"2010-08-10",46.58,47.52,46.38,47.08,2864800,42.21
"2010-08-11",45.32,46.22,45.15,45.43,3202000,40.73
"2010-08-12",44.46,45.08,44.23,44.67,2459100,40.05
"2010-08-13",44.62,45.2,44.62,44.88,1660900,40.24
"2010-08-16",44.58,45.34,44.39,44.88,1493100,40.24
"2010-08-17",45.35,46.17,44.95,45.9,2771500,41.15
"2010-08-18",45.9,46.12,45.51,45.95,1947400,41.2
"2010-08-19",45.82,45.87,44.31,44.66,2887000,40.04
"2010-08-20",44.26,45.01,44.14,44.85,1690700,40.21
"2010-08-23",45.05,45.42,44.89,44.92,1503500,40.28
"2010-08-24",44.23,45.06,43.87,44.61,2406600,40
"2010-08-25",44.4,45.59,44.17,45.38,2432000,40.69
"2010-08-26",45.56,46,44.93,44.98,2369100,40.33
"2010-08-27",45.21,45.92,44.19,45.89,2299200,41.14
"2010-08-30",45.76,46.07,45.17,45.2,1832700,40.53
"2010-08-31",45.17,46.06,44.9,45.83,2266300,41.09
"2010-09-01",46.49,48.14,46.29,47.84,4911200,42.89
"2010-09-02",47.83,48.41,47.74,48.1,2722800,43.13
"2010-09-03",48.61,49.02,48.07,48.86,2411800,43.81
"2010-09-07",48.42,48.99,48.13,48.21,2536000,43.22
"2010-09-08",48.33,48.79,47.96,48.26,2052200,43.27
"2010-09-09",49.08,49.08,47.35,47.44,2760700,42.53
"2010-09-10",47.43,48.01,47.24,47.63,2373300,42.7
"2010-09-13",48.44,48.44,47.36,47.9,3360500,42.95
"2010-09-14",47.76,48.24,47.33,47.98,2776300,43.02
"2010-09-15",48.21,49.15,47.82,48.96,2773700,43.9
"2010-09-16",48.7,49.04,48.37,48.75,1993400,44.01
"2010-09-17",48.83,49.15,48.49,48.87,3088700,44.12
"2010-09-20",49.17,50.8,48.98,50.48,3573800,45.57
"2010-09-21",49.51,50.35,49.05,49.15,4086500,44.37
"2010-09-22",48.91,49.49,48.79,49.04,2899800,44.27
"2010-09-23",48.48,49.07,47.72,47.8,3172400,43.16
"2010-09-24",48.54,49.31,48.47,49.26,2899200,44.47
"2010-09-27",49.24,49.26,48.09,48.12,2905600,43.44
"2010-09-28",48.21,48.21,47.16,48.06,3046000,43.39
"2010-09-29",47.71,47.77,47.18,47.39,2003400,42.79
"2010-09-30",47.74,48.26,47.24,47.57,3515900,42.95
"2010-10-01",47.78,47.98,47.23,47.82,2905400,43.17
"2010-10-04",47.72,48.38,47.7,48.23,2653600,43.54
"2010-10-05",48.79,49.05,48.21,48.89,2612800,44.14
"2010-10-06",48.85,49.02,48.12,48.58,1785100,43.86
"2010-10-07",48.81,49.16,48.28,48.51,1362900,43.8
"2010-10-08",48.64,48.85,48.2,48.63,1504800,43.9
"2010-10-11",48.59,48.94,48.36,48.55,973000,43.83
"2010-10-12",48.46,49.67,48.3,49.48,2485000,44.67
"2010-10-13",49.76,50.36,49.39,49.95,1946900,45.1
"2010-10-14",49.78,50.18,49.34,49.76,2005000,44.92
"2010-10-15",50.31,50.49,49.83,49.95,2142400,45.1
"2010-10-18",49.95,50.69,49.85,50.67,2231600,45.75
"2010-10-19",50.17,50.95,49.91,50.24,2741800,45.36
"2010-10-20",50.47,52.02,50.47,51.51,3179400,46.5
"2010-10-21",51.69,52.2,51.21,51.51,1792800,46.5
"2010-10-22",51.69,51.88,50.76,50.83,2598300,45.89
"2010-10-25",51.19,51.29,50.42,50.49,4056500,45.58
"2010-10-26",50.22,50.57,49.96,50.15,2507100,45.28
"2010-10-27",49.76,50.14,49.34,49.79,2911900,44.95
"2010-10-28",50,50.25,48.25,48.75,3036500,44.01
"2010-10-29",48.48,48.88,48.3,48.63,1568000,43.9
"2010-11-01",48.94,49.48,48.57,48.93,1542200,44.18
"2010-11-02",49.2,49.61,48.62,48.9,1915600,44.15
"2010-11-03",48.95,49.35,48.62,48.84,2052900,44.09
"2010-11-04",49.46,50.6,48.99,50.41,3222100,45.51
"2010-11-05",50.49,51.1,49.94,50.84,3049100,45.9
"2010-11-08",50.62,50.79,49.64,50.17,1520600,45.3
"2010-11-09",50.44,50.44,48.11,48.42,3671200,43.72
"2010-11-10",48.81,50.08,48.7,49.96,2863700,45.11
"2010-11-11",49.49,50.09,49.34,49.51,1668300,44.7
"2010-11-12",49.14,49.61,48.99,49.31,2242100,44.52
"2010-11-15",49.49,49.91,49.12,49.2,1701000,44.42
"2010-11-16",48.54,48.83,47.01,47.36,3032700,42.76
"2010-11-17",47.52,48.39,47.05,48.31,2669300,43.62
"2010-11-18",48.97,49.33,48.56,49.22,4965800,44.44
"2010-11-19",49.12,49.99,48.82,49.91,2380900,45.06
"2010-11-22",49.65,50.07,49.6,50,1809600,45.14
"2010-11-23",49.25,49.76,49.25,49.63,2296000,44.81
"2010-11-24",50.03,50.4,49.82,50.31,2784500,45.42
"2010-11-26",49.96,50.41,49.83,50.01,949400,45.15
"2010-11-29",49.69,50.12,49.14,50,2589400,45.14
"2010-11-30",49.27,50.41,49.27,49.98,3801700,45.12
"2010-12-01",50.52,50.85,50.15,50.67,2570400,45.75
"2010-12-02",50.81,51.72,50.72,51.66,3005600,46.64
"2010-12-03",51.47,52.09,51.21,52,2440200,46.95
"2010-12-06",51.71,52.1,51.24,51.85,1854300,46.81
"2010-12-07",52.43,52.64,51.92,52.06,2330700,47
"2010-12-08",52.11,52.18,50.89,51.28,2169200,46.3
"2010-12-09",51.44,52.24,51.01,51.2,2531000,46.22
"2010-12-10",51.27,51.91,51.11,51.56,1713400,46.55
"2010-12-13",51.69,51.72,51.07,51.22,1933500,46.24
"2010-12-14",51.24,51.66,50.19,50.49,1664700,45.58
"2010-12-15",50.38,50.83,49.93,49.96,2039100,45.11
"2010-12-16",49.88,50.02,49.15,49.5,1970200,45.1
"2010-12-17",49.55,50.02,49.42,49.83,2966200,45.4
"2010-12-20",50.12,50.88,50.12,50.69,1417900,46.19
"2010-12-21",50.9,51.11,50.64,51.08,1420700,46.54
"2010-12-22",51.22,51.78,51.08,51.48,1795300,46.91
"2010-12-23",51.36,51.78,51.29,51.34,1277300,46.78
"2010-12-27",51.21,52.15,51.13,52.13,1226500,47.5
"2010-12-28",52.18,52.29,51.46,51.97,1124600,47.35
"2010-12-29",52.09,52.38,51.67,52.25,1159900,47.61
"2010-12-30",52.32,52.58,52.06,52.29,1029900,47.65
"2010-12-31",52.29,52.48,51.86,51.95,1298100,47.34
"2011-01-03",52.27,52.79,52,52.52,2901800,47.86
"2011-01-04",52.54,52.59,50.84,51.2,3108100,46.65
"2011-01-05",51.01,51.44,50.91,51.17,2101200,46.63
"2011-01-06",51.29,51.29,50.35,50.55,1854000,46.06
"2011-01-07",50.73,50.98,49.99,50.38,2196100,45.91
"2011-01-10",50,50.69,49.65,50.26,2132500,45.8
"2011-01-11",50.53,50.6,49.6,49.94,1263900,45.5
"2011-01-12",50.14,50.41,49.79,50.06,2445800,45.61
"2011-01-13",50.05,50.4,49.83,50.23,1810300,45.77
"2011-01-14",50.51,51.01,50.25,50.91,1738500,46.39
"2011-01-18",50.91,51.63,50.85,51.61,1713200,47.03
"2011-01-19",51.48,51.61,50.68,50.9,1714700,46.38
"2011-01-20",51.08,51.44,50.9,51.18,1729500,46.63
"2011-01-21",51.54,51.56,51.02,51.48,1411700,46.91
"2011-01-24",51.52,51.88,51.14,51.74,1278100,47.14
"2011-01-25",51.52,52.69,51.32,52.6,2218300,47.93
"2011-01-26",52.66,53.28,52.41,52.95,1694100,48.25
"2011-01-27",53.14,53.84,52.8,53.81,2145800,49.03
"2011-01-28",53.86,53.98,52.63,52.89,2122800,48.19
"2011-01-31",53.19,54.34,53.15,54.19,2283100,49.38
"2011-02-01",54.52,54.73,53.72,54.6,2258100,49.75
"2011-02-02",54.21,54.98,54.21,54.8,1766800,49.93
"2011-02-03",54.65,55.29,53.59,54.41,2404900,49.58
"2011-02-04",54.42,54.43,52.99,53.08,2507700,48.37
"2011-02-07",53.34,53.94,53.15,53.71,1154700,48.94
"2011-02-08",53.62,53.94,53.49,53.51,1236200,48.76
"2011-02-09",53.29,53.88,53.29,53.8,1275300,49.02
"2011-02-10",53.49,54.3,53.44,54.16,1854800,49.35
"2011-02-11",53.82,54.62,53.64,54.55,1538200,49.71
"2011-02-14",54.59,54.69,54.04,54.59,1032400,49.74
"2011-02-15",54.27,54.74,54.06,54.19,1506600,49.38
"2011-02-16",54.51,54.66,53.28,53.6,1950800,48.84
"2011-02-17",53.53,53.9,53.39,53.66,1114300,48.89
"2011-02-18",53.58,54.3,53.49,54.03,1402200,49.23
"2011-02-22",53.48,54.57,53.31,53.95,1621800,49.16
"2011-02-23",53.99,54.39,52.93,53.32,2179200,48.58
"2011-02-24",53.24,53.53,52.18,52.55,3093100,47.88
"2011-02-25",52.96,53.4,52.85,53.36,4568900,48.62
"2011-02-28",53.65,55.44,53.41,55.11,3259000,50.22
"2011-03-01",55.07,55.07,53.49,53.57,2191400,48.81
"2011-03-02",53.53,53.67,52.87,53.14,1853600,48.42
"2011-03-03",53.67,54.26,53.67,54.21,1833800,49.4
"2011-03-04",54.04,54.44,52.99,53.32,2558400,48.58
"2011-03-07",53.47,53.62,52.44,52.62,1736100,47.95
"2011-03-08",52.82,54,52.71,53.88,2051900,49.09
"2011-03-09",53.74,54.51,53.41,54.06,1508000,49.26
"2011-03-10",53.67,53.77,53.22,53.43,1675900,48.68
"2011-03-11",53.43,54.63,53.27,54.55,1723500,49.71
"2011-03-14",54.24,54.51,53.98,54.18,1619600,49.37
"2011-03-15",52.7,54.99,52.7,54.55,2715100,49.71
"2011-03-16",54.35,54.92,53.52,53.97,2837800,49.18
"2011-03-17",54.68,54.68,53.55,54.3,1971500,49.79
"2011-03-18",55.07,55.12,54.39,54.69,3335500,50.15
"2011-03-21",55.46,55.46,54.76,54.91,1726700,50.35
"2011-03-22",54.9,55.08,54.27,54.54,1427200,50.01
"2011-03-23",54.11,54.36,53.35,54.01,1857400,49.52
"2011-03-24",54.27,54.37,53.54,54.18,1832800,49.68
"2011-03-25",54.29,54.85,54.1,54.45,1162100,49.93
"2011-03-28",54.62,54.85,54.25,54.63,1227500,50.09
"2011-03-29",54.49,54.84,53.94,54.71,1266200,50.17
"2011-03-30",54.99,55.76,54.58,55.59,1545000,50.97
"2011-03-31",55.4,56.43,55.4,56.41,1659600,51.72
"2011-04-01",56.78,56.93,56.34,56.67,1731000,51.96
"2011-04-04",56.71,56.87,56.07,56.31,1190200,51.63
"2011-04-05",56.17,56.49,56.12,56.33,1129200,51.65
"2011-04-06",56.53,56.53,56.15,56.3,1490700,51.62
"2011-04-07",56.25,56.26,55.5,55.81,1721800,51.17
"2011-04-08",56.19,56.19,55.36,55.57,1355600,50.95
"2011-04-11",55.6,55.9,55.39,55.55,1359700,50.94
"2011-04-12",55.36,55.91,55.31,55.68,1667100,51.05
"2011-04-13",55.85,56.01,55.74,55.84,1643100,51.2
"2011-04-14",55.61,56.48,55.59,56.22,2132700,51.55
"2011-04-15",56.44,56.87,56.18,56.8,1833600,52.08
"2011-04-18",56.03,56.38,55.84,55.99,1930800,51.34
"2011-04-19",56.02,56.34,55.85,56.3,1765200,51.62
"2011-04-20",56.97,57.54,56.44,57.4,1652200,52.63
"2011-04-21",57.55,57.85,57,57.66,1708300,52.87
"2011-04-25",57.66,58.43,57.39,58.31,1156600,53.47
"2011-04-26",58.49,59.14,58.23,59.13,1703000,54.22
"2011-04-27",59.21,59.43,58.67,59.26,1263800,54.34
"2011-04-28",58.61,59.59,58.48,59.43,2187600,54.49
"2011-04-29",59.6,59.82,58.51,59.74,2030000,54.78
"2011-05-02",59.91,60.06,59.52,59.89,1743300,54.91
"2011-05-03",59.89,60.05,58.9,59.53,2165800,54.58
"2011-05-04",59.45,59.8,58.99,59.26,1302800,54.34
"2011-05-05",58.93,59.79,58.8,59.24,1605200,54.32
"2011-05-06",59.93,59.93,58.54,58.62,1889400,53.75
"2011-05-09",58.71,59.14,58.34,59.07,1193300,54.16
"2011-05-10",59.12,60.02,59.12,60,1362500,55.02
"2011-05-11",59.82,60.02,59.17,59.32,1426400,54.39
"2011-05-12",59.23,59.54,58.72,59.43,1128200,54.49
"2011-05-13",59.53,59.57,58.88,59.16,1322500,54.25
"2011-05-16",59.05,59.89,59.01,59.39,1177200,54.46
"2011-05-17",59.19,59.55,59.02,59.45,1472600,54.51
"2011-05-18",59.73,59.94,59.15,59.77,1444100,54.8
"2011-05-19",59.83,60.35,59.68,60.35,1278700,55.34
"2011-05-20",60.3,60.39,59.55,59.92,1968600,54.94
"2011-05-23",59.09,59.73,59,59.06,1644000,54.15
"2011-05-24",59.16,59.48,59.01,59.23,1166400,54.31
"2011-05-25",59.17,60.02,59.01,59.71,1511200,54.75
"2011-05-26",59.57,60.58,59.33,60.49,1822700,55.46
"2011-05-27",60.81,60.81,60.15,60.6,1265300,55.57
"2011-05-31",61.08,61.86,60.71,61.83,3284300,56.69
"2011-06-01",61.62,61.68,59.68,59.76,2617600,54.8
"2011-06-02",59.9,60.23,59.18,59.28,1937300,54.36
"2011-06-03",58.57,60.69,58.57,60.2,2379700,55.2
"2011-06-06",60.07,60.55,59.69,59.81,1771600,54.84
"2011-06-07",60.16,61.31,59.96,60.77,2070300,55.72
"2011-06-08",60.57,61.47,60.47,60.98,1850400,55.91
"2011-06-09",61.02,61.14,60.08,60.54,2193000,55.51
"2011-06-10",60.27,60.43,59.02,59.21,2807700,54.29
"2011-06-13",59.27,59.87,58.99,59.27,2086000,54.35
"2011-06-14",59.89,60,59.33,59.57,1964600,54.62
"2011-06-15",59.2,59.54,58.46,59.08,2581900,54.17
"2011-06-16",59.02,59.25,57.71,58.89,3018800,54.31
"2011-06-17",59.38,59.61,58.73,59.08,2619800,54.48
"2011-06-20",58.83,60.02,58.83,59.64,1651000,55
"2011-06-21",59.87,59.98,59.58,59.91,1747100,55.25
"2011-06-22",59.81,60.48,59.55,59.59,1652700,54.95
"2011-06-23",58.76,58.91,57.92,58.46,3071700,53.91
"2011-06-24",58.47,58.86,58.07,58.36,2123000,53.82
"2011-06-27",58.34,58.94,58.34,58.71,1229800,54.14
"2011-06-28",58.89,59.46,58.48,59.46,1612000,54.83
"2011-06-29",59.71,60.28,59.27,60,1886500,55.33
"2011-06-30",60.23,60.39,59.96,60,1651700,55.33
"2011-07-01",60.13,61.53,60.03,61.35,2265900,56.58
"2011-07-05",61.57,61.98,60.92,61.62,2184600,56.83
"2011-07-06",61.5,62.19,61.18,62.18,1763300,57.34
"2011-07-07",62.62,62.91,62.39,62.82,1935400,57.93
"2011-07-08",62.05,62.88,61.82,62.83,1990000,57.94
"2011-07-11",62.01,62.4,61.45,62.03,2409100,57.2
"2011-07-12",61.71,63.38,61.71,62.32,2135000,57.47
"2011-07-13",62.63,62.64,61.41,61.52,2307500,56.73
"2011-07-14",61.62,61.75,60.64,61.01,2072900,56.26
"2011-07-15",61.28,61.85,61.01,61.75,2248300,56.95
"2011-07-18",61.58,61.73,61.05,61.5,1830400,56.72
"2011-07-19",61.9,62.24,61.32,62.16,2344900,57.32
"2011-07-20",62.19,62.77,61.89,62.64,2150800,57.77
"2011-07-21",63.41,63.52,62.79,63.07,2428900,58.16
"2011-07-22",63.22,63.86,62.91,63.68,1648600,58.73
"2011-07-25",63.06,63.74,62.81,63.06,1869400,58.15
"2011-07-26",63.1,63.71,62.75,63.51,1975700,58.57
"2011-07-27",63.12,63.42,62.46,62.49,3180200,57.63
"2011-07-28",62.33,62.38,61.09,61.72,3320400,56.92
"2011-07-29",61.17,62.05,60.91,61.82,2611000,57.01
"2011-08-01",62.45,62.53,61.02,61.41,2429800,56.63
"2011-08-02",60.98,61.29,60.01,60.01,3766900,55.34
"2011-08-03",59.94,60.08,58.61,59.73,4879000,55.08
"2011-08-04",58.96,59.5,57.13,57.2,5079300,52.75
"2011-08-05",57.96,58.02,55.15,55.66,6278700,51.33
"2011-08-08",54.38,54.88,51.93,51.95,4841600,47.91
"2011-08-09",52.75,57.3,52,57.27,6122200,52.81
"2011-08-10",56.04,58.68,55.29,56.01,6145700,51.65
"2011-08-11",56.12,59.9,55.79,58.79,4551300,54.22
"2011-08-12",59.25,60.39,58.52,59.05,3341200,54.46
"2011-08-15",59.49,61,59.25,60.78,4113000,56.05
"2011-08-16",60.31,61.31,60.02,61.08,4345900,56.33
"2011-08-17",61.36,61.66,60.14,60.56,2274200,55.85
"2011-08-18",59.19,59.19,56.89,57.54,5385100,53.06
"2011-08-19",56.58,58.24,56.33,56.49,3297500,52.1
"2011-08-22",57.65,57.67,55.81,56.54,2796700,52.14
"2011-08-23",56.56,57.93,56.15,57.91,2293200,53.4
"2011-08-24",57.75,59.04,57.45,59.03,2063300,54.44
"2011-08-25",59.4,60,57.25,57.93,2709800,53.42
"2011-08-26",57.4,58.8,56.12,58.65,2204500,54.09
"2011-08-29",59.47,60.23,59.13,60.16,1640100,55.48
"2011-08-30",60.46,60.83,59.1,60.49,2228000,55.78
"2011-08-31",60.88,61.44,60.31,61.18,2538100,56.42
"2011-09-01",61.03,61.5,60.29,60.53,2221100,55.82
"2011-09-02",59.51,60.62,59.13,59.71,2186100,55.06
"2011-09-06",58.44,59.91,57.86,59.43,2106500,54.81
"2011-09-07",60.41,61.43,59.24,61.39,1849000,56.61
"2011-09-08",61.14,62.08,60.7,61.67,2101600,56.87
"2011-09-09",60.92,61.43,59.5,59.81,2522900,55.16
"2011-09-12",58.81,60.08,58.64,60.06,2174000,55.39
"2011-09-13",60.24,60.39,59.42,59.81,2504300,55.16
"2011-09-14",60,60.08,58.24,58.79,3195800,54.22
"2011-09-15",59.46,59.59,58.16,58.65,3109800,54.09
"2011-09-16",58.14,58.8,57.37,57.8,4319800,53.61
"2011-09-19",56.81,57.34,56.3,56.72,2508900,52.61
"2011-09-20",56.97,57.08,55.65,55.67,2939500,51.64
"2011-09-21",55.68,55.99,52.09,52.33,4771700,48.54
"2011-09-22",50.79,51.88,50.38,51.33,4637000,47.61
"2011-09-23",51.22,53.28,51.07,53.13,4408500,49.28
"2011-09-26",53.75,53.82,52.14,53.34,2845200,49.48
"2011-09-27",54.38,54.45,53.11,53.42,2745300,49.55
"2011-09-28",53.42,54.08,52.56,52.72,3581900,48.9
"2011-09-29",53.88,53.96,52.69,53.59,2750300,49.71
"2011-09-30",52.87,53.51,51.86,51.87,2715700,48.11
"2011-10-03",51.53,52.29,49.62,49.66,3107000,46.06
"2011-10-04",49.39,52.36,48.46,52.22,3300000,48.44
"2011-10-05",52.16,52.22,48.79,51.7,3088900,47.95
"2011-10-06",51.24,53.53,51.13,53.47,3081400,49.6
"2011-10-07",53.53,53.78,51.92,51.99,2918200,48.22
"2011-10-10",52.93,54.67,52.8,54.62,2334100,50.66
"2011-10-11",54.7,54.93,52.69,52.91,1762900,49.08
"2011-10-12",53.27,54.58,52.94,53.95,2339800,50.04
"2011-10-13",53.32,54.07,52.49,53.61,1860000,49.73
"2011-10-14",54.42,55.39,54.03,55.32,2092100,51.31
"2011-10-17",53.45,54.65,53.1,53.35,3697800,49.48
"2011-10-18",53.5,55.43,53.15,55.2,2239100,51.2
"2011-10-19",55.19,55.84,54.37,54.55,2002100,50.6
"2011-10-20",54.48,54.89,53.49,54.6,2041700,50.64
"2011-10-21",55.29,56.85,55.24,56.7,2279800,52.59
"2011-10-24",56.7,57.77,56.46,57.15,3145200,53.01
"2011-10-25",56.64,56.9,55.78,56.38,2892600,52.3
"2011-10-26",57.09,57.25,55.85,57.01,2361800,52.88
"2011-10-27",59.3,60.32,57.77,59.96,2855300,55.62
"2011-10-28",59.96,59.96,58.21,58.75,2788000,54.49
"2011-10-31",57.91,59.24,57.45,58.68,2533400,54.43
"2011-11-01",56.54,57.5,55.99,56.12,3608900,52.05
"2011-11-02",57.12,58.27,56.94,58.19,2788600,53.97
"2011-11-03",58.51,59.11,57.02,58.94,2615800,54.67
"2011-11-04",58.45,58.62,57.64,58.47,2308500,54.23
"2011-11-07",58.67,59.42,57.96,58.88,1467300,54.61
"2011-11-08",59.17,59.45,57.64,59.36,1465500,55.06
"2011-11-09",58.49,58.63,56.63,56.78,2173800,52.67
"2011-11-10",57.34,57.76,56.8,57.29,2362000,53.14
"2011-11-11",58.07,59.12,57.64,59.03,1881100,54.75
"2011-11-14",58.55,58.92,57.53,57.76,1904200,53.58
"2011-11-15",57.49,58.99,57.35,58.75,1697900,54.49
"2011-11-16",58.14,58.14,56.58,56.65,2914700,52.55
"2011-11-17",56.39,56.54,54.02,54.36,3311800,50.42
"2011-11-18",54.72,54.94,53.91,54.7,2837600,50.74
"2011-11-21",53.88,54.29,53.47,54.01,2765500,50.1
"2011-11-22",53.82,54.38,53.68,53.81,1352300,49.91
"2011-11-23",53.34,53.34,52.3,52.56,1888900,48.75
"2011-11-25",52.33,53.82,52.1,52.63,867700,48.82
"2011-11-28",54.39,54.51,52.6,53.09,2360800,49.24
"2011-11-29",53.24,53.43,52.39,52.9,2327000,49.07
"2011-11-30",54.54,55.42,53.9,55.19,4215900,51.19
"2011-12-01",54.91,54.92,53.7,54.13,2779100,50.21
"2011-12-02",54.65,55.4,54.17,54.25,1550300,50.32
"2011-12-05",55.12,55.17,53.23,53.71,2625700,49.82
"2011-12-06",53.74,53.93,53.21,53.56,1742100,49.68
"2011-12-07",53.36,54.6,53.01,54.41,2566000,50.47
"2011-12-08",54.25,54.28,53.35,53.54,3003700,49.66
"2011-12-09",53.52,54.71,53.48,54.4,2183000,50.46
"2011-12-12",53.8,53.88,52.94,53.69,2312400,49.8
"2011-12-13",53.95,54.8,53.4,53.71,2527600,49.82
"2011-12-14",53.55,55.27,53.34,54.72,3041300,50.76
"2011-12-15",54.77,55.54,54.55,55.36,2263900,51.89
"2011-12-16",55.8,56.92,55.65,55.85,3022500,52.35
"2011-12-19",56.13,56.27,55.36,55.44,2057400,51.96
"2011-12-20",56.35,57.27,56.09,57.09,1984600,53.51
"2011-12-21",57.24,57.27,56.19,56.54,1817300,52.99
"2011-12-22",56.77,57.99,56.63,57.55,2369000,53.94
"2011-12-23",57.86,57.88,57.14,57.47,1126600,53.87
"2011-12-27",57.26,57.93,56.91,57.65,928500,54.03
"2011-12-28",57.4,57.54,56.59,56.71,1380900,53.15
"2011-12-29",56.78,57.27,56.64,57.13,1282200,53.55
"2011-12-30",57.24,57.71,57,57.03,1272900,53.45
"2012-01-03",57.77,58.37,56.41,56.6,2780000,53.05
"2012-01-04",56.32,56.43,55.92,56.15,2405500,52.63
"2012-01-05",56.05,56.62,55.84,56.35,1884600,52.82
"2012-01-06",56.42,56.56,55.64,55.69,2283400,52.2
"2012-01-09",55.6,55.82,54.89,55,1767900,51.55
"2012-01-10",55.67,55.69,55.1,55.19,2377400,51.73
"2012-01-11",55.11,55.29,54.84,55.05,2570900,51.6
"2012-01-12",54.94,55.05,54.01,54.07,2217500,50.68
"2012-01-13",53.56,55.13,53.56,55,3742300,51.55
"2012-01-17",55.8,56.05,55.38,55.58,3225300,52.09
"2012-01-18",55.67,56.17,55.54,55.89,2929500,52.38
"2012-01-19",55.98,56.08,55.47,55.51,3114900,52.03
"2012-01-20",55.47,55.94,55.04,55.77,2559400,52.27
"2012-01-23",55.52,56.58,55.39,56.46,2154400,52.92
"2012-01-24",56.09,56.67,55.93,56.6,2627400,53.05
"2012-01-25",56.46,58.19,56.3,58.13,2195900,54.48
"2012-01-26",58.7,59.69,58.51,59.25,3578700,55.53
"2012-01-27",59.13,59.72,58.81,59.63,2139000,55.89
"2012-01-30",58.97,59.32,58.67,59.3,2159000,55.58
"2012-01-31",59.67,59.85,59.17,59.55,3124400,55.81
"2012-02-01",60,60.48,59.45,60.02,2062300,56.26
"2012-02-02",58.37,59.78,57.53,59.7,2702900,55.96
"2012-02-03",60.07,60.57,59.89,60.25,2379400,56.47
"2012-02-06",59.92,60.24,59.58,59.77,1569600,56.02
"2012-02-07",59.41,59.87,59.33,59.62,2110200,55.88
"2012-02-08",59.49,59.76,58.97,59.5,3077400,55.77
"2012-02-09",59.48,59.5,58.53,58.66,1150600,54.98
"2012-02-10",58.18,58.81,58.04,58.59,1412100,54.92
"2012-02-13",59.02,59.16,58.65,58.91,897900,55.21
"2012-02-14",58.75,58.76,57.54,57.77,1736500,54.15
"2012-02-15",57.96,58.01,57.3,57.72,2171900,54.1
"2012-02-16",57.64,58.22,57.62,58.22,1600900,54.57
"2012-02-17",58.73,58.73,57.83,58.51,1602900,54.84
"2012-02-21",58.51,58.64,57.34,57.54,1653100,53.93
"2012-02-22",57.48,57.84,56.91,56.91,1595500,53.34
"2012-02-23",57,57.63,56.99,57.6,1558700,53.99
"2012-02-24",57.77,58.18,57.4,58.06,1397700,54.42
"2012-02-27",57.57,58.02,57.06,57.71,1262200,54.09
"2012-02-28",57.87,58.08,56.88,57.03,1368400,53.45
"2012-02-29",57.24,57.59,56.72,56.89,1688600,53.32
"2012-03-01",56.84,57.5,56.79,57.41,1356200,53.81
"2012-03-02",57.41,57.87,57.32,57.66,953000,54.04
"2012-03-05",57.68,58.65,57.41,58.63,1266400,54.95
"2012-03-06",58.24,58.74,58.11,58.28,1872400,54.62
"2012-03-07",58.43,58.5,57.75,58.34,1895300,54.68
"2012-03-08",58.77,58.85,57.84,58.22,1721400,54.57
"2012-03-09",58.4,59.41,58.21,59.31,2357900,55.59
"2012-03-12",59.41,59.92,59.27,59.52,1813500,55.79
"2012-03-13",59.65,60.87,59.65,60.82,2376800,57.01
"2012-03-14",60.87,60.93,60.02,60.44,1733700,56.65
"2012-03-15",60.42,60.42,59.3,59.55,2645000,55.81
"2012-03-16",59.5,60.15,59.39,59.97,2721100,56.21
"2012-03-19",60.01,61.41,59.72,61.03,2394800,57.2
"2012-03-20",60.5,61.02,60.45,60.79,1446800,56.98
"2012-03-21",60.69,60.69,60.2,60.36,1553000,56.89
"2012-03-22",60.1,60.1,59.05,59.5,1713400,56.08
"2012-03-23",59.6,60.56,59.54,60.15,1671600,56.69
"2012-03-26",60.76,60.95,60.49,60.95,1694900,57.45
"2012-03-27",61.09,61.27,60.76,60.8,1709700,57.31
"2012-03-28",60.68,60.94,60.26,60.79,2109700,57.3
"2012-03-29",60.45,61.43,60.09,61.32,1994600,57.8
"2012-03-30",61.8,62.79,61.63,62.62,3133900,59.02
"2012-04-02",62.47,62.74,62.22,62.57,1957300,58.97
"2012-04-03",62.61,62.8,62.08,62.33,1501600,58.75
"2012-04-04",62.05,62.16,61.51,61.71,1558600,58.16
"2012-04-05",61.72,61.77,61.33,61.39,1458000,57.86
"2012-04-09",60.71,61,60.13,60.6,1581800,57.12
"2012-04-10",60.77,60.85,58.99,59.28,2402500,55.87
"2012-04-11",59.8,60.01,59.49,59.82,1778200,56.38
"2012-04-12",60.02,60.53,59.83,60.52,1942400,57.04
"2012-04-13",60.44,61.38,60.2,60.85,1553800,57.35
"2012-04-16",61.23,62.41,61.18,62.01,1821200,58.45
"2012-04-17",62.32,62.32,61.57,61.96,1489600,58.4
"2012-04-18",61.58,61.93,61.41,61.57,1121800,58.03
"2012-04-19",61.57,61.87,61.33,61.59,2369900,58.05
"2012-04-20",61.74,62.34,61.66,62.11,1998400,58.54
"2012-04-23",61.74,62.04,61.33,61.39,2428000,57.86
"2012-04-24",61.58,62.5,61.49,62.45,1900300,58.86
"2012-04-25",62.75,62.77,62.28,62.69,1924300,59.09
"2012-04-26",62.32,62.34,60.68,61.65,2940500,58.11
"2012-04-27",61.38,61.76,61.14,61.57,2064800,58.03
"2012-04-30",61.48,61.6,60.92,61.44,1848600,57.91
"2012-05-01",61.51,62.89,61.36,62.58,1501800,58.98
"2012-05-02",62.22,62.73,61.88,62.58,1125900,58.98
"2012-05-03",62.6,62.89,62.43,62.49,1923700,58.9
"2012-05-04",62.36,62.82,62.14,62.69,2486000,59.09
"2012-05-07",62.56,63.84,62.32,63.67,1912600,60.01
"2012-05-08",63.14,63.48,62.97,63.42,1915900,59.77
"2012-05-09",62.79,63.65,62.79,63.13,1871500,59.5
"2012-05-10",63.56,63.67,62.76,63.09,1510300,59.46
"2012-05-11",62.73,63.51,62.59,63.36,1615300,59.72
"2012-05-14",62.75,63.42,62.57,62.73,2159800,59.12
"2012-05-15",62.73,62.94,62.1,62.34,1700100,58.76
"2012-05-16",62.45,62.62,61.47,61.73,1672600,58.18
"2012-05-17",61.61,61.78,60.43,60.43,2479300,56.96
"2012-05-18",60.71,61.26,60.14,60.35,2330800,56.88
"2012-05-21",60.46,61.83,60.43,61.73,1931700,58.18
"2012-05-22",61.87,62.34,61.64,61.96,1482000,58.4
"2012-05-23",61.68,62.06,61.1,61.97,1600000,58.41
"2012-05-24",62.02,62.59,61.39,62.08,983300,58.51
"2012-05-25",62.38,62.59,61.59,61.64,2872300,58.1
"2012-05-29",61.96,62.71,61.96,62.53,1994100,58.94
"2012-05-30",61.74,61.89,60.55,60.57,2980100,57.09
"2012-05-31",60.71,61.54,60.18,61.1,4318000,57.59
"2012-06-01",59.92,60.47,59.54,59.6,2867500,56.17
"2012-06-04",59.78,59.79,58.68,59.05,2185200,55.66
"2012-06-05",58.74,60.78,58.67,60.42,2127900,56.95
"2012-06-06",61.05,61.81,60.45,61.73,2393200,58.18
"2012-06-07",62.07,62.5,60.91,61.09,1823200,57.58
"2012-06-08",60.81,61.91,60.81,61.9,1333800,58.34
"2012-06-11",62.34,62.38,60.6,60.7,1944600,57.21
"2012-06-12",60.92,61.03,60.13,60.97,1763100,57.47
"2012-06-13",60.37,61.33,60.37,60.76,1951500,57.27
"2012-06-14",60.81,62.1,60.71,61.92,1593000,58.36
"2012-06-15",62.21,62.27,61.44,61.93,1921200,58.37
"2012-06-18",61.66,62.51,61.49,61.93,1591200,58.37
"2012-06-19",62.15,62.3,61.51,61.82,1883200,58.27
"2012-06-20",61.66,61.77,60.46,60.88,2108100,57.7
"2012-06-21",61.32,61.39,59.36,59.47,2432900,56.36
"2012-06-22",59.81,59.9,58.95,59.34,4891400,56.24
"2012-06-25",58.89,59.58,58.67,59.5,2150300,56.39
"2012-06-26",59.43,59.79,59.15,59.52,2414400,56.41
"2012-06-27",59.69,59.69,59.1,59.5,1689100,56.39
"2012-06-28",59.21,60.56,58.96,60.53,1572200,57.36
"2012-06-29",61.55,62.4,61.19,62.36,2398000,59.1
"2012-07-02",62.84,62.96,61.98,62.94,1870100,59.65
"2012-07-03",62.69,63.51,62.61,63.46,1080400,60.14
"2012-07-05",63.24,63.5,62.73,62.97,970200,59.68
"2012-07-06",62.35,63.36,62.23,63.21,1053000,59.9
"2012-07-09",63.18,63.45,62.9,63.45,1162900,60.13
"2012-07-10",63.45,64.38,62.22,62.55,1372100,59.28
"2012-07-11",62.5,63.18,62.28,63.03,1881400,59.73
"2012-07-12",62.69,63.99,62.44,63.64,1647600,60.31
"2012-07-13",63.76,64.88,63.72,64.76,1534500,61.37
"2012-07-16",64.79,64.98,64.37,64.82,1048500,61.43
"2012-07-17",65.08,65.72,64.51,65.47,1722600,62.05
"2012-07-18",65.16,65.44,64.64,64.95,1660500,61.55
"2012-07-19",64.97,65.43,63.82,64.54,1944200,61.16
"2012-07-20",64.02,64.65,63.78,64.09,2115300,60.74
"2012-07-23",63.49,64.17,63.25,63.95,1504900,60.61
"2012-07-24",63.91,64.1,62.85,63.46,1434500,60.14
"2012-07-25",63.78,63.98,62.95,63.49,1207600,60.17
"2012-07-26",64.25,64.44,62.12,62.92,2475500,59.63
"2012-07-27",63.26,63.4,62.6,62.98,1858300,59.69
"2012-07-30",63.02,63.52,62.87,63.33,1569700,60.02
"2012-07-31",63.29,63.56,63.21,63.31,1954300,60
"2012-08-01",63.37,63.83,62.5,62.5,1484200,59.23
"2012-08-02",62.11,62.85,61.92,62.79,1423100,59.51
"2012-08-03",63.27,63.43,62.58,62.71,995600,59.43
"2012-08-06",62.96,63.01,62.29,62.35,806600,59.09
"2012-08-07",62.48,62.53,61.38,61.41,1157000,58.2
"2012-08-08",61.02,61.23,60.55,60.83,1394900,57.65
"2012-08-09",60.69,61.01,60.18,60.25,1685100,57.1
"2012-08-10",60.22,60.35,59.92,60.2,2034200,57.05
"2012-08-13",60.13,60.41,59.69,59.76,1665500,56.63
"2012-08-14",59.85,60.04,59.17,59.32,1530700,56.22
"2012-08-15",59.23,59.7,59.16,59.56,1193000,56.44
"2012-08-16",59.48,59.75,59.01,59.75,2120000,56.62
"2012-08-17",60.05,60.23,59.83,60.17,1844700,57.02
"2012-08-20",60.01,60.32,59.67,60.11,1422100,56.97
"2012-08-21",60.16,60.42,59.83,60.32,1139400,57.17
"2012-08-22",60.13,60.98,59.55,60.93,1977100,57.74
"2012-08-23",60.76,61.61,60.52,61.27,2026100,58.07
"2012-08-24",60.97,61.04,60.04,60.82,1825000,57.64
"2012-08-27",60.89,61.33,60.56,61.03,1797400,57.84
"2012-08-28",60.9,61.37,60.59,61.12,1106500,57.92
"2012-08-29",61.05,61.24,60.89,60.92,761100,57.73
"2012-08-30",60.65,60.91,60.46,60.62,1054400,57.45
"2012-08-31",60.82,60.82,60.04,60.4,2111400,57.24
"2012-09-04",60.49,60.68,60.04,60.6,1217100,57.43
"2012-09-05",60.72,60.78,59.95,60.33,1119900,57.17
"2012-09-06",60.69,60.9,60.4,60.72,1465900,57.54
"2012-09-07",61.15,61.47,60.56,60.56,1850700,57.39
"2012-09-10",60.62,60.62,59.46,59.46,2216000,56.35
"2012-09-11",59.68,59.99,59.07,59.36,1792800,56.26
"2012-09-12",59.5,59.53,59,59.25,1765000,56.15
"2012-09-13",59.29,60.36,59.09,60.18,2149400,57.03
"2012-09-14",60.49,61.02,60.05,60.23,2231500,57.08
"2012-09-17",60.12,60.6,60.12,60.24,1093400,57.09
"2012-09-18",60.03,60.55,59.44,59.77,1349900,56.64
"2012-09-19",59.28,59.78,58.87,59.11,1478200,56.34
"2012-09-20",58.86,58.88,57.46,57.55,2490100,54.85
"2012-09-21",57.69,57.69,57.25,57.43,2945800,54.74
"2012-09-24",56.94,58.12,56.76,57.74,1793700,55.03
"2012-09-25",57.81,57.93,56.96,56.99,1763300,54.32
"2012-09-26",56.87,57.83,56.87,57.38,1661800,54.69
"2012-09-27",57.48,58.61,57.27,57.74,2558900,55.03
"2012-09-28",57.45,57.79,57.27,57.53,1648600,54.83
"2012-10-01",57.63,57.8,56.5,57.21,1593000,54.53
"2012-10-02",57.42,57.55,56.69,57.53,1604000,54.83
"2012-10-03",57.51,57.97,56.98,57.13,1173300,54.45
"2012-10-04",57.37,57.5,56.38,56.48,2029000,53.83
"2012-10-05",56.73,57.27,56.51,56.88,1584600,54.21
"2012-10-08",56.84,56.89,56.22,56.4,1169000,53.75
"2012-10-09",56.45,56.66,55.83,55.84,1699300,53.22
"2012-10-10",55.93,56.39,55.66,56.34,1463600,53.7
"2012-10-11",56.62,56.8,56.12,56.19,1999200,53.55
"2012-10-12",56.26,56.93,55.88,56.02,1559500,53.39
"2012-10-15",56.13,56.3,55.76,56.21,1358300,53.57
"2012-10-16",56.37,56.64,56.21,56.37,1239200,53.73
"2012-10-17",57.08,57.08,56.13,56.39,1987700,53.74
"2012-10-18",56.38,57.52,56.3,57.48,957400,54.78
"2012-10-19",57.5,58.12,56.95,57.13,1717900,54.45
"2012-10-22",56.29,56.79,55.94,56.31,1543300,53.67
"2012-10-23",55.85,56.52,55.64,56.29,1189800,53.65
"2012-10-24",56.48,56.64,55.8,56.12,1243400,53.49
"2012-10-25",56.93,57.05,55.81,56.42,1492200,53.77
"2012-10-26",56.42,56.49,55.57,56.06,1299500,53.43
"2012-10-31",56.8,57.53,56.16,57.41,1837100,54.72
"2012-11-01",57.24,58.15,57.07,58.15,2537000,55.42
"2012-11-02",58.48,59.61,58.22,59.1,2600000,56.33
"2012-11-05",58.82,58.85,58.14,58.56,1676600,55.81
"2012-11-06",58.56,58.85,57.95,58.59,1811700,55.84
"2012-11-07",58.46,58.6,57.94,58,1821500,55.28
"2012-11-08",57.82,58.15,57.13,57.13,1151800,54.45
"2012-11-09",56.94,57.33,56.62,56.66,1672800,54
"2012-11-12",56.81,56.83,56.05,56.3,1312300,53.66
"2012-11-13",56.01,56.35,55.88,55.96,1143600,53.33
"2012-11-14",56.14,56.14,54.31,54.51,1872100,51.95
"2012-11-15",54.35,54.7,53.99,54.28,1913200,51.73
"2012-11-16",54.45,54.7,53.7,54.31,2094200,51.76
"2012-11-19",54.78,55.24,54.52,54.7,1253900,52.13
"2012-11-20",54.68,54.68,54.07,54.6,1707300,52.04
"2012-11-21",54.35,54.72,53.93,54.06,1064100,51.52
"2012-11-23",54.44,54.52,54.01,54.46,449800,51.91
"2012-11-26",54.1,54.99,53.84,54.43,1496100,51.88
"2012-11-27",53.5,56.68,53.25,55.25,5447800,52.66
"2012-11-28",54.76,55.31,54.2,55.18,3209500,52.59
"2012-11-29",55.79,56.1,55.12,55.75,18146200,53.13
"2012-11-30",55.94,55.98,55.07,55.51,4000900,52.91
"2012-12-03",55.76,55.87,55.05,55.21,2507200,52.62
"2012-12-04",55.34,55.5,54.97,54.98,2519400,52.4
"2012-12-05",55.31,55.31,54.34,54.43,2750600,51.88
"2012-12-06",54.67,55.56,54.43,55.56,3445200,52.95
"2012-12-07",55.48,55.73,54.91,55.11,2157000,52.52
"2012-12-10",54.91,55.48,54.9,55.09,1708800,52.51
"2012-12-11",55.25,55.34,54.77,55,1764700,52.42
"2012-12-12",55.12,55.63,54.79,55.37,2015100,52.77
"2012-12-13",55.26,55.7,54.9,55.13,1580100,52.54
"2012-12-14",55.16,55.58,55.13,55.49,1410600,52.89
"2012-12-17",55.71,55.91,55.16,55.73,1811200,53.12
"2012-12-18",55.77,56.24,55.69,56.23,1923500,53.59
"2012-12-19",55.55,55.74,55.36,55.39,1806300,53.52
"2012-12-20",55.36,56.5,55.19,56.5,1978800,54.59
"2012-12-21",55.64,56.97,55.64,56.61,4466600,54.7
"2012-12-24",56.59,56.9,56.26,56.68,725700,54.77
"2012-12-26",56.78,56.81,55.84,56.05,1868300,54.16
"2012-12-27",56.11,56.53,55.85,56.43,1217500,54.53
"2012-12-28",56.19,56.71,55.88,55.9,984500,54.01
"2012-12-31",55.86,56.67,55.75,56.67,1297200,54.76
"2013-01-02",57.54,57.63,56.67,57.01,1322300,55.09
"2013-01-03",57.08,57.48,56.78,57.25,1358600,55.32
"2013-01-04",57.28,58.17,56.96,57.23,1585300,55.3
"2013-01-07",57.27,57.75,56.87,57.66,1170200,55.72
"2013-01-08",57.91,58.2,57.63,57.87,1303700,55.92
"2013-01-09",58.02,58.2,57.73,58,1179000,56.04
"2013-01-10",58.21,58.37,57.9,58.37,1040300,56.4
"2013-01-11",58.45,58.45,57.71,58.15,945200,56.19
"2013-01-14",58.15,58.61,58.08,58.42,849400,56.45
"2013-01-15",58.32,58.8,58.12,58.74,1122200,56.76
"2013-01-16",58.63,58.78,58.25,58.58,1133100,56.6
"2013-01-17",58.72,58.81,58.43,58.47,1122900,56.5
"2013-01-18",58.46,58.71,58.21,58.41,2114900,56.44
"2013-01-22",58.34,58.51,58.28,58.51,1457300,56.54
"2013-01-23",58.36,58.65,58.22,58.39,1028400,56.42
"2013-01-24",58.49,58.6,57.73,57.97,1730100,56.01
"2013-01-25",58.14,58.48,57.88,58.09,1285200,56.13
"2013-01-28",58.5,58.5,57.92,58.15,1554900,56.19
"2013-01-29",58.05,58.45,57.68,57.75,2161400,55.8
"2013-01-30",57.76,57.94,57.04,57.07,1833900,55.14
"2013-01-31",57.01,57.06,55.34,55.39,3774600,53.52
"2013-02-01",55.7,56.01,54.36,54.73,4389700,52.88
"2013-02-04",54.79,55.05,54.19,54.46,2516500,52.62
"2013-02-05",54.46,54.65,53.64,54.16,3834900,52.33
"2013-02-06",54.17,55.95,54.17,55.23,3649400,53.37
"2013-02-07",55.16,55.23,54.3,54.82,2570200,52.97
"2013-02-08",55.06,55.98,55.06,55.44,3280200,53.57
"2013-02-11",55.44,56.68,55.42,56.46,3843700,54.56
"2013-02-12",56.53,57.52,56.35,57.49,2872500,55.55
"2013-02-13",57.44,57.74,57.22,57.65,2078500,55.71
"2013-02-14",57.41,57.92,57.41,57.56,1985200,55.62
"2013-02-15",57.6,57.68,57.22,57.51,3554800,55.57
"2013-02-19",57.6,58,57.29,57.58,1534600,55.64
"2013-02-20",57.59,58.1,57.38,57.44,1627100,55.5
"2013-02-21",57.3,57.47,56.74,57.11,1680700,55.18
"2013-02-22",57.27,57.48,57.1,57.21,1456700,55.28
"2013-02-25",57.39,57.41,55.97,56,2088200,54.11
"2013-02-26",56.22,56.56,55.63,56,1550100,54.11
"2013-02-27",55.87,56.26,55.77,55.99,1255600,54.1
"2013-02-28",56,56.18,55.02,55.04,4089700,53.18
"2013-03-01",55.03,55.53,54.79,55.34,2273400,53.47
"2013-03-04",55.17,55.84,55.14,55.65,1665000,53.77
"2013-03-05",55.68,56.33,55.51,56.14,1641300,54.25
"2013-03-06",56.36,56.48,55.8,56.36,1452300,54.46
"2013-03-07",56.24,56.53,55.1,55.24,2669400,53.38
"2013-03-08",55.3,55.3,54.51,54.93,2239300,53.08
"2013-03-11",54.92,54.97,54.51,54.82,1464600,52.97
"2013-03-12",54.78,55.11,54.45,54.99,2489400,53.14
"2013-03-13",55.11,55.59,54.77,55.46,2428500,53.59
"2013-03-14",55.6,56.54,55.34,56.39,2479600,54.49
"2013-03-15",56.1,56.37,55.92,56.09,2493800,54.2
"2013-03-18",55.8,56.35,55.3,55.59,2076000,53.71
"2013-03-19",55.62,55.71,54.61,55.05,1733000,53.19
"2013-03-20",54.63,55.04,54.48,54.91,1400600,53.45
"2013-03-21",54.61,55.19,54.37,54.39,1453100,52.94
"2013-03-22",54.41,54.77,54.21,54.66,1768200,53.2
"2013-03-25",54.82,55.16,54.49,54.96,1961000,53.49
"2013-03-26",55.08,55.59,55.07,55.39,2124600,53.91
"2013-03-27",55.36,55.36,54.97,55.06,1281900,53.59
"2013-03-28",55.09,55.32,54.74,55.06,2042300,53.59
"2013-04-01",54.97,55.55,54.7,55.55,1319000,54.07
"2013-04-02",55.82,56.11,55.47,55.53,2049700,54.05
"2013-04-03",55.82,56.03,55.54,55.93,1180500,54.44
"2013-04-04",56.14,57.6,56.05,57.52,1870300,55.99
"2013-04-05",57.17,58.19,57.01,57.88,2109900,56.34
"2013-04-08",57.8,58.29,57.6,58.01,1807800,56.46
"2013-04-09",58.07,58.58,57.65,58.31,1456100,56.76
"2013-04-10",58.3,58.49,58.04,58.35,1203300,56.79
"2013-04-11",58.43,59.42,58.3,59.02,2348200,57.45
"2013-04-12",59.13,59.14,58.58,59.09,1500400,57.51
"2013-04-15",58.68,59.09,57.87,57.9,1579700,56.36
"2013-04-16",58.11,58.66,57.77,58.53,1597500,56.97
"2013-04-17",58.03,58.14,57.26,57.67,1762000,56.13
"2013-04-18",57.62,58.32,57.46,57.84,1804300,56.3
"2013-04-19",58.08,58.27,57.44,57.97,1665400,56.42
"2013-04-22",58.03,58.16,57.52,57.6,1191100,56.06
"2013-04-23",57.86,58.06,57.31,57.73,1481400,56.19
"2013-04-24",57.8,58.19,57.49,57.69,1411200,56.15
"2013-04-25",57.63,57.77,57.07,57.2,1802700,55.68
"2013-04-26",57.28,57.37,56.42,56.61,2142100,55.1
"2013-04-29",56.83,57.29,56.38,57.21,1172500,55.68
"2013-04-30",57.17,58.06,56.99,58.06,2161900,56.51
"2013-05-01",57.68,58.51,56.56,56.9,2343400,55.38
"2013-05-02",57.06,57.39,56.43,56.63,1557200,55.12
"2013-05-03",56.8,56.86,55.9,56.02,2222000,54.53
"2013-05-06",55.93,56.38,55.91,56.29,1630400,54.79
"2013-05-07",56.44,57.35,56.15,57.22,1631000,55.69
"2013-05-08",57.1,57.78,57.06,57.53,1574400,56
"2013-05-09",57.63,57.64,57.03,57.24,1926100,55.71
"2013-05-10",57.37,57.71,57.01,57.71,1241100,56.17
"2013-05-13",57.58,58.77,57.4,58.73,2736700,57.16
"2013-05-14",58.61,59.53,58.61,59.22,4237400,57.64
"2013-05-15",59.27,59.44,59,59.16,3136600,57.58
"2013-05-16",58.98,60,58.95,59.61,1739600,58.02
"2013-05-17",59.59,59.83,59.15,59.59,2497600,58
"2013-05-20",59.57,60.26,59.41,60.18,2198300,58.58
"2013-05-21",60.21,60.97,60.1,60.75,2838400,59.13
"2013-05-22",60.7,60.95,58.74,59.13,2960800,57.55
"2013-05-23",58.41,60.32,58.05,60.18,10784300,58.58
"2013-05-24",59.97,60.38,59.39,60.3,2630000,58.69
"2013-05-28",60.81,60.9,59.15,59.41,3572300,57.83
"2013-05-29",59.03,59.1,57.47,58.54,4289300,56.98
"2013-05-30",58.53,58.58,57.26,57.42,2825400,55.89
"2013-05-31",57.22,57.93,56.42,56.55,4255000,55.04
"2013-06-03",56.58,57.57,56.1,57.24,3625200,55.71
"2013-06-04",57.34,57.58,56.76,57.14,3006900,55.62
"2013-06-05",57.15,57.49,56.64,56.73,2159800,55.22
"2013-06-06",56.6,57.04,56,56.67,1871100,55.16
"2013-06-07",56.88,56.96,55.72,56.69,2320400,55.18
"2013-06-10",56.69,56.89,55.9,56.04,2159600,54.55
"2013-06-11",55.63,55.82,55.02,55.12,1830100,53.65
"2013-06-12",55.42,55.42,54.6,54.75,2008900,53.29
"2013-06-13",54.63,56.57,54.6,56.44,1692900,54.94
"2013-06-14",56.5,57.05,55.97,56.34,1400600,54.84
"2013-06-17",56.7,56.91,55.97,56.41,1804300,54.91
"2013-06-18",56.46,57.04,56.1,56.61,1612200,55.1
"2013-06-19",56.56,56.82,54.72,55,1871700,53.53
"2013-06-20",54.34,54.34,52.71,52.91,2242900,51.88
"2013-06-21",53.42,55.34,53.36,54.73,3829400,53.66
"2013-06-24",54.02,56.62,53.47,55.59,3679900,54.5
"2013-06-25",55.82,56.62,55.39,56.4,2971900,55.3
"2013-06-26",56.62,57.38,56.58,57.25,2661400,56.13
"2013-06-27",57.64,58.8,57.5,58.42,3055200,57.28
"2013-06-28",58.28,58.73,57.95,58.06,3592400,56.93
"2013-07-01",58.34,58.7,57.39,57.48,2431300,56.36
"2013-07-02",57.43,58.18,57.41,57.84,2738000,56.71
"2013-07-03",57.56,57.87,56.76,57.44,1273400,56.32
"2013-07-05",57.52,57.77,56.13,57.36,1536800,56.24
"2013-07-08",57.52,57.98,57.21,57.35,1447700,56.23
"2013-07-09",57.56,58.44,57.32,57.97,1550400,56.84
"2013-07-10",57.85,57.97,57.2,57.91,1890400,56.78
"2013-07-11",58.55,59.28,58.46,59.08,1946200,57.93
"2013-07-12",59.1,59.27,58.41,58.63,1287700,57.49
"2013-07-15",58.17,58.79,57.98,58.61,847500,57.47
"2013-07-16",58.61,59.28,58.45,58.74,1917200,57.59
"2013-07-17",58.75,58.98,58.36,58.75,1131500,57.6
"2013-07-18",58.66,59.4,58.57,59.09,1014100,57.94
"2013-07-19",59.08,59.22,58.49,58.74,1471100,57.59
"2013-07-22",58.73,59.06,58.48,58.85,807900,57.7
"2013-07-23",58.99,59.19,58.5,58.75,904400,57.6
"2013-07-24",58.77,58.85,57.12,57.44,1886100,56.32
"2013-07-25",57.34,58.07,57.15,57.73,1583000,56.6
"2013-07-26",57.63,58.11,57.28,58.09,733300,56.96
"2013-07-29",58.1,58.28,57.64,57.78,1427800,56.65
"2013-07-30",58.12,58.59,57.51,57.66,1487200,56.53
"2013-07-31",57.29,57.6,55.08,56,3363400,54.91
"2013-08-01",56.26,56.54,55.47,55.66,2309900,54.57
"2013-08-02",55.42,56,54.88,54.95,1993300,53.88
"2013-08-05",55.14,55.14,54.55,54.89,1660800,53.82
"2013-08-06",54.75,55.19,54.47,54.74,1688500,53.67
"2013-08-07",54.57,54.8,54.18,54.25,1646400,53.19
"2013-08-08",54.5,54.5,53.91,54.26,1776200,53.2
"2013-08-09",54.01,54.58,53.69,54.21,1628200,53.15
"2013-08-12",54,54.1,53.01,53.47,1431300,52.43
"2013-08-13",53.47,53.53,52.48,52.66,1462000,51.63
"2013-08-14",52.56,52.9,52.34,52.57,1073900,51.54
"2013-08-15",52.14,52.21,51.21,51.79,1811800,50.78
"2013-08-16",51.71,51.83,50.57,50.67,3952000,49.68
"2013-08-19",50.44,50.92,50.28,50.45,1936100,49.46
"2013-08-20",50.63,51.62,50.59,51.32,1947200,50.32
"2013-08-21",51.02,51.98,50.24,51.28,2208600,50.28
"2013-08-22",51.38,51.99,50.82,51.85,1597100,50.84
"2013-08-23",51.82,52.57,51.38,52.51,1869200,51.48
"2013-08-26",52.57,53.33,52.52,52.91,1824400,51.88
"2013-08-27",52.44,53.1,52.17,52.92,1640300,51.89
"2013-08-28",52.81,52.81,51.86,52.1,1488000,51.08
"2013-08-29",51.94,52.16,51.4,52.1,1070800,51.08
"2013-08-30",52.25,52.55,51.78,51.89,1818400,50.88
"2013-09-03",52.26,52.35,50.77,51.26,1634900,50.26
"2013-09-04",51.41,52.31,51,52,1579100,50.98
"2013-09-05",51.97,52.01,51.3,51.74,1233900,50.73
"2013-09-06",52.15,53.25,52.15,53.04,2166900,52
"2013-09-09",53.04,54.2,52.98,54.19,2168100,53.13
"2013-09-10",54.22,54.48,53.97,54.4,1410800,53.34
"2013-09-11",54.38,54.91,54.17,54.91,1709200,53.84
"2013-09-12",54.89,55.23,54.55,54.72,1384500,53.65
"2013-09-13",54.5,54.86,54.29,54.59,1381400,53.52
"2013-09-16",55.21,55.65,54.47,54.81,1735600,53.74
"2013-09-17",54.78,55.38,54.54,54.55,1619000,53.48
"2013-09-18",54.67,56.97,54.32,56.49,3149900,55.39
"2013-09-19",56.45,56.95,56,56.31,2451900,55.6
"2013-09-20",56.5,56.63,55.76,56.1,5784600,55.4
"2013-09-23",55.77,56.4,55.11,55.18,1155600,54.49
"2013-09-24",55.25,55.4,54.22,54.29,1786200,53.61
"2013-09-25",54.32,54.96,54,54.56,1290700,53.88
"2013-09-26",54.53,54.89,54.32,54.67,1218000,53.98
"2013-09-27",54.29,54.83,54.04,54.55,1003100,53.87
"2013-09-30",54.23,54.96,53.35,53.57,1728400,52.9
"2013-10-01",53.61,54.62,53.4,54.31,2152600,53.63
"2013-10-02",54.1,54.6,53.43,54.08,1810200,53.4
"2013-10-03",53.97,54.18,52.63,52.86,2069200,52.2
"2013-10-04",52.8,53.12,52.18,52.63,1448800,51.97
"2013-10-07",52.22,53.18,52.19,53,1346200,52.34
"2013-10-08",52.91,52.97,52.13,52.18,1333200,51.53
"2013-10-09",52.19,52.78,52.14,52.22,1095700,51.57
"2013-10-10",52.55,53.56,52.34,53.54,1802400,52.87
"2013-10-11",53.54,53.74,53.01,53.72,1265500,53.05
"2013-10-14",53.39,53.78,53.23,53.63,1259000,52.96
"2013-10-15",53.34,53.99,53.22,53.62,1256700,52.95
"2013-10-16",53.92,54.82,53.74,54.77,1554500,54.08
"2013-10-17",54.94,55.71,54.51,55.6,1473600,54.9
"2013-10-18",56.02,56.06,55.04,55.21,1483900,54.52
"2013-10-21",55.12,55.28,54.71,55.05,1442300,54.36
"2013-10-22",55.23,55.93,55.09,55.47,2067800,54.77
"2013-10-23",55.41,55.67,54.95,55.55,1517900,54.85
"2013-10-24",55.41,55.41,53.61,53.82,3471400,53.15
"2013-10-25",53.81,55.06,53.61,54.91,2405700,54.22
"2013-10-28",55,55.07,53.75,54.37,1684000,53.69
"2013-10-29",54.37,54.45,53.47,53.85,1538400,53.17
"2013-10-30",53.85,54.11,52.94,53.15,2162000,52.48
"2013-10-31",53.6,53.87,51.76,52.36,2930200,51.7
"2013-11-01",52.45,52.96,52.33,52.9,2133700,52.24
"2013-11-04",52.92,53.39,52.81,53.37,1733800,52.7
"2013-11-05",53.23,53.39,52.47,52.56,1300700,51.9
"2013-11-06",52.63,53.01,52.58,52.66,1190100,52
"2013-11-07",52.72,52.81,52.32,52.45,1687500,51.79
"2013-11-08",52.2,52.37,50.98,51.7,1694400,51.05
"2013-11-11",51.69,52.01,51.55,51.65,1252800,51
"2013-11-12",51.44,51.61,50.88,51.29,1265200,50.65
"2013-11-13",51.19,51.56,50.93,51.55,1895700,50.9
"2013-11-14",51.98,52.44,51.74,52.07,1442100,51.42
"2013-11-15",51.97,52.17,51.17,51.38,1609600,50.74
"2013-11-18",51.59,51.73,50.8,51.22,1691300,50.58
"2013-11-19",51.09,51.21,50.75,51.05,1316000,50.41
"2013-11-20",51.03,51.55,50.43,50.64,1005700,50.01
"2013-11-21",50.66,50.99,50.47,50.83,1097000,50.19
"2013-11-22",50.99,51.01,50.64,50.83,2070100,50.19
"2013-11-25",51.2,51.2,50.3,50.6,1440600,49.97
"2013-11-26",50.63,50.94,50.08,50.89,2490300,50.25
"2013-11-27",50.98,52.1,50.91,52.01,3602800,51.36
"2013-11-29",52.17,52.17,51.23,51.54,1665800,50.89
"2013-12-02",51.3,51.84,51.22,51.66,3862500,51.01
"2013-12-03",51.44,52.2,51.35,52.01,2433500,51.36
"2013-12-04",51.57,53.83,51.44,52.93,6087300,52.27
"2013-12-05",52.93,53.09,52.25,52.62,1904900,51.96
"2013-12-06",52.96,53.32,52.57,53.16,1860800,52.49
"2013-12-09",52.99,53.51,52.99,53.48,1856200,52.81
"2013-12-10",53.47,54.05,53.27,54,3630700,53.32
"2013-12-11",53.89,53.98,53.05,53.14,3287200,52.47
"2013-12-12",52.99,53.5,52.44,52.45,2765200,51.79
"2013-12-13",52.5,52.72,51.88,52.21,2020800,51.56
"2013-12-16",52.28,52.39,51.89,51.91,1785000,51.26
"2013-12-17",51.75,51.89,51.34,51.62,1949100,50.97
"2013-12-18",51.7,52.51,50.89,52.5,2711500,51.84
"2013-12-19",52.47,52.64,51.61,52.04,1641600,51.39
"2013-12-20",51.79,52.12,51.64,51.96,2570600,51.31
"2013-12-23",52.05,52.31,51.63,51.85,1706100,51.2
"2013-12-24",51.25,51.66,51.2,51.51,869200,51.51
"2013-12-26",51.79,52.02,51.57,51.76,1750700,51.76
"2013-12-27",51.78,51.97,51.47,51.84,1290300,51.84
"2013-12-30",51.82,52.24,51.76,52.06,1265600,52.06
"2013-12-31",52.02,52.31,51.72,51.87,1676400,51.87
"2014-01-02",51.74,52.31,51.55,51.99,1520600,51.99
"2014-01-03",52.07,52.61,51.91,52.43,1300200,52.43
"2014-01-06",52.54,53.19,52.43,52.84,1562000,52.84
"2014-01-07",52.96,53.17,52.77,52.93,1180200,52.93
"2014-01-08",52.8,53.41,52.71,53.41,2038800,53.41
"2014-01-09",53.61,53.69,53.02,53.44,2154100,53.44
"2014-01-10",53.71,53.89,53.31,53.57,2115300,53.57
"2014-01-13",53.32,53.63,53.11,53.22,1917400,53.22
"2014-01-14",53.33,53.81,53.25,53.49,1816200,53.49
"2014-01-15",53.76,53.94,53.6,53.78,1926000,53.78
"2014-01-16",53.88,54.09,53.69,53.89,1680100,53.89
"2014-01-17",53.94,54.07,53.62,53.84,1794100,53.84
"2014-01-21",54.13,54.56,53.94,54.42,2155800,54.42
"2014-01-22",54.44,54.86,53.95,53.98,2342800,53.98
"2014-01-23",53.71,53.83,53.48,53.77,2306300,53.77
"2014-01-24",54.74,54.74,53.49,53.7,2667000,53.7
"2014-01-27",53.57,54.07,53.2,53.36,4027300,53.36
"2014-01-28",53.32,53.95,53.3,53.86,2243300,53.86
"2014-01-29",53.61,54.15,53.46,53.95,3138300,53.95
"2014-01-30",54.2,55.25,54,55.14,2690400,55.14
"2014-01-31",54.68,55.61,54.52,55.38,3483600,55.38
"2014-02-03",55.23,55.25,54.61,54.8,3092100,54.8
"2014-02-04",55.02,55.5,54.75,55.38,3303500,55.38
"2014-02-05",54.99,55.95,54.56,55.78,3253900,55.78
"2014-02-06",55.67,56.52,55.65,56.48,3199000,56.48
"2014-02-07",56.8,57.14,56.56,56.87,2175700,56.87
"2014-02-10",56.9,57.68,56.77,57.6,2247100,57.6
"2014-02-11",57.46,58.29,57.38,58.03,1986000,58.03
"2014-02-12",58.04,58.21,57.82,58.21,2510700,58.21
"2014-02-13",57.96,58.86,57.86,58.3,3557200,58.3
"2014-02-14",58.32,58.74,58.2,58.58,1835700,58.58
"2014-02-18",58.5,59.02,58.47,59,2255500,59
"2014-02-19",58.85,59.34,58.36,58.49,2621600,58.49
"2014-02-20",58.52,58.83,58,58.73,2025000,58.73
"2014-02-21",58.69,59.01,58.34,58.71,1424300,58.71
"2014-02-24",58.81,59.15,58.55,58.55,2066800,58.55
"2014-02-25",58.69,59.09,58.42,58.79,1594800,58.79
"2014-02-26",59.06,59.06,58.43,58.57,1551100,58.57
"2014-02-27",58.55,58.81,58,58.36,1184200,58.36
"2014-02-28",58.37,58.71,58.14,58.47,2544900,58.47
"2014-03-03",58.36,58.81,58.2,58.52,1969500,58.52
"2014-03-04",59.11,59.41,58.89,59.4,2001500,59.4
"2014-03-05",59.35,59.4,58.48,58.75,2074300,58.75
"2014-03-06",58.72,58.74,58.15,58.36,2023400,58.36
"2014-03-07",58.17,58.34,57.52,58.25,1842800,58.25
"2014-03-10",58.22,58.29,57.5,57.73,1643200,57.73
"2014-03-11",57.74,58.2,57.69,58.07,1227600,58.07
"2014-03-12",57.92,58.63,57.89,58.63,1625400,58.63
"2014-03-13",58.62,58.79,57.82,57.9,1938700,57.9
"2014-03-14",57.9,58.57,57.9,58.07,1233900,58.07
"2014-03-17",58.32,58.68,58.1,58.37,920800,58.37
