"","EXC.Open","EXC.High","EXC.Low","EXC.Close","EXC.Volume","EXC.Adjusted"
"2007-01-03",61.89,62.99,61.72,62.43,2721300,45.85
"2007-01-04",62.43,62.58,61.72,61.88,2156800,45.45
"2007-01-05",61.6,61.64,60.12,60.39,2959100,44.36
"2007-01-08",60.29,60.78,60.05,60.24,1741600,44.25
"2007-01-09",61,61,59.84,60.24,2648200,44.25
"2007-01-10",61.02,61.19,60.15,60.77,2940400,44.63
"2007-01-11",60.88,61.14,60.28,60.56,2056100,44.48
"2007-01-12",60.36,60.68,59.16,59.65,3324600,43.81
"2007-01-16",59.95,60.02,59.56,59.69,2256600,43.84
"2007-01-17",59.6,60.03,59.43,59.85,2723400,43.96
"2007-01-18",60.73,60.73,59.4,59.95,2395400,44.03
"2007-01-19",59.99,60.26,59.82,60.26,1828500,44.26
"2007-01-22",60.1,60.35,59.87,59.96,2337500,44.04
"2007-01-23",59.53,60.5,59.29,60.23,2785900,44.24
"2007-01-24",59.7,60.47,59.6,60.07,1835400,44.12
"2007-01-25",60.16,60.41,59.05,59.05,3657700,43.37
"2007-01-26",58.95,59.37,58.74,59.18,2804900,43.47
"2007-01-29",59.03,59.47,58.85,59.38,2759800,43.61
"2007-01-30",59.4,59.81,59.16,59.31,2172400,43.56
"2007-01-31",59.3,60.14,59.1,59.99,2203500,44.06
"2007-02-01",60.85,61.16,59.93,61.03,2690900,44.83
"2007-02-02",60.89,60.93,60.35,60.75,3664400,44.62
"2007-02-05",60.87,62.13,60.48,62.11,3735900,45.62
"2007-02-06",62.73,63.52,62.3,63.36,3899000,46.54
"2007-02-07",63.14,63.4,62.61,63.25,2163000,46.46
"2007-02-08",62.83,63.66,62.83,63.51,1834300,46.65
"2007-02-09",63.63,64.28,63.47,64.06,2948000,47.05
"2007-02-12",64.06,64.1,63.62,63.71,2808700,46.79
"2007-02-13",63.55,63.58,63.03,63.42,2329100,46.91
"2007-02-14",63.63,64.04,63.5,63.78,1652100,47.17
"2007-02-15",63.32,63.61,62.65,62.82,2192900,46.46
"2007-02-16",62.62,63.32,62.18,63.19,2042100,46.74
"2007-02-20",63.43,63.92,63.26,63.64,1529500,47.07
"2007-02-21",63.28,63.65,63.07,63.51,1662200,46.97
"2007-02-22",63.53,64.34,63.4,64.23,2387500,47.5
"2007-02-23",64.99,67.19,64.8,66.93,5960800,49.5
"2007-02-26",67.6,72.31,67.3,69.38,9200900,51.31
"2007-02-27",68.9,69.07,65.55,65.99,6156500,48.81
"2007-02-28",65.96,66.9,65.35,65.93,4450100,48.76
"2007-03-01",65.5,66.45,63.87,66.01,3468900,48.82
"2007-03-02",65.51,66.02,64.22,64.22,5028400,47.5
"2007-03-05",63.99,64.83,63.6,63.79,5646600,47.18
"2007-03-06",64.15,64.83,63.87,64.81,3107200,47.93
"2007-03-07",64.8,65.45,64.4,64.46,2171500,47.67
"2007-03-08",64.9,65.17,64.41,64.5,2087200,47.7
"2007-03-09",65.1,65.33,64.3,64.49,2548900,47.7
"2007-03-12",64.5,66.25,64.46,66.12,3075200,48.9
"2007-03-13",66.12,66.91,64.85,64.95,3582300,48.04
"2007-03-14",64.95,65.73,64.3,65.46,2882400,48.41
"2007-03-15",65.46,66.4,65.13,66.3,2651700,49.04
"2007-03-16",66.64,66.75,65.55,65.78,3460300,48.65
"2007-03-19",66.19,66.74,65.81,66.71,1811500,49.34
"2007-03-20",66.55,68.04,66.22,68.04,2475300,50.32
"2007-03-21",67.85,69.55,67.54,69.04,3828300,51.06
"2007-03-22",68.6,68.94,66.6,67.74,6146500,50.1
"2007-03-23",67.25,67.93,66.89,67.72,3893200,50.09
"2007-03-26",67.37,68.23,66.94,68.15,2269000,50.4
"2007-03-27",67.86,68.44,67.43,67.82,2493500,50.16
"2007-03-28",67.91,69.96,67.7,69.15,4193600,51.14
"2007-03-29",69.35,69.82,68.75,69.1,2803600,51.11
"2007-03-30",69.11,69.5,66.52,68.71,5322300,50.82
"2007-04-02",68.86,70.53,68.67,70.4,3175500,52.07
"2007-04-03",71,71.39,70.61,71.32,3766000,52.75
"2007-04-04",71.52,71.52,70.81,71.04,2898100,52.54
"2007-04-05",71.04,71.7,70.84,71.7,1954700,53.03
"2007-04-09",71.55,72.35,71.54,72.08,1582800,53.31
"2007-04-10",72.2,72.39,71.93,72.24,1772200,53.43
"2007-04-11",72.24,72.49,71.86,72.08,2793300,53.31
"2007-04-12",72.31,72.38,70.95,71.13,3678400,52.61
"2007-04-13",72,72,70.29,70.92,2038600,52.45
"2007-04-16",71.91,72.07,71.02,71.61,1592800,52.96
"2007-04-17",71.59,73,71.33,72.88,2258800,53.9
"2007-04-18",72.79,73.62,72.66,73.48,3755700,54.35
"2007-04-19",74.5,74.5,72.59,72.67,2866600,53.75
"2007-04-20",73.52,74,71.16,73.28,7105700,54.2
"2007-04-23",73.5,74.72,73.5,74.07,2939900,54.78
"2007-04-24",74.2,75.33,73.63,74.99,3417200,55.46
"2007-04-25",75,76,74.87,75.64,5094700,55.94
"2007-04-26",75.79,77.51,75.79,76.45,4553000,56.54
"2007-04-27",75.91,76.54,75.51,76.23,2942000,56.38
"2007-04-30",76.72,77.5,75.33,75.41,3385600,55.77
"2007-05-01",75.77,76.5,75.2,76.45,3043500,56.54
"2007-05-02",76.77,77.24,76.47,77.08,2009500,57.01
"2007-05-03",77.15,77.75,76.15,76.88,4167300,56.86
"2007-05-04",76.89,77.25,76.24,76.5,3145100,56.58
"2007-05-07",76.03,78.51,76.03,78.33,3651900,57.93
"2007-05-08",79.38,79.38,77.17,77.31,5644900,57.18
"2007-05-09",78.14,78.14,77.18,77.55,2920200,57.36
"2007-05-10",77.41,77.85,76.28,76.33,5195700,56.45
"2007-05-11",76.1,76.78,75.65,76.53,2672600,56.93
"2007-05-14",76.74,77.13,76.11,76.43,2242600,56.86
"2007-05-15",76.68,77.83,76.68,76.95,2722800,57.24
"2007-05-16",77.74,77.83,76.8,77.7,1654400,57.8
"2007-05-17",77.37,77.45,76.31,76.92,1968400,57.22
"2007-05-18",77.05,78.54,76.92,78.45,3519000,58.36
"2007-05-21",79.02,79.02,77.56,77.56,2727400,57.7
"2007-05-22",77.96,78.24,77.07,77.36,2443600,57.55
"2007-05-23",77.45,78.2,76.6,76.69,2109300,57.05
"2007-05-24",76.4,76.7,73.71,73.75,6421200,54.86
"2007-05-25",74.3,74.6,72.42,73.25,3599900,54.49
"2007-05-29",74.12,74.35,73.02,73.65,4486500,54.79
"2007-05-30",73.4,76.11,73.27,76.03,6800800,56.56
"2007-05-31",76.24,78.17,75.04,78,6154000,58.02
"2007-06-01",78.05,78.78,76.1,76.61,4925600,56.99
"2007-06-04",75.89,76.36,75.01,75.49,4362200,56.16
"2007-06-05",74.63,75.52,73.97,74.27,3430500,55.25
"2007-06-06",73.44,73.87,72.04,72.6,5297600,54.01
"2007-06-07",72.1,72.6,69.73,69.92,6721400,52.01
"2007-06-08",70.26,71.22,69.75,70.66,4586900,52.56
"2007-06-11",71.01,72.66,70.8,72.16,6297300,53.68
"2007-06-12",71.29,71.83,70.5,70.65,3973100,52.56
"2007-06-13",71.36,72.15,70.83,72.1,4755500,53.63
"2007-06-14",72.48,73.69,72.16,72.79,3975400,54.15
"2007-06-15",74.24,75.07,73.7,74.48,5349800,55.4
"2007-06-18",74.48,74.5,73.24,73.82,2508900,54.91
"2007-06-19",73.44,74.27,73.19,73.92,2693000,54.99
"2007-06-20",74.15,74.54,71.22,71.33,3445800,53.06
"2007-06-21",71.05,72.82,70.93,71.9,3453700,53.49
"2007-06-22",71.49,72.05,70.03,70.03,3692400,52.09
"2007-06-25",70.29,72.77,70.13,71.26,3966100,53.01
"2007-06-26",71.62,72.49,71.2,71.2,3408600,52.96
"2007-06-27",70.2,72.48,70.2,72.4,3369000,53.86
"2007-06-28",72.4,73.61,71.91,72.1,3204400,53.63
"2007-06-29",72.2,73.76,71.59,72.6,3701200,54.01
"2007-07-02",74,76.34,73.58,76.33,5078000,56.78
"2007-07-03",76.87,77.12,75.46,76.11,2060700,56.62
"2007-07-05",76.85,77.07,75.22,76.57,3467400,56.96
"2007-07-06",76.44,76.59,74.79,76.41,2616400,56.84
"2007-07-09",76.52,77.13,75.88,76.25,1930600,56.72
"2007-07-10",75.63,76.21,74.52,74.55,3424300,55.46
"2007-07-11",74.75,75.39,74.27,74.94,1955500,55.75
"2007-07-12",74.96,76.66,74.83,76.66,2625800,57.03
"2007-07-13",76.76,78.38,76.24,78.16,3438600,58.14
"2007-07-16",77.81,78.37,76.77,77.04,2900500,57.31
"2007-07-17",77.8,78,77.07,77.66,2804200,57.77
"2007-07-18",76.98,78.84,76.71,78.62,3382400,58.48
"2007-07-19",79.28,82.6,78.77,82.05,7623300,61.04
"2007-07-20",80.1,81.19,78.84,78.89,5375400,58.68
"2007-07-23",78.5,80.72,78.32,80.37,4442300,59.79
"2007-07-24",78.67,80.01,75.63,75.94,6814100,56.49
"2007-07-25",77.49,78.45,71.66,74.44,11175600,55.37
"2007-07-26",73.12,73.25,69.11,70.9,11967100,52.74
"2007-07-27",70.6,71.88,69.62,69.62,8566000,51.79
"2007-07-30",69.9,70.5,67.85,69.52,7876300,51.71
"2007-07-31",73.71,73.71,70.03,70.15,7316300,52.18
"2007-08-01",70.5,74.69,70.45,74.1,7428000,55.12
"2007-08-02",72.42,75.21,72.42,74.87,4970500,55.69
"2007-08-03",74.5,76,70.73,71.09,5480700,52.88
"2007-08-06",71.64,74.5,70.03,74.27,5511500,55.25
"2007-08-07",73.49,76.08,72.87,74.56,6582800,55.46
"2007-08-08",75.72,76.65,74.79,76.4,5561700,56.83
"2007-08-09",75.4,77.36,73.76,75.25,7500200,55.98
"2007-08-10",74.05,76.44,72.5,72.85,6169200,54.19
"2007-08-13",73.07,74.33,72.05,72.8,3093400,54.48
"2007-08-14",73.43,73.43,70.63,70.79,3114700,52.98
"2007-08-15",69.91,72.69,68.81,69.12,4029100,51.73
"2007-08-16",68.81,69.1,64.73,67.37,9505800,50.42
"2007-08-17",67.6,72.01,67.6,71.32,8094400,53.38
"2007-08-20",71.71,71.89,69.42,71.39,2902500,53.43
"2007-08-21",70.8,71.89,70.7,71.42,2466200,53.45
"2007-08-22",71.73,72.68,71.01,72.68,3491100,54.39
"2007-08-23",73.06,73.5,71.91,72.43,2810600,54.21
"2007-08-24",72.61,73.32,71.71,73.14,2399500,54.74
"2007-08-27",73.01,73.02,69.92,70.14,4139600,52.49
"2007-08-28",69.86,70.52,68.77,69.17,5203300,51.77
"2007-08-29",69.17,71.64,69.17,71.19,3407900,53.28
"2007-08-30",70.84,71,69.52,70.11,3179200,52.47
"2007-08-31",71.14,71.61,70.07,70.67,3305200,52.89
"2007-09-04",72.6,73.83,71.66,73.51,3996400,55.02
"2007-09-05",72.99,73.56,72.19,73.04,4504500,54.66
"2007-09-06",72.9,74.81,72.25,74.64,4445800,55.86
"2007-09-07",76.32,76.32,72.82,73.26,3763500,54.83
"2007-09-10",73.89,74.67,72.85,73.39,5165500,54.93
"2007-09-11",73.74,75.29,73.55,74.94,3997900,56.09
"2007-09-12",74.58,75.38,74.34,74.75,4028600,55.94
"2007-09-13",75.11,76.59,75.11,76.01,3476100,56.89
"2007-09-14",75.51,76.86,75.22,76.47,3680200,57.23
"2007-09-17",76.39,76.65,74.24,74.77,4451800,55.96
"2007-09-18",75,76.79,75,76.71,4611900,57.41
"2007-09-19",77.19,79.38,77.18,78.36,4100800,58.64
"2007-09-20",78.15,78.64,77.28,77.28,2067600,57.84
"2007-09-21",78.21,78.69,77.28,77.75,3989300,58.19
"2007-09-24",77.75,78.91,77.37,78.17,2779700,58.5
"2007-09-25",77.95,78.98,77.84,77.89,1991600,58.29
"2007-09-26",78.11,79.03,77.77,78.27,2748400,58.58
"2007-09-27",78.6,78.9,76.69,76.96,2797900,57.6
"2007-09-28",76.76,77.24,75.04,75.36,4654500,56.4
"2007-10-01",75.86,77.1,74,75.79,3537400,56.72
"2007-10-02",76.4,76.66,75.5,76.13,5243300,56.98
"2007-10-03",76.02,76.29,75.23,75.39,2277900,56.42
"2007-10-04",75.41,76.9,75.18,76.06,2023500,56.92
"2007-10-05",76.32,77.04,76.14,76.6,2198000,57.33
"2007-10-08",76.33,77.89,76.2,76.86,1613600,57.52
"2007-10-09",77.29,78.31,76.96,78.19,2707000,58.52
"2007-10-10",78.2,78.29,76.71,77.32,2449200,57.87
"2007-10-11",78.01,79.69,77.66,78.75,5636700,58.94
"2007-10-12",79.25,79.97,78.4,79.18,3054400,59.26
"2007-10-15",79.23,79.48,77.55,78.31,2502600,58.61
"2007-10-16",78.29,78.75,77.55,78,2771200,58.38
"2007-10-17",78.5,78.88,76.52,77.25,3277500,57.81
"2007-10-18",76.87,77.59,76.65,77,2367700,57.63
"2007-10-19",76.43,77.07,74.85,75.14,3897200,56.24
"2007-10-22",74.49,76.24,73.76,75.78,2752300,56.71
"2007-10-23",76,76.69,75.63,76.2,2240600,57.03
"2007-10-24",76,76.48,75.17,76.44,4762400,57.21
"2007-10-25",76,78.69,75.69,78.23,3761100,58.55
"2007-10-26",79.67,81.28,78.51,80.22,3500400,60.04
"2007-10-29",80.6,81.5,80.03,80.87,2946900,60.52
"2007-10-30",80.33,81.91,79.66,80.96,2487500,60.59
"2007-10-31",81.08,83,81.08,82.78,3296600,61.95
"2007-11-01",82.47,83,80.86,81.18,3756000,60.76
"2007-11-02",81.5,82.14,80.51,81.77,3218800,61.2
"2007-11-05",79.88,84.25,79.88,83.92,4980000,62.81
"2007-11-06",83.85,84.37,82.37,83.88,2989000,62.78
"2007-11-07",82.4,83.97,81.66,81.66,3633900,61.11
"2007-11-08",81.73,84.06,81.73,83.36,5048700,62.39
"2007-11-09",84.92,84.92,82.11,82.36,3522100,61.64
"2007-11-12",82.05,83.99,78.84,79.15,4991600,59.24
"2007-11-13",79.66,79.66,77.56,79.23,5506700,59.63
"2007-11-14",79.55,80.61,79.05,79.41,2963000,59.76
"2007-11-15",79.25,80.57,78.48,79.28,4053600,59.67
"2007-11-16",79.92,80.13,78.49,79.8,3625600,60.06
"2007-11-19",79.46,80.25,79,79.82,3298300,60.07
"2007-11-20",79.79,81.51,79.79,81.16,3163800,61.08
"2007-11-21",80.25,81.78,80.17,80.3,4738500,60.43
"2007-11-23",80.67,80.8,79.18,80.64,2633200,60.69
"2007-11-26",80.48,82.67,79.49,80.12,3970000,60.3
"2007-11-27",80.7,81.43,79.83,81.05,3240200,61
"2007-11-28",81.82,82.63,80.51,82.3,4182600,61.94
"2007-11-29",82.2,82.66,80.99,81.78,1982100,61.55
"2007-11-30",82.93,83.03,80.66,81.07,4115800,61.01
"2007-12-03",80.54,82.76,80.54,82.43,2914800,62.04
"2007-12-04",81.77,84.63,81.77,84.08,3694400,63.28
"2007-12-05",84.69,86.28,84.15,86.13,4080600,64.82
"2007-12-06",86.1,86.11,84.35,85.64,2466600,64.45
"2007-12-07",85.63,86.29,84.54,85.26,2509800,64.17
"2007-12-10",85.67,86.36,85.01,86.18,3628600,64.86
"2007-12-11",86.14,86.83,83.39,83.51,3395200,62.85
"2007-12-12",83.8,84.79,81.6,82.51,4730300,62.1
"2007-12-13",82.27,85.22,82.14,85.11,3755900,64.05
"2007-12-14",82.77,85.45,82.75,83.93,5821700,63.16
"2007-12-17",83.4,84.63,82.75,82.84,4127900,62.34
"2007-12-18",83.31,85.75,83.22,85.55,4942100,64.38
"2007-12-19",84.58,85.78,83.27,83.5,4764300,62.84
"2007-12-20",84.27,84.5,81.64,82.43,4785300,62.04
"2007-12-21",83.24,85.1,81.26,82.26,6404600,61.91
"2007-12-24",82.08,82.85,81.72,82.06,1668700,61.76
"2007-12-26",82.47,82.47,81.5,81.86,1761500,61.61
"2007-12-27",81.55,82.72,81.35,81.4,2288400,61.26
"2007-12-28",81.51,82.85,81.51,82.76,2003500,62.28
"2007-12-31",82.33,82.83,81.27,81.64,2010900,61.44
"2008-01-02",81.75,82.45,79.87,80.18,3676900,60.34
"2008-01-03",80.29,82.7,80.29,81.08,3231300,61.02
"2008-01-04",80.47,83.42,80.01,82.03,4081600,61.73
"2008-01-07",82.7,84.26,81.51,83.82,3782100,63.08
"2008-01-08",84.08,87.25,84.08,85.13,5571000,64.07
"2008-01-09",85.27,86.75,83.52,86.52,5151400,65.11
"2008-01-10",86.04,86.43,84.07,85.19,4354700,64.11
"2008-01-11",84.58,85.81,83.48,84.08,4015700,63.28
"2008-01-14",84.62,85.16,83.56,84.86,2744700,63.86
"2008-01-15",83.98,86.25,83.91,84.61,5751400,63.68
"2008-01-16",84.39,85.17,80.97,81.3,7058200,61.19
"2008-01-17",81.04,82.66,77.57,77.57,7626700,58.38
"2008-01-18",77.49,78.45,74.75,75.86,8159400,57.09
"2008-01-22",72.14,75.38,70.01,73.13,8509300,55.04
"2008-01-23",70.5,78.61,70,78.25,7486800,58.89
"2008-01-24",77.99,77.99,74.35,75.05,8886000,56.48
"2008-01-25",75.92,76.02,72.91,73.1,5513900,55.01
"2008-01-28",73.1,74.17,72.6,73.29,5160900,55.16
"2008-01-29",73.78,74.39,73,73.23,5744900,55.11
"2008-01-30",73.02,74.7,72.74,73.04,5122600,54.97
"2008-01-31",72.03,76.62,71.96,76.1,7754300,57.27
"2008-02-01",76.36,78.16,75.92,77.42,4827000,58.27
"2008-02-04",77.39,79.83,77.39,78.95,4150900,59.42
"2008-02-05",77.72,77.99,75.33,75.53,3643600,56.84
"2008-02-06",75.9,77.09,75.41,75.87,3460100,57.1
"2008-02-07",75.03,76.68,74.91,75.97,4659800,57.17
"2008-02-08",75.7,76.62,75.02,75.87,2960100,57.1
"2008-02-11",76,78.78,75.94,78.6,4505800,59.15
"2008-02-12",79.21,80.57,78.52,79.61,4022100,59.91
"2008-02-13",80.03,80.07,78.1,78.74,3087700,59.63
"2008-02-14",78.89,79.84,77.6,78.14,2932200,59.18
"2008-02-15",77.91,78.82,77.41,78.65,2393000,59.57
"2008-02-19",79.4,79.84,78,78.5,1906400,59.45
"2008-02-20",77.97,78.67,77.05,78.36,2359200,59.35
"2008-02-21",78.5,79,76.95,77.32,2579400,58.56
"2008-02-22",77.42,78.84,76.63,78.68,2468300,59.59
"2008-02-25",78.57,79.02,77.66,78.27,2903400,59.28
"2008-02-26",77.76,79.57,77.11,79.46,3381100,60.18
"2008-02-27",79.14,79.94,77.6,77.91,2819900,59
"2008-02-28",77.55,77.83,76.51,77.4,3151500,58.62
"2008-02-29",76.58,77.08,74.39,74.85,3645200,56.69
"2008-03-03",75.82,77.85,74.9,77.55,4281800,58.73
"2008-03-04",77.23,80.25,76.91,79.45,5882500,60.17
"2008-03-05",79.62,80.44,78.35,79.44,3607800,60.16
"2008-03-06",79.37,80,77.88,77.98,2897400,59.06
"2008-03-07",77.21,78.4,76.45,77.99,3598700,59.07
"2008-03-10",78.22,78.43,76.84,77.22,3956300,58.48
"2008-03-11",78.1,81,78.1,80.79,5381800,61.19
"2008-03-12",80.81,81.42,79.41,79.44,3260000,60.16
"2008-03-13",78.5,80.98,78.01,80.66,3700100,61.09
"2008-03-14",80.95,81,78.16,79.75,4825200,60.4
"2008-03-17",78.01,80.63,77.52,79.39,5347500,60.13
"2008-03-18",80.75,81.5,79.39,81.11,4491000,61.43
"2008-03-19",81.34,82.46,79.1,79.1,4434400,59.91
"2008-03-20",79.44,80.87,78.24,80.4,4888100,60.89
"2008-03-24",80.57,81.17,79.13,79.93,3048600,60.53
"2008-03-25",79.85,80.56,78.77,78.98,3816600,59.82
"2008-03-26",78.68,80.25,78.47,79.58,3409600,60.27
"2008-03-27",79.98,81.77,79.66,80.88,3196600,61.25
"2008-03-28",81.12,81.95,79.61,79.76,2954100,60.41
"2008-03-31",79.58,81.53,79.58,81.27,3396400,61.55
"2008-04-01",82.05,83.19,81,82.99,3640700,62.85
"2008-04-02",83,84.19,82.53,83.69,3104700,63.38
"2008-04-03",83,83.78,82.34,83.13,2571000,62.96
"2008-04-04",83.4,85.08,82.93,83.17,3729300,62.99
"2008-04-07",83.61,83.67,82.27,82.43,3332100,62.43
"2008-04-08",82.01,82.9,82.01,82.22,3469400,62.27
"2008-04-09",82.1,83.29,81.61,82.56,2802200,62.53
"2008-04-10",82.84,83.71,82.3,82.83,3225200,62.73
"2008-04-11",81.95,83.06,81.95,82.47,2313500,62.46
"2008-04-14",82.46,83.64,82.09,83.45,2361600,63.2
"2008-04-15",83.82,85.14,83.77,84.45,2925700,63.96
"2008-04-16",84.58,86.42,84.21,86.23,3490400,65.31
"2008-04-17",86.12,87.6,86.02,87.1,3415800,65.96
"2008-04-18",87.48,88.04,86.35,87.08,4663500,65.95
"2008-04-21",86.46,87.05,85.6,86.32,3122200,65.37
"2008-04-22",85.98,86.23,85.24,85.68,3109300,64.89
"2008-04-23",86.1,86.52,85.54,86.19,2776900,65.28
"2008-04-24",85.6,85.98,83.78,85.51,4596200,64.76
"2008-04-25",85.59,86.6,85.41,86.39,3260000,65.43
"2008-04-28",86.5,86.78,84.9,85.17,2687500,64.5
"2008-04-29",84.9,85.53,84.06,84.33,2697500,63.87
"2008-04-30",84.33,86.3,84.06,85.48,3216000,64.74
"2008-05-01",85.53,87.23,85.49,86.91,2394600,65.82
"2008-05-02",87,87.43,85.76,86.06,2801400,65.18
"2008-05-05",86.1,86.1,84.14,84.89,2588700,64.29
"2008-05-06",85.04,86.16,84.01,86.06,2978600,65.18
"2008-05-07",85.77,86.69,84.01,84.07,3671300,63.67
"2008-05-08",84.3,84.64,83.15,83.74,3729900,63.42
"2008-05-09",83.02,83.31,82.19,82.94,3718400,62.81
"2008-05-12",82.99,84.67,82.5,84.25,2969600,63.81
"2008-05-13",84.39,84.75,83.07,83.44,2715700,63.57
"2008-05-14",83.44,84.98,83.3,84.41,2985100,64.31
"2008-05-15",84.62,84.62,83.56,84.27,2301700,64.2
"2008-05-16",84.24,85.4,83.93,85.06,3105500,64.8
"2008-05-19",85,86.67,85,86.18,3121400,65.66
"2008-05-20",88,88.97,87.02,88.42,5237900,67.36
"2008-05-21",88.5,90.62,87.83,89.66,4667100,68.31
"2008-05-22",89.96,90.38,89.21,90.08,2928500,68.63
"2008-05-23",89.52,89.99,88.22,88.33,2202200,67.3
"2008-05-27",89.8,90.65,89.13,90.39,3739000,68.87
"2008-05-28",89.15,90,88.38,88.82,4494800,67.67
"2008-05-29",88.49,90.2,88.49,89.39,2450500,68.1
"2008-05-30",89.27,89.64,87.83,88,4643900,67.04
"2008-06-02",87.52,88.1,86.83,87.28,2119800,66.5
"2008-06-03",87.76,88,86.27,86.8,2929300,66.13
"2008-06-04",86.73,88.48,86.37,87.55,2418300,66.7
"2008-06-05",87.69,89.85,87.1,89.69,2718000,68.33
"2008-06-06",88.7,89.99,87.05,87.41,4583300,66.59
"2008-06-09",87.53,88.86,87,88.59,2621600,67.49
"2008-06-10",88.21,89.17,87.34,88.84,3133000,67.68
"2008-06-11",88.84,89.28,87.48,87.57,2749500,66.72
"2008-06-12",87.9,88.24,87.04,87.7,2024700,66.82
"2008-06-13",88.4,89.95,87.78,89.75,2783700,68.38
"2008-06-16",89.33,89.36,87.24,89.12,2786800,67.9
"2008-06-17",89.42,90.39,88.92,89.23,1655000,67.98
"2008-06-18",88.84,90.46,88.8,90.1,3835700,68.64
"2008-06-19",89.69,91.15,89.6,90.45,3025300,68.91
"2008-06-20",90.41,91.32,88.98,89.57,4410500,68.24
"2008-06-23",89.92,91.79,89.48,90.92,2546600,69.27
"2008-06-24",90.46,91.84,90.46,90.92,3191600,69.27
"2008-06-25",91.08,91.12,89.36,90.16,3787800,68.69
"2008-06-26",89.41,89.91,87.43,87.43,3409400,66.61
"2008-06-27",87.35,88.59,86.54,87,4531300,66.28
"2008-06-30",87.3,90.5,86.61,89.96,5086400,68.54
"2008-07-01",89.43,90.99,88.18,90.35,3464800,68.83
"2008-07-02",90.52,92,90.32,90.54,3299200,68.98
"2008-07-03",90.52,91.79,89.92,90.46,2523100,68.92
"2008-07-07",91.02,92.13,89.27,89.91,4408200,68.5
"2008-07-08",89.9,91.47,88.16,89.04,4744700,67.84
"2008-07-09",89.43,90.68,88.59,89.86,3383400,68.46
"2008-07-10",90.05,91.76,89.54,91.64,3128900,69.82
"2008-07-11",90.77,92.08,89.27,90.55,4129300,68.99
"2008-07-14",91.44,91.44,88.28,88.39,3948300,67.34
"2008-07-15",88.37,89.54,86.56,87.39,5124700,66.58
"2008-07-16",87.5,87.54,83.65,84.87,6435600,64.66
"2008-07-17",85.14,85.14,81.19,82.2,6274800,62.63
"2008-07-18",82.95,84.19,81.87,83.42,5021000,63.55
"2008-07-21",83.87,85.63,82.87,85.17,3737600,64.89
"2008-07-22",84.55,86.44,83.95,84.58,4207500,64.44
"2008-07-23",86.63,86.63,79.68,81.63,5642300,62.19
"2008-07-24",81.5,81.58,77.78,81.23,7293600,61.89
"2008-07-25",81.39,81.83,80.44,80.67,3553400,61.46
"2008-07-28",80.38,81.93,79.45,79.45,4306000,60.53
"2008-07-29",79.16,80.17,78.41,79.87,3455500,60.85
"2008-07-30",80.07,80.61,78.99,80.08,3632200,61.01
"2008-07-31",79.76,80.75,78.18,78.62,4597100,59.9
"2008-08-01",79.04,79.25,75.41,75.44,5376200,57.48
"2008-08-04",75.53,76.96,73.44,73.45,5737600,55.96
"2008-08-05",73.77,74.88,72.38,74.56,5488400,56.8
"2008-08-06",74.49,75.65,73.62,74.89,4806100,57.06
"2008-08-07",74.28,76.61,73.54,75.09,5554800,57.21
"2008-08-08",75.43,75.48,73.85,74.49,3913200,56.75
"2008-08-11",74.72,75.14,73.46,73.9,3469700,56.3
"2008-08-12",73.62,74.42,73.15,74.09,3571700,56.45
"2008-08-13",73.91,75.13,72.38,74.88,3849700,57.44
"2008-08-14",74.62,74.62,73.32,73.7,4088900,56.53
"2008-08-15",73.98,73.98,72.89,73.39,3418000,56.29
"2008-08-18",73.42,74.2,72.91,73.39,2104200,56.29
"2008-08-19",72.22,74.03,72.22,73.73,2766200,56.55
"2008-08-20",73.77,74.5,72.65,74.27,2895300,56.97
"2008-08-21",73.51,77.38,73.5,76.85,4011100,58.95
"2008-08-22",77,77.02,75.79,75.9,2023400,58.22
"2008-08-25",76.11,76.34,74.5,74.86,1793900,57.42
"2008-08-26",74.96,76.47,74.71,76.07,1919900,58.35
"2008-08-27",75.96,77.76,75.96,77.36,2751000,59.34
"2008-08-28",77.68,78.4,76.82,77.14,2038000,59.17
"2008-08-29",76.8,77.46,75.74,75.96,2116000,58.26
"2008-09-02",76.62,77.85,73.74,74.08,3042200,56.82
"2008-09-03",74.07,74.08,71.19,71.91,4199000,55.16
"2008-09-04",73.66,73.66,70.19,70.62,5283700,54.17
"2008-09-05",69.89,69.89,64.88,64.97,11217000,49.83
"2008-09-08",65.83,66.78,64.9,66.45,5738800,50.97
"2008-09-09",66.74,66.96,62.39,62.53,9841400,47.96
"2008-09-10",62.58,64.86,62.58,64.23,6968000,49.27
"2008-09-11",64.22,66.85,63,66.78,6080300,51.22
"2008-09-12",66.47,68.76,66.14,68.39,6000300,52.46
"2008-09-15",66.94,67.91,65.55,66.6,5990800,51.08
"2008-09-16",66.06,66.55,62.8,65.61,7773600,50.33
"2008-09-17",64.61,64.78,61.54,62.03,7561200,47.58
"2008-09-18",62.96,64.86,61.67,63.95,5834100,49.05
"2008-09-19",64.23,69,64.23,67.94,7709900,52.11
"2008-09-22",68.65,69.36,67.95,68.31,5437100,52.4
"2008-09-23",68.58,69.05,66.89,67.12,5015200,51.48
"2008-09-24",67.89,67.89,64.73,66.5,4690100,51.01
"2008-09-25",66.93,69.2,66.4,68.39,3555100,52.46
"2008-09-26",68.25,68.72,65.96,67.16,3114400,51.51
"2008-09-29",66.32,66.8,60,61.16,7075700,46.91
"2008-09-30",62.28,63.35,60.34,62.62,4488500,48.03
"2008-10-01",61.94,62.87,60.78,62.55,3525700,47.98
"2008-10-02",62.03,63.84,58.45,59.55,5528900,45.68
"2008-10-03",60.72,62.98,58.3,60.19,5280800,46.17
"2008-10-06",59.07,60.19,54.04,56.4,6205400,43.26
"2008-10-07",57.91,58.09,53.38,53.5,5567600,41.04
"2008-10-08",52.11,54.82,49.68,51.27,9602200,39.33
"2008-10-09",51.6,51.99,47.6,48.17,7155000,36.95
"2008-10-10",46.46,49.45,41.23,47.38,12020700,36.34
"2008-10-13",48.09,55.83,47.22,55.53,6625500,42.59
"2008-10-14",57.58,58.55,51.4,55.63,10713400,42.67
"2008-10-15",54.68,55.38,48.91,50.18,7081900,38.49
"2008-10-16",50.18,52.52,47.55,51.88,7993200,39.79
"2008-10-17",49.85,58.3,49.85,54.5,8261200,41.8
"2008-10-20",53.55,54.75,51.02,54.59,8796900,41.87
"2008-10-21",54.1,55.16,52.3,53.37,5267500,40.94
"2008-10-22",52.94,52.94,47.55,50.31,6688500,38.59
"2008-10-23",50.13,51.9,46.35,49.88,8159900,38.26
"2008-10-24",46.35,50.05,45.43,48.55,5937000,37.24
"2008-10-27",48.01,51.17,46.87,47.13,6644100,36.15
"2008-10-28",48.01,54.79,46.93,54.6,7632200,41.88
"2008-10-29",54.28,54.72,49.94,51.86,7176000,39.78
"2008-10-30",53.75,54.99,51.94,54.61,4264200,41.89
"2008-10-31",54.56,55.91,53.36,54.24,4650700,41.6
"2008-11-03",54.1,54.23,52.04,53.05,3774800,40.69
"2008-11-04",54.32,57.51,54.16,57.37,4752300,44.01
"2008-11-05",56.67,56.67,53.49,53.83,5036800,41.29
"2008-11-06",53.83,54.77,50.05,50.6,6553700,38.81
"2008-11-07",51.03,54.48,50.59,53.82,4348200,41.28
"2008-11-10",54.6,54.94,48.4,50.49,6763500,38.73
"2008-11-11",49.78,53.6,49.55,52.49,4519700,40.26
"2008-11-12",51.36,51.55,49.57,50.57,3940700,39.18
"2008-11-13",50.79,55.62,48.75,55.58,5833500,43.06
"2008-11-14",54.31,54.6,50.11,50.57,6593700,39.18
"2008-11-17",50.56,52.96,49.4,51.06,3778600,39.56
"2008-11-18",51.33,52.46,49.35,51.12,4347300,39.61
"2008-11-19",51.04,52.46,48.83,49.23,4413900,38.14
"2008-11-20",48.75,49.96,44.23,45,7671700,34.87
"2008-11-21",46.2,50.94,45.31,50,8856400,38.74
"2008-11-24",50.07,54.64,50,53.11,6669900,41.15
"2008-11-25",54.04,55.16,52.79,53.88,5178200,41.75
"2008-11-26",53.94,55.41,52.44,55.03,3811300,42.64
"2008-11-28",54.84,56.22,54.15,56.21,1439400,43.55
"2008-12-01",55.56,56,51.2,51.27,3671800,39.72
"2008-12-02",52.05,53.62,50.86,53.21,4949000,41.23
"2008-12-03",52.12,55.37,51.54,55.11,4585600,42.7
"2008-12-04",54.66,55.61,50.82,51.57,4279600,39.96
"2008-12-05",50.91,53.53,48.76,53.03,5211200,41.09
"2008-12-08",54.32,56.14,53.29,55,4758800,42.61
"2008-12-09",54.53,55,52.4,53.06,3438900,41.11
"2008-12-10",54.14,56.27,53.56,55.82,3821600,43.25
"2008-12-11",55.25,56.26,54,54.54,3935900,42.26
"2008-12-12",52.99,55.1,52.4,54.71,3073000,42.39
"2008-12-15",54.73,55.85,52.73,53.54,3208100,41.48
"2008-12-16",53.49,55.86,53,55.72,4504300,43.17
"2008-12-17",55.16,55.16,53.1,53.1,3133800,41.14
"2008-12-18",53.76,54.59,52.13,52.58,4417200,40.74
"2008-12-19",53.39,54.44,52,52.71,4726900,40.84
"2008-12-22",52.69,53.47,50.5,51.41,3205700,39.83
"2008-12-23",51.66,52.35,50.82,51.63,3336900,40
"2008-12-24",51.67,52.52,51.27,52.49,594600,40.67
"2008-12-26",52.77,53.4,52.37,52.69,1164900,40.82
"2008-12-29",52.65,52.84,51.4,52.57,2040800,40.73
"2008-12-30",52.82,54.59,52.82,54.45,3146600,42.19
"2008-12-31",54.38,55.9,53.58,55.61,3867400,43.09
"2009-01-02",55.75,57.55,54.91,57.17,2620200,44.29
"2009-01-05",57,57.75,56.53,57.34,2650900,44.43
"2009-01-06",57.7,58.98,56.92,57.42,3674800,44.49
"2009-01-07",56.64,57.04,54.92,55.22,3344000,42.78
"2009-01-08",55.19,55.54,54.27,55.35,4828100,42.88
"2009-01-09",56.17,56.17,53.91,54.17,2804700,41.97
"2009-01-12",54.32,55.99,54.15,54.6,2892300,42.3
"2009-01-13",54.45,55.19,52.8,53.25,4344600,41.26
"2009-01-14",52.6,52.99,50.59,52.75,4171700,40.87
"2009-01-15",52.58,53.38,51.7,53.04,3955700,41.09
"2009-01-16",54.12,55.55,53.42,54.8,3533100,42.46
"2009-01-20",54.59,56.99,52.48,52.65,4181800,40.79
"2009-01-21",52.61,53.48,50.76,53.15,4935500,41.18
"2009-01-22",52.62,54.66,52.1,53.88,3955500,41.75
"2009-01-23",53.01,54.92,52.01,54.65,3687500,42.34
"2009-01-26",54.8,57.24,54.44,56.51,4064700,43.78
"2009-01-27",56.97,57.24,55.22,55.44,4718300,42.95
"2009-01-28",56.29,57.73,55.15,57.24,3690600,44.35
"2009-01-29",56.86,58.24,56.07,56.38,3437000,43.68
"2009-01-30",57.97,57.97,53.83,54.22,5040000,42.01
"2009-02-02",53.61,55.7,53.23,55.3,4299800,42.85
"2009-02-03",55.31,57.07,55,56.77,3376600,43.98
"2009-02-04",57.16,58.33,56.77,57.68,3713900,44.69
"2009-02-05",56.82,58.24,56,57.11,6014000,44.25
"2009-02-06",56.91,58.52,56.53,57.81,3751300,44.79
"2009-02-09",57.69,58.66,56.78,57.43,2654400,44.5
"2009-02-10",57,57.79,55.5,56,4349100,43.39
"2009-02-11",56.22,56.74,54.86,55.68,3145800,43.55
"2009-02-12",55.51,55.6,52.38,53.8,4250100,42.08
"2009-02-13",53.49,54.49,53.39,53.69,3090200,41.99
"2009-02-17",52.52,52.65,50.04,50.42,4795800,39.43
"2009-02-18",50.25,50.39,48.63,49.11,3784000,38.41
"2009-02-19",49.56,50.22,49.14,49.68,3909400,38.86
"2009-02-20",49.02,49.36,46.55,47.94,5511500,37.5
"2009-02-23",47.48,48.87,46.13,46.32,4689000,36.23
"2009-02-24",46.67,49.17,46.18,48.7,5184200,38.09
"2009-02-25",48.52,49.55,47.78,48.69,4591800,38.08
"2009-02-26",49.15,49.9,47.69,47.88,3917600,37.45
"2009-02-27",47.07,48.14,46,47.22,5290700,36.93
"2009-03-02",46.24,47.51,46.17,46.48,5421700,36.35
"2009-03-03",46.93,47.54,44.57,44.66,4532400,34.93
"2009-03-04",44.99,46.47,44.88,45.78,5893400,35.81
"2009-03-05",45.36,45.36,43.49,44.16,6236000,34.54
"2009-03-06",44.54,46,43.29,44.65,5850800,34.92
"2009-03-09",44.21,45.01,43.25,43.84,3693900,34.29
"2009-03-10",44.79,46,42.26,42.57,10692400,33.29
"2009-03-11",42.01,42.54,38.41,40.15,12872100,31.4
"2009-03-12",40.05,41.5,39.59,41.38,8928900,32.36
"2009-03-13",41.83,42.24,41.16,42.02,5416400,32.86
"2009-03-16",42.11,44.14,41.53,43.22,6173000,33.8
"2009-03-17",43.35,44.14,42.75,44.1,4604600,34.49
"2009-03-18",43.9,44.92,42.53,44.57,5686300,34.86
"2009-03-19",44.98,45.1,43.5,44.81,5082200,35.05
"2009-03-20",44.86,45.07,43.57,43.76,5468600,34.23
"2009-03-23",44.64,45.77,44.03,45.69,4151300,35.74
"2009-03-24",45.04,46,44.59,44.61,3894000,34.89
"2009-03-25",45.12,45.8,44,44.6,4444200,34.88
"2009-03-26",45,46.03,44.44,45.89,3991900,35.89
"2009-03-27",45.38,46.06,44.37,45.74,3200700,35.77
"2009-03-30",44.71,45.33,43.01,44.73,3565500,34.98
"2009-03-31",45.03,46.11,44.79,45.39,3886500,35.5
"2009-04-01",44.89,45.86,44.55,45.28,3051200,35.41
"2009-04-02",46.12,47.8,45.52,46.88,4928800,36.67
"2009-04-03",46.77,48.83,46.75,48.6,4602100,38.01
"2009-04-06",48.23,48.9,47.38,47.71,4103600,37.32
"2009-04-07",46.85,47.75,46.49,47.28,2514000,36.98
"2009-04-08",47.31,47.97,46.8,47.87,2688500,37.44
"2009-04-09",48.82,49.55,47.01,47.81,2909500,37.39
"2009-04-13",47.74,47.74,46.61,47.1,2884400,36.84
"2009-04-14",47.09,47.19,46.3,46.5,3217300,36.37
"2009-04-15",46.46,48.17,45.29,46.95,3866700,36.72
"2009-04-16",47.34,47.34,45.25,45.72,5483900,35.76
"2009-04-17",45.98,46.52,45.26,46.14,4903800,36.09
"2009-04-20",45.5,46.07,45.2,45.7,3953600,35.74
"2009-04-21",45.56,46.17,45.33,45.99,3295800,35.97
"2009-04-22",45.69,46.27,45.28,45.52,3549700,35.6
"2009-04-23",45.33,46.17,44.65,45.78,3392800,35.81
"2009-04-24",46.33,46.42,44.42,44.72,4478100,34.98
"2009-04-27",44.75,46.36,44.24,46,3911700,35.98
"2009-04-28",45.66,46.05,44.96,45.15,3309600,35.31
"2009-04-29",45.58,46.39,45.51,45.94,3371100,35.93
"2009-04-30",46.46,46.89,45.45,46.13,4800500,36.08
"2009-05-01",46.24,47.08,45.96,46.98,4465600,36.74
"2009-05-04",47.37,47.76,46.66,47.64,4486900,37.26
"2009-05-05",47.36,47.77,47.03,47.46,2883400,37.12
"2009-05-06",47.97,48.11,46.89,47.2,4206300,36.92
"2009-05-07",47.62,48.24,46.77,48.21,5569400,37.71
"2009-05-08",48.68,51.37,48.58,50.15,6772500,39.22
"2009-05-11",49.63,50.78,49.51,50.26,3297400,39.31
"2009-05-12",50.5,51.46,50.03,51.16,3679400,40.01
"2009-05-13",49.95,50.11,48.84,49.21,5972100,38.89
"2009-05-14",49.34,49.83,48.4,48.91,3553700,38.65
"2009-05-15",48.58,48.6,46.15,47.22,5424000,37.31
"2009-05-18",47.21,47.7,45.53,46.07,5392300,36.41
"2009-05-19",45.9,47.52,45.79,47.13,4391300,37.24
"2009-05-20",47.58,47.58,46.23,46.37,3816800,36.64
"2009-05-21",45.85,46.01,45.3,45.92,3515500,36.29
"2009-05-22",45.94,47.28,45.9,46.64,3053500,36.86
"2009-05-26",46.74,48.04,45.7,47.87,3903900,37.83
"2009-05-27",47.8,48.25,46.93,47.14,4094000,37.25
"2009-05-28",47.55,48.52,47.24,47.89,4361600,37.84
"2009-05-29",48.25,48.47,47.38,48.01,4615800,37.94
"2009-06-01",48.58,49.73,48.13,49.27,5519100,38.93
"2009-06-02",49.05,49.78,48.47,48.55,4572800,38.37
"2009-06-03",48.15,48.45,46.23,46.85,4279200,37.02
"2009-06-04",47.28,48.52,47.1,48.27,3860600,38.14
"2009-06-05",48.66,49.12,47.67,48.46,3153700,38.29
"2009-06-08",48.39,48.39,46.9,47.45,2542600,37.5
"2009-06-09",47.7,48.32,47.56,47.88,2357100,37.84
"2009-06-10",48.42,50.61,48.42,50.33,7003700,39.77
"2009-06-11",50.14,51.21,50.01,50.13,6310000,39.61
"2009-06-12",50.04,51.09,49.28,50.58,3515500,39.97
"2009-06-15",50.41,50.46,48.44,49.19,3341900,38.87
"2009-06-16",49.26,49.88,48.68,48.93,3128100,38.67
"2009-06-17",49.06,49.36,48.15,48.43,3434700,38.27
"2009-06-18",49.39,50.68,49.15,50.46,4253700,39.88
"2009-06-19",50.82,51,49.6,49.94,4814200,39.46
"2009-06-22",49.42,49.9,48.93,48.99,2874300,38.71
"2009-06-23",48.99,49.96,48.42,49.46,4629000,39.08
"2009-06-24",49.43,50.23,49.39,50.15,3988400,39.63
"2009-06-25",49.86,51.42,49.54,51,9505500,40.3
"2009-06-26",51.07,51.28,50.5,50.7,6507600,40.06
"2009-06-29",51,51.06,50.09,50.48,5664000,39.89
"2009-06-30",50.57,51.38,50.28,51.21,7678400,40.47
"2009-07-01",51.57,52.16,51.22,51.56,3701600,40.74
"2009-07-02",51,51,48.94,49.37,7492100,39.01
"2009-07-06",48.99,49.3,47.93,48.98,4587500,38.71
"2009-07-07",48.99,49.16,47.56,47.75,4730800,37.73
"2009-07-08",48.57,48.89,47.76,48.21,4687000,38.1
"2009-07-09",48.89,49.17,47.89,48.44,3366200,38.28
"2009-07-10",48.26,48.8,47.3,48.34,3943200,38.2
"2009-07-13",48.56,49.77,48.25,49.53,4008700,39.14
"2009-07-14",49.7,50.19,49.16,50.08,3621100,39.57
"2009-07-15",50.59,51.73,50.35,51.66,5525100,40.82
"2009-07-16",51.53,52.08,50.89,51.93,3056600,41.04
"2009-07-17",51.8,52.09,50.66,51.42,3129600,40.63
"2009-07-20",51.7,52.06,51.01,52.05,3652200,41.13
"2009-07-21",51.46,53.66,51.46,53.33,7859000,42.14
"2009-07-22",53.01,53.44,52.01,52.61,3918000,41.57
"2009-07-23",52.5,54.45,52,54.03,4964700,42.7
"2009-07-24",54.14,54.47,52.89,54.44,4651200,43.02
"2009-07-27",53.68,54.44,52.16,52.73,5604700,41.67
"2009-07-28",52.51,52.73,51.3,52.02,4713000,41.11
"2009-07-29",51.8,51.99,50.86,51.35,4198000,40.58
"2009-07-30",51.92,52.57,51.39,51.81,3758900,40.94
"2009-07-31",51.52,52.17,50.71,50.86,3999500,40.19
"2009-08-03",51.33,51.53,50.84,51.42,3794200,40.63
"2009-08-04",51.14,51.45,50.64,50.92,2941500,40.24
"2009-08-05",50.97,51.11,49.58,49.93,4181400,39.46
"2009-08-06",50.05,50.28,49.07,49.61,4412000,39.2
"2009-08-07",49.93,50.4,49.52,50.04,2601400,39.54
"2009-08-10",49.77,50.48,49.42,50.42,2217000,39.84
"2009-08-11",50.33,50.65,49.81,50.41,2347200,39.84
"2009-08-12",50,50.39,49.52,49.99,2591100,39.92
"2009-08-13",49.97,50.44,49.38,50.35,2624600,40.21
"2009-08-14",50.05,50.68,49.26,49.98,2710200,39.91
"2009-08-17",49.53,49.97,48.73,49.27,2154500,39.34
"2009-08-18",49.38,49.38,48.74,49.22,2025700,39.3
"2009-08-19",48.92,49.7,48.6,49.33,4266900,39.39
"2009-08-20",49.45,49.5,48.69,49.4,3579500,39.45
"2009-08-21",49.83,51.39,49.62,51.14,6337800,40.84
"2009-08-24",51.62,51.83,50.96,51.19,3084400,40.88
"2009-08-25",51.28,51.53,50.8,50.87,3836800,40.62
"2009-08-26",50.68,50.98,50.21,50.62,3570500,40.42
"2009-08-27",50.81,50.87,50.08,50.59,3597800,40.4
"2009-08-28",50.83,50.83,50.11,50.51,2306400,40.33
"2009-08-31",50.23,50.44,49.81,50.02,2766300,39.94
"2009-09-01",49.76,50.44,49.17,49.42,4141000,39.46
"2009-09-02",49.26,49.49,48.63,48.64,4562200,38.84
"2009-09-03",49,49.2,48.32,48.72,3843700,38.91
"2009-09-04",48.83,49.09,48.19,48.5,3107000,38.73
"2009-09-08",48.76,49.12,48.52,48.74,3645700,38.92
"2009-09-09",48.88,49.13,48.53,48.65,2970100,38.85
"2009-09-10",48.75,49.03,48.23,48.68,4275800,38.87
"2009-09-11",48.72,48.94,48.33,48.39,3728300,38.64
"2009-09-14",48.25,49.39,48,49.26,3965400,39.34
"2009-09-15",49.36,50.28,49,50.14,5368300,40.04
"2009-09-16",50.4,51.65,50,51.49,5683800,41.12
"2009-09-17",51.32,52.23,51.3,51.81,5287500,41.37
"2009-09-18",51.98,52.18,51.3,51.37,4186500,41.02
"2009-09-21",51.16,51.31,50.53,50.94,2711000,40.68
"2009-09-22",50.55,51.6,50.55,51.22,3666600,40.9
"2009-09-23",51.25,51.36,50.41,50.51,3562600,40.33
"2009-09-24",50.49,50.84,50.06,50.15,3428500,40.05
"2009-09-25",50,50.27,49.75,49.86,2511200,39.82
"2009-09-28",49.9,50.66,49.71,50.22,1716800,40.1
"2009-09-29",50.42,50.56,49.79,50.1,2282200,40.01
"2009-09-30",50.05,50.15,49.2,49.62,4370500,39.62
"2009-10-01",49.55,49.79,48.49,48.49,3658600,38.72
"2009-10-02",48.27,48.39,47.78,47.98,4906400,38.31
"2009-10-05",48.24,48.35,47.58,48.18,3436600,38.47
"2009-10-06",48.59,49.06,48.22,48.67,3553500,38.87
"2009-10-07",48.81,49.16,48.22,48.58,2692500,38.79
"2009-10-08",49.05,49.09,48.38,48.97,3826800,39.1
"2009-10-09",49,49.63,48.95,49.42,3343800,39.46
"2009-10-12",49.65,50.1,49.25,49.59,4041100,39.6
"2009-10-13",49.39,49.61,49.14,49.4,2918800,39.45
"2009-10-14",49.75,50.19,49.11,49.46,5115000,39.5
"2009-10-15",49.45,50.08,49.26,50.08,3926900,39.99
"2009-10-16",49.75,50.49,49.43,50.1,5268300,40.01
"2009-10-19",50.09,51.16,50.01,50.96,3887600,40.69
"2009-10-20",51.09,51.17,49.76,49.79,3924600,39.76
"2009-10-21",49.79,50.65,49.66,50.05,4440700,39.97
"2009-10-22",50.07,50.88,50,50.84,4453300,40.6
"2009-10-23",50.6,50.92,49.68,49.87,4685600,39.82
"2009-10-26",49.91,50.26,48.48,48.6,4850200,38.81
"2009-10-27",48.59,48.93,48.16,48.28,4040100,38.55
"2009-10-28",48.37,48.83,47.65,47.8,4643300,38.17
"2009-10-29",48.02,48.09,47.37,47.92,6730900,38.27
"2009-10-30",47.84,47.9,46.43,46.96,6989000,37.5
"2009-11-02",47.16,47.16,46.09,46.43,4899200,37.08
"2009-11-03",46.25,46.43,45.9,46.09,3469300,36.81
"2009-11-04",46.28,47.06,46.23,46.56,3458700,37.18
"2009-11-05",46.75,47.63,46.62,47.15,4420100,37.65
"2009-11-06",46.99,47.44,46.54,46.7,4181400,37.29
"2009-11-09",47.17,47.58,46.78,47.52,5321300,37.95
"2009-11-10",47.08,47.51,46.85,47.2,3285800,38.11
"2009-11-11",47.54,47.54,46.92,47,2534400,37.95
"2009-11-12",47.05,47.23,46.01,46.07,4550900,37.2
"2009-11-13",46.25,46.95,46.15,46.61,2993500,37.64
"2009-11-16",46.96,47.5,46.93,47.41,3360200,38.28
"2009-11-17",47.45,47.45,46.74,47.06,2613600,38
"2009-11-18",46.96,47.19,46.75,46.88,3127700,37.85
"2009-11-19",46.76,46.8,46.16,46.39,3226800,37.46
"2009-11-20",46.38,46.98,46.18,46.81,4817300,37.8
"2009-11-23",47.17,47.65,47.06,47.4,3600000,38.27
"2009-11-24",47.4,47.6,47.12,47.43,3552600,38.3
"2009-11-25",47.53,48.51,47.34,48.29,4575800,38.99
"2009-11-27",47.51,48.07,47.24,47.66,2096700,38.48
"2009-11-30",48.08,48.25,47.67,48.18,4541100,38.9
"2009-12-01",48.28,49.3,48.28,49.02,4328900,39.58
"2009-12-02",49.52,50,49.02,49.96,5158200,40.34
"2009-12-03",49.99,50.5,49.5,50.01,3859300,40.38
"2009-12-04",50.38,50.82,48.75,49.3,4123800,39.81
"2009-12-07",49.68,50.61,49.53,50.16,3877200,40.5
"2009-12-08",50,50.33,49.57,49.97,3119000,40.35
"2009-12-09",50.01,50.31,49.76,50.31,2995800,40.62
"2009-12-10",50.61,51.26,50.53,51.04,4078100,41.21
"2009-12-11",51.36,51.8,50.89,51.61,3362800,41.67
"2009-12-14",51.89,51.98,51.1,51.38,4980300,41.49
"2009-12-15",51.35,51.48,50.88,51.05,4786700,41.22
"2009-12-16",51.37,51.37,50.18,50.26,4485000,40.58
"2009-12-17",49.94,50.02,48.64,49.55,5062700,40.01
"2009-12-18",49.88,50.13,49.29,49.74,5053800,40.16
"2009-12-21",49.94,50.06,49.22,49.43,4323900,39.91
"2009-12-22",49.61,49.83,49.03,49.1,4096500,39.65
"2009-12-23",49.12,49.54,49.01,49.39,2756800,39.88
"2009-12-24",49.37,49.8,49.37,49.52,742600,39.99
"2009-12-28",49.69,49.87,49.14,49.41,2983900,39.9
"2009-12-29",49.46,49.74,49.32,49.32,2780500,39.82
"2009-12-30",49.25,49.49,49.23,49.4,2440800,39.89
"2009-12-31",49.39,49.57,48.84,48.87,1888300,39.46
"2010-01-04",49.07,49.21,48.77,48.88,4367600,39.47
"2010-01-05",48.94,48.94,47.69,48.08,5222400,38.82
"2010-01-06",48.07,48.38,47.54,48.37,4089000,39.06
"2010-01-07",48.12,48.62,48.12,48.53,5127000,39.19
"2010-01-08",48.3,48.49,48.21,48.3,5090300,39
"2010-01-11",48.49,49.08,48.38,48.86,5094600,39.45
"2010-01-12",48.8,49.39,48.52,49.07,4616900,39.62
"2010-01-13",49.13,49.88,49.09,49.66,3616800,40.1
"2010-01-14",49.64,49.65,49,49.08,5611800,39.63
"2010-01-15",48.88,49.01,48.29,48.6,6349800,39.24
"2010-01-19",48.48,49.28,48.41,49.27,4730600,39.78
"2010-01-20",49.02,49.07,48.04,48.45,9356900,39.12
"2010-01-21",48.57,48.96,47.66,48.05,7262900,38.8
"2010-01-22",47.93,48.03,46.58,46.61,7045300,37.64
"2010-01-25",47.11,47.19,46.06,46.09,5537700,37.22
"2010-01-26",46.17,46.8,45.6,46.6,7818200,37.63
"2010-01-27",46.6,46.6,45.76,46.28,6103700,37.37
"2010-01-28",47,47,45.72,45.96,3971000,37.11
"2010-01-29",47,47.2,45.6,45.62,5774900,36.84
"2010-02-01",45.84,46.45,45.48,45.86,4308300,37.03
"2010-02-02",45.88,46.35,45.51,46.14,3749700,37.26
"2010-02-03",46.03,46.03,45.56,45.71,7963700,36.91
"2010-02-04",45.69,45.69,44.72,44.75,9048000,36.13
"2010-02-05",44.55,44.65,43.45,44.24,10804100,35.72
"2010-02-08",44.69,44.74,43.76,43.76,3053800,35.33
"2010-02-09",44.1,44.59,43.89,44.22,4478300,35.71
"2010-02-10",44.13,44.41,43.71,44.3,4410100,35.77
"2010-02-11",43.78,43.83,43.14,43.72,6387000,35.73
"2010-02-12",43.57,43.6,42.97,43.3,5287800,35.38
"2010-02-16",43.59,44.27,43.51,44.2,4076700,36.12
"2010-02-17",44.54,44.54,43.89,43.99,2853100,35.95
"2010-02-18",43.85,44.56,43.76,44.46,4149200,36.33
"2010-02-19",44.32,45.09,44.32,44.88,3848900,36.67
"2010-02-22",45.18,45.18,44.61,44.69,3226500,36.52
"2010-02-23",44.53,44.69,44.1,44.14,3796900,36.07
"2010-02-24",44.2,44.38,43.59,44.01,5129700,35.96
"2010-02-25",43.58,43.87,43.02,43.81,4256900,35.8
"2010-02-26",43.81,43.96,43.25,43.3,4821300,35.38
"2010-03-01",43.67,44.7,43.51,44.46,5827500,36.33
"2010-03-02",44.55,44.79,44.18,44.34,5345800,36.23
"2010-03-03",44.49,44.85,44.33,44.47,3945300,36.34
"2010-03-04",44.64,44.79,44.31,44.72,4064200,36.54
"2010-03-05",44.94,45.57,44.92,45.5,4107300,37.18
"2010-03-08",45.6,45.75,45.17,45.33,2736100,37.04
"2010-03-09",45.47,45.47,44.79,44.97,3876200,36.75
"2010-03-10",45.1,45.29,44.91,45.11,4188400,36.86
"2010-03-11",45.26,45.4,44.75,44.93,3446500,36.71
"2010-03-12",44.95,45,44.04,44.16,4897200,36.09
"2010-03-15",44.24,44.42,44.02,44.4,3190100,36.28
"2010-03-16",44.42,45.42,44.42,45.34,4960100,37.05
"2010-03-17",45.54,45.56,45.14,45.35,3612900,37.06
"2010-03-18",45.08,45.24,44.47,44.67,4298800,36.5
"2010-03-19",44.89,44.9,44.25,44.62,5504500,36.46
"2010-03-22",44.55,44.97,44.23,44.32,4036100,36.22
"2010-03-23",44.26,44.51,44.03,44.31,5690800,36.21
"2010-03-24",44.44,44.44,43.5,43.56,5892600,35.6
"2010-03-25",43.61,43.84,43.05,43.29,6220800,35.37
"2010-03-26",43.26,43.38,42.97,43.19,3129100,35.29
"2010-03-29",43.5,43.93,43.31,43.92,3086100,35.89
"2010-03-30",43.96,44.19,43.81,43.96,2793900,35.92
"2010-03-31",43.8,44,43.56,43.81,2714500,35.8
"2010-04-01",43.99,44.78,43.85,44.28,3300200,36.18
"2010-04-05",44.44,44.62,44.1,44.4,2630800,36.28
"2010-04-06",44.22,45.1,44.11,45.08,3636500,36.84
"2010-04-07",45,45.04,44.55,44.73,3253600,36.55
"2010-04-08",44.84,44.84,44.28,44.43,2671600,36.31
"2010-04-09",44.41,44.41,43.95,44.26,3092200,36.17
"2010-04-12",44.39,45,44.39,44.58,3092500,36.43
"2010-04-13",44.63,44.65,43.95,44.56,3818400,36.41
"2010-04-14",44.5,44.53,44.23,44.53,3267300,36.39
"2010-04-15",44.28,44.52,43.85,44.41,4153100,36.29
"2010-04-16",43.99,43.99,43.31,43.62,7193200,35.64
"2010-04-19",43.61,43.81,43.35,43.58,3898000,35.61
"2010-04-20",43.98,44.15,43.71,44.12,3478800,36.05
"2010-04-21",43.92,44.14,43.52,43.6,5988500,35.63
"2010-04-22",43.64,43.85,43.17,43.65,5433400,35.67
"2010-04-23",43.4,43.99,42.78,43.95,7397900,35.91
"2010-04-26",44,44.47,43.56,43.62,6001300,35.64
"2010-04-27",43.54,43.67,42.84,42.85,5365700,35.02
"2010-04-28",43.14,43.55,42.8,43.38,8886900,35.45
"2010-04-29",43.5,43.75,43.13,43.26,3994300,35.35
"2010-04-30",43.39,43.89,43.31,43.59,5342500,35.62
"2010-05-03",43.88,44.21,43.65,44.13,2551100,36.06
"2010-05-04",43.91,44,42.96,43.17,4723700,35.28
"2010-05-05",43,43.78,42.94,43.69,6826700,35.7
"2010-05-06",43.35,43.35,16.78,41.86,12427000,34.21
"2010-05-07",41.6,42.07,40.94,41.54,11766700,33.94
"2010-05-10",42.78,43,41.98,42.6,5955500,34.81
"2010-05-11",42.4,43.19,42.27,42.68,3666700,34.88
"2010-05-12",42.46,42.56,42.03,42.16,7451700,34.88
"2010-05-13",42.15,42.7,42.05,42.07,6209800,34.81
"2010-05-14",42,42.43,41.37,41.68,6299500,34.48
"2010-05-17",41.78,41.91,40.92,41.35,5093400,34.21
"2010-05-18",41.48,41.53,40.75,40.79,4231700,33.75
"2010-05-19",40.64,40.79,40.25,40.59,4875800,33.58
"2010-05-20",40.11,40.12,39.31,39.31,5467600,32.52
"2010-05-21",38.27,39.58,38.27,39.43,5383500,32.62
"2010-05-24",39.32,39.67,38.88,38.94,3249600,32.22
"2010-05-25",38.24,38.4,37.47,38.38,7046900,31.75
"2010-05-26",39.54,39.54,38.01,38.06,5540800,31.49
"2010-05-27",38.65,38.91,38.41,38.91,5236600,32.19
"2010-05-28",38.91,39.06,38.51,38.6,4082200,31.93
"2010-06-01",38.45,38.54,37.62,37.65,4433000,31.15
"2010-06-02",37.4,37.94,37.24,37.92,6349500,31.37
"2010-06-03",38.04,38.51,37.81,38.41,5959500,31.78
"2010-06-04",38.05,38.31,37.5,37.63,6958900,31.13
"2010-06-07",37.77,38.42,37.64,37.73,5024900,31.22
"2010-06-08",37.98,38.59,37.65,38.5,7872900,31.85
"2010-06-09",38.75,38.97,38.26,38.59,6603800,31.93
"2010-06-10",39.33,40.05,39.2,40.04,6668300,33.13
"2010-06-11",39.82,40.37,39.45,39.89,4635500,33
"2010-06-14",40.17,40.43,39.96,40.25,4425900,33.3
"2010-06-15",40.28,40.93,40.28,40.92,4162500,33.85
"2010-06-16",40.76,41.28,40.47,41.2,4560500,34.09
"2010-06-17",41.06,41.06,40.14,40.91,5584100,33.85
"2010-06-18",40.94,41.33,40.78,41.24,4694800,34.12
"2010-06-21",41.6,41.62,40.54,40.75,3992000,33.71
"2010-06-22",40.75,40.97,39.62,39.75,5401500,32.89
"2010-06-23",39.66,39.75,38.91,39.03,5638100,32.29
"2010-06-24",39.07,39.45,38.61,38.65,5142300,31.98
"2010-06-25",38.87,38.87,38.11,38.37,6267300,31.74
"2010-06-28",38.58,38.99,38.13,38.78,3297200,32.08
"2010-06-29",38.53,38.53,37.86,38.07,4848300,31.5
"2010-06-30",37.97,38.4,37.84,37.97,5438500,31.41
"2010-07-01",38.09,38.18,37.63,38.05,5851400,31.48
"2010-07-02",38.22,38.22,37.66,37.88,3430100,31.34
"2010-07-06",38.02,38.75,37.96,38.33,5840100,31.71
"2010-07-07",38.34,39.82,38.21,39.65,7164600,32.8
"2010-07-08",40.11,40.5,39.93,40.49,5957200,33.5
"2010-07-09",40.35,40.65,39.86,40.62,3307600,33.61
"2010-07-12",40.64,40.91,40.36,40.87,3988000,33.81
"2010-07-13",40.96,41.39,40.72,40.98,3608300,33.9
"2010-07-14",41.04,41.42,40.76,41.42,4769200,34.27
"2010-07-15",41.48,41.89,41.09,41.76,4564100,34.55
"2010-07-16",41.57,41.98,41.44,41.48,6789400,34.32
"2010-07-19",41.68,41.91,41.28,41.82,3021300,34.6
"2010-07-20",41.3,42.59,41.3,42.59,5114400,35.24
"2010-07-21",42.71,42.72,41.55,41.95,4537900,34.71
"2010-07-22",42.02,42.48,41.47,41.8,7239500,34.58
"2010-07-23",41.74,41.74,40.45,41.02,7087600,33.94
"2010-07-26",41.28,41.3,40.62,40.94,4994200,33.87
"2010-07-27",41.23,41.92,40.83,41.89,5859900,34.66
"2010-07-28",41.79,42.42,41.64,42.39,6537000,35.07
"2010-07-29",42.68,42.74,41.57,41.93,7226000,34.69
"2010-07-30",41.66,42.02,41.26,41.83,4252500,34.61
"2010-08-02",42,42.47,41.65,42.43,4633100,35.1
"2010-08-03",42.23,42.68,42.19,42.42,3710700,35.1
"2010-08-04",42.51,42.63,42.06,42.45,3864500,35.12
"2010-08-05",42.16,42.37,41.87,42.16,6144600,34.88
"2010-08-06",41.91,42.27,41.59,42.17,4148600,34.89
"2010-08-09",42.33,42.5,42.12,42.37,2956700,35.05
"2010-08-10",42.05,42.94,41.91,42.6,4086600,35.24
"2010-08-11",42.32,42.32,41.94,41.99,4509500,34.74
"2010-08-12",41.26,41.59,41.06,41.25,4138500,34.56
"2010-08-13",41.18,41.72,41.18,41.37,3301600,34.66
"2010-08-16",41.19,41.36,40.93,41.21,2671300,34.53
"2010-08-17",41.45,41.82,41.32,41.36,4236500,34.65
"2010-08-18",41.43,41.45,40.76,41.15,4137100,34.48
"2010-08-19",41.01,41.01,40.34,40.56,4034200,33.98
"2010-08-20",40.29,40.52,40.14,40.41,3707500,33.86
"2010-08-23",40.65,41.12,40.51,40.55,4388400,33.97
"2010-08-24",40.27,40.47,40.02,40.05,6575900,33.55
"2010-08-25",39.93,40.16,39.52,40.03,4434200,33.54
"2010-08-26",40.21,40.39,39.95,40.08,3467900,33.58
"2010-08-27",40.27,40.9,39.93,40.76,3433300,34.15
"2010-08-30",40.63,40.92,40.45,40.52,3086300,33.95
"2010-08-31",40.4,40.86,40.05,40.72,4996800,34.12
"2010-09-01",41.1,41.72,40.81,41.66,3939700,34.9
"2010-09-02",41.86,41.9,41.28,41.72,3831500,34.95
"2010-09-03",41.98,42.29,41.75,42.22,3998100,35.37
"2010-09-07",41.99,42.27,41.71,41.75,3426000,34.98
"2010-09-08",41.87,42.25,41.82,41.95,3587200,35.15
"2010-09-09",42.17,42.6,42.17,42.48,3240000,35.59
"2010-09-10",42.66,42.96,42.4,42.82,3970300,35.87
"2010-09-13",43.07,43.13,42.65,42.68,4471100,35.76
"2010-09-14",42.69,42.72,42.18,42.23,4176000,35.38
"2010-09-15",42.17,42.44,42,42.29,2670900,35.43
"2010-09-16",42.23,42.27,41.89,42.14,2413800,35.31
"2010-09-17",42.41,42.41,41.89,42.11,6431100,35.28
"2010-09-20",42.18,42.78,42.13,42.74,2844300,35.81
"2010-09-21",42.67,42.72,42.23,42.35,3791900,35.48
"2010-09-22",42.37,43.15,42.37,42.92,4036100,35.96
"2010-09-23",42.75,42.75,42.2,42.26,3922800,35.41
"2010-09-24",42.63,43.2,42.61,42.98,3104900,36.01
"2010-09-27",43.06,43.32,42.98,43.09,2277900,36.1
"2010-09-28",43.16,43.3,42.77,43.04,2641300,36.06
"2010-09-29",42.89,42.95,42.55,42.82,2392700,35.87
"2010-09-30",43,43.09,42.38,42.58,3384600,35.67
"2010-10-01",42.9,43.07,42.55,43.03,3870400,36.05
"2010-10-04",42.92,43.23,42.45,42.71,3049700,35.78
"2010-10-05",42.99,43,42.48,42.91,5316000,35.95
"2010-10-06",42.84,42.96,42.49,42.85,3510600,35.9
"2010-10-07",42.97,43.08,42.73,42.92,2091300,35.96
"2010-10-08",43.04,43.22,42.78,43.2,2920800,36.19
"2010-10-11",43.15,43.38,42.96,43.2,2243000,36.19
"2010-10-12",43.21,43.22,42.8,43.03,2685000,36.05
"2010-10-13",43.34,43.38,43,43.19,3769500,36.18
"2010-10-14",43.21,43.38,42.77,43.02,2955500,36.04
"2010-10-15",43.23,43.32,42.88,43.15,4192900,36.15
"2010-10-18",43.31,44.08,43.2,44.01,8179900,36.87
"2010-10-19",43.65,44.23,43.59,43.74,5310500,36.65
"2010-10-20",43.8,44.49,43.79,44.28,3507900,37.1
"2010-10-21",44.38,44.49,43.33,43.52,5911700,36.46
"2010-10-22",43.52,43.52,41.86,42,9005700,35.19
"2010-10-25",42.08,42.32,41.25,41.33,7923000,34.63
"2010-10-26",41.26,41.46,41.03,41.1,5558800,34.43
"2010-10-27",40.92,40.96,40.39,40.93,5190300,34.29
"2010-10-28",41.13,41.25,40.71,40.98,4301700,34.33
"2010-10-29",40.98,40.98,40.57,40.82,5227500,34.2
"2010-11-01",41.09,41.5,40.7,40.9,5731600,34.27
"2010-11-02",41.21,41.36,40.87,41.02,4587100,34.37
"2010-11-03",41.11,41.16,40.52,40.75,3997800,34.14
"2010-11-04",41.03,41.17,40.9,41.17,14800900,34.49
"2010-11-05",41.17,41.28,40.95,41.17,8885400,34.49
"2010-11-08",41.2,41.41,41.11,41.34,8817400,34.63
"2010-11-09",41.46,41.82,41.4,41.55,6894900,34.81
"2010-11-10",41.17,41.17,40.38,40.63,4831900,34.48
"2010-11-11",40.47,40.72,40.3,40.6,3571500,34.45
"2010-11-12",40.34,40.38,39.95,40.05,6135700,33.98
"2010-11-15",40.2,40.43,40.12,40.17,4355600,34.09
"2010-11-16",40.08,40.15,39.72,39.82,5598300,33.79
"2010-11-17",39.76,40.19,39.69,40,4540600,33.94
"2010-11-18",40.39,40.4,39.88,40.02,4357400,33.96
"2010-11-19",39.93,40.09,39.32,40,4112300,33.94
"2010-11-22",39.96,40,39.49,39.88,2853100,33.84
"2010-11-23",39.64,39.74,39.4,39.58,3560100,33.58
"2010-11-24",39.78,39.82,39.41,39.72,3979600,33.7
"2010-11-26",39.49,39.74,39.31,39.53,1349300,33.54
"2010-11-29",39.38,39.49,39.05,39.36,2905800,33.4
"2010-11-30",39.14,39.49,39.07,39.37,4603600,33.41
"2010-12-01",39.71,39.73,39.28,39.44,4824900,33.47
"2010-12-02",39.4,39.69,39.26,39.55,3822600,33.56
"2010-12-03",39.53,40.14,39.39,40.05,8998200,33.98
"2010-12-06",40.1,40.1,39.77,39.78,3476100,33.75
"2010-12-07",40.04,40.2,39.36,39.46,4272100,33.48
"2010-12-08",39.57,39.78,39.44,39.61,4465200,33.61
"2010-12-09",39.63,39.7,39.31,39.61,4580000,33.61
"2010-12-10",39.84,40.18,39.61,40.04,5759700,33.98
"2010-12-13",40.68,41.22,40.31,40.77,6896000,34.59
"2010-12-14",40.84,41.25,40.79,40.93,4858000,34.73
"2010-12-15",40.89,41.26,40.72,40.83,4898000,34.65
"2010-12-16",40.91,41.01,40.22,40.95,4642800,34.75
"2010-12-17",40.87,41.11,40.63,41.08,8949100,34.86
"2010-12-20",41.18,41.49,41.15,41.35,3862700,35.09
"2010-12-21",41.39,41.68,41.27,41.3,4376000,35.04
"2010-12-22",41.35,41.98,41.32,41.86,3871700,35.52
"2010-12-23",41.84,42.3,41.78,41.89,3439200,35.54
"2010-12-27",41.86,42.15,41.62,41.78,2735000,35.45
"2010-12-28",41.76,41.99,41.61,41.96,2767900,35.6
"2010-12-29",41.99,42,41.42,41.57,3535100,35.27
"2010-12-30",41.42,41.68,41.3,41.48,2312900,35.2
"2010-12-31",41.49,41.79,41.3,41.64,2095500,35.33
"2011-01-03",41.98,42.01,41.63,41.94,3305600,35.59
"2011-01-04",42,42.54,41.8,42.47,3822900,36.04
"2011-01-05",42.5,42.73,42.37,42.71,5243200,36.24
"2011-01-06",42.66,42.89,42.37,42.67,4271800,36.21
"2011-01-07",42.67,42.78,42.25,42.58,2939500,36.13
"2011-01-10",42.5,42.53,42.1,42.23,3253000,35.83
"2011-01-11",42.37,42.37,41.89,41.99,4165800,35.63
"2011-01-12",42.21,43.02,42,42.58,4438700,36.13
"2011-01-13",42.56,42.64,42.07,42.37,3210100,35.95
"2011-01-14",42.49,42.87,42.2,42.87,3082400,36.38
"2011-01-18",42.74,43.09,42.5,42.92,3940400,36.42
"2011-01-19",42.91,43.04,42.6,42.82,2792500,36.33
"2011-01-20",42.72,43.46,42.5,43.35,6644100,36.78
"2011-01-21",43.48,43.5,43.15,43.21,4998800,36.66
"2011-01-24",43.25,43.53,43.1,43.4,8122500,36.83
"2011-01-25",43.26,43.53,43.01,43.2,5005100,36.66
"2011-01-26",43,43.46,42.71,43.03,6457200,36.51
"2011-01-27",42.94,43.13,42.42,42.51,6277200,36.07
"2011-01-28",42.51,42.82,41.88,41.91,5064800,35.56
"2011-01-31",42.2,42.68,42.05,42.51,3711300,36.07
"2011-02-01",42.79,42.8,42.29,42.64,3623000,36.18
"2011-02-02",42.58,42.99,42.42,42.52,3354300,36.08
"2011-02-03",42.4,43.22,42.31,43.14,15028400,36.61
"2011-02-04",43.08,43.25,42.62,42.75,13149800,36.27
"2011-02-07",42.82,43.26,42.75,43.24,13493000,36.69
"2011-02-08",43.13,43.18,42.93,43.02,4372400,36.5
"2011-02-09",42.89,43.16,42.71,43.08,3589500,36.55
"2011-02-10",43.04,43.3,42.92,43.27,4080800,36.72
"2011-02-11",42.55,42.72,42.02,42.06,6033700,36.13
"2011-02-14",41.96,42.05,41.41,41.47,4464000,35.62
"2011-02-15",41.42,41.49,41.04,41.2,5470900,35.39
"2011-02-16",41.23,41.59,41.03,41.19,4896000,35.38
"2011-02-17",41.27,41.67,41.2,41.37,4104000,35.53
"2011-02-18",41.49,41.61,41.33,41.58,4442900,35.72
"2011-02-22",41.33,41.82,41.28,41.77,5063100,35.88
"2011-02-23",41.78,41.94,41.34,41.34,4230600,35.51
"2011-02-24",41.41,41.41,41,41.2,3243000,35.39
"2011-02-25",41.28,41.35,41.13,41.29,2200500,35.47
"2011-02-28",41.41,41.95,41.34,41.76,3425700,35.87
"2011-03-01",41.77,41.83,41,41.1,4229300,35.3
"2011-03-02",41.14,41.25,40.92,41.04,3096400,35.25
"2011-03-03",41.22,41.48,41.19,41.39,3249700,35.55
"2011-03-04",41.51,41.69,40.88,41.13,3852600,35.33
"2011-03-07",41.26,41.99,41.26,41.82,5494200,35.92
"2011-03-08",41.96,42.31,41.93,41.95,3840800,36.03
"2011-03-09",41.97,43.46,41.97,43.27,10027700,37.17
"2011-03-10",43.33,43.55,42.67,42.96,7681600,36.9
"2011-03-11",43.1,43.58,42.9,43.16,4729100,37.07
"2011-03-14",41,42.97,40.8,42.89,21292400,36.84
"2011-03-15",41.52,41.78,40.48,41.34,12936900,35.51
"2011-03-16",41.15,41.17,39.06,39.95,13853400,34.32
"2011-03-17",40.29,40.41,39.13,40.18,10964800,34.51
"2011-03-18",40.48,40.59,39.7,40.03,6954400,34.38
"2011-03-21",40.3,40.56,40.1,40.4,3559800,34.7
"2011-03-22",40.49,41.27,40.4,41.07,5495400,35.28
"2011-03-23",40.98,41.06,40.63,40.91,3194700,35.14
"2011-03-24",40.92,41.18,40.57,41.01,3599300,35.23
"2011-03-25",41.13,41.18,40.56,40.59,3334600,34.86
"2011-03-28",40.57,40.79,40.16,40.19,3611000,34.52
"2011-03-29",40.18,40.86,40.13,40.77,3118300,35.02
"2011-03-30",40.98,41.66,40.92,41.46,3988100,35.61
"2011-03-31",41.38,41.44,41.05,41.24,4479300,35.42
"2011-04-01",41.27,41.38,41.08,41.16,3492000,35.35
"2011-04-04",41.16,41.27,40.95,41.06,2372800,35.27
"2011-04-05",41.01,41.04,40.71,40.75,3443000,35
"2011-04-06",40.79,41.2,40.73,40.94,2845100,35.17
"2011-04-07",40.82,40.89,40.5,40.66,3853400,34.92
"2011-04-08",40.83,40.83,40.26,40.44,2534600,34.74
"2011-04-11",40.53,40.53,39.83,39.87,4746300,34.25
"2011-04-12",39.78,39.94,39.53,39.77,3907800,34.16
"2011-04-13",40.02,40.32,39.9,39.9,2738200,34.27
"2011-04-14",39.68,40.33,39.65,40.2,4179400,34.53
"2011-04-15",40.2,40.76,40.13,40.65,3770800,34.92
"2011-04-18",40.39,40.64,40.06,40.33,2775900,34.64
"2011-04-19",40.33,40.4,40.05,40.29,2103200,34.61
"2011-04-20",40.67,40.91,40.39,40.54,4600700,34.82
"2011-04-21",40.72,40.74,40.49,40.65,2858900,34.92
"2011-04-25",40.64,40.95,40.54,40.77,1798600,35.02
"2011-04-26",40.97,41.49,40.84,41.17,3006800,35.36
"2011-04-27",41.58,41.64,40.88,41.49,5519700,35.64
"2011-04-28",41.65,42.34,40.69,42.18,17352600,36.23
"2011-04-29",42.24,42.35,41.82,42.17,10510600,36.22
"2011-05-02",42.2,42.4,41.6,41.79,7154900,35.9
"2011-05-03",41.63,42.68,41.63,42.26,5875000,36.3
"2011-05-04",42.24,42.29,41.6,41.74,8895800,35.85
"2011-05-05",41.72,41.74,40.96,41.11,5950200,35.31
"2011-05-06",41.49,41.72,41.16,41.27,5089800,35.45
"2011-05-09",41.43,41.48,41.03,41.19,4141600,35.38
"2011-05-10",41.34,42.49,41.26,42.07,8763300,36.14
"2011-05-11",42.09,42.21,41.82,42.09,5190600,36.15
"2011-05-12",41.62,42.1,41.55,42,5242500,36.53
"2011-05-13",42.08,42.38,41.58,41.74,5184300,36.31
"2011-05-16",41.73,42.84,41.73,41.86,7639000,36.41
"2011-05-17",41.83,42.03,41.68,41.98,4135100,36.51
"2011-05-18",41.96,42.05,41.5,41.64,2935200,36.22
"2011-05-19",41.8,41.93,41.58,41.74,3112900,36.31
"2011-05-20",41.75,42.36,41.57,42.26,7196800,36.76
"2011-05-23",41.9,42.42,41.81,42.04,6648000,36.57
"2011-05-24",42.12,42.35,42.01,42.12,4784000,36.64
"2011-05-25",41.77,42.06,41.59,41.77,4871000,36.33
"2011-05-26",41.68,41.86,41.48,41.69,2788700,36.26
"2011-05-27",41.65,41.96,41.58,41.7,2184500,36.27
"2011-05-31",42,42.05,41.73,41.85,4939000,36.4
"2011-06-01",41.86,42.01,41.67,41.72,5571000,36.29
"2011-06-02",41.65,41.71,41.37,41.65,5545700,36.23
"2011-06-03",41.36,41.87,41.25,41.47,4202000,36.07
"2011-06-06",41.38,41.8,41.15,41.53,4223800,36.12
"2011-06-07",41.73,42.09,41.44,41.44,4496200,36.04
"2011-06-08",41.49,41.97,41.43,41.67,3958600,36.24
"2011-06-09",41.68,42.21,41.5,41.63,7289800,36.21
"2011-06-10",41.75,42.01,41.5,41.86,5617600,36.41
"2011-06-13",41.8,42.01,41.64,41.8,4935300,36.36
"2011-06-14",42.01,42.12,41.57,42.01,5430400,36.54
"2011-06-15",41.88,41.99,41,41.09,5334300,35.74
"2011-06-16",41.14,41.62,41.11,41.53,4548600,36.12
"2011-06-17",41.74,42.02,41.63,41.74,3949200,36.31
"2011-06-20",41.65,42,41.43,41.98,5613800,36.51
"2011-06-21",42.06,42.27,41.72,41.85,4462800,36.4
"2011-06-22",41.78,41.9,41.51,41.52,3077000,36.11
"2011-06-23",41.25,41.34,40.91,41.32,5014900,35.94
"2011-06-24",41.49,42.2,41.49,42.02,9331900,36.55
"2011-06-27",42.19,42.37,42.09,42.25,3770800,36.75
"2011-06-28",42.37,42.7,42.34,42.56,5396800,37.02
"2011-06-29",42.63,42.83,42.43,42.75,3400400,37.18
"2011-06-30",42.89,42.89,42.52,42.84,3245700,37.26
"2011-07-01",42.84,43.4,42.58,43.35,4038000,37.71
"2011-07-05",43.24,43.3,42.89,42.96,3539900,37.37
"2011-07-06",42.86,43.13,42.65,42.94,3366300,37.35
"2011-07-07",43.14,43.8,43.04,43.74,5732800,38.05
"2011-07-08",43.51,43.66,43.14,43.63,5151500,37.95
"2011-07-11",43.23,43.35,42.95,43.02,3568000,37.42
"2011-07-12",43.08,43.7,43.01,43.33,5077500,37.69
"2011-07-13",43.44,43.61,43.02,43.14,3574700,37.52
"2011-07-14",43.16,43.55,43.1,43.22,4423500,37.59
"2011-07-15",43.32,43.5,43,43.37,4910100,37.72
"2011-07-18",43.32,43.4,42.87,43.11,3783100,37.5
"2011-07-19",43.06,43.48,42.85,43.36,3133900,37.71
"2011-07-20",43.45,43.86,43.3,43.63,3654800,37.95
"2011-07-21",43.8,44.2,43.75,43.93,6524700,38.21
"2011-07-22",44.06,44.07,43.61,43.7,4499000,38.01
"2011-07-25",43.73,44.7,43.72,44.27,7046300,38.51
"2011-07-26",44.35,44.36,43.95,44.23,6837900,38.47
"2011-07-27",44.6,45.27,44.03,44.59,8931100,38.78
"2011-07-28",44.62,44.8,44.35,44.62,5136900,38.81
"2011-07-29",44.32,44.56,44,44.07,5165900,38.33
"2011-08-01",44.48,44.58,43.77,44.33,6220500,38.56
"2011-08-02",44.08,44.17,43.51,43.53,7149900,37.86
"2011-08-03",43.42,43.6,42.88,43.54,7362500,37.87
"2011-08-04",43.22,43.54,41.91,41.93,11627100,36.47
"2011-08-05",42.23,42.46,41,41.98,13257300,36.51
"2011-08-08",41.36,41.84,39.75,39.94,12034300,34.74
"2011-08-09",40.33,41.4,39.51,41.39,19505800,36
"2011-08-10",40.8,41.38,40.19,40.33,10300100,35.08
"2011-08-11",40.22,41.62,39.88,41.08,9220100,36.2
"2011-08-12",41.34,41.57,40.56,40.72,6105300,35.89
"2011-08-15",41.05,42.32,40.97,42.24,7044200,37.22
"2011-08-16",41.75,42.45,41.6,42.17,6036500,37.16
"2011-08-17",42.39,43.08,42.38,42.51,5177500,37.46
"2011-08-18",41.82,42.17,41.37,41.92,7458100,36.94
"2011-08-19",41.89,42.28,41.45,41.75,5586600,36.79
"2011-08-22",42.28,42.38,41.39,41.63,5080200,36.69
"2011-08-23",41.81,42.38,41.41,42.23,6036600,37.22
"2011-08-24",42.15,43.26,42.08,43.05,4972200,37.94
"2011-08-25",43.1,43.17,42.14,42.3,5467300,37.28
"2011-08-26",42.18,42.24,41.3,42.01,6484200,37.02
"2011-08-29",42.34,42.97,42.33,42.95,4990300,37.85
"2011-08-30",42.86,43.01,42.51,42.84,5451000,37.75
"2011-08-31",43.18,43.26,42.9,43.12,4539400,38
"2011-09-01",43.18,43.48,42.86,43.09,5004300,37.97
"2011-09-02",42.57,42.93,42.44,42.61,3924200,37.55
"2011-09-06",42.01,42.4,41.59,42.37,5039100,37.34
"2011-09-07",42.71,42.96,42.32,42.77,5523000,37.69
"2011-09-08",42.63,43.37,42.41,42.94,4461800,37.84
"2011-09-09",42.77,42.82,41.91,42.38,6291100,37.35
"2011-09-12",41.96,42.46,41.8,42.44,4577500,37.4
"2011-09-13",42.51,42.54,42.01,42.25,5572900,37.23
"2011-09-14",42.32,42.57,41.82,42.16,5665900,37.15
"2011-09-15",42.45,43.07,42.32,42.91,5139600,37.82
"2011-09-16",43.2,43.75,43.04,43.43,6041000,38.27
"2011-09-19",43,43.47,42.89,43.31,5164600,38.17
"2011-09-20",43.49,44.66,43.4,44.07,6487100,38.84
"2011-09-21",44.17,44.68,43.41,43.44,4987400,38.28
"2011-09-22",42.95,42.95,41.94,42.35,7927500,37.32
"2011-09-23",42.04,42.89,41.93,42.43,5853800,37.39
"2011-09-26",42.76,42.91,42.16,42.53,12302400,37.48
"2011-09-27",43.3,43.33,42.75,42.91,5437600,37.82
"2011-09-28",42.95,43.23,42.74,42.76,5693700,37.68
"2011-09-29",43.14,43.41,42.84,43.3,5889500,38.16
"2011-09-30",43.18,43.37,42.61,42.61,6461100,37.55
"2011-10-03",42.51,42.8,41.17,41.2,7541700,36.31
"2011-10-04",41.08,41.13,40.15,40.95,9900000,36.09
"2011-10-05",41.03,41.13,39.93,40.73,11043000,35.89
"2011-10-06",40.77,41.4,40.62,41.24,7781700,36.34
"2011-10-07",41.5,42.15,41.42,41.93,7879500,36.95
"2011-10-10",42.36,42.61,42.17,42.61,4699800,37.55
"2011-10-11",42.52,42.54,41.87,42.1,5174300,37.1
"2011-10-12",42.08,42.9,42.02,42.65,5790800,37.59
"2011-10-13",42.56,42.81,42.18,42.76,3862900,37.68
"2011-10-14",43.01,43.31,42.82,43.23,4401600,38.1
"2011-10-17",42.85,43.29,42.65,42.73,3596400,37.66
"2011-10-18",42.73,42.9,42.21,42.68,5589000,37.61
"2011-10-19",42.72,43.24,42.42,42.54,3425900,37.49
"2011-10-20",42.63,42.94,42.41,42.72,3627100,37.65
"2011-10-21",43.04,43.35,43.01,43.31,4441000,38.17
"2011-10-24",43.17,43.27,42.76,42.92,4584500,37.82
"2011-10-25",42.72,42.99,42.3,42.31,6994000,37.29
"2011-10-26",42.77,42.9,42,42.71,6549300,37.64
"2011-10-27",43.35,44.45,43.21,44.22,8522500,38.97
"2011-10-28",44.1,44.67,43.72,44.57,7971000,39.28
"2011-10-31",44.32,44.82,44.26,44.39,5838400,39.12
"2011-11-01",43.93,44.26,43.5,43.6,7378900,38.42
"2011-11-02",44.1,44.56,44.03,44.23,4627300,38.98
"2011-11-03",44.5,44.8,44.26,44.59,14799000,39.3
"2011-11-04",44.28,44.35,43.53,44.02,11423200,38.79
"2011-11-07",44.28,44.85,43.97,44.83,14800400,39.51
"2011-11-08",44.83,45.35,44.7,45.34,7408300,39.96
"2011-11-09",44.83,45.45,44.68,44.98,8023200,39.64
"2011-11-10",44.72,44.95,44.24,44.41,5917100,39.6
"2011-11-11",44.8,45.22,44.73,45.06,3313700,40.18
"2011-11-14",44.9,45.02,44.41,44.65,3981300,39.81
"2011-11-15",44.55,44.74,44.27,44.37,4973900,39.56
"2011-11-16",44.14,44.24,43.65,43.69,4783000,38.96
"2011-11-17",43.71,43.96,43.06,43.4,5604400,38.7
"2011-11-18",43.63,43.97,43.54,43.68,3859500,38.95
"2011-11-21",43.16,43.46,42.96,43.24,3837600,38.56
"2011-11-22",43.27,43.35,42.52,42.55,4968200,37.94
"2011-11-23",42.23,42.37,41.74,41.89,3719600,37.35
"2011-11-25",41.89,42.24,41.8,41.93,1568700,37.39
"2011-11-28",42.66,42.92,42.46,42.69,4213300,38.07
"2011-11-29",42.85,43.12,42.74,42.94,3834600,38.29
"2011-11-30",43.84,44.34,43.36,44.31,6480900,39.51
"2011-12-01",44.15,44.45,43.95,44.05,4130100,39.28
"2011-12-02",44.14,44.21,43.27,43.33,5657100,38.64
"2011-12-05",43.57,44,43.46,43.73,3981700,38.99
"2011-12-06",43.92,44,43.49,43.72,5514400,38.98
"2011-12-07",43.45,43.85,43.33,43.64,3908300,38.91
"2011-12-08",43.51,43.6,42.9,43.02,4246100,38.36
"2011-12-09",43.5,43.64,43.11,43.58,4799000,38.86
"2011-12-12",43.48,43.54,42.75,43.06,4700400,38.4
"2011-12-13",43.2,43.79,43.12,43.31,4757900,38.62
"2011-12-14",43.34,43.48,42.92,42.94,3697000,38.29
"2011-12-15",43.09,43.48,42.9,43.25,9928400,38.57
"2011-12-16",43.36,43.55,42.7,42.84,7435400,38.2
"2011-12-19",42.9,42.98,41.97,42.05,5778400,37.5
"2011-12-20",42.51,42.61,42.03,42.33,5907400,37.74
"2011-12-21",42.34,43.44,41.88,43.38,15541500,38.68
"2011-12-22",43.5,43.67,43.05,43.35,4967500,38.65
"2011-12-23",43.49,43.75,43.36,43.52,2441600,38.81
"2011-12-27",43.45,43.79,43.41,43.68,2014300,38.95
"2011-12-28",43.7,43.84,43.45,43.49,2063200,38.78
"2011-12-29",43.55,43.83,43.5,43.71,2485100,38.98
"2011-12-30",43.91,43.91,43.37,43.37,2206600,38.67
"2012-01-03",43.22,43.7,41.6,42.07,10726000,37.51
"2012-01-04",41.88,41.97,41.34,41.39,7099700,36.91
"2012-01-05",41.29,41.51,40.88,41.25,7844100,36.78
"2012-01-06",41.38,41.38,40.9,41.09,5332800,36.64
"2012-01-09",41.11,41.54,41,41.4,10554600,36.92
"2012-01-10",41.64,41.75,41.09,41.12,6514400,36.67
"2012-01-11",41.07,41.17,40.41,40.5,10513200,36.11
"2012-01-12",40.65,40.75,40.02,40.18,8358900,35.83
"2012-01-13",40.02,40.05,39.63,39.74,9317700,35.44
"2012-01-17",40.29,40.4,39.45,39.55,7821000,35.27
"2012-01-18",39.6,39.77,39.32,39.58,8666600,35.29
"2012-01-19",39.74,39.86,39.35,39.5,7103600,35.22
"2012-01-20",39.4,39.65,39.27,39.36,7686700,35.1
"2012-01-23",39.46,39.96,39.46,39.83,9003400,35.52
"2012-01-24",39.64,39.74,39.14,39.22,7618700,34.97
"2012-01-25",39.22,40.05,38.57,40.01,14046900,35.68
"2012-01-26",40.05,40.35,39.7,39.99,9341700,35.66
"2012-01-27",39.82,39.82,39.2,39.55,8812200,35.27
"2012-01-30",39.39,39.73,39.15,39.72,22354300,35.42
"2012-01-31",39.83,39.9,39.51,39.78,5386000,35.47
"2012-02-01",39.91,40.03,39.5,39.74,6806900,35.44
"2012-02-02",39.89,39.9,39.41,39.64,5609400,35.35
"2012-02-03",39.82,39.88,39.52,39.72,4864200,35.42
"2012-02-06",39.75,39.86,39.57,39.86,6065900,35.54
"2012-02-07",39.8,40.15,39.58,40.03,6179900,35.69
"2012-02-08",40.12,40.24,39.8,40.21,5338400,35.85
"2012-02-09",40.14,40.31,39.93,40.05,30705600,35.71
"2012-02-10",39.89,40.02,39.72,39.84,7553400,35.52
"2012-02-13",39.57,39.69,39.16,39.23,5906200,35.45
"2012-02-14",39.1,39.22,38.82,39.03,9271000,35.27
"2012-02-15",39.17,39.22,39,39.09,5713300,35.32
"2012-02-16",39.18,39.68,39.16,39.5,6129300,35.69
"2012-02-17",39.67,39.72,39.25,39.27,7715700,35.48
"2012-02-21",39.37,39.5,38.9,38.92,6458800,35.17
"2012-02-22",38.96,39.32,38.83,39.18,6480900,35.4
"2012-02-23",39.17,39.18,38.9,39.02,5098800,35.26
"2012-02-24",39.03,39.45,39.01,39.27,9058700,35.48
"2012-02-27",39.19,39.27,39.03,39.15,3791400,35.38
"2012-02-28",39.15,39.27,38.85,39.01,4338300,35.25
"2012-02-29",39.03,39.28,38.96,39.07,6163000,35.3
"2012-03-01",39,39.16,38.8,38.97,4945100,35.21
"2012-03-02",38.95,39.03,38.8,38.88,4345800,35.13
"2012-03-05",38.79,39.04,38.62,38.98,4579100,35.22
"2012-03-06",38.84,38.94,38.6,38.72,5677700,34.99
"2012-03-07",38.77,38.77,38.45,38.49,6964400,34.78
"2012-03-08",38.57,38.63,38.44,38.46,4506100,34.75
"2012-03-09",38.64,38.91,38.31,38.91,6570200,35.16
"2012-03-12",38.89,39.95,38.89,39.81,21725400,35.97
"2012-03-13",39.8,39.89,39.58,39.6,10353600,35.91
"2012-03-14",39.71,39.78,39.05,39.1,6911200,35.46
"2012-03-15",39.13,39.26,38.82,38.95,6282000,35.32
"2012-03-16",38.97,39,38.75,38.86,8147900,35.24
"2012-03-19",38.79,39.21,38.79,38.97,5499200,35.34
"2012-03-20",38.89,39.03,38.8,38.83,5007300,35.22
"2012-03-21",38.82,38.87,38.58,38.58,4567000,34.99
"2012-03-22",38.55,39.07,38.51,38.99,6079500,35.36
"2012-03-23",39,39.13,38.82,38.84,4294500,35.22
"2012-03-26",38.96,39.06,38.75,38.98,4978100,35.35
"2012-03-27",38.97,39.25,38.95,39.09,5785400,35.45
"2012-03-28",39.02,39.13,38.76,38.85,5220300,35.23
"2012-03-29",38.74,39.15,38.7,39.12,5814100,35.48
"2012-03-30",39.21,39.23,39.04,39.21,5117000,35.56
"2012-04-02",39.31,39.35,39.04,39.21,5158800,35.56
"2012-04-03",39.13,39.17,38.71,38.93,6117700,35.31
"2012-04-04",38.71,38.92,38.6,38.89,5091700,35.27
"2012-04-05",38.72,38.77,38.32,38.37,6534600,34.8
"2012-04-09",38.17,38.37,38.15,38.23,6051700,34.67
"2012-04-10",38.19,38.27,37.97,38.01,8057000,34.47
"2012-04-11",38.18,38.28,38,38.18,4791900,34.63
"2012-04-12",38.29,38.29,37.76,37.89,6108400,34.36
"2012-04-13",37.89,38.27,37.48,37.49,5557200,34
"2012-04-16",37.59,38,37.5,37.81,4293600,34.29
"2012-04-17",38.01,38.12,37.66,38.07,3446800,34.53
"2012-04-18",38.02,38.02,37.6,37.65,4121400,34.15
"2012-04-19",37.63,38,37.48,37.61,5023000,34.11
"2012-04-20",37.59,37.88,37.54,37.75,4863400,34.24
"2012-04-23",37.62,37.77,37.6,37.69,4229400,34.18
"2012-04-24",37.7,38.05,37.7,37.94,5495000,34.41
"2012-04-25",38.02,38.16,37.82,38.16,6080500,34.61
"2012-04-26",38.17,38.73,38.03,38.59,4440300,35
"2012-04-27",38.7,38.94,38.63,38.92,19016700,35.3
"2012-04-30",38.79,39.04,38.7,39.01,20460100,35.38
"2012-05-01",39,39.35,38.87,39.3,5298800,35.64
"2012-05-02",39.2,39.37,39.09,39.28,6428000,35.62
"2012-05-03",39.19,39.36,38.72,38.82,5731300,35.21
"2012-05-04",38.9,39.22,38.48,38.53,5356800,34.94
"2012-05-07",38.44,38.52,38.04,38.19,4671600,34.63
"2012-05-08",38.08,38.24,37.75,38.16,9556900,34.61
"2012-05-09",38.01,38.67,37.9,38.32,7379000,34.75
"2012-05-10",38.52,39.22,38.44,38.94,8197300,35.32
"2012-05-11",38.65,39.05,38.56,38.9,6238800,35.63
"2012-05-14",38.7,39.04,38.7,38.82,6771200,35.55
"2012-05-15",38.74,38.89,38.42,38.49,7265500,35.25
"2012-05-16",38.63,38.88,38.31,38.38,5322400,35.15
"2012-05-17",38.36,38.58,38.23,38.24,3911500,35.02
"2012-05-18",38.24,38.59,37.81,37.89,8075600,34.7
"2012-05-21",37.84,37.84,36.99,37.12,10472100,34
"2012-05-22",37.1,37.25,36.77,37.07,6268600,33.95
"2012-05-23",37.06,37.23,36.63,36.81,5426800,33.71
"2012-05-24",36.82,36.99,36.56,36.86,5508600,33.76
"2012-05-25",36.78,37.15,36.78,36.9,3478000,33.79
"2012-05-29",37.05,37.11,36.52,36.96,6098900,33.85
"2012-05-30",36.82,37.1,36.5,36.73,6379400,33.64
"2012-05-31",36.79,37.15,36.57,36.98,6955500,33.87
"2012-06-01",36.55,36.85,36.34,36.7,6745100,33.61
"2012-06-04",36.59,37.27,36.5,37.27,6817200,34.13
"2012-06-05",37.13,37.48,37.05,37.27,4861500,34.13
"2012-06-06",37.47,37.49,37.05,37.45,4205300,34.3
"2012-06-07",38.03,38.99,37.92,38.94,15093600,35.66
"2012-06-08",38.74,38.81,37.2,37.41,14938600,34.26
"2012-06-11",37.93,37.96,37.38,37.54,7193600,34.38
"2012-06-12",37.47,37.7,37.35,37.7,5615200,34.53
"2012-06-13",37.65,37.75,37.25,37.37,6527500,34.22
"2012-06-14",37.37,37.82,37.3,37.79,6403300,34.61
"2012-06-15",37.78,37.93,37.37,37.43,6138400,34.28
"2012-06-18",37.32,37.5,37.22,37.4,4130000,34.25
"2012-06-19",37.56,37.79,37.3,37.62,4822300,34.45
"2012-06-20",37.64,37.67,37.02,37.12,5657900,34
"2012-06-21",37.22,37.39,36.75,36.82,6913500,33.72
"2012-06-22",36.89,37.07,36.67,36.9,6742900,33.79
"2012-06-25",36.72,36.9,36.5,36.58,5194700,33.5
"2012-06-26",36.57,36.63,36.27,36.58,5792400,33.5
"2012-06-27",36.71,37.37,36.63,37.32,4176800,34.18
"2012-06-28",37.13,37.43,37,37.4,3019100,34.25
"2012-06-29",37.78,37.84,37.37,37.62,5231900,34.45
"2012-07-02",37.63,37.84,37.5,37.69,4751500,34.52
"2012-07-03",37.65,37.8,37.34,37.41,3987700,34.26
"2012-07-05",37.41,37.55,37.17,37.33,3130100,34.19
"2012-07-06",37.17,37.36,37.03,37.35,3921400,34.21
"2012-07-09",37.29,37.38,37.04,37.18,3448100,34.05
"2012-07-10",37.27,37.47,37.09,37.15,4415300,34.02
"2012-07-11",37.17,37.65,37.16,37.59,3273300,34.43
"2012-07-12",37.47,37.61,37.38,37.55,3609600,34.39
"2012-07-13",37.54,38.6,37.52,38.52,6955800,35.28
"2012-07-16",38.5,38.68,38.31,38.47,3650100,35.23
"2012-07-17",38.5,38.75,38.22,38.71,4028700,35.45
"2012-07-18",38.58,38.89,38.42,38.83,3562100,35.56
"2012-07-19",38.8,39.14,38.53,39.08,5347500,35.79
"2012-07-20",39.01,39.28,38.86,39.24,6959700,35.94
"2012-07-23",39.1,39.31,39,39.24,5508700,35.94
"2012-07-24",39.22,39.29,38.7,38.87,6073800,35.6
"2012-07-25",39.02,39.22,38.46,38.5,4963900,35.26
"2012-07-26",38.75,39.09,38.75,38.98,3288400,35.7
"2012-07-27",39.12,39.44,38.98,39.37,5079000,36.06
"2012-07-30",39.37,39.68,39.13,39.49,3999600,36.17
"2012-07-31",39.82,39.82,39.12,39.12,5107300,35.83
"2012-08-01",39.44,39.75,37.76,38.25,18115700,35.03
"2012-08-02",38.13,38.28,37.59,37.96,12424400,34.76
"2012-08-03",38.45,38.55,38.05,38.47,16255700,35.23
"2012-08-06",38.49,38.62,38.05,38.06,5162300,34.86
"2012-08-07",38.34,38.38,37.97,38.01,5928700,34.81
"2012-08-08",38.03,38.29,37.72,38.2,5666100,34.98
"2012-08-09",38.27,38.7,38.1,38.58,6804300,35.33
"2012-08-10",38.55,38.94,38.41,38.92,4933100,35.64
"2012-08-13",38.46,38.53,38.22,38.3,4728600,35.56
"2012-08-14",38.31,38.49,37.93,38.04,5769700,35.31
"2012-08-15",37.97,38.03,37.71,37.78,3699300,35.07
"2012-08-16",37.73,37.85,37.47,37.48,4346000,34.79
"2012-08-17",37.35,37.5,37.33,37.49,3801700,34.8
"2012-08-20",37.5,37.69,37.37,37.68,4679400,34.98
"2012-08-21",37.68,37.79,37.46,37.46,4423000,34.78
"2012-08-22",37.41,37.55,37.07,37.07,4060900,34.41
"2012-08-23",37.09,37.19,36.77,36.86,3835900,34.22
"2012-08-24",36.81,36.86,36.65,36.83,3696000,34.19
"2012-08-27",36.83,37.3,36.78,37.05,4814800,34.4
"2012-08-28",37.08,37.21,36.8,36.85,4020100,34.21
"2012-08-29",36.9,36.97,36.53,36.55,4593000,33.93
"2012-08-30",36.49,36.67,36.48,36.59,4442300,33.97
"2012-08-31",36.79,36.79,36.4,36.47,5137900,33.86
"2012-09-04",36.58,36.58,36.06,36.11,5247800,33.52
"2012-09-05",36.29,36.32,35.76,35.8,6421800,33.23
"2012-09-06",35.95,36.38,35.92,36.2,4102400,33.61
"2012-09-07",36.21,36.25,35.98,36.15,3800700,33.56
"2012-09-10",36.08,36.09,35.55,35.7,6729500,33.14
"2012-09-11",35.79,35.84,35.36,35.49,5041200,32.95
"2012-09-12",35.26,35.33,34.54,34.87,13599800,32.37
"2012-09-13",34.82,35.6,34.82,35.57,7618200,33.02
"2012-09-14",35.7,35.99,35.51,35.94,9441400,33.36
"2012-09-17",36.02,36.02,35.39,35.5,12203400,32.96
"2012-09-18",35.38,35.57,35.27,35.47,4182700,32.93
"2012-09-19",35.58,35.68,35.32,35.5,3956700,32.96
"2012-09-20",35.44,35.49,35.19,35.45,3715500,32.91
"2012-09-21",35.51,35.54,35.25,35.38,8258000,32.84
"2012-09-24",35.52,35.92,35.46,35.87,5756000,33.3
"2012-09-25",35.86,35.89,35.61,35.61,5806500,33.06
"2012-09-26",35.65,35.89,35.59,35.6,4664500,33.05
"2012-09-27",35.63,35.86,35.53,35.65,3794800,33.1
"2012-09-28",35.56,35.69,35.4,35.58,4624500,33.03
"2012-10-01",35.66,35.79,35.35,35.4,4627300,32.86
"2012-10-02",35.45,35.61,35.2,35.53,4487700,32.98
"2012-10-03",35.51,35.71,35.46,35.65,4237200,33.1
"2012-10-04",35.76,36.09,35.65,36.06,5003700,33.48
"2012-10-05",36.11,36.16,35.85,35.91,3880700,33.34
"2012-10-08",35.93,36.04,35.72,35.95,3048100,33.37
"2012-10-09",35.92,36.25,35.85,36.14,5124500,33.55
"2012-10-10",36.2,36.36,36.12,36.3,4633200,33.7
"2012-10-11",36.38,36.89,36.1,36.49,5699100,33.88
"2012-10-12",36.6,36.63,36,36.11,4257500,33.52
"2012-10-15",36.11,36.56,36.02,36.56,4613400,33.94
"2012-10-16",36.66,36.79,36.3,36.49,3769400,33.88
"2012-10-17",36.6,37.15,36.57,37.11,4128300,34.45
"2012-10-18",37.18,37.49,37.07,37.48,3612700,34.79
"2012-10-19",37.49,37.5,36.88,37.01,5239500,34.36
"2012-10-22",36.88,37.01,36.62,36.84,4455600,34.2
"2012-10-23",36.53,36.6,36.2,36.26,4744000,33.66
"2012-10-24",36.31,36.31,35.83,35.87,5368000,33.3
"2012-10-25",35.99,36,35.42,35.64,7812900,33.09
"2012-10-26",35.65,35.73,35.4,35.49,6706400,32.95
"2012-10-31",35.51,35.82,35.41,35.78,7575200,33.22
"2012-11-01",36,36.84,33.24,33.58,30872100,31.17
"2012-11-02",33.38,33.53,32.21,32.77,25142000,30.42
"2012-11-05",32.39,32.66,31.75,32.01,10727300,29.72
"2012-11-06",31.99,32.17,31.6,31.95,8860700,29.66
"2012-11-07",31.84,31.85,30.91,31.44,11093000,29.19
"2012-11-08",31.62,31.97,31.5,31.69,26131300,29.42
"2012-11-09",31.49,31.58,31.06,31.11,21982300,28.88
"2012-11-12",31.16,31.3,30.55,30.77,6805900,28.57
"2012-11-13",30.01,30.39,29.82,29.94,9505800,28.28
"2012-11-14",30,30.09,29.31,29.37,10858500,27.74
"2012-11-15",29.33,29.65,29.14,29.37,9651200,27.74
"2012-11-16",29.36,29.4,29.01,29.25,10020800,27.63
"2012-11-19",29.41,29.43,28.95,29.19,7919600,27.57
"2012-11-20",29.16,29.23,28.75,28.98,6576900,27.37
"2012-11-21",28.96,29.15,28.6,28.85,6499100,27.25
"2012-11-23",28.89,28.97,28.4,28.57,3941200,26.98
"2012-11-26",28.82,29.67,28.8,29.32,11979300,27.69
"2012-11-27",29.54,30.06,29.43,29.76,16481900,28.11
"2012-11-28",29.63,29.88,29.35,29.85,9245700,28.19
"2012-11-29",29.85,30.09,29.75,29.96,7470000,28.3
"2012-11-30",30.02,30.23,29.85,30.22,9366100,28.54
"2012-12-03",30.22,30.22,29.13,29.31,14925900,27.68
"2012-12-04",29.25,29.41,28.99,29.01,9910100,27.4
"2012-12-05",29.07,29.67,28.93,29.56,11604500,27.92
"2012-12-06",29.58,29.74,29.2,29.47,7532700,27.83
"2012-12-07",29.51,29.63,29.39,29.57,5089100,27.93
"2012-12-10",29.64,29.8,29.4,29.73,5666400,28.08
"2012-12-11",29.75,30.21,29.66,29.99,6731600,28.32
"2012-12-12",30,30.13,29.83,29.9,5402600,28.24
"2012-12-13",29.9,30.03,29.48,29.68,4406400,28.03
"2012-12-14",29.69,29.79,29.43,29.66,4393200,28.01
"2012-12-17",29.63,29.98,29.63,29.93,7654900,28.27
"2012-12-18",29.87,30.62,29.83,30.62,14372500,28.92
"2012-12-19",30.65,30.66,30.05,30.12,7117300,28.45
"2012-12-20",30.15,30.29,29.75,29.95,5459000,28.29
"2012-12-21",29.81,29.95,29.52,29.88,12326900,28.22
"2012-12-24",29.66,29.75,29.38,29.65,2625500,28
"2012-12-26",29.63,29.75,29.42,29.46,4574500,27.82
"2012-12-27",29.4,29.55,29.04,29.44,5429200,27.8
"2012-12-28",29.26,29.45,29.04,29.06,4394900,27.45
"2012-12-31",29,29.79,28.89,29.74,8085200,28.09
"2013-01-02",30.09,30.29,29.65,29.82,15490900,28.16
"2013-01-03",29.88,30.2,29.77,30.06,6282800,28.39
"2013-01-04",30.05,30.28,29.99,30.27,5456900,28.59
"2013-01-07",30.19,30.24,29.84,29.87,4629300,28.21
"2013-01-08",29.82,29.87,29.39,29.61,4508700,27.97
"2013-01-09",29.6,29.71,29.21,29.24,5359700,27.62
"2013-01-10",29.27,29.39,29.1,29.26,5649100,27.63
"2013-01-11",29.34,29.45,29.21,29.29,3997100,27.66
"2013-01-14",29.35,29.49,29.26,29.42,4470300,27.79
"2013-01-15",29.45,29.78,29.4,29.75,5846100,28.1
"2013-01-16",29.7,29.79,29.52,29.67,5496800,28.02
"2013-01-17",29.94,30.29,29.89,30.06,10465300,28.39
"2013-01-18",30.15,30.44,29.96,30.37,11610400,28.68
"2013-01-22",30.32,30.51,30.12,30.45,5518600,28.76
"2013-01-23",30.35,30.38,29.9,29.99,14468800,28.32
"2013-01-24",30.03,30.42,30.03,30.39,5171800,28.7
"2013-01-25",30.4,31.01,30.08,31.01,10195400,29.29
"2013-01-28",31.11,31.21,30.85,31.18,8024300,29.45
"2013-01-29",31.06,31.53,31.04,31.33,8766800,29.59
"2013-01-30",31.39,31.45,31.19,31.25,6402400,29.51
"2013-01-31",31.22,31.47,31,31.44,6222500,29.69
"2013-02-01",31.49,31.49,30.92,31.03,7900000,29.31
"2013-02-04",30.92,30.99,30.57,30.75,6390900,29.04
"2013-02-05",30.84,30.95,30.63,30.85,5386100,29.14
"2013-02-06",30.73,31,30.48,30.98,6445500,29.26
"2013-02-07",31.6,32.6,31.32,31.37,14706000,29.63
"2013-02-08",31.34,31.34,30.82,31.08,21198800,29.35
"2013-02-11",31.05,31.53,30.91,31.42,20162800,29.68
"2013-02-12",31.43,31.96,31.4,31.95,22986900,30.18
"2013-02-13",32,32,31.52,31.59,7103600,29.84
"2013-02-14",30.95,31.13,30.67,30.71,7106500,29.49
"2013-02-15",30.79,30.88,30.57,30.62,7314500,29.41
"2013-02-19",30.58,30.75,30.15,30.59,6884600,29.38
"2013-02-20",30.52,30.62,30.23,30.29,7586000,29.09
"2013-02-21",30.19,30.28,30.13,30.2,5121300,29
"2013-02-22",30.21,30.72,30.21,30.49,6990800,29.28
"2013-02-25",30.62,30.95,30.33,30.35,5673800,29.15
"2013-02-26",30.44,30.98,30.43,30.6,10892200,29.39
"2013-02-27",30.6,30.83,30.4,30.79,5747400,29.57
"2013-02-28",30.79,31.09,30.67,30.99,5757000,29.76
"2013-03-01",30.96,31.06,30.64,30.91,4596200,29.69
"2013-03-04",30.84,31.41,30.78,31.34,4751600,30.1
"2013-03-05",31.35,31.68,31.31,31.44,6050300,30.2
"2013-03-06",31.53,31.92,31.48,31.81,5991000,30.55
"2013-03-07",31.75,31.94,31.75,31.82,5519400,30.56
"2013-03-08",31.93,32.18,31.76,32.13,7031000,30.86
"2013-03-11",32.01,32.46,32.01,32.41,5732000,31.13
"2013-03-12",32.39,32.46,32,32.07,5169600,30.8
"2013-03-13",32.08,32.24,32,32.2,2748900,30.93
"2013-03-14",32.22,32.5,32.19,32.48,4526800,31.19
"2013-03-15",32.4,33.44,32.26,33.39,13230900,32.07
"2013-03-18",33.18,33.5,33.13,33.4,5792400,32.08
"2013-03-19",33.5,33.75,33.25,33.47,7023400,32.15
"2013-03-20",33.55,33.74,33.45,33.69,5125300,32.36
"2013-03-21",33.69,33.78,33.54,33.7,4541100,32.37
"2013-03-22",33.7,33.94,33.62,33.85,5326700,32.51
"2013-03-25",33.95,34.12,33.44,33.51,7315700,32.18
"2013-03-26",33.68,33.88,33.59,33.77,3411500,32.43
"2013-03-27",33.61,34.07,33.57,34.03,3956800,32.68
"2013-03-28",34,34.56,33.95,34.48,5909600,33.12
"2013-04-01",34.42,34.54,34.29,34.36,3403300,33
"2013-04-02",34.41,34.71,34.38,34.69,3965400,33.32
"2013-04-03",34.72,34.81,34.43,34.5,5618700,33.13
"2013-04-04",34.54,34.8,34.5,34.72,4152200,33.35
"2013-04-05",34.5,35.24,34.42,35.14,7700600,33.75
"2013-04-08",35.08,35.43,34.87,35.43,5033700,34.03
"2013-04-09",35.45,35.87,35.33,35.71,6023000,34.3
"2013-04-10",35.85,36.25,35.73,36.14,5629000,34.71
"2013-04-11",36.21,36.25,36.01,36.18,4606600,34.75
"2013-04-12",36.1,36.25,36.04,36.22,5674100,34.79
"2013-04-15",36.04,36.29,35.84,35.84,7489400,34.42
"2013-04-16",35.91,36.01,35.65,36,5703500,34.58
"2013-04-17",35.86,36.19,35.81,36.07,5760500,34.64
"2013-04-18",36.16,36.55,35.96,36.46,5430800,35.02
"2013-04-19",36.53,36.75,36.3,36.68,8778900,35.23
"2013-04-22",36.68,36.79,36.55,36.67,4755700,35.22
"2013-04-23",36.74,36.87,36.43,36.87,5118700,35.41
"2013-04-24",36.83,37.22,36.79,37.16,6020100,35.69
"2013-04-25",37.2,37.41,36.85,37.19,4920200,35.72
"2013-04-26",37.18,37.43,37.17,37.33,5252900,35.85
"2013-04-29",37.44,37.78,37.36,37.78,5515400,36.28
"2013-04-30",37.64,37.8,37.21,37.51,9138000,36.03
"2013-05-01",37.28,37.44,36.56,36.75,10795200,35.3
"2013-05-02",36.62,36.62,35.88,36.34,7128600,34.9
"2013-05-03",36.45,36.69,35.78,35.81,7020700,34.39
"2013-05-06",35.48,35.58,34.97,35.25,6246200,33.85
"2013-05-07",35.34,35.57,35.25,35.51,4482600,34.1
"2013-05-08",35.44,35.78,35.44,35.71,6715000,34.3
"2013-05-09",35.65,35.84,35.46,35.6,19023700,34.19
"2013-05-10",35.54,35.75,35.45,35.75,17513300,34.34
"2013-05-13",35.4,35.49,34.89,34.93,5390400,33.84
"2013-05-14",34.99,35.26,34.91,35,5229400,33.91
"2013-05-15",34.96,35.54,34.7,35.19,5806100,34.09
"2013-05-16",35.08,35.2,34.68,34.79,5448800,33.71
"2013-05-17",34.91,35.29,34.82,35.15,8445600,34.05
"2013-05-20",35.21,35.38,34.93,34.99,5001400,33.9
"2013-05-21",35.02,35.28,34.9,35.01,4822000,33.92
"2013-05-22",34.98,35.46,34.51,34.6,6951600,33.52
"2013-05-23",34.42,34.93,34.22,34.72,6516300,33.64
"2013-05-24",34.56,34.69,34.4,34.65,5317900,33.57
"2013-05-28",32.13,32.75,31.93,32.04,21262800,31.04
"2013-05-29",31.77,32.18,31.41,31.65,11085000,30.66
"2013-05-30",31.86,32.37,31.47,31.5,7609200,30.52
"2013-05-31",31.56,31.95,31.34,31.34,6706200,30.36
"2013-06-03",31.38,32.01,31.25,31.61,7446200,30.62
"2013-06-04",31.52,31.66,31.3,31.59,5335600,30.61
"2013-06-05",31.44,31.62,31.18,31.41,6200500,30.43
"2013-06-06",31.34,31.59,31.25,31.5,7665900,30.52
"2013-06-07",31.52,31.71,31.05,31.36,8881600,30.38
"2013-06-10",31.56,31.56,31.15,31.39,7029400,30.41
"2013-06-11",31.19,31.68,31.11,31.2,6231400,30.23
"2013-06-12",31.32,31.46,30.38,30.4,7517400,29.45
"2013-06-13",30.48,30.71,30.12,30.71,7421200,29.75
"2013-06-14",30.72,31,30.61,30.63,4795200,29.68
"2013-06-17",30.77,30.93,30.59,30.73,5985200,29.77
"2013-06-18",30.74,31.15,30.68,31.15,5715700,30.18
"2013-06-19",31.07,31.26,30.67,30.68,7551900,29.72
"2013-06-20",30.48,30.61,29.84,29.9,8717500,28.97
"2013-06-21",30.12,30.58,29.93,30.3,10979800,29.36
"2013-06-24",30,30.95,29.84,30.62,10042500,29.67
"2013-06-25",30.78,31.3,30.31,31.08,9471300,30.11
"2013-06-26",31.23,31.5,31.14,31.35,5649200,30.37
"2013-06-27",31.39,31.49,31,31.09,6104200,30.12
"2013-06-28",31.09,31.25,30.84,30.88,8028700,29.92
"2013-07-01",30.95,31.03,30.19,30.32,6744700,29.37
"2013-07-02",30.27,30.62,30.15,30.22,5380600,29.28
"2013-07-03",30.13,30.19,29.9,30.08,2435600,29.14
"2013-07-05",30,30.06,29.44,29.74,4050000,28.81
"2013-07-08",29.77,30.45,29.75,30.45,5742400,29.5
"2013-07-09",30.49,30.9,30.48,30.81,5535200,29.85
"2013-07-10",30.71,30.74,30.48,30.57,4193700,29.62
"2013-07-11",30.81,31.02,30.72,31,4495500,30.03
"2013-07-12",31,31.08,30.73,31.04,4027400,30.07
"2013-07-15",30.96,31.65,30.9,31.55,4249600,30.57
"2013-07-16",31.53,31.57,31.25,31.47,3232800,30.49
"2013-07-17",31.61,31.65,31.33,31.43,2700300,30.45
"2013-07-18",31.62,31.96,31.6,31.83,4540400,30.84
"2013-07-19",31.84,32.05,31.72,32.04,7718300,31.04
"2013-07-22",32,32.33,31.96,32.31,4183700,31.3
"2013-07-23",32.23,32.42,32.01,32.1,4162400,31.1
"2013-07-24",32.02,32.05,31.08,31.18,5500300,30.21
"2013-07-25",31.11,31.55,31.05,31.51,4371500,30.53
"2013-07-26",31.41,31.66,31.24,31.65,3507600,30.66
"2013-07-29",31.44,31.92,31.35,31.69,4472300,30.7
"2013-07-30",31.86,32.09,31.45,31.46,5774800,30.48
"2013-07-31",31.4,31.43,30.33,30.59,8441500,29.64
"2013-08-01",30.58,30.83,30.36,30.8,5356500,29.84
"2013-08-02",30.8,30.91,30.46,30.62,6556500,29.67
"2013-08-05",30.59,30.95,30.42,30.63,3881300,29.68
"2013-08-06",30.54,30.62,30.11,30.25,4950500,29.31
"2013-08-07",30.17,30.9,30.07,30.84,4575100,29.88
"2013-08-08",30.87,31.45,30.77,31.35,22236800,30.37
"2013-08-09",31.26,31.41,31.11,31.26,15148500,30.29
"2013-08-12",31.15,31.2,30.94,31.06,17857900,30.09
"2013-08-13",30.67,30.85,30.33,30.42,6001500,29.77
"2013-08-14",30.33,30.5,30.01,30.44,4321300,29.79
"2013-08-15",30.25,30.52,30.18,30.47,5531700,29.82
"2013-08-16",30.49,30.6,30.03,30.16,6852200,29.51
"2013-08-19",30.03,30.28,29.75,29.86,6060200,29.22
"2013-08-20",29.85,30.34,29.74,30.12,7457000,29.48
"2013-08-21",30.05,30.08,29.67,29.86,6150900,29.22
"2013-08-22",29.89,30.87,29.82,30.72,6907200,30.06
"2013-08-23",30.84,31,30.59,30.96,4208700,30.3
"2013-08-26",30.9,30.96,30.69,30.7,4960900,30.04
"2013-08-27",30.48,30.79,30.37,30.56,4692900,29.91
"2013-08-28",30.55,30.83,30.43,30.71,4248300,30.05
"2013-08-29",30.59,30.73,30.32,30.42,4534500,29.77
"2013-08-30",30.43,30.69,30.4,30.49,4478200,29.84
"2013-09-03",30.66,30.75,30.03,30.09,4924600,29.45
"2013-09-04",30.01,30.2,29.7,30.09,5969900,29.45
"2013-09-05",30.05,30.17,29.86,30.05,3413700,29.41
"2013-09-06",30.19,30.63,30.17,30.31,5153400,29.66
"2013-09-09",30.34,30.42,30.04,30.25,4326900,29.6
"2013-09-10",30.43,30.76,30.23,30.73,5382200,30.07
"2013-09-11",30.7,30.76,29.99,30.12,6418000,29.48
"2013-09-12",30.08,30.24,29.9,30.02,4263000,29.38
"2013-09-13",30.09,30.21,30.01,30.17,2911000,29.52
"2013-09-16",30.42,30.67,30.1,30.22,4790400,29.57
"2013-09-17",30.2,30.48,30.1,30.34,4998800,29.69
"2013-09-18",30.15,31.19,30.07,31.02,7667000,30.36
"2013-09-19",31.03,31.18,30.56,30.84,4835700,30.18
"2013-09-20",30.85,30.9,30.11,30.13,8146500,29.48
"2013-09-23",30.06,30.69,29.73,30.42,5134200,29.77
"2013-09-24",30.46,30.64,30.25,30.52,4779400,29.87
"2013-09-25",30.45,30.66,30.21,30.31,3999200,29.66
"2013-09-26",30.37,30.45,29.84,30.09,3895100,29.45
"2013-09-27",30.02,30.15,29.58,29.74,3696500,29.1
"2013-09-30",29.67,29.87,29.42,29.64,5293000,29.01
"2013-10-01",29.67,29.8,29.46,29.64,3800100,29.01
"2013-10-02",29.5,29.89,29.35,29.71,4460600,29.07
"2013-10-03",29.55,29.56,29.1,29.17,4836600,28.55
"2013-10-04",29.2,29.34,29.11,29.23,2668600,28.6
"2013-10-07",29.07,29.44,29,29.08,3547000,28.46
"2013-10-08",29.02,29.58,29.02,29.3,4835000,28.67
"2013-10-09",29.43,29.99,29.35,29.71,6397900,29.07
"2013-10-10",29.78,30.2,29.43,30.15,4712200,29.5
"2013-10-11",30.18,30.59,30.05,30.34,4292700,29.69
"2013-10-14",30.18,30.2,29.6,30.02,4465300,29.38
"2013-10-15",29.91,29.95,29.45,29.52,4814900,28.89
"2013-10-16",28.96,29.26,28.59,28.75,12641000,28.13
"2013-10-17",28.69,29.4,28.38,29.04,8530700,28.42
"2013-10-18",29.06,29.08,28.71,28.75,8291100,28.13
"2013-10-21",28.79,28.95,28.37,28.58,8483600,27.97
"2013-10-22",28.6,28.8,28.21,28.69,13606800,28.08
"2013-10-23",28.38,28.5,27.74,27.97,17272900,27.37
"2013-10-24",27.89,28.14,27.58,27.74,10766900,27.15
"2013-10-25",27.75,27.96,27.63,27.96,7844400,27.36
"2013-10-28",27.65,28.18,27.65,28.07,9471500,27.47
"2013-10-29",28.07,28.35,27.83,28.05,8997400,27.45
"2013-10-30",28.51,28.9,27.81,28.55,13746500,27.94
"2013-10-31",28.61,28.83,28.13,28.54,8674500,27.93
"2013-11-01",28.65,28.78,28.45,28.67,5961600,28.06
"2013-11-04",28.71,28.74,28.31,28.59,8122800,27.98
"2013-11-05",28.58,28.91,28.25,28.25,7630500,27.65
"2013-11-06",28.42,29.09,28.31,29.01,11405500,28.39
"2013-11-07",29.04,29.14,28.49,28.56,19444500,27.95
"2013-11-08",28.36,28.38,27.73,28.34,22279200,27.73
"2013-11-11",28.23,28.89,28.2,28.85,6911000,28.23
"2013-11-12",28.55,28.72,28.06,28.17,28029600,27.57
"2013-11-13",27.75,28.16,27.69,28.06,6644000,27.76
"2013-11-14",28.08,28.25,27.87,27.9,8289600,27.61
"2013-11-15",27.85,28.29,27.81,28.12,6205800,27.82
"2013-11-18",28.25,28.33,28.02,28.04,5301900,27.75
"2013-11-19",28,28.11,27.62,27.72,6382000,27.43
"2013-11-20",27.9,28.17,27.58,27.6,6054400,27.31
"2013-11-21",27.63,27.93,27.55,27.65,5914600,27.36
"2013-11-22",27.64,27.74,27.33,27.35,4956400,27.06
"2013-11-25",27.35,27.37,27.08,27.23,8766500,26.94
"2013-11-26",27.23,27.23,26.92,26.95,5950700,26.67
"2013-11-27",26.91,27.05,26.87,26.94,5061500,26.66
"2013-11-29",26.94,27.22,26.89,26.91,2698000,26.63
"2013-12-02",26.95,27.09,26.64,26.9,6551900,26.62
"2013-12-03",26.78,27.42,26.74,27.41,7430100,27.12
"2013-12-04",27.31,27.75,27.21,27.7,6298900,27.41
"2013-12-05",27.68,27.81,27.12,27.81,8978100,27.52
"2013-12-06",27.88,28.47,27.8,28.44,10564800,28.14
"2013-12-09",28.43,28.5,28.12,28.47,7622300,28.17
"2013-12-10",28.47,28.48,28.1,28.2,8036900,27.9
"2013-12-11",28.16,28.28,27.92,28.01,8753000,27.72
"2013-12-12",27.92,28.16,27.76,27.9,6389700,27.61
"2013-12-13",27.87,28.04,27.53,27.7,5259400,27.41
"2013-12-16",27.69,28.02,27.69,27.78,7439400,27.49
"2013-12-17",27.76,27.85,27.59,27.73,6953500,27.44
"2013-12-18",27.72,27.96,27.24,27.93,8901400,27.64
"2013-12-19",27.74,27.77,27.12,27.22,8965000,26.93
"2013-12-20",27.26,27.69,27.07,27.26,15041900,26.97
"2013-12-23",27.35,27.56,27.09,27.14,7468100,26.85
"2013-12-24",27.05,27.35,27.05,27.29,3008500,27
"2013-12-26",27.36,27.45,27.16,27.19,4314000,26.9
"2013-12-27",27.25,27.45,27.13,27.15,5190800,26.86
"2013-12-30",27.16,27.55,27.16,27.48,6644300,27.19
"2013-12-31",27.54,27.68,27.28,27.39,5990800,27.1
"2014-01-02",27.46,27.58,27.16,27.17,4981900,26.88
"2014-01-03",26.9,26.97,26.45,26.62,10155900,26.34
"2014-01-06",26.61,26.86,26.55,26.79,7416700,26.51
"2014-01-07",26.97,27,26.69,26.93,7045500,26.65
"2014-01-08",26.99,27.09,26.76,26.87,5820200,26.59
"2014-01-09",26.88,27.1,26.8,27.03,5646400,26.75
"2014-01-10",27.16,27.59,27.1,27.17,5591900,26.88
"2014-01-13",27.14,27.18,26.88,26.98,4403100,26.7
"2014-01-14",26.99,27.24,26.85,26.89,5425400,26.61
"2014-01-15",26.89,27.08,26.72,26.77,4730800,26.49
"2014-01-16",26.87,27.44,26.81,27.41,5250000,27.12
"2014-01-17",27.48,27.55,27.06,27.2,4560900,26.91
"2014-01-21",27.27,27.78,27.24,27.77,7407300,27.48
"2014-01-22",27.7,28.17,27.66,28.13,7702700,27.83
"2014-01-23",27.98,28.4,27.92,28.32,8749000,28.02
"2014-01-24",28.21,29.16,28.2,28.27,13769700,27.97
"2014-01-27",28.45,28.45,28.08,28.2,8275000,27.9
"2014-01-28",28.39,28.42,27.9,28.1,5937900,27.8
"2014-01-29",28.06,28.26,27.95,28.19,6105400,27.89
"2014-01-30",28.3,29.08,28.24,28.99,9974500,28.69
"2014-01-31",28.8,29.31,28.78,29,10412300,28.69
"2014-02-03",29.12,29.4,28.7,28.97,14382800,28.67
"2014-02-04",29.21,29.25,28.82,28.91,9383600,28.61
"2014-02-05",28.77,29.08,28.57,28.86,9930800,28.56
"2014-02-06",28.81,29.88,28.81,29.49,13763200,29.18
"2014-02-07",29.7,29.7,29.08,29.44,8783500,29.13
"2014-02-10",29.35,29.55,29.23,29.4,7130200,29.09
"2014-02-11",29.33,29.62,29.14,29.47,7608300,29.16
"2014-02-12",29.16,29.17,28.79,28.94,5453900,28.94
"2014-02-13",28.88,29.59,28.85,29.4,9758900,29.4
"2014-02-14",29.34,29.8,29.26,29.74,7124200,29.74
"2014-02-18",29.76,30.18,29.64,30.05,8591300,30.05
"2014-02-19",29.96,30.33,29.75,29.96,7017500,29.96
"2014-02-20",29.94,30.28,29.73,30.23,6189200,30.23
"2014-02-21",30.26,30.71,30.1,30.42,8383400,30.42
"2014-02-24",30.42,30.95,30.37,30.39,10331900,30.39
"2014-02-25",30.36,30.74,30.19,30.36,5710400,30.36
"2014-02-26",30.44,30.65,30.34,30.42,3632200,30.42
"2014-02-27",30.36,30.48,29.96,30.17,6059700,30.17
"2014-02-28",30.29,30.58,30.25,30.41,4556400,30.41
"2014-03-03",30.24,30.34,30.02,30.03,3731100,30.03
"2014-03-04",30.27,30.5,30.03,30.4,5405800,30.4
"2014-03-05",30.41,30.5,30.19,30.28,3923200,30.28
"2014-03-06",30.2,30.39,29.61,29.81,7124700,29.81
"2014-03-07",29.68,29.83,29.14,29.82,8027800,29.82
"2014-03-10",29.81,29.96,29.6,29.88,4319100,29.88
"2014-03-11",30.14,30.14,29.68,29.84,3017000,29.84
"2014-03-12",29.75,30.19,29.68,30.18,3311800,30.18
"2014-03-13",30.17,30.68,30.15,30.51,4758500,30.51
"2014-03-14",30.43,30.87,30.34,30.64,5058100,30.64
"2014-03-17",30.73,31.06,30.52,31.02,5664300,31.02
