"","FITB.Open","FITB.High","FITB.Low","FITB.Close","FITB.Volume","FITB.Adjusted"
"2007-01-03",41.05,41.41,40.76,40.98,1899700,34.25
"2007-01-04",40.96,41.07,40.62,40.99,1580000,34.26
"2007-01-05",40.81,40.84,39.94,40.18,3162700,33.59
"2007-01-08",40.07,40.11,39.62,39.92,3109500,33.37
"2007-01-09",40.1,40.24,39.73,40,1383200,33.44
"2007-01-10",39.93,40,39.73,39.9,1296300,33.35
"2007-01-11",39.91,40.1,39.86,39.93,1196600,33.38
"2007-01-12",39.83,40.24,39.68,40.03,1670700,33.46
"2007-01-16",40.23,40.37,39.9,40.35,2376600,33.73
"2007-01-17",40.36,40.36,39.49,39.64,3080500,33.13
"2007-01-18",39.7,40.74,39.12,39.9,4138600,33.35
"2007-01-19",40,40,39.07,39.59,2882400,33.09
"2007-01-22",39.41,39.47,39.1,39.2,2072000,32.77
"2007-01-23",39.2,39.27,39.02,39.09,1294800,32.67
"2007-01-24",39.19,39.38,39.04,39.38,1986900,32.92
"2007-01-25",39.3,39.33,38.86,38.91,1557200,32.52
"2007-01-26",38.9,39.21,38.86,39.11,3348400,32.69
"2007-01-29",39.27,39.37,38.98,39.09,3337500,32.67
"2007-01-30",39.07,39.34,38.86,39.3,1668100,32.85
"2007-01-31",39.2,39.93,39.16,39.9,3093400,33.35
"2007-02-01",39.9,40.26,39.81,40.24,2793400,33.64
"2007-02-02",40.14,40.47,40.07,40.33,1978100,33.71
"2007-02-05",40.37,40.57,40.23,40.33,1669900,33.71
"2007-02-06",40.37,40.81,40.35,40.53,1620500,33.88
"2007-02-07",40.66,41,40.61,40.91,1781500,34.2
"2007-02-08",40.74,40.81,40.36,40.39,1921900,33.76
"2007-02-09",40.48,40.59,40.22,40.46,3076800,33.82
"2007-02-12",40.5,40.92,40.5,40.75,2451800,34.06
"2007-02-13",40.93,41.06,40.67,41.05,2072400,34.31
"2007-02-14",41.06,41.27,40.74,41.11,2160300,34.36
"2007-02-15",41.04,41.18,40.81,40.97,1614500,34.25
"2007-02-16",40.85,41.12,40.83,40.98,1682500,34.25
"2007-02-20",40.96,41.3,40.91,41.2,1596900,34.44
"2007-02-21",41.08,41.12,40.67,40.8,2475700,34.1
"2007-02-22",40.93,40.98,40.43,40.68,1571100,34
"2007-02-23",40.89,40.94,40.33,40.58,1645900,33.92
"2007-02-26",41.12,41.2,40.44,40.65,2152800,33.98
"2007-02-27",40.51,40.65,39.57,39.72,4249800,33.2
"2007-02-28",39.72,40.41,39.69,40.28,3913500,33.67
"2007-03-01",39.76,40.25,39,40.11,5040800,33.53
"2007-03-02",40,40.4,39.94,39.99,2940000,33.43
"2007-03-05",39.78,39.92,39.37,39.39,2449000,32.93
"2007-03-06",39.6,40.2,39.46,40.15,2030200,33.56
"2007-03-07",40,40,39.58,39.59,2037900,33.09
"2007-03-08",39.99,40.33,39.82,40.08,2416200,33.5
"2007-03-09",40.35,40.5,39.96,39.96,2806800,33.4
"2007-03-12",39.7,40.25,39.66,40.22,1764500,33.62
"2007-03-13",40.04,40.07,38.66,38.66,4512500,32.32
"2007-03-14",38.81,39.01,37.93,38.96,4103100,32.57
"2007-03-15",38.97,39.51,38.82,39.39,2074300,32.93
"2007-03-16",39.66,39.72,39.19,39.35,3524100,32.89
"2007-03-19",39.35,39.74,39.35,39.48,3640600,33
"2007-03-20",39.49,39.68,39.39,39.61,3771500,33.11
"2007-03-21",39.51,40.57,39.33,40.45,4932300,33.81
"2007-03-22",40.5,40.51,40.02,40.13,1824200,33.54
"2007-03-23",40.06,40.39,40.02,40.13,1098800,33.54
"2007-03-26",40.15,40.16,39.58,40.07,3274900,33.49
"2007-03-27",39.84,40.03,39.68,39.76,2643000,33.23
"2007-03-28",39.27,39.5,38.68,38.71,3378700,32.7
"2007-03-29",39.05,39.25,38.7,38.99,2420600,32.94
"2007-03-30",38.94,39.11,38.26,38.69,2441900,32.69
"2007-04-02",38.59,38.59,37.88,38.1,2857000,32.19
"2007-04-03",38.24,38.67,38.16,38.6,2051600,32.61
"2007-04-04",38.8,38.8,38.47,38.65,1859200,32.65
"2007-04-05",38.81,38.94,38.51,38.8,2501300,32.78
"2007-04-09",38.76,38.79,38.14,38.27,2246700,32.33
"2007-04-10",38.27,38.66,38.26,38.6,1947000,32.61
"2007-04-11",38.66,38.69,38.14,38.41,2941500,32.45
"2007-04-12",38.26,38.34,37.95,38.26,3261500,32.32
"2007-04-13",38.26,38.6,38.1,38.43,3512000,32.47
"2007-04-16",38.52,39.85,38.46,39.33,5048200,33.23
"2007-04-17",39.23,39.47,39.06,39.11,2671000,33.04
"2007-04-18",39.1,39.81,38.92,39.63,4301300,33.48
"2007-04-19",39.59,40.3,39.21,40.04,4769500,33.83
"2007-04-20",40.01,40.24,39.68,40.16,5666200,33.93
"2007-04-23",40.18,40.3,40.04,40.1,4029700,33.88
"2007-04-24",40.09,40.21,39.73,39.89,4387300,33.7
"2007-04-25",40.13,40.52,39.88,40.41,3538600,34.14
"2007-04-26",40.34,40.88,40.27,40.67,3489200,34.36
"2007-04-27",40.61,40.94,40.26,40.84,2770800,34.5
"2007-04-30",41,41.06,40.5,40.59,3403800,34.29
"2007-05-01",40.58,40.96,40.3,40.79,3979000,34.46
"2007-05-02",40.87,41.05,40.75,40.91,2502100,34.56
"2007-05-03",41.07,41.29,40.82,41.28,2528400,34.87
"2007-05-04",41.32,41.34,40.99,41.12,2471700,34.74
"2007-05-07",41.26,41.58,41.12,41.55,2074700,35.1
"2007-05-08",41.39,41.53,41.14,41.26,2368400,34.86
"2007-05-09",41.26,41.64,41.19,41.46,2037400,35.03
"2007-05-10",41.41,41.44,40.84,40.84,2270200,34.5
"2007-05-11",41.22,41.49,40.72,41.12,1975200,34.74
"2007-05-14",41.18,41.25,40.73,40.88,1532900,34.54
"2007-05-15",40.88,41.43,40.76,40.79,2752900,34.46
"2007-05-16",40.77,41.4,40.75,41.38,2091100,34.96
"2007-05-17",41.23,41.34,40.92,41.01,2872100,34.65
"2007-05-18",41.18,41.24,41.01,41.16,2928400,34.77
"2007-05-21",41,41.55,40.92,41.38,2346600,34.96
"2007-05-22",41.26,41.63,40.74,41.44,2970100,35.01
"2007-05-23",41.6,43.32,41.36,42.83,8843500,36.18
"2007-05-24",42.53,42.75,41.9,42.59,5784800,35.98
"2007-05-25",42.81,42.97,42.38,42.93,2810000,36.27
"2007-05-29",42.21,42.83,42.09,42.4,4038500,35.82
"2007-05-30",42.27,42.87,42,42.78,3369800,36.14
"2007-05-31",42.8,42.98,42.28,42.36,3807900,35.79
"2007-06-01",42.54,42.86,42.44,42.78,2643600,36.14
"2007-06-04",42.64,42.75,42.46,42.66,2061600,36.04
"2007-06-05",42.5,42.55,41.92,42.13,2827400,35.59
"2007-06-06",42.08,42.08,41.71,41.78,2950600,35.3
"2007-06-07",41.54,41.88,41.18,41.54,5958000,35.09
"2007-06-08",41.45,42.46,41.28,42.39,4675700,35.81
"2007-06-11",42.24,42.74,41.96,42.62,2711000,36.01
"2007-06-12",42.56,42.75,42.17,42.29,4845100,35.73
"2007-06-13",42.32,42.95,42.3,42.95,3933800,36.28
"2007-06-14",42.96,42.98,42.4,42.55,2195700,35.95
"2007-06-15",42.89,43,42.66,42.75,3585300,36.12
"2007-06-18",42.85,42.93,42.55,42.77,2743200,36.13
"2007-06-19",42.79,43.11,42.69,43.06,1829000,36.38
"2007-06-20",43.18,43.2,42.35,42.37,2721800,35.79
"2007-06-21",42.37,42.54,41.77,42.28,3201400,35.72
"2007-06-22",42.12,42.23,41.25,41.35,6135700,34.93
"2007-06-25",41.38,41.83,40.95,41.03,3627400,34.66
"2007-06-26",41.32,41.34,40.84,40.85,3544400,34.51
"2007-06-27",40.33,40.68,39.96,40.59,4228200,34.65
"2007-06-28",40.45,40.59,40.18,40.27,3508900,34.37
"2007-06-29",40.22,40.46,39.51,39.77,4303300,33.95
"2007-07-02",40.06,40.57,39.96,40.37,2408800,34.46
"2007-07-03",40.55,40.84,40.44,40.66,1715900,34.71
"2007-07-05",40.54,40.71,40.07,40.28,1993000,34.38
"2007-07-06",40.15,40.24,39.96,40.08,1971900,34.21
"2007-07-09",40.06,40.07,39.64,39.76,3950800,33.94
"2007-07-10",39.52,39.56,38.75,38.75,5327900,33.08
"2007-07-11",38.75,39.08,38.66,38.99,2785200,33.28
"2007-07-12",39.19,40.49,38.99,40.47,4073100,34.54
"2007-07-13",40.28,40.95,40.22,40.79,4492500,34.82
"2007-07-16",40.59,41,40.49,40.5,2617400,34.57
"2007-07-17",40.37,41.01,40.36,40.65,3587700,34.7
"2007-07-18",40.53,40.64,39.74,40.11,4885900,34.24
"2007-07-19",40.54,40.54,39.34,39.55,3404600,33.76
"2007-07-20",39.27,39.5,38.22,38.69,5194200,33.02
"2007-07-23",39.62,39.75,38.71,38.78,3571100,33.1
"2007-07-24",38.44,38.49,37.47,37.54,4713400,32.04
"2007-07-25",37.67,38.46,37.35,38.23,5043200,32.63
"2007-07-26",37.8,37.88,36.51,37.18,5432200,31.74
"2007-07-27",37.41,37.69,36.77,36.78,4266400,31.39
"2007-07-30",36.52,38.44,36.42,38.07,5724000,32.5
"2007-07-31",38.12,38.79,36.83,36.89,5373700,31.49
"2007-08-01",36.64,37.25,36.02,37.19,5427000,31.74
"2007-08-02",37.09,37.86,37,37.48,3385400,31.99
"2007-08-03",37.56,37.64,36.08,36.09,4744000,30.81
"2007-08-06",36.38,38.94,35.93,38.82,5638200,33.14
"2007-08-07",38.39,39.99,37.89,39.53,5405900,33.74
"2007-08-08",39.57,41.17,37.71,40.1,6861900,34.23
"2007-08-09",37.85,39.72,37.09,38.61,5531000,32.96
"2007-08-10",38.36,40.13,37.85,39.22,5464500,33.48
"2007-08-13",39.54,39.75,37.5,37.61,3748900,32.1
"2007-08-14",37.71,37.93,37.03,37.42,3111500,31.94
"2007-08-15",37.35,38.81,37.3,37.38,4780600,31.91
"2007-08-16",35.98,37.5,35.27,36.39,14401100,31.06
"2007-08-17",37.77,41.12,37.06,38.03,8053200,32.46
"2007-08-20",38.01,38.48,36.48,36.91,6484800,31.51
"2007-08-21",36.9,37.48,36.8,37.2,5237600,31.75
"2007-08-22",37.53,37.85,36.51,37.15,4057100,31.71
"2007-08-23",37.53,37.68,36.69,37.01,2109500,31.59
"2007-08-24",36.92,37.25,36.61,37.01,2968000,31.59
"2007-08-27",36.75,37,36.38,36.4,2600700,31.07
"2007-08-28",36.17,36.2,35.31,35.36,3712500,30.18
"2007-08-29",35.65,36.33,35.06,36.27,2787700,30.96
"2007-08-30",35.9,36.11,35.25,35.42,3092400,30.23
"2007-08-31",35.82,36.12,35.18,35.69,2523800,30.46
"2007-09-04",35.55,35.91,35.29,35.69,3141500,30.46
"2007-09-05",35.39,35.41,34.36,34.73,4491700,29.64
"2007-09-06",34.95,35.32,34.64,35.25,3613400,30.09
"2007-09-07",34.83,35.29,34.42,34.79,3220500,29.7
"2007-09-10",34.88,35.45,34.41,35.06,2330800,29.93
"2007-09-11",35.06,35.8,34.51,34.8,4148700,29.7
"2007-09-12",34.77,34.83,34.32,34.42,3001500,29.38
"2007-09-13",34.68,34.89,34.21,34.41,3812400,29.37
"2007-09-14",34.54,34.83,34.19,34.77,3057200,29.68
"2007-09-17",34.63,34.87,34.43,34.72,1625400,29.64
"2007-09-18",34.89,36.64,34.8,36.64,4307500,31.28
"2007-09-19",36.97,37.82,36.23,36.5,3265900,31.16
"2007-09-20",36.37,36.7,35.35,35.41,2950300,30.23
"2007-09-21",35.85,35.88,34.8,35.23,4967300,30.07
"2007-09-24",35.14,35.3,34.6,34.61,2667700,29.54
"2007-09-25",34.54,34.86,34.22,34.84,2654000,29.74
"2007-09-26",34.78,34.81,34.08,34.21,2402200,29.56
"2007-09-27",34.22,34.48,34.03,34.22,1496000,29.57
"2007-09-28",34.15,34.35,33.6,33.88,2507000,29.27
"2007-10-01",33.83,34.4,33.67,34.31,2814400,29.64
"2007-10-02",34.55,34.79,34.33,34.55,2094200,29.85
"2007-10-03",34.53,35.02,34.26,34.68,3023000,29.96
"2007-10-04",34.84,35.04,34.73,34.89,2522800,30.14
"2007-10-05",35.16,35.34,34.71,35.08,2212400,30.31
"2007-10-08",34.97,35.22,34.81,34.95,1929100,30.2
"2007-10-09",35,35.18,34.77,35.06,2469300,30.29
"2007-10-10",34.97,35.06,34.15,34.16,3277500,29.51
"2007-10-11",34.31,34.43,33.61,33.68,4066800,29.1
"2007-10-12",33.71,33.86,32.91,33.04,5777400,28.55
"2007-10-15",33.13,33.4,32.42,32.64,4447400,28.2
"2007-10-16",32.65,32.74,31.05,31.13,8225800,26.9
"2007-10-17",31.51,31.63,30.53,31,11639800,26.78
"2007-10-18",30.9,30.94,30.1,30.48,4827300,26.33
"2007-10-19",31.3,31.33,29.97,29.97,7902500,25.89
"2007-10-22",30,30.2,29.57,29.9,3824500,25.83
"2007-10-23",30.19,30.59,29.57,29.98,5270800,25.9
"2007-10-24",29.5,29.81,28.58,29.27,7835400,25.29
"2007-10-25",29.22,29.93,28.97,29.15,8877400,25.19
"2007-10-26",29.59,29.74,29.08,29.62,7426200,25.59
"2007-10-29",29.7,29.98,29.42,29.7,5802400,25.66
"2007-10-30",29.59,30.72,29.53,30.66,12262700,26.49
"2007-10-31",30.73,31.52,30.67,31.28,10703200,27.03
"2007-11-01",30.82,30.9,29.82,29.92,7486100,25.85
"2007-11-02",29.79,30.41,29.3,29.84,7120000,25.78
"2007-11-05",29.74,29.89,29.1,29.59,4572400,25.57
"2007-11-06",29.6,29.95,29,29.73,5033800,25.69
"2007-11-07",29.24,29.29,27.72,27.78,6208500,24
"2007-11-08",27.81,28.53,27.43,28.46,9258000,24.59
"2007-11-09",27.97,29.47,27.8,28.83,4853800,24.91
"2007-11-12",28.89,29.94,28.66,28.99,6910500,25.05
"2007-11-13",29.25,29.94,29.03,29.91,5170400,25.84
"2007-11-14",30.08,30.47,29.05,29.15,3686600,25.19
"2007-11-15",28.82,29.23,27.97,28.18,4363200,24.35
"2007-11-16",28.13,28.45,27.59,27.81,4669400,24.03
"2007-11-19",27.75,27.91,27,27.51,4820000,23.77
"2007-11-20",27.39,28.12,26.5,27.35,4786300,23.63
"2007-11-21",27.27,27.88,26.79,27.16,5193500,23.47
"2007-11-23",27.24,28.29,27.16,28.04,1700200,24.23
"2007-11-26",28.1,28.2,26.23,26.23,4122700,22.66
"2007-11-27",26.35,27.45,26.34,27.36,6772700,23.64
"2007-11-28",27.77,29.23,27.7,29.07,6111700,25.12
"2007-11-29",28.85,28.99,28.19,28.64,4324300,24.74
"2007-11-30",29.35,30.16,29.27,29.91,6892700,25.84
"2007-12-03",29.9,30.7,29.5,29.98,4739300,25.9
"2007-12-04",29.75,29.84,28.65,28.65,3255700,24.75
"2007-12-05",28.88,29.07,28.42,28.99,3916000,25.05
"2007-12-06",28.81,30,28.57,29.99,4776700,25.91
"2007-12-07",30.14,30.25,29.58,29.78,3286000,25.73
"2007-12-10",29.78,31.21,29.42,31.01,6791300,26.79
"2007-12-11",31.03,31.11,28.76,28.77,5220300,24.86
"2007-12-12",29.18,29.59,26.51,27.03,8435100,23.35
"2007-12-13",26.86,27.68,26.61,27.59,5051600,23.84
"2007-12-14",27.22,27.52,26.57,26.6,4334000,22.98
"2007-12-17",26.43,27.18,26.13,26.59,4497600,22.97
"2007-12-18",26.77,26.97,26.03,26.56,5864200,22.95
"2007-12-19",26,26.07,25.38,25.53,6878500,22.06
"2007-12-20",25.53,26.12,25.11,25.73,5212700,22.23
"2007-12-21",26.09,27.07,25.48,27.06,7580000,23.38
"2007-12-24",27.28,27.28,26.49,27.02,2134800,23.35
"2007-12-26",26.78,26.93,26.26,26.58,3039200,22.96
"2007-12-27",26.3,26.34,25.14,25.19,4435000,22.13
"2007-12-28",25.41,25.69,24.82,25.24,3816700,22.17
"2007-12-31",25,25.39,24.91,25.13,3613900,22.08
"2008-01-02",24.95,25.09,24.33,24.41,4449800,21.45
"2008-01-03",24.7,24.93,24.4,24.57,3729200,21.59
"2008-01-04",24.52,24.52,23.29,23.78,9934600,20.89
"2008-01-07",23.81,24.06,22.96,23.23,7895000,20.41
"2008-01-08",23.25,23.6,22.53,22.56,6595100,19.82
"2008-01-09",22.54,23.17,22.09,23.16,8090800,20.35
"2008-01-10",23,24.18,22.46,23.69,9204200,20.81
"2008-01-11",23.38,24.86,23.12,24.36,6799100,21.4
"2008-01-14",24.61,24.72,23.45,23.82,4302300,20.93
"2008-01-15",23.25,23.41,22.57,22.91,6153000,20.13
"2008-01-16",23.01,24.51,22.78,24.06,9091300,21.14
"2008-01-17",23.85,24.43,22.93,23.09,6795600,20.29
"2008-01-18",22.97,23.78,22.15,22.6,8978300,19.85
"2008-01-22",20.98,24.88,20.8,23.53,11044200,20.67
"2008-01-23",22.94,25.81,22.08,25.16,10793000,22.1
"2008-01-24",25.41,25.73,24.6,25.21,7595200,22.15
"2008-01-25",25.57,25.98,24.35,24.49,6880800,21.52
"2008-01-28",24.33,25.75,23.96,25.75,5623700,22.62
"2008-01-29",26.1,26.67,25.97,26.47,7613000,23.25
"2008-01-30",26.32,27.18,25.99,26.06,6400000,22.89
"2008-01-31",25.64,27.52,25,27.1,7806500,23.81
"2008-02-01",27.1,28.1,26.72,28.06,6074100,24.65
"2008-02-04",28.06,28.58,26.92,27.09,7210100,23.8
"2008-02-05",26.7,26.84,25.74,25.75,5720200,22.62
"2008-02-06",26.01,26.68,25.56,26.05,5111500,22.89
"2008-02-07",26,27.1,25.78,26.38,6321700,23.18
"2008-02-08",26.04,26.19,25,25.67,5090100,22.55
"2008-02-11",25.67,25.67,24.76,24.99,3876000,21.95
"2008-02-12",25.21,26.41,25.08,26.05,6053200,22.89
"2008-02-13",26.44,26.61,25.49,26,3810500,22.84
"2008-02-14",26.06,26.06,25.08,25.14,3580700,22.09
"2008-02-15",25.35,25.66,24.51,25.62,4793900,22.51
"2008-02-19",25.95,25.99,24.35,24.61,5647000,21.62
"2008-02-20",24.3,24.95,23.9,24.82,6451700,21.81
"2008-02-21",24.86,25.18,24.12,24.26,3573400,21.31
"2008-02-22",24.37,24.81,23.85,24.72,4737200,21.72
"2008-02-25",24.78,25,24.06,24.94,4025900,21.91
"2008-02-26",24.8,25.43,24.53,25.08,4517900,22.03
"2008-02-27",24.85,25.47,24.63,24.94,3991300,21.91
"2008-02-28",24.81,24.81,23.71,24.05,4785600,21.13
"2008-02-29",23.74,23.83,22.72,22.9,7943900,20.12
"2008-03-03",22.96,23.25,22.35,22.92,5663100,20.14
"2008-03-04",22.75,23.03,21.88,22.9,6037500,20.12
"2008-03-05",22.95,23.24,21.99,22.36,7528500,19.64
"2008-03-06",22.15,22.21,21.69,21.72,4587700,19.08
"2008-03-07",21.33,22.68,21.23,22,6744400,19.33
"2008-03-10",22.02,22.55,21.58,22,7036000,19.33
"2008-03-11",22.8,24.22,22.41,24.12,9231500,21.19
"2008-03-12",24.11,24.88,22.92,23.06,8287700,20.26
"2008-03-13",22.49,23.18,21.75,22.82,8784300,20.05
"2008-03-14",22.75,23.47,21.5,21.84,12333900,19.19
"2008-03-17",21.15,21.61,20.25,21.12,12153600,18.55
"2008-03-18",21.6,22.36,20.9,22.29,9582700,19.58
"2008-03-19",22.29,23.11,20.6,21.82,7943200,19.17
"2008-03-20",21.97,23.37,21.59,23.35,9763600,20.51
"2008-03-24",23.5,24.6,23.35,23.68,5513500,20.8
"2008-03-25",23.9,23.9,23.05,23.25,4940900,20.43
"2008-03-26",22.96,22.99,22.33,22.38,6846000,19.66
"2008-03-27",22.4,22.4,21.16,21.33,7920800,19.12
"2008-03-28",21.42,21.65,20.73,20.82,6395600,18.66
"2008-03-31",20.82,21.45,20.59,20.92,6014400,18.75
"2008-04-01",21.42,22.5,21.42,22.49,5799000,20.15
"2008-04-02",22.83,23.64,22.49,22.63,8016200,20.28
"2008-04-03",22.82,22.82,22,22.55,6037500,20.21
"2008-04-04",22.61,23.06,22.49,22.71,7954500,20.35
"2008-04-07",22.7,23.45,22.52,23.12,7258100,20.72
"2008-04-08",22.51,23.12,22,22.11,6805900,19.81
"2008-04-09",22.3,22.49,21.58,21.64,4842700,19.39
"2008-04-10",21.48,21.92,21.08,21.36,8793000,19.14
"2008-04-11",20.94,21.41,20.81,20.86,11606800,18.69
"2008-04-14",20.74,20.87,18.96,19.02,16205400,17.04
"2008-04-15",19.15,19.74,18.93,19.26,12447500,17.26
"2008-04-16",19.44,20.49,19.41,20.1,8979500,18.01
"2008-04-17",19.77,20.66,19.42,20.54,9037100,18.41
"2008-04-18",21.89,22.66,20.78,20.95,8328500,18.77
"2008-04-21",20.63,20.9,19.38,19.38,10233000,17.37
"2008-04-22",19.49,21.09,19.47,20.93,13293200,18.76
"2008-04-23",21.31,21.34,19.59,19.9,10017300,17.83
"2008-04-24",19.94,21.45,19.94,21.25,10458900,19.04
"2008-04-25",21.36,21.87,20.92,21.78,7019500,19.52
"2008-04-28",21.9,22.23,21.4,22.01,6390300,19.72
"2008-04-29",22.06,22.18,21.6,21.72,4526300,19.46
"2008-04-30",21.6,22.1,21.28,21.43,6877900,19.2
"2008-05-01",21.68,22.86,21.28,22.61,7494200,20.26
"2008-05-02",23.25,23.75,22.43,22.65,5890000,20.3
"2008-05-05",22.66,22.97,22.18,22.19,5192900,19.89
"2008-05-06",21.87,22.57,21.43,22.46,5803800,20.13
"2008-05-07",22.46,22.59,21.59,21.85,7004700,19.58
"2008-05-08",21.94,21.94,20.81,20.9,8381600,18.73
"2008-05-09",20.76,21.47,20.52,20.77,5767500,18.61
"2008-05-12",20.89,21.33,20.88,21.26,3747000,19.05
"2008-05-13",21.4,21.47,20.66,20.73,5805800,18.58
"2008-05-14",20.7,21.18,20.7,20.95,3941600,18.77
"2008-05-15",20.86,21.18,20.44,21.11,5362800,18.92
"2008-05-16",20.87,21.12,20.35,20.48,4451900,18.35
"2008-05-19",20.46,20.91,20.33,20.47,3988900,18.34
"2008-05-20",20.43,20.43,19.82,19.99,4601100,17.91
"2008-05-21",19.93,20.24,19.72,19.72,8794900,17.67
"2008-05-22",19.64,20.18,19.51,19.88,4815700,17.82
"2008-05-23",19.65,19.81,19.25,19.26,4334400,17.26
"2008-05-27",19.3,19.7,19.19,19.55,7074800,17.52
"2008-05-28",19.59,19.6,18.48,18.85,10477700,16.89
"2008-05-29",18.7,19.42,18.49,19.22,6580300,17.22
"2008-05-30",19.07,19.14,18.59,18.7,9831800,16.76
"2008-06-02",18.56,18.76,17.91,17.99,14542700,16.12
"2008-06-03",18.01,18.04,17.26,17.35,14827200,15.55
"2008-06-04",17.37,18.02,17.33,17.42,14321600,15.61
"2008-06-05",17.77,17.98,17.4,17.56,13708400,15.74
"2008-06-06",17.4,17.5,16.48,16.74,13290600,15
"2008-06-09",16.87,16.94,16.48,16.78,17110800,15.04
"2008-06-10",16.54,17.13,16.19,16.43,21625700,14.72
"2008-06-11",16.46,16.63,15.33,15.34,22282500,13.75
"2008-06-12",15.38,16,14.48,14.69,20734500,13.16
"2008-06-13",14.1,14.19,12.09,13.17,31227500,11.8
"2008-06-16",13.03,13.76,12.93,13.56,15626600,12.15
"2008-06-17",13.79,13.99,12.67,12.73,18729400,11.41
"2008-06-18",10.69,11.2,9.23,9.26,104273700,8.3
"2008-06-19",9.24,9.86,8.96,9.75,90670400,8.74
"2008-06-20",9.84,10.76,9.57,10.11,53331600,9.06
"2008-06-23",10.19,10.42,9.81,10.05,27241100,9.01
"2008-06-24",10.09,10.49,9.8,10.16,23618400,9.1
"2008-06-25",10.42,11.19,10.26,10.3,28310100,9.23
"2008-06-26",10.04,10.55,9.9,10.31,25427600,9.38
"2008-06-27",10.25,10.67,10.1,10.23,21031200,9.3
"2008-06-30",10.29,10.4,9.74,10.18,24384500,9.26
"2008-07-01",9.88,10.9,9.88,10.61,20354900,9.65
"2008-07-02",11.25,11.47,10.64,10.65,26023800,9.69
"2008-07-03",10.65,10.91,10.4,10.56,10525900,9.6
"2008-07-07",10.7,10.99,9.94,10.31,18014300,9.38
"2008-07-08",10.48,11.61,10.4,11.61,24368400,10.56
"2008-07-09",11.64,12.06,11.03,11.1,21383700,10.09
"2008-07-10",11.37,12.03,10.97,11.84,22909100,10.77
"2008-07-11",11.31,12.77,11.29,12.48,25020400,11.35
"2008-07-14",13,13.08,11.1,11.16,36890800,10.15
"2008-07-15",10.7,11.27,9.1,10.44,40290700,9.49
"2008-07-16",10.99,12.15,10.62,12.14,30548900,11.04
"2008-07-17",12.41,13.93,11.7,13.76,28280300,12.51
"2008-07-18",13.84,13.87,12.98,13.53,18041300,12.3
"2008-07-21",13.95,14.25,13.31,13.39,17779200,12.18
"2008-07-22",13.29,14.95,12.56,14.95,28831900,13.6
"2008-07-23",14.22,15.14,14.15,14.65,31783200,13.32
"2008-07-24",14.84,14.84,13.45,13.59,19204600,12.36
"2008-07-25",13.73,14.23,13.28,13.72,14663700,12.48
"2008-07-28",13.25,13.99,12.8,12.94,13180200,11.77
"2008-07-29",13.23,14.23,12.66,14.18,17325400,12.9
"2008-07-30",14.44,14.71,13.34,14.24,15146700,12.95
"2008-07-31",13.9,14.62,13.72,13.97,11878600,12.7
"2008-08-01",14.18,14.22,13.61,13.99,10378100,12.72
"2008-08-04",14.24,14.24,13.37,13.97,8778500,12.7
"2008-08-05",14.14,15.01,13.86,14.98,13912800,13.62
"2008-08-06",14.63,15.5,14.46,15.05,14115900,13.69
"2008-08-07",14.87,15.33,14.47,15,18827600,13.64
"2008-08-08",15.29,15.85,14.93,15.68,10866100,14.26
"2008-08-11",15.73,16.47,15.4,16.1,13493300,14.64
"2008-08-12",15.78,16.09,14.61,14.8,12208100,13.46
"2008-08-13",14.94,14.99,13.92,14.08,20109200,12.8
"2008-08-14",13.9,15.02,13.88,14.75,8941800,13.41
"2008-08-15",14.88,15.56,14.82,15.07,9020100,13.7
"2008-08-18",15.09,15.12,14.25,14.33,7554100,13.03
"2008-08-19",13.91,14.15,13.66,13.72,14353700,12.48
"2008-08-20",13.62,14,13.26,13.97,12179800,12.7
"2008-08-21",13.83,14.28,13.51,14.12,7710800,12.84
"2008-08-22",14.37,14.79,14.14,14.63,9673500,13.3
"2008-08-25",14.58,14.6,14.16,14.17,8793000,12.89
"2008-08-26",14.17,14.58,13.88,14.27,13661400,12.98
"2008-08-27",14.39,15.21,14.21,15.1,13295700,13.73
"2008-08-28",15.2,15.5,15,15.35,9964500,13.96
"2008-08-29",15.41,16.08,15.11,15.78,8952500,14.35
"2008-09-02",16.52,16.81,16.01,16.26,15864100,14.79
"2008-09-03",16.5,16.59,15.75,16.41,10572200,14.92
"2008-09-04",16.24,16.34,15.19,15.19,9499800,13.81
"2008-09-05",15.07,16.25,14.81,16.16,12230100,14.7
"2008-09-08",17.34,17.91,15.84,16.9,20964200,15.37
"2008-09-09",16.36,17,15.92,15.93,16412500,14.49
"2008-09-10",15.86,15.86,14.67,14.85,25540700,13.5
"2008-09-11",14.44,15.2,14.13,15.03,20281600,13.67
"2008-09-12",14.83,15.45,14.67,15.31,11021900,13.92
"2008-09-15",14.3,15.39,14.11,14.11,16346300,12.83
"2008-09-16",13.77,15.5,13.17,15.45,20962800,14.05
"2008-09-17",15.09,15.5,13.6,14.3,22557000,13
"2008-09-18",14.74,16.17,12.9,15.96,31693300,14.51
"2008-09-19",18.37,21,15.83,18.88,38788700,17.17
"2008-09-22",18,18.5,16.75,17,9394700,15.46
"2008-09-23",17.12,17.5,16.2,16.41,7883000,14.92
"2008-09-24",16.92,17.22,16.28,16.53,6483700,15.03
"2008-09-25",17.08,17.13,15.74,16.66,10429800,15.15
"2008-09-26",15.05,16.49,15.05,16.16,11102200,14.83
"2008-09-29",15.4,15.75,7.96,9.11,30199100,8.36
"2008-09-30",10.7,13.05,10.5,11.9,19972800,10.92
"2008-10-01",11.77,14.2,11.66,13.82,13228100,12.68
"2008-10-02",13.7,13.85,12.59,13.35,10316300,12.25
"2008-10-03",14.31,14.61,12.82,13.22,13319900,12.13
"2008-10-06",12.25,13.22,10.69,12.16,12367800,11.16
"2008-10-07",12.16,12.28,10.82,11.1,13992900,10.19
"2008-10-08",10.75,13.21,10,12.01,13491400,11.02
"2008-10-09",12.52,12.52,9.73,9.73,17643600,8.93
"2008-10-10",9.61,11.45,9.5,10.4,23253700,9.54
"2008-10-13",11.21,11.31,10.08,10.87,16165900,9.97
"2008-10-14",12.5,14.75,12.2,13.21,30319100,12.12
"2008-10-15",12.63,13.6,12.25,12.66,13504500,11.62
"2008-10-16",12.98,13.07,11.6,12.86,10169500,11.8
"2008-10-17",12.45,13.44,12.04,12.24,12001000,11.23
"2008-10-20",12.27,12.5,11.88,12.23,7997000,11.22
"2008-10-21",10.95,12.75,10.89,12.25,12580600,11.24
"2008-10-22",11.85,12.42,11.39,11.81,10596000,10.84
"2008-10-23",11.98,11.98,10.47,11.32,13908500,10.39
"2008-10-24",9.87,10.9,7.8,8.07,26720400,7.41
"2008-10-27",8.7,9.78,8.33,8.47,14471700,7.77
"2008-10-28",9.07,10.8,8.12,10.76,17393500,9.87
"2008-10-29",10.51,11.49,9.98,10.77,13021100,9.88
"2008-10-30",11.33,11.49,9.91,10.16,9120900,9.32
"2008-10-31",10.2,10.92,10.04,10.85,9755300,9.96
"2008-11-03",11.2,11.79,10.92,11.5,10339500,10.55
"2008-11-04",11.72,12.75,11.52,12.35,11183100,11.33
"2008-11-05",12.26,12.95,11.02,11.07,9405500,10.16
"2008-11-06",11.48,11.69,10.09,10.11,11401900,9.28
"2008-11-07",10.34,10.71,10.03,10.69,7752200,9.81
"2008-11-10",10.97,10.99,9.96,10.07,5669800,9.24
"2008-11-11",9.82,10.19,9.54,10,8828000,9.18
"2008-11-12",9.69,10,9,9.09,7546500,8.34
"2008-11-13",9.43,10.46,8.99,10.45,15099100,9.59
"2008-11-14",10,10.39,9.52,9.54,8018400,8.75
"2008-11-17",9.2,9.75,9.1,9.14,7293800,8.39
"2008-11-18",9.11,9.46,8.8,9.32,11229800,8.55
"2008-11-19",9,9.4,8.41,8.41,10159500,7.72
"2008-11-20",8.4,9,7.56,7.71,14443700,7.08
"2008-11-21",8.08,8.55,6.32,7.49,18004700,6.87
"2008-11-24",7.56,8.78,7.33,8.68,15597400,7.97
"2008-11-25",9.07,9.2,8.67,9.13,12744100,8.38
"2008-11-26",8.72,9.36,8.58,9.28,7525600,8.52
"2008-11-28",9.22,9.58,9.09,9.56,3473200,8.77
"2008-12-01",9.04,9.22,8,8.1,7240900,7.43
"2008-12-02",8.27,8.65,7.93,8.55,11401100,7.85
"2008-12-03",8,8.65,7.77,7.9,15207400,7.25
"2008-12-04",7.74,8.31,7.55,7.61,9485900,6.98
"2008-12-05",7.58,8.3,7.38,8.26,8072700,7.58
"2008-12-08",8.73,8.94,8.17,8.33,9422400,7.64
"2008-12-09",8.22,8.44,7.72,7.75,8981300,7.11
"2008-12-10",7.86,8.05,7.5,7.73,7983100,7.09
"2008-12-11",7.54,7.81,7.35,7.56,14105700,6.94
"2008-12-12",7.24,7.84,7.21,7.82,10126000,7.18
"2008-12-15",7.75,7.8,7.18,7.31,8823700,6.71
"2008-12-16",7.43,8.05,7.4,7.99,8218800,7.33
"2008-12-17",7.53,7.76,7.36,7.51,14837600,6.89
"2008-12-18",7.55,7.72,7.5,7.61,12821500,6.98
"2008-12-19",7.56,7.87,7.52,7.65,13655800,7.02
"2008-12-22",7.62,7.76,7.61,7.65,11049000,7.02
"2008-12-23",7.55,7.81,7.52,7.61,6834600,6.98
"2008-12-24",7.5,7.82,7.46,7.82,1955500,7.18
"2008-12-26",7.72,7.91,7.64,7.77,3194600,7.13
"2008-12-29",7.61,7.82,7.6,7.73,4917400,7.1
"2008-12-30",7.77,8,7.67,7.97,4612200,7.32
"2008-12-31",7.81,8.29,7.75,8.26,5585600,7.59
"2009-01-02",8.24,8.65,8.08,8.59,5394300,7.89
"2009-01-05",8.39,8.6,8.22,8.4,10170400,7.72
"2009-01-06",8.54,8.62,8.32,8.45,9275200,7.76
"2009-01-07",8.27,8.53,7.9,7.93,7707600,7.29
"2009-01-08",8.19,8.19,7.73,8.06,7990900,7.41
"2009-01-09",8.09,8.09,7.47,7.49,12730000,6.88
"2009-01-12",7.4,7.48,6.8,6.87,14824100,6.31
"2009-01-13",6.75,6.85,6.48,6.79,19142400,6.24
"2009-01-14",6.62,6.7,6.08,6.27,13787400,5.76
"2009-01-15",6.24,6.42,4.86,5.38,24758100,4.94
"2009-01-16",5.63,5.74,5.09,5.43,16422200,4.99
"2009-01-20",5.28,5.43,4.22,4.22,16969000,3.88
"2009-01-21",4.33,4.65,3.84,3.99,26181000,3.67
"2009-01-22",3.88,3.88,2.7,2.85,34289300,2.62
"2009-01-23",2.68,2.94,2.5,2.91,37230400,2.67
"2009-01-26",3.03,3.08,2.63,2.69,24308500,2.47
"2009-01-27",2.83,2.83,2.53,2.61,14727000,2.4
"2009-01-28",3.05,3.74,2.91,3.56,35370500,3.27
"2009-01-29",3.43,3.76,3,3.05,18320700,2.8
"2009-01-30",3.07,3.14,2.36,2.39,24969100,2.2
"2009-02-02",2.28,2.33,2.01,2.09,27848900,1.92
"2009-02-03",2.13,2.15,1.74,1.79,24664800,1.64
"2009-02-04",1.88,2,1.47,1.54,29534300,1.42
"2009-02-05",1.58,1.78,1.27,1.64,56721700,1.51
"2009-02-06",1.84,2.7,1.8,2.63,70084600,2.42
"2009-02-09",3.15,3.16,2.71,2.89,52661500,2.66
"2009-02-10",2.83,2.89,2.02,2.19,48304200,2.01
"2009-02-11",2.38,2.44,2.1,2.25,29428300,2.07
"2009-02-12",2.07,2.24,1.9,2.2,26296300,2.02
"2009-02-13",2.13,2.17,1.98,2,20466800,1.84
"2009-02-17",1.73,1.79,1.65,1.67,19690800,1.53
"2009-02-18",1.83,1.88,1.32,1.47,36377700,1.35
"2009-02-19",1.53,1.59,1.1,1.21,38030600,1.11
"2009-02-20",1.05,1.35,1.01,1.03,55739000,0.95
"2009-02-23",1.27,1.48,1.15,1.24,56628500,1.14
"2009-02-24",1.39,1.5,1.17,1.45,61347300,1.33
"2009-02-25",1.4,2.25,1.28,1.94,77874900,1.78
"2009-02-26",2.53,2.75,2.11,2.29,94681100,2.1
"2009-02-27",1.81,2.28,1.78,2.11,44883900,1.94
"2009-03-02",2.01,2.07,1.76,1.77,25282000,1.63
"2009-03-03",1.98,1.98,1.63,1.67,27162000,1.53
"2009-03-04",1.97,1.97,1.7,1.72,28464100,1.58
"2009-03-05",1.62,1.67,1.33,1.37,34658900,1.26
"2009-03-06",1.49,1.51,1.23,1.29,26779200,1.19
"2009-03-09",1.24,1.48,1.22,1.39,27375800,1.28
"2009-03-10",1.62,1.66,1.52,1.65,33064800,1.52
"2009-03-11",1.71,1.74,1.36,1.54,41052400,1.42
"2009-03-12",1.45,1.71,1.38,1.68,43017200,1.54
"2009-03-13",1.77,1.91,1.62,1.75,32347000,1.61
"2009-03-16",1.92,2.1,1.77,1.83,39548800,1.68
"2009-03-17",1.79,1.95,1.71,1.95,29958000,1.79
"2009-03-18",2.05,2.38,1.85,2.22,65576800,2.04
"2009-03-19",2.57,2.58,2.07,2.12,55265100,1.95
"2009-03-20",2.2,2.21,1.87,2.13,44059000,1.96
"2009-03-23",2.4,2.77,2.26,2.38,53193900,2.19
"2009-03-24",2.33,2.5,2.13,2.13,37179600,1.96
"2009-03-25",2.28,2.49,2.07,2.28,40029700,2.09
"2009-03-26",2.38,2.42,2.23,2.4,34173200,2.21
"2009-03-27",2.28,2.38,2.25,2.35,31699700,2.17
"2009-03-30",2.41,2.71,2.35,2.48,53653700,2.29
"2009-03-31",2.64,2.99,2.54,2.92,52296300,2.69
"2009-04-01",2.92,3.17,2.77,3.07,57298000,2.83
"2009-04-02",3.39,3.44,3.1,3.17,50920100,2.92
"2009-04-03",3.06,3.28,2.9,3.28,40104700,3.03
"2009-04-06",3.13,3.24,3.06,3.07,24916100,2.83
"2009-04-07",2.92,3.06,2.83,2.85,21307900,2.63
"2009-04-08",2.95,2.99,2.5,2.64,35142100,2.44
"2009-04-09",3.07,3.58,2.91,3.58,60277800,3.3
"2009-04-13",3.57,4.55,3.41,4.34,64968900,4
"2009-04-14",4.8,4.85,3.45,3.6,93259900,3.32
"2009-04-15",3.63,4.04,3.35,4.04,37311700,3.73
"2009-04-16",4.23,4.58,4.05,4.32,64958200,3.99
"2009-04-17",4.44,4.86,4.12,4.83,71050200,4.46
"2009-04-20",4.54,4.55,3.55,3.65,61793400,3.37
"2009-04-21",3.11,4.01,2.91,3.96,70218800,3.65
"2009-04-22",3.57,4.13,3.56,3.69,59548800,3.4
"2009-04-23",4.22,4.22,3.55,3.82,77417700,3.52
"2009-04-24",3.9,4.04,3.64,3.71,54098500,3.42
"2009-04-27",3.53,3.95,3.5,3.62,36203700,3.34
"2009-04-28",3.54,3.87,3.47,3.7,34862900,3.41
"2009-04-29",3.89,4.17,3.8,4.13,38487000,3.81
"2009-04-30",4.32,4.44,4.03,4.1,33070800,3.78
"2009-05-01",4.05,4.12,3.76,3.85,28631200,3.55
"2009-05-04",3.95,4.93,3.92,4.83,64650000,4.46
"2009-05-05",4.65,4.91,4.45,4.57,51041300,4.22
"2009-05-06",4.9,5.5,4.78,5.28,79441100,4.87
"2009-05-07",6.5,6.7,5.08,5.35,108561500,4.94
"2009-05-08",7.12,8.7,7,8.49,198530200,7.83
"2009-05-11",8.67,9.15,8.01,8.35,102834200,7.7
"2009-05-12",8.63,8.68,7.81,8.23,73137300,7.59
"2009-05-13",7.75,7.76,6.97,7.02,58392700,6.48
"2009-05-14",6.96,7.64,6.62,7.52,50288300,6.94
"2009-05-15",7.55,7.8,7,7.1,34111100,6.55
"2009-05-18",7.35,8,7.3,7.99,36767200,7.37
"2009-05-19",8.1,8.25,7.71,7.81,31807400,7.21
"2009-05-20",8.1,8.37,7.71,7.71,40138700,7.11
"2009-05-21",7.15,7.2,6.72,6.95,56486500,6.41
"2009-05-22",7.24,7.3,6.76,6.89,26838300,6.36
"2009-05-26",6.72,7.05,6.72,7.01,35031300,6.47
"2009-05-27",7,7.05,6.71,6.73,25293600,6.21
"2009-05-28",6.79,6.81,6.31,6.74,28177700,6.22
"2009-05-29",6.82,6.9,6.52,6.9,17665700,6.37
"2009-06-01",7.05,7.07,6.75,7,32534200,6.46
"2009-06-02",6.94,6.94,6.57,6.72,34179000,6.2
"2009-06-03",6.62,6.82,6.45,6.52,21710900,6.02
"2009-06-04",6.85,7.27,6.72,7,107979600,6.46
"2009-06-05",7.26,7.41,6.94,7.13,50588800,6.58
"2009-06-08",7.01,7.4,6.93,7.25,31219700,6.69
"2009-06-09",7.3,7.35,7.15,7.17,25285200,6.62
"2009-06-10",7.29,7.47,7.06,7.34,33039000,6.77
"2009-06-11",7.5,7.99,7.48,7.77,46268600,7.17
"2009-06-12",7.75,8.03,7.74,8.03,22625500,7.41
"2009-06-15",7.87,7.88,7.51,7.57,21087200,6.98
"2009-06-16",7.69,7.71,7.07,7.18,34474700,6.62
"2009-06-17",7.1,7.14,6.36,6.81,38683200,6.28
"2009-06-18",6.87,7.35,6.65,7.24,31588400,6.68
"2009-06-19",7.35,7.46,7,7.34,68091700,6.77
"2009-06-22",7.17,7.3,6.7,6.75,25976400,6.23
"2009-06-23",6.8,7.05,6.31,6.73,40916700,6.21
"2009-06-24",6.86,6.97,6.63,6.78,24055400,6.26
"2009-06-25",6.67,6.96,6.64,6.96,17299700,6.42
"2009-06-26",6.92,7.01,6.76,6.95,19651000,6.42
"2009-06-29",7.1,7.17,6.8,7.07,19976200,6.53
"2009-06-30",7.03,7.14,6.8,7.1,24752000,6.56
"2009-07-01",7.18,7.24,7.01,7.16,19169300,6.62
"2009-07-02",6.97,7.01,6.87,6.88,13166900,6.36
"2009-07-06",6.75,6.93,6.61,6.82,16814900,6.3
"2009-07-07",6.79,7,6.7,6.81,14532000,6.29
"2009-07-08",6.97,7,6.33,6.58,41339500,6.08
"2009-07-09",6.73,7.09,6.65,6.76,24807500,6.25
"2009-07-10",6.69,6.75,6.46,6.54,20808900,6.04
"2009-07-13",6.65,7.19,6.65,7.16,24443500,6.62
"2009-07-14",7.18,7.2,6.86,7.06,19778500,6.52
"2009-07-15",7.11,7.47,7.08,7.46,25568500,6.89
"2009-07-16",7.33,7.45,7.2,7.37,16705800,6.81
"2009-07-17",7.38,7.49,7,7.01,22442100,6.48
"2009-07-20",7.09,7.29,7,7.15,16134800,6.61
"2009-07-21",7.17,7.17,6.71,6.77,26261500,6.26
"2009-07-22",6.66,7.21,6.59,7.01,29479700,6.48
"2009-07-23",7.96,8.28,7.77,8.01,70486100,7.4
"2009-07-24",8.01,8.64,7.93,8.49,31080000,7.84
"2009-07-27",8.47,8.85,8.29,8.68,25985200,8.02
"2009-07-28",8.53,8.77,8.32,8.56,20521700,7.91
"2009-07-29",8.71,9.09,8.56,8.9,39783600,8.22
"2009-07-30",9.13,9.45,9.06,9.4,34543700,8.69
"2009-07-31",9.28,9.51,9.25,9.5,32821900,8.78
"2009-08-03",9.89,9.95,9.37,9.63,26975600,8.9
"2009-08-04",9.53,10.23,9.34,10.02,39340200,9.26
"2009-08-05",10.29,10.52,9.91,9.99,39929500,9.23
"2009-08-06",10.09,10.1,9.33,9.41,36778400,8.7
"2009-08-07",9.7,9.97,9.5,9.71,31197700,8.97
"2009-08-10",9.6,9.85,9.53,9.73,20830600,8.99
"2009-08-11",9.69,9.85,9.35,9.79,29312400,9.05
"2009-08-12",9.67,10.33,9.67,10.24,33885300,9.46
"2009-08-13",10.36,10.92,10.19,10.84,32907100,10.02
"2009-08-14",10.74,10.83,10.21,10.53,26916500,9.73
"2009-08-17",9.91,10.19,9.53,9.76,20739400,9.02
"2009-08-18",9.95,10.33,9.81,10.19,19583600,9.42
"2009-08-19",9.9,10.19,9.88,10.11,15609400,9.34
"2009-08-20",10.15,10.54,10.11,10.41,17142700,9.62
"2009-08-21",10.63,10.95,10.5,10.91,20646400,10.08
"2009-08-24",11.07,11.2,10.39,10.52,25075600,9.72
"2009-08-25",10.7,10.85,10.55,10.74,20412000,9.92
"2009-08-26",10.6,10.87,10.5,10.74,18044400,9.92
"2009-08-27",10.66,10.7,10.38,10.58,16876400,9.78
"2009-08-28",10.74,10.88,10.52,10.82,17147200,10
"2009-08-31",10.52,11,10.44,10.94,19856900,10.11
"2009-09-01",10.75,11.01,10.17,10.26,26610700,9.48
"2009-09-02",10,10.15,9.75,9.92,19484900,9.17
"2009-09-03",10.2,10.38,10,10.38,13196400,9.59
"2009-09-04",10.38,10.54,10.18,10.52,10272500,9.72
"2009-09-08",10.78,10.79,10.35,10.53,10571300,9.73
"2009-09-09",10.51,10.58,10.25,10.55,14665500,9.75
"2009-09-10",10.52,10.52,10.26,10.43,12528300,9.64
"2009-09-11",10.46,10.46,9.63,9.78,41518700,9.04
"2009-09-14",9.53,9.94,9.52,9.85,26142000,9.1
"2009-09-15",9.92,10.39,9.76,10.3,25454100,9.52
"2009-09-16",10.14,10.6,10,10.36,47351100,9.57
"2009-09-17",10.3,10.46,9.86,10.15,20812800,9.38
"2009-09-18",10.26,10.3,10.08,10.24,22576100,9.46
"2009-09-21",10.1,10.25,10,10.18,12391400,9.41
"2009-09-22",10.26,10.34,10.08,10.2,13598500,9.42
"2009-09-23",10.15,10.16,9.81,9.85,21607200,9.1
"2009-09-24",9.92,10,9.45,9.54,19590000,8.82
"2009-09-25",9.47,9.67,9.43,9.59,12688200,8.86
"2009-09-28",9.64,9.86,9.55,9.83,13620000,9.09
"2009-09-29",9.9,10.13,9.8,9.94,18753600,9.19
"2009-09-30",10.03,10.17,9.77,10.13,24434400,9.37
"2009-10-01",9.97,10.07,9.4,9.44,27518700,8.73
"2009-10-02",9.09,9.6,9.05,9.36,18333800,8.66
"2009-10-05",9.46,9.64,9.33,9.48,16096900,8.77
"2009-10-06",9.65,9.91,9.59,9.87,22398000,9.13
"2009-10-07",9.78,10.16,9.7,10.15,14741000,9.39
"2009-10-08",10.08,10.27,10.03,10.13,21757600,9.37
"2009-10-09",10.13,10.25,10.08,10.24,10200700,9.47
"2009-10-12",10.26,10.3,10.14,10.19,12836900,9.43
"2009-10-13",10.23,10.38,9.98,10.16,17837100,9.4
"2009-10-14",10.38,10.4,10.15,10.35,15427000,9.57
"2009-10-15",10.25,10.55,10.11,10.55,13696600,9.76
"2009-10-16",10.23,10.36,9.93,9.98,22015700,9.23
"2009-10-19",10.1,10.17,9.77,10.14,15532800,9.38
"2009-10-20",9.99,10.67,9.99,10.58,27551600,9.79
"2009-10-21",10.49,10.88,10.04,10.11,29789900,9.35
"2009-10-22",10.03,10.89,10.02,10.8,33626300,9.99
"2009-10-23",10.91,10.92,10.26,10.34,19863200,9.56
"2009-10-26",10,10.04,9.3,9.52,33718900,8.81
"2009-10-27",9.62,9.69,9.06,9.17,22570300,8.48
"2009-10-28",9.2,9.24,8.76,8.84,19793200,8.18
"2009-10-29",9.29,9.59,9.06,9.27,21943900,8.57
"2009-10-30",9.22,9.28,8.83,8.94,19978000,8.27
"2009-11-02",9.01,9.37,8.81,9.22,20702300,8.53
"2009-11-03",9.02,9.19,8.9,9.07,14765600,8.39
"2009-11-04",9.21,9.42,8.82,8.87,15916900,8.2
"2009-11-05",9.08,9.25,8.87,9.22,20081600,8.53
"2009-11-06",8.97,9.24,8.91,9.17,13345700,8.48
"2009-11-09",9.31,9.75,9.22,9.73,21447700,9
"2009-11-10",9.63,9.82,9.3,9.42,21638800,8.71
"2009-11-11",9.57,9.85,9.42,9.73,14619800,9
"2009-11-12",9.7,9.84,9.52,9.54,15404200,8.82
"2009-11-13",9.8,9.85,9.57,9.74,14843500,9.01
"2009-11-16",9.82,10.12,9.74,9.76,14520300,9.03
"2009-11-17",9.74,9.92,9.66,9.9,9342600,9.16
"2009-11-18",9.9,10.19,9.83,10.16,24321900,9.4
"2009-11-19",10.01,10.14,9.85,10.05,21648000,9.3
"2009-11-20",9.99,10.1,9.86,9.97,18004800,9.22
"2009-11-23",10.04,10.17,9.96,10.17,18773600,9.41
"2009-11-24",10.11,10.17,9.74,10.01,19570300,9.26
"2009-11-25",10.08,10.1,9.88,9.94,6536900,9.19
"2009-11-27",9.64,9.89,9.56,9.57,6134300,8.85
"2009-11-30",9.72,10.08,9.69,10.08,21329500,9.32
"2009-12-01",10.25,10.33,10.1,10.18,19936300,9.42
"2009-12-02",10.33,10.6,10.28,10.51,19738700,9.72
"2009-12-03",10.75,10.89,10.32,10.32,21794300,9.55
"2009-12-04",10.54,10.72,10.23,10.44,19225400,9.66
"2009-12-07",10.28,10.51,10.22,10.3,19878600,9.53
"2009-12-08",10.2,10.4,10.16,10.19,10921100,9.43
"2009-12-09",10.22,10.45,10.2,10.29,10758100,9.52
"2009-12-10",10.33,10.43,10.06,10.08,10551600,9.32
"2009-12-11",10.18,10.29,10.05,10.18,11168200,9.42
"2009-12-14",10.28,10.36,10,10.33,16263400,9.56
"2009-12-15",10.14,10.24,9.68,9.8,20154900,9.06
"2009-12-16",9.87,9.91,9.6,9.62,15758100,8.9
"2009-12-17",9.52,9.85,9.51,9.55,10889400,8.83
"2009-12-18",9.63,9.85,9.43,9.82,15881300,9.08
"2009-12-21",10,10.18,9.83,10.18,15442600,9.42
"2009-12-22",10.18,10.3,10.05,10.2,10341400,9.43
"2009-12-23",10.25,10.26,9.86,9.93,8758300,9.19
"2009-12-24",10,10.23,9.94,10.23,5459500,9.46
"2009-12-28",10.2,10.2,9.88,9.97,6844300,9.22
"2009-12-29",10.04,10.04,9.84,9.92,6947800,9.19
"2009-12-30",9.89,9.94,9.75,9.79,5640800,9.06
"2009-12-31",9.8,9.86,9.75,9.75,4042500,9.03
"2010-01-04",9.88,10.22,9.81,10.12,15429100,9.37
"2010-01-05",9.96,10.4,9.93,10.39,12700700,9.62
"2010-01-06",10.3,10.5,10.25,10.45,13140600,9.68
"2010-01-07",10.4,11.3,10.36,11.08,34759200,10.26
"2010-01-08",11,11.36,10.96,11.09,19963300,10.27
"2010-01-11",11.26,11.29,11,11.2,15251700,10.37
"2010-01-12",11.12,11.28,10.96,10.99,11348400,10.18
"2010-01-13",11.01,11.67,10.69,11.52,26686300,10.67
"2010-01-14",11.43,11.95,11.41,11.77,26508800,10.9
"2010-01-15",11.69,11.72,11.12,11.36,25443100,10.52
"2010-01-19",11.25,11.41,11.15,11.39,17267400,10.55
"2010-01-20",11.21,11.67,11.2,11.31,25445100,10.47
"2010-01-21",12.2,12.59,11.95,12.02,66585800,11.13
"2010-01-22",11.95,12.71,11.69,12.1,39367700,11.2
"2010-01-25",12.25,12.87,12.1,12.49,32935500,11.56
"2010-01-26",12.36,12.67,11.64,11.71,35793800,10.84
"2010-01-27",11.8,12.36,11.68,12.18,24246600,11.28
"2010-01-28",12.49,12.69,12.18,12.26,32530500,11.35
"2010-01-29",12.69,12.72,12.3,12.44,30962500,11.52
"2010-02-01",12.45,12.65,12.34,12.5,19895900,11.57
"2010-02-02",12.48,12.55,12.08,12.48,20103900,11.56
"2010-02-03",12.35,12.35,11.84,12,28331800,11.11
"2010-02-04",11.82,11.94,11.18,11.22,32057800,10.39
"2010-02-05",11.25,11.46,10.82,11.26,22197900,10.43
"2010-02-08",11.26,11.6,11.01,11.39,29759000,10.55
"2010-02-09",11.51,11.68,11.41,11.47,18606400,10.62
"2010-02-10",11.49,11.9,11.31,11.69,17858100,10.82
"2010-02-11",11.77,11.96,11.59,11.87,17497900,10.99
"2010-02-12",11.8,11.82,11.39,11.61,20010100,10.75
"2010-02-16",11.73,12.12,11.67,12.08,15697800,11.19
"2010-02-17",12.16,12.19,11.89,12.05,14963900,11.16
"2010-02-18",11.96,12.03,11.82,11.92,10465200,11.04
"2010-02-19",11.89,12.26,11.87,12.23,16148400,11.32
"2010-02-22",12.28,12.72,12.23,12.55,18310000,11.62
"2010-02-23",12.46,12.56,12.11,12.27,20394700,11.36
"2010-02-24",12.37,12.71,12.3,12.69,17103900,11.75
"2010-02-25",12.31,12.33,11.95,12.2,24791200,11.3
"2010-02-26",12.24,12.34,12.1,12.21,14335100,11.31
"2010-03-01",12.32,12.33,12.03,12.24,12508600,11.33
"2010-03-02",12.21,12.75,12.21,12.66,16660400,11.72
"2010-03-03",12.67,12.74,12.44,12.54,14426700,11.61
"2010-03-04",12.2,12.5,12.18,12.33,14801000,11.42
"2010-03-05",12.53,12.77,12.44,12.73,13242200,11.79
"2010-03-08",12.56,12.82,12.48,12.61,13943200,11.68
"2010-03-09",12.51,12.77,12.36,12.62,13319300,11.68
"2010-03-10",12.79,13.12,12.73,12.96,19743700,12
"2010-03-11",13.03,13.38,12.97,13.28,20652000,12.3
"2010-03-12",13.51,13.52,13.09,13.15,13392900,12.18
"2010-03-15",13.14,13.42,13.02,13.38,11582800,12.39
"2010-03-16",13.38,13.55,13.28,13.45,12491200,12.45
"2010-03-17",13.53,13.78,13.49,13.7,13375700,12.68
"2010-03-18",13.7,13.75,13.32,13.44,11392800,12.44
"2010-03-19",13.52,13.6,13.13,13.3,17166900,12.31
"2010-03-22",13.11,13.5,13.05,13.43,10445800,12.43
"2010-03-23",13.47,13.51,13.19,13.46,9507500,12.46
"2010-03-24",13.39,13.77,13.35,13.58,11406000,12.57
"2010-03-25",13.74,14.05,13.37,13.41,22618200,12.42
"2010-03-26",13.49,13.75,13.11,13.2,21076100,12.22
"2010-03-29",13.31,13.43,13.2,13.31,7340200,12.33
"2010-03-30",13.29,13.43,13.14,13.27,6896100,12.3
"2010-03-31",13.15,13.72,13.15,13.56,14098100,12.56
"2010-04-01",13.65,13.73,13.47,13.59,7316000,12.59
"2010-04-05",13.63,13.97,13.6,13.95,7646600,12.93
"2010-04-06",13.93,14.38,13.91,14.35,18082200,13.3
"2010-04-07",14.48,14.61,14.1,14.3,16491200,13.25
"2010-04-08",14.2,14.35,13.98,14.27,13172900,13.22
"2010-04-09",14.26,14.29,13.96,14.1,13394100,13.07
"2010-04-12",14.14,14.44,14.11,14.36,9322900,13.31
"2010-04-13",14.28,14.41,14.12,14.33,11134000,13.28
"2010-04-14",14.5,15.06,14.48,14.94,15020800,13.84
"2010-04-15",15,15.08,14.72,14.9,10748300,13.81
"2010-04-16",14.83,14.87,13.75,14.2,28282000,13.16
"2010-04-19",14,14.4,13.78,14.24,14167400,13.19
"2010-04-20",14.39,14.81,14.24,14.8,14988100,13.71
"2010-04-21",14.88,15.95,14.75,15.15,38065500,14.04
"2010-04-22",14.9,15,14.33,14.96,34036600,13.86
"2010-04-23",14.95,15.12,14.65,15.12,17813500,14.01
"2010-04-26",15.02,15.13,14.48,14.52,17738000,13.45
"2010-04-27",14.34,14.64,14.02,14.05,15940800,13.02
"2010-04-28",14.24,14.62,14.14,14.44,15947500,13.38
"2010-04-29",14.73,14.98,14.61,14.87,12080100,13.78
"2010-04-30",14.93,15.28,14.85,14.92,15694200,13.83
"2010-05-03",15.02,15.46,15.01,15.36,12011200,14.23
"2010-05-04",15.14,15.14,14.42,14.56,16670700,13.49
"2010-05-05",14.1,14.93,13.99,14.59,16049800,13.52
"2010-05-06",14.46,14.64,12.6,13.61,26952600,12.61
"2010-05-07",13.75,13.89,13.05,13.31,26267400,12.33
"2010-05-10",14.26,14.83,14.04,14.38,21286400,13.32
"2010-05-11",14.11,14.9,14.11,14.61,14578500,13.54
"2010-05-12",14.87,15,14.6,15,12873900,13.9
"2010-05-13",14.97,15.07,14.8,14.8,12276000,13.71
"2010-05-14",14.53,14.53,13.86,14.08,15593300,13.05
"2010-05-17",14.16,14.35,13.63,13.98,16212700,12.95
"2010-05-18",14.21,14.23,13.28,13.43,17857900,12.44
"2010-05-19",13.22,13.73,12.95,13.3,15749800,12.32
"2010-05-20",12.89,13.06,12.47,12.51,17567600,11.59
"2010-05-21",12.16,13.2,12.1,13.19,23311300,12.22
"2010-05-24",13.2,13.27,12.54,12.57,13232000,11.65
"2010-05-25",12,12.84,12,12.83,17996500,11.89
"2010-05-26",13.04,13.17,12.41,12.51,26804400,11.59
"2010-05-27",12.88,13.28,12.76,13.26,14242500,12.29
"2010-05-28",13.26,13.3,12.91,13,12122800,12.05
"2010-06-01",12.9,13.16,12.4,12.4,14393200,11.49
"2010-06-02",12.55,13.05,12.46,13.05,12141500,12.09
"2010-06-03",13.04,13.17,12.85,13.13,11126900,12.17
"2010-06-04",12.74,12.95,12.44,12.5,17638000,11.58
"2010-06-07",12.58,12.8,12.3,12.32,11397200,11.42
"2010-06-08",12.38,12.7,12.05,12.67,16236700,11.74
"2010-06-09",12.85,13.12,12.63,12.67,12627800,11.74
"2010-06-10",13.18,13.39,12.96,13.37,13937900,12.39
"2010-06-11",13.2,13.38,13.02,13.36,9033000,12.38
"2010-06-14",13.5,13.74,13.29,13.53,15975100,12.54
"2010-06-15",13.63,14.05,13.58,14,12800700,12.97
"2010-06-16",13.78,14.2,13.78,14.05,14288300,13.02
"2010-06-17",14.18,14.18,13.41,13.62,11217900,12.62
"2010-06-18",13.69,13.78,13.49,13.58,12169100,12.58
"2010-06-21",13.79,13.89,13.46,13.53,8540700,12.54
"2010-06-22",13.52,13.93,13.48,13.51,10189900,12.52
"2010-06-23",13.54,13.75,13.42,13.51,11860000,12.52
"2010-06-24",13.38,13.45,13.14,13.2,12454500,12.23
"2010-06-25",13.52,13.58,13.14,13.37,15844700,12.39
"2010-06-28",13.37,13.63,13.35,13.51,12327900,12.53
"2010-06-29",13.18,13.32,12.88,12.95,24464000,12.01
"2010-06-30",12.9,13.19,12.28,12.29,16610400,11.4
"2010-07-01",12.22,12.53,11.75,12.16,13147400,11.28
"2010-07-02",12.26,12.33,11.75,11.82,8391300,10.96
"2010-07-06",12.06,12.3,11.86,12.04,10881900,11.16
"2010-07-07",12.12,12.95,12.07,12.92,11431300,11.98
"2010-07-08",13.1,13.24,12.8,13.09,9983500,12.14
"2010-07-09",13.11,13.54,12.94,13.48,10263600,12.5
"2010-07-12",13.39,13.5,13.1,13.27,7815200,12.31
"2010-07-13",13.48,13.81,13.43,13.69,10020500,12.69
"2010-07-14",13.6,13.61,13.2,13.34,10995300,12.37
"2010-07-15",13.4,13.43,12.88,13.25,9401400,12.29
"2010-07-16",13.05,13.14,12.11,12.17,27289000,11.29
"2010-07-19",12.2,12.4,11.77,11.9,20412900,11.03
"2010-07-20",11.57,11.8,11.37,11.78,21517900,10.92
"2010-07-21",11.9,12.21,11.26,11.28,23945700,10.46
"2010-07-22",11.66,12.61,11.61,12.45,27293900,11.54
"2010-07-23",12.38,12.43,12.05,12.29,15337900,11.4
"2010-07-26",12.3,12.85,12.14,12.82,14158300,11.89
"2010-07-27",13.05,13.25,12.9,13.14,18044500,12.18
"2010-07-28",13.07,13.18,12.71,12.76,9712600,11.83
"2010-07-29",12.94,13.17,12.57,12.82,12257600,11.89
"2010-07-30",12.59,12.88,12.52,12.71,9407100,11.79
"2010-08-02",12.95,13.44,12.95,13.42,16172400,12.44
"2010-08-03",13.41,13.58,13.25,13.3,13331500,12.33
"2010-08-04",13.39,13.42,13.15,13.29,6405500,12.32
"2010-08-05",13.21,13.22,12.93,13.06,9759000,12.11
"2010-08-06",12.83,12.89,12.35,12.69,13922700,11.77
"2010-08-09",12.78,13.07,12.52,13.02,12853400,12.07
"2010-08-10",12.86,13.04,12.61,13,14977100,12.05
"2010-08-11",12.73,12.76,12.36,12.38,12018100,11.48
"2010-08-12",12.11,12.34,12.07,12.16,9228100,11.28
"2010-08-13",12.14,12.39,12.13,12.13,7046500,11.25
"2010-08-16",12.01,12.22,11.93,12.19,11127400,11.3
"2010-08-17",12.32,12.32,12.04,12.07,8261100,11.19
"2010-08-18",12.05,12.22,11.97,12.11,10701400,11.23
"2010-08-19",11.97,12.15,11.67,11.68,12317600,10.83
"2010-08-20",11.63,11.76,11.33,11.56,13375000,10.72
"2010-08-23",11.7,11.92,11.56,11.6,12095600,10.76
"2010-08-24",11.35,11.45,11.03,11.04,15253700,10.24
"2010-08-25",10.97,11.03,10.77,10.98,15725200,10.18
"2010-08-26",11.02,11.46,10.91,10.95,14795600,10.15
"2010-08-27",11.05,11.19,10.83,11.18,13165300,10.37
"2010-08-30",11.07,11.17,10.84,10.85,11423000,10.06
"2010-08-31",10.75,11.05,10.64,11.04,13540600,10.24
"2010-09-01",11.25,11.68,11.22,11.66,14282900,10.81
"2010-09-02",11.7,11.78,11.56,11.72,7962300,10.87
"2010-09-03",11.92,12.09,11.7,11.93,10213700,11.06
"2010-09-07",11.8,11.88,11.35,11.38,12336100,10.55
"2010-09-08",11.46,11.72,11.45,11.6,7551400,10.76
"2010-09-09",11.87,12.11,11.78,11.96,11358900,11.09
"2010-09-10",12.02,12.16,11.91,12.09,7600600,11.21
"2010-09-13",12.37,12.59,12.32,12.51,11298700,11.6
"2010-09-14",12.5,12.59,12.23,12.49,14481300,11.58
"2010-09-15",12.36,12.62,12.17,12.47,8139200,11.56
"2010-09-16",12.44,12.47,12.09,12.22,7649500,11.33
"2010-09-17",12.3,12.42,12.21,12.23,9010400,11.34
"2010-09-20",12.28,12.45,12.18,12.39,10628600,11.49
"2010-09-21",12.4,12.58,12.25,12.28,11572700,11.39
"2010-09-22",12.19,12.38,12.02,12.04,9880300,11.16
"2010-09-23",11.89,12.17,11.68,11.72,10808400,10.87
"2010-09-24",11.93,12.25,11.89,12.24,9071300,11.35
"2010-09-27",12.28,12.3,11.89,11.91,7917300,11.04
"2010-09-28",11.93,12.04,11.76,12.02,10416000,11.16
"2010-09-29",11.93,12.05,11.8,11.9,9066700,11.04
"2010-09-30",12,12.19,11.85,12.03,14195800,11.16
"2010-10-01",12.15,12.25,11.85,11.9,10923200,11.04
"2010-10-04",11.95,12.12,11.87,11.9,8592900,11.04
"2010-10-05",12.07,12.6,11.93,12.51,19607200,11.61
"2010-10-06",12.53,12.65,12.2,12.28,13724300,11.4
"2010-10-07",12.45,12.59,12.31,12.52,15803700,11.62
"2010-10-08",12.58,12.58,12.31,12.38,9497500,11.49
"2010-10-11",12.45,12.51,12.25,12.28,6051400,11.4
"2010-10-12",12.21,12.83,12.13,12.76,21598600,11.84
"2010-10-13",12.94,12.97,12.63,12.7,16587100,11.79
"2010-10-14",12.6,12.6,12.08,12.34,19982600,11.45
"2010-10-15",12.38,12.43,11.85,12.13,14563900,11.26
"2010-10-18",12.09,12.58,12,12.54,12190500,11.64
"2010-10-19",12.42,12.74,12.27,12.38,12448200,11.49
"2010-10-20",12.32,12.48,11.99,12.4,11597700,11.51
"2010-10-21",12.22,13.09,12.22,12.8,20962200,11.88
"2010-10-22",12.92,13.09,12.75,12.86,13503900,11.94
"2010-10-25",13.03,13.04,12.5,12.62,10362200,11.71
"2010-10-26",12.52,12.8,12.48,12.79,9885900,11.87
"2010-10-27",12.68,13.02,12.62,12.87,11680500,11.94
"2010-10-28",13,13.02,12.66,12.72,12067700,11.81
"2010-10-29",12.68,12.89,12.55,12.56,14195500,11.66
"2010-11-01",12.64,12.69,12.13,12.38,15147800,11.49
"2010-11-02",12.55,12.76,12.35,12.44,10774100,11.55
"2010-11-03",12.5,13.06,12.5,13.05,18015900,12.11
"2010-11-04",13.19,13.55,13.06,13.4,18432900,12.44
"2010-11-05",13.44,13.93,12.95,13.03,29405300,12.09
"2010-11-08",13.01,13.16,12.75,13.05,15563300,12.11
"2010-11-09",13.1,13.27,12.8,12.87,9674800,11.94
"2010-11-10",12.93,13.25,12.76,13.24,10306700,12.29
"2010-11-11",13.15,13.32,12.95,13.24,9748200,12.29
"2010-11-12",13.17,13.17,12.71,12.87,10156600,11.94
"2010-11-15",13.01,13.32,12.96,13.02,8358500,12.08
"2010-11-16",12.9,13,12.55,12.68,13796400,11.77
"2010-11-17",12.75,12.86,12.26,12.39,11759700,11.5
"2010-11-18",12.53,12.64,11.96,12.08,26848000,11.21
"2010-11-19",12,12.36,12,12.26,12215600,11.38
"2010-11-22",12.17,12.22,11.95,12.12,10437400,11.25
"2010-11-23",11.94,12.05,11.78,11.78,10792600,10.93
"2010-11-24",11.88,12.18,11.82,12.06,9196200,11.19
"2010-11-26",11.9,12.05,11.85,11.86,2638000,11.01
"2010-11-29",11.82,12.04,11.71,12.03,8152000,11.16
"2010-11-30",11.85,12,11.76,11.95,9616100,11.09
"2010-12-01",12.12,12.27,11.99,12.27,10569500,11.39
"2010-12-02",12.25,13.06,12.25,13.05,21147500,12.11
"2010-12-03",12.98,13.31,12.81,13.27,14505100,12.32
"2010-12-06",13.2,13.25,13.01,13.02,9947900,12.08
"2010-12-07",13.19,13.35,12.77,13.08,15271600,12.14
"2010-12-08",13.08,13.93,13.06,13.93,20139600,12.93
"2010-12-09",13.98,14.3,13.69,14.24,19375700,13.22
"2010-12-10",14.23,14.6,14.2,14.57,14417000,13.52
"2010-12-13",14.26,14.61,13.99,14.49,23229000,13.45
"2010-12-14",14.49,14.66,14.21,14.27,16776100,13.24
"2010-12-15",14.33,14.41,14.11,14.16,14779200,13.14
"2010-12-16",14.24,14.44,13.43,13.92,29650900,12.92
"2010-12-17",14.15,14.32,14.03,14.07,19718900,13.06
"2010-12-20",14.11,14.32,14.02,14.16,9746600,13.14
"2010-12-21",14.25,14.3,14.15,14.3,7714700,13.27
"2010-12-22",14.38,14.78,14.32,14.71,11801600,13.65
"2010-12-23",14.58,14.77,14.36,14.39,6203600,13.36
"2010-12-27",14.33,14.77,14.33,14.74,6415400,13.68
"2010-12-28",14.78,15.11,14.71,15.04,8235600,13.96
"2010-12-29",15.07,15.09,14.77,14.77,6695200,13.72
"2010-12-30",14.7,14.82,14.58,14.64,4575500,13.6
"2010-12-31",14.6,14.82,14.6,14.68,4287200,13.63
"2011-01-03",14.83,14.95,14.7,14.78,13575100,13.73
"2011-01-04",14.75,14.95,14.67,14.73,18482900,13.68
"2011-01-05",14.67,15.06,14.67,14.96,13878400,13.89
"2011-01-06",14.95,15.15,14.58,14.62,16920200,13.58
"2011-01-07",14.65,14.83,14.17,14.68,14041200,13.63
"2011-01-10",14.53,14.59,14.32,14.43,8440200,13.4
"2011-01-11",14.55,14.69,14.4,14.55,8028800,13.51
"2011-01-12",14.66,14.86,14.61,14.76,7090300,13.71
"2011-01-13",14.78,14.83,14.5,14.62,7223300,13.58
"2011-01-14",14.62,15,14.59,14.95,9750300,13.88
"2011-01-18",14.94,15.05,14.75,14.86,7768800,13.8
"2011-01-19",14.82,14.82,14.43,14.61,11788700,13.57
"2011-01-20",14.31,14.44,14.06,14.22,114968600,13.21
"2011-01-21",14.39,14.65,14.35,14.6,33380000,13.56
"2011-01-24",14.58,14.6,14.22,14.34,14012600,13.32
"2011-01-25",14.31,14.5,14.26,14.43,15638900,13.4
"2011-01-26",14.55,14.64,14.5,14.57,19794200,13.53
"2011-01-27",14.57,14.81,14.52,14.79,17503100,13.74
"2011-01-28",14.83,15,14.62,14.64,22080600,13.6
"2011-01-31",14.71,15.03,14.66,14.87,24892200,13.81
"2011-02-01",15.01,15.66,15.01,15.52,21286300,14.41
"2011-02-02",15.45,15.52,15.24,15.46,12841400,14.36
"2011-02-03",15.44,15.63,15.31,15.4,8043800,14.3
"2011-02-04",15.38,15.44,15.07,15.39,9435500,14.29
"2011-02-07",15.44,15.6,15.34,15.36,10299400,14.26
"2011-02-08",15.35,15.4,15.16,15.39,11641800,14.29
"2011-02-09",15.3,15.62,14.88,15.07,20084600,14
"2011-02-10",14.99,15.19,14.92,15.18,12021800,14.1
"2011-02-11",15.07,15.57,14.95,15.46,8807800,14.36
"2011-02-14",15.45,15.56,15.31,15.51,6980400,14.4
"2011-02-15",15.48,15.75,15.4,15.45,11085100,14.35
"2011-02-16",15.55,15.57,15.3,15.38,9519600,14.28
"2011-02-17",15.35,15.38,15,15.09,12174800,14.01
"2011-02-18",15.1,15.15,14.9,14.99,13702600,13.92
"2011-02-22",14.83,14.89,14.37,14.5,20425700,13.47
"2011-02-23",14.48,14.7,14.3,14.45,13805800,13.42
"2011-02-24",14.41,14.5,14.16,14.3,15851700,13.28
"2011-02-25",14.67,14.89,14.54,14.6,22403300,13.56
"2011-02-28",14.67,14.7,14.32,14.6,14098400,13.56
"2011-03-01",13.97,14.15,13.67,13.95,40878800,12.96
"2011-03-02",13.98,14.04,13.7,13.87,18059600,12.88
"2011-03-03",14.01,14.29,14.01,14.09,15112900,13.09
"2011-03-04",14.03,14.11,13.59,13.9,12332600,12.91
"2011-03-07",13.92,13.95,13.45,13.6,14692700,12.63
"2011-03-08",13.65,13.88,13.55,13.7,22303500,12.72
"2011-03-09",13.66,14.1,13.64,13.87,15022400,12.88
"2011-03-10",13.65,13.87,13.59,13.69,12855100,12.71
"2011-03-11",13.66,13.98,13.61,13.89,8839600,12.9
"2011-03-14",13.8,13.96,13.62,13.9,10884100,12.91
"2011-03-15",13.56,13.77,13.43,13.57,15461400,12.6
"2011-03-16",13.58,13.74,13.25,13.4,16638400,12.44
"2011-03-17",13.64,13.83,13.55,13.81,13609400,12.83
"2011-03-18",14.16,14.3,13.95,14.03,28139300,13.03
"2011-03-21",14.23,14.29,13.84,14.02,12350100,13.02
"2011-03-22",13.96,14.25,13.85,13.85,13657500,12.86
"2011-03-23",13.84,13.9,13.58,13.8,9922800,12.82
"2011-03-24",13.89,13.89,13.43,13.78,12722200,12.8
"2011-03-25",13.8,14.03,13.78,13.85,7574900,12.86
"2011-03-28",13.89,13.98,13.77,13.78,7170900,12.8
"2011-03-29",13.8,13.93,13.75,13.93,8618900,12.94
"2011-03-30",13.98,14.13,13.81,13.81,13560100,12.88
"2011-03-31",13.86,14.01,13.75,13.89,8615300,12.96
"2011-04-01",14.12,14.15,13.9,13.99,6660500,13.05
"2011-04-04",14,14.09,13.92,13.97,5701600,13.03
"2011-04-05",13.94,13.95,13.82,13.89,6286300,12.96
"2011-04-06",13.96,14.14,13.87,14.07,8880200,13.12
"2011-04-07",14.05,14.14,13.82,13.87,11667500,12.94
"2011-04-08",13.97,13.97,13.62,13.7,13031800,12.78
"2011-04-11",13.72,13.87,13.67,13.73,5458200,12.81
"2011-04-12",13.69,13.81,13.61,13.66,8390300,12.74
"2011-04-13",13.8,13.95,13.59,13.6,13205000,12.69
"2011-04-14",13.59,13.67,13.4,13.65,8706300,12.73
"2011-04-15",13.86,13.95,13.68,13.8,11068700,12.87
"2011-04-18",13.67,13.77,13.43,13.53,7610200,12.62
"2011-04-19",13.64,13.68,13.24,13.36,12758200,12.46
"2011-04-20",13.48,13.53,13.22,13.32,18437600,12.42
"2011-04-21",13.02,13.19,12.69,13.16,22026400,12.27
"2011-04-25",13.17,13.23,12.85,12.92,13998300,12.05
"2011-04-26",13.04,13.08,12.83,13.04,11900000,12.16
"2011-04-27",13.04,13.4,12.98,13.32,14140500,12.42
"2011-04-28",13.32,13.46,13.24,13.43,10307700,12.53
"2011-04-29",13.39,13.53,13.19,13.27,10300000,12.38
"2011-05-02",13.32,13.36,13,13.05,14256900,12.17
"2011-05-03",13.04,13.42,12.91,13.4,24300000,12.5
"2011-05-04",13.41,13.46,13.11,13.15,15445800,12.27
"2011-05-05",13.07,13.15,12.74,12.82,18493500,11.96
"2011-05-06",12.94,13.04,12.85,12.99,16254100,12.12
"2011-05-09",12.98,12.98,12.75,12.8,11522200,11.94
"2011-05-10",12.83,13,12.82,12.98,10789200,12.11
"2011-05-11",12.93,13,12.77,12.82,11300000,11.96
"2011-05-12",12.89,12.89,12.57,12.71,2.7e+07,11.85
"2011-05-13",12.69,12.79,12.44,12.49,14242500,11.65
"2011-05-16",12.45,12.85,12.42,12.47,15197100,11.63
"2011-05-17",12.43,12.82,12.43,12.79,13312800,11.93
"2011-05-18",12.77,12.92,12.77,12.9,9020500,12.03
"2011-05-19",12.99,13.06,12.85,13,8461600,12.13
"2011-05-20",12.96,13.01,12.7,12.72,10849600,11.86
"2011-05-23",12.57,12.7,12.38,12.39,11400000,11.56
"2011-05-24",12.43,12.54,12.25,12.48,11267900,11.64
"2011-05-25",12.61,12.76,12.45,12.61,12219100,11.76
"2011-05-26",12.7,12.82,12.61,12.73,15215000,11.87
"2011-05-27",12.81,12.97,12.74,12.93,7328500,12.06
"2011-05-31",13.02,13.07,12.82,13.06,10598900,12.18
"2011-06-01",13.02,13.02,12.34,12.34,19540600,11.51
"2011-06-02",12.33,12.49,12.25,12.37,9011500,11.54
"2011-06-03",12.26,12.6,12.22,12.39,13763000,11.56
"2011-06-06",12.35,12.41,12.04,12.14,13430800,11.32
"2011-06-07",12.23,12.49,12.21,12.3,11650800,11.47
"2011-06-08",12.25,12.54,12.23,12.29,13546300,11.46
"2011-06-09",12.29,12.41,12.25,12.33,15066900,11.5
"2011-06-10",12.28,12.38,11.88,12.25,17151800,11.43
"2011-06-13",12.28,12.31,12,12.28,14398600,11.45
"2011-06-14",12.42,12.6,12.29,12.47,15508900,11.63
"2011-06-15",12.3,12.42,12.11,12.32,12308500,11.49
"2011-06-16",12.3,12.4,12.05,12.28,14667900,11.45
"2011-06-17",12.42,12.64,12.28,12.55,22904800,11.71
"2011-06-20",12.54,12.62,12.39,12.55,8862100,11.71
"2011-06-21",12.61,12.7,12.47,12.67,10665400,11.82
"2011-06-22",12.61,12.69,12.39,12.41,10159600,11.58
"2011-06-23",12.24,12.33,12.02,12.09,23629700,11.28
"2011-06-24",12.23,12.24,12.09,12.18,13086400,11.36
"2011-06-27",12.16,12.45,12.11,12.28,6845000,11.45
"2011-06-28",12.29,12.45,12.18,12.42,11372800,11.58
"2011-06-29",12.47,12.73,12.35,12.71,11584800,11.91
"2011-06-30",12.75,12.85,12.54,12.75,9660500,11.95
"2011-07-01",12.74,13.04,12.72,12.97,10047500,12.16
"2011-07-05",12.96,12.99,12.66,12.91,9195900,12.1
"2011-07-06",12.83,12.84,12.51,12.65,10578200,11.86
"2011-07-07",12.77,13.09,12.76,12.9,10377100,12.09
"2011-07-08",12.72,12.75,12.48,12.56,13415600,11.77
"2011-07-11",12.37,12.41,12.12,12.17,12590500,11.41
"2011-07-12",12.21,12.26,11.98,12.02,10228900,11.27
"2011-07-13",12.12,12.48,12.1,12.17,20148400,11.41
"2011-07-14",12.25,12.29,11.94,12.02,19419200,11.27
"2011-07-15",12.07,12.1,11.8,12.05,17334000,11.29
"2011-07-18",12.01,12.03,11.71,11.99,20797800,11.24
"2011-07-19",12.03,12.27,11.96,12.2,15404000,11.43
"2011-07-20",12.23,12.45,12.18,12.33,19111600,11.56
"2011-07-21",12.66,12.86,12.55,12.76,20529800,11.96
"2011-07-22",12.86,12.86,12.52,12.81,10838200,12.01
"2011-07-25",12.7,13.08,12.65,13,16012500,12.18
"2011-07-26",12.96,13.04,12.84,12.92,8254300,12.11
"2011-07-27",12.82,12.92,12.67,12.7,13920800,11.9
"2011-07-28",12.71,12.87,12.62,12.67,8998200,11.87
"2011-07-29",12.57,12.77,12.42,12.65,9180500,11.86
"2011-08-01",12.79,12.92,12.42,12.52,11892300,11.73
"2011-08-02",12.38,12.38,11.91,11.91,20559200,11.16
"2011-08-03",12.12,12.16,11.74,12.13,23512200,11.37
"2011-08-04",11.87,11.97,11.35,11.36,22975100,10.65
"2011-08-05",11.45,11.68,10.95,11.26,24759000,10.55
"2011-08-08",10.7,11,9.84,9.98,25269500,9.35
"2011-08-09",10.07,10.56,9.76,10.55,26787300,9.89
"2011-08-10",10.34,10.34,9.4,9.42,35272300,8.83
"2011-08-11",9.56,9.93,9.38,9.86,27566800,9.24
"2011-08-12",10.02,10.21,9.47,9.55,21061100,8.95
"2011-08-15",9.68,10.21,9.65,10.15,17044600,9.51
"2011-08-16",10.1,10.34,9.97,10.09,17603500,9.46
"2011-08-17",10.13,10.5,10.1,10.25,15318800,9.61
"2011-08-18",9.91,9.93,9.52,9.6,18293700,9
"2011-08-19",9.41,9.81,9.27,9.28,18148000,8.7
"2011-08-22",9.59,9.6,9.19,9.25,14226700,8.67
"2011-08-23",9.27,9.76,9.13,9.76,14293500,9.15
"2011-08-24",9.69,10.14,9.51,10.1,13867400,9.47
"2011-08-25",10.47,10.64,9.73,9.74,20800200,9.13
"2011-08-26",9.7,10.15,9.58,10.05,13278300,9.42
"2011-08-29",10.23,10.55,10.17,10.51,11912500,9.85
"2011-08-30",10.39,10.61,10.27,10.46,10496300,9.8
"2011-08-31",10.5,10.72,10.45,10.62,9694200,9.95
"2011-09-01",10.62,10.72,10.18,10.18,10751300,9.54
"2011-09-02",9.99,10.07,9.58,9.62,12322500,9.02
"2011-09-06",9.32,9.85,9.31,9.75,14645400,9.14
"2011-09-07",10.04,10.48,9.94,10.45,14479400,9.79
"2011-09-08",10.37,10.41,10.03,10.12,13044300,9.48
"2011-09-09",10.08,10.26,9.81,9.81,12976700,9.19
"2011-09-12",9.66,10.08,9.57,9.93,14709300,9.31
"2011-09-13",10.03,10.54,9.98,10.35,17488400,9.7
"2011-09-14",10.44,10.7,10.25,10.51,14883100,9.85
"2011-09-15",10.66,10.8,10.51,10.7,12330800,10.03
"2011-09-16",10.73,10.76,10.35,10.67,13323300,10
"2011-09-19",10.49,10.61,10.31,10.47,12725400,9.81
"2011-09-20",10.53,10.73,10.36,10.38,12177900,9.73
"2011-09-21",10.44,10.5,9.76,9.77,14287500,9.16
"2011-09-22",9.52,9.68,9.32,9.6,29252000,9
"2011-09-23",9.54,9.86,9.5,9.84,13983400,9.22
"2011-09-26",9.94,10.54,9.9,10.52,15308300,9.86
"2011-09-27",10.81,11.02,10.33,10.45,16994100,9.79
"2011-09-28",10.42,10.54,10.07,10.09,11734200,9.53
"2011-09-29",10.36,10.59,10.06,10.46,18336100,9.88
"2011-09-30",10.31,10.44,10.1,10.1,15987500,9.54
"2011-10-03",10.06,10.38,9.8,9.8,1.5e+07,9.26
"2011-10-04",9.67,10.66,9.6,10.64,25116000,10.05
"2011-10-05",10.59,10.74,10.22,10.63,20747800,10.04
"2011-10-06",10.59,11.13,10.32,11.11,19446500,10.49
"2011-10-07",11.19,11.19,10.44,10.58,18917800,9.99
"2011-10-10",10.79,11.04,10.69,10.97,13414700,10.36
"2011-10-11",10.89,11.03,10.72,10.91,19577500,10.3
"2011-10-12",11.01,11.7,10.99,11.51,23973600,10.87
"2011-10-13",11.36,11.4,10.94,11.23,13699100,10.61
"2011-10-14",11.43,11.61,11.02,11.34,12538900,10.71
"2011-10-17",11.14,11.21,10.58,10.62,15936700,10.03
"2011-10-18",10.69,11.32,10.61,11.21,19332900,10.59
"2011-10-19",11.21,11.26,10.63,10.66,20948700,10.07
"2011-10-20",11.25,11.76,11.12,11.63,32174300,10.98
"2011-10-21",11.84,11.95,11.5,11.66,28876300,11.01
"2011-10-24",11.7,12.14,11.69,12.01,16026800,11.34
"2011-10-25",11.89,12,11.63,11.69,21116400,11.04
"2011-10-26",11.9,12.11,11.73,12,29781100,11.33
"2011-10-27",12.58,12.74,12.18,12.49,24090500,11.8
"2011-10-28",12.4,12.47,12.15,12.31,14759500,11.63
"2011-10-31",12.1,12.43,11.98,12.01,15173100,11.34
"2011-11-01",11.52,11.96,11.35,11.39,26150600,10.76
"2011-11-02",11.63,12,11.59,11.83,16031500,11.17
"2011-11-03",11.98,12.05,11.63,12.01,23638600,11.34
"2011-11-04",11.84,12.11,11.7,12.01,15675200,11.34
"2011-11-07",12,12.29,11.91,12.25,14416700,11.57
"2011-11-08",12.38,12.53,12.05,12.49,19139800,11.8
"2011-11-09",12.08,12.2,11.69,11.73,21815500,11.08
"2011-11-10",12.02,12.12,11.82,12.01,13618200,11.34
"2011-11-11",12.2,12.32,12.08,12.18,10251500,11.5
"2011-11-14",12.08,12.26,11.82,11.87,14923100,11.21
"2011-11-15",11.8,12.03,11.73,11.96,14916800,11.3
"2011-11-16",11.79,12.31,11.75,11.98,15176500,11.31
"2011-11-17",11.96,12.18,11.74,11.81,16781400,11.15
"2011-11-18",11.94,12,11.75,11.89,10354200,11.23
"2011-11-21",11.69,11.69,11.42,11.52,12160200,10.88
"2011-11-22",11.44,11.54,11.26,11.35,1e+07,10.72
"2011-11-23",11.23,11.3,10.92,10.94,13185000,10.33
"2011-11-25",10.89,11.2,10.89,10.97,3438100,10.36
"2011-11-28",11.36,11.44,11.17,11.36,11468100,10.73
"2011-11-29",11.37,11.5,11.15,11.22,10023600,10.6
"2011-11-30",11.63,12.12,11.5,12.09,15351400,11.42
"2011-12-01",12.08,12.1,11.85,11.95,6847900,11.29
"2011-12-02",12.12,12.36,12.06,12.12,11126300,11.45
"2011-12-05",12.3,12.57,12.25,12.56,14713700,11.86
"2011-12-06",12.57,12.58,12.3,12.32,14346300,11.64
"2011-12-07",12.19,12.45,12,12.39,10393800,11.7
"2011-12-08",12.28,12.31,11.91,11.97,13744800,11.31
"2011-12-09",12.12,12.58,12.1,12.51,16512100,11.82
"2011-12-12",12.38,12.39,12.04,12.23,11990300,11.55
"2011-12-13",12.3,12.35,11.76,11.91,13554900,11.25
"2011-12-14",11.76,12.05,11.67,11.8,15354600,11.14
"2011-12-15",12,12.09,11.89,11.97,10003300,11.31
"2011-12-16",12.03,12.27,11.98,12.07,14324000,11.4
"2011-12-19",12.08,12.13,11.76,11.84,7517500,11.18
"2011-12-20",12.05,12.35,12.01,12.19,13127100,11.51
"2011-12-21",12.21,12.5,12.1,12.49,8506300,11.8
"2011-12-22",12.6,13.06,12.6,12.92,12067900,12.2
"2011-12-23",13.06,13.08,12.76,12.84,10662000,12.13
"2011-12-27",12.78,12.89,12.68,12.75,6029100,12.04
"2011-12-28",12.68,12.73,12.5,12.58,6516500,11.96
"2011-12-29",12.66,12.91,12.59,12.91,6663000,12.27
"2011-12-30",12.93,12.93,12.68,12.72,6125400,12.09
"2012-01-03",13,13.22,12.99,13.08,13867200,12.43
"2012-01-04",12.99,13.2,12.89,13.09,8569000,12.44
"2012-01-05",13.01,13.54,12.93,13.47,14944100,12.8
"2012-01-06",13.49,13.56,13.21,13.49,14212500,12.82
"2012-01-09",13.51,13.58,13.28,13.42,13639400,12.75
"2012-01-10",13.65,13.96,13.58,13.85,18750600,13.16
"2012-01-11",13.78,13.83,13.55,13.75,12258000,13.07
"2012-01-12",13.78,13.92,13.6,13.83,12419600,13.14
"2012-01-13",13.63,14.13,13.5,14.03,20302400,13.33
"2012-01-17",14.01,14.16,13.64,13.74,13380500,13.06
"2012-01-18",13.7,13.84,13.51,13.75,15366900,13.07
"2012-01-19",14,14.03,13.49,13.56,15588900,12.89
"2012-01-20",13.28,13.34,12.78,13.17,31337400,12.52
"2012-01-23",13.21,13.65,13.21,13.4,21645900,12.74
"2012-01-24",13.28,13.48,13.14,13.43,11925300,12.76
"2012-01-25",13.37,13.58,13.26,13.49,10454600,12.82
"2012-01-26",13.57,13.6,13,13.08,15365700,12.43
"2012-01-27",13.03,13.32,13,13.23,8934100,12.57
"2012-01-30",13.08,13.14,12.88,12.99,10886600,12.35
"2012-01-31",13.04,13.16,12.93,13.01,9719300,12.37
"2012-02-01",13.1,13.32,13.08,13.14,10758000,12.49
"2012-02-02",13.17,13.36,13.05,13.23,6431700,12.57
"2012-02-03",13.46,13.65,13.39,13.59,10776400,12.92
"2012-02-06",13.52,13.58,13.41,13.49,4891700,12.82
"2012-02-07",13.39,13.72,13.39,13.53,10236100,12.86
"2012-02-08",13.56,13.79,13.5,13.61,10432500,12.94
"2012-02-09",13.64,13.72,13.44,13.52,8238800,12.85
"2012-02-10",13.4,13.44,13.28,13.35,8014100,12.69
"2012-02-13",13.45,13.61,13.45,13.5,8533000,12.83
"2012-02-14",13.42,13.52,13.14,13.3,12109100,12.64
"2012-02-15",13.34,13.55,13.29,13.36,11864900,12.7
"2012-02-16",13.38,13.64,13.31,13.63,9658300,12.95
"2012-02-17",13.73,13.85,13.6,13.8,10315800,13.12
"2012-02-21",13.85,14.1,13.77,13.91,12645000,13.22
"2012-02-22",13.88,13.91,13.55,13.59,8667400,12.92
"2012-02-23",13.62,13.82,13.52,13.81,8678000,13.13
"2012-02-24",13.82,13.92,13.52,13.6,11354200,12.93
"2012-02-27",13.52,13.63,13.41,13.58,13040800,12.91
"2012-02-28",13.63,13.66,13.47,13.62,13649200,12.95
"2012-02-29",13.66,13.8,13.45,13.61,12207000,12.94
"2012-03-01",13.66,13.8,13.59,13.72,13403500,13.04
"2012-03-02",13.74,13.78,13.58,13.61,9213800,12.94
"2012-03-05",13.56,13.6,13.24,13.31,9731000,12.65
"2012-03-06",13.21,13.22,12.88,12.94,13254200,12.3
"2012-03-07",12.97,13.39,12.94,13.3,15388300,12.64
"2012-03-08",13.43,13.56,13.27,13.48,8614800,12.81
"2012-03-09",13.49,13.81,13.4,13.76,8732100,13.08
"2012-03-12",13.72,13.73,13.4,13.58,8429100,12.91
"2012-03-13",13.7,14.22,13.65,14.16,13270100,13.46
"2012-03-14",13.9,14.39,13.76,14.28,25689600,13.57
"2012-03-15",14.38,14.72,14.17,14.47,18252800,13.75
"2012-03-16",14.6,14.6,14.22,14.33,14160400,13.62
"2012-03-19",14.37,14.73,14.24,14.5,15257800,13.78
"2012-03-20",14.43,14.56,14.27,14.5,12388700,13.78
"2012-03-21",14.58,14.66,14.23,14.24,14165900,13.53
"2012-03-22",14.17,14.17,13.96,14.09,18859500,13.39
"2012-03-23",14.09,14.17,13.89,14.14,12722000,13.44
"2012-03-26",14.2,14.31,14.09,14.3,11208600,13.59
"2012-03-27",14.3,14.33,13.99,14,12359500,13.31
"2012-03-28",13.97,14.23,13.97,14.1,18043000,13.48
"2012-03-29",14.06,14.17,13.92,14.03,15796000,13.41
"2012-03-30",14.18,14.22,13.95,14.05,9077300,13.43
"2012-04-02",13.92,14.51,13.92,14.44,16018400,13.8
"2012-04-03",14.67,14.67,14.37,14.58,19547000,13.94
"2012-04-04",14.41,14.57,14.27,14.48,12995500,13.84
"2012-04-05",14.38,14.65,14.35,14.62,13852000,13.98
"2012-04-09",14.28,14.49,14.25,14.31,11283500,13.68
"2012-04-10",14.35,14.4,13.9,13.9,15263500,13.29
"2012-04-11",14.11,14.26,13.98,14.26,8127600,13.63
"2012-04-12",14.25,14.5,14.22,14.48,7163200,13.84
"2012-04-13",14.39,14.42,14,14.02,10604900,13.4
"2012-04-16",14.16,14.24,13.86,14.11,9849100,13.49
"2012-04-17",14.31,14.47,14.2,14.36,13410400,13.73
"2012-04-18",14.25,14.46,14.13,14.16,12301600,13.54
"2012-04-19",14.3,14.34,13.61,13.73,22666700,13.12
"2012-04-20",13.86,13.96,13.71,13.95,17426700,13.33
"2012-04-23",13.67,13.85,13.56,13.81,13044000,13.2
"2012-04-24",13.81,13.96,13.8,13.95,14147100,13.33
"2012-04-25",14.19,14.4,14,14.31,13534700,13.68
"2012-04-26",14.26,14.43,14.25,14.37,9414600,13.74
"2012-04-27",14.41,14.45,14.28,14.39,8768400,13.76
"2012-04-30",14.3,14.39,14.1,14.23,10796800,13.6
"2012-05-01",14.24,14.55,14.21,14.4,7766600,13.77
"2012-05-02",14.32,14.46,14.19,14.4,8324100,13.77
"2012-05-03",14.4,14.51,14.35,14.45,12825600,13.81
"2012-05-04",14.41,14.47,13.68,13.99,10380400,13.37
"2012-05-07",13.98,14.45,13.97,14.39,13036200,13.76
"2012-05-08",14.26,14.34,14.06,14.21,10740300,13.58
"2012-05-09",14.03,14.13,13.87,13.99,7942200,13.37
"2012-05-10",14.17,14.33,14.12,14.19,9215400,13.56
"2012-05-11",14,14.24,13.85,14.07,10283000,13.45
"2012-05-14",13.89,14.04,13.75,13.76,8372000,13.15
"2012-05-15",13.77,13.9,13.54,13.58,11603400,12.98
"2012-05-16",13.69,13.84,13.54,13.55,9508400,12.95
"2012-05-17",13.56,13.58,13.29,13.29,14079700,12.7
"2012-05-18",13.35,13.43,13.25,13.35,13216100,12.76
"2012-05-21",13.36,13.51,13.26,13.38,8281600,12.79
"2012-05-22",13.42,13.64,13.34,13.45,11260100,12.86
"2012-05-23",13.25,13.59,13.18,13.59,20063400,12.99
"2012-05-24",13.63,13.67,13.37,13.57,9156400,12.97
"2012-05-25",13.6,13.65,13.45,13.52,6487400,12.92
"2012-05-29",13.63,13.66,13.36,13.52,12460500,12.92
"2012-05-30",13.45,13.45,13.18,13.23,11245700,12.65
"2012-05-31",13.33,13.46,13.07,13.35,17137100,12.76
"2012-06-01",13.1,13.13,12.48,12.52,21221900,11.97
"2012-06-04",12.54,12.56,12.05,12.09,17837300,11.56
"2012-06-05",12.05,12.38,12.04,12.23,16207300,11.69
"2012-06-06",12.42,12.67,12.3,12.67,12048000,12.11
"2012-06-07",12.87,12.91,12.67,12.74,11433300,12.18
"2012-06-08",12.74,12.95,12.46,12.93,10782200,12.36
"2012-06-11",13.06,13.12,12.68,12.71,11441000,12.15
"2012-06-12",12.73,12.87,12.54,12.86,9606300,12.29
"2012-06-13",12.82,13.05,12.7,12.78,9699500,12.22
"2012-06-14",12.82,13.09,12.78,13.04,12541100,12.47
"2012-06-15",13.06,13.19,12.95,13.18,10389600,12.6
"2012-06-18",13.12,13.18,12.9,12.95,11008300,12.38
"2012-06-19",13.06,13.22,13,13.13,10611600,12.55
"2012-06-20",13.16,13.21,12.95,13.12,10280100,12.54
"2012-06-21",13.18,13.25,12.95,13.04,17509600,12.47
"2012-06-22",13.09,13.34,13.05,13.27,13492500,12.68
"2012-06-25",13.03,13.09,12.69,12.72,12592400,12.16
"2012-06-26",12.8,12.98,12.69,12.87,9737400,12.3
"2012-06-27",12.85,13.02,12.75,12.98,8442900,12.49
"2012-06-28",12.88,13.04,12.71,13.02,9975100,12.52
"2012-06-29",13.43,13.44,13.27,13.4,12393700,12.89
"2012-07-02",13.54,13.54,13.3,13.5,8569700,12.99
"2012-07-03",13.47,13.61,13.46,13.5,4045400,12.99
"2012-07-05",13.47,13.52,13.35,13.42,8335600,12.91
"2012-07-06",13.23,13.42,13.22,13.38,5704100,12.87
"2012-07-09",13.32,13.44,13.18,13.31,5630800,12.8
"2012-07-10",13.36,13.46,13.07,13.11,8878500,12.61
"2012-07-11",13.09,13.44,13.09,13.41,7896900,12.9
"2012-07-12",13.26,13.39,13.19,13.34,8712700,12.83
"2012-07-13",13.33,13.71,13.32,13.69,7176600,13.17
"2012-07-16",13.63,13.72,13.52,13.65,5793600,13.13
"2012-07-17",13.8,13.94,13.6,13.92,9537000,13.39
"2012-07-18",13.88,13.91,13.71,13.77,8392800,13.25
"2012-07-19",13.9,14,13.66,13.8,12150900,13.27
"2012-07-20",13.75,13.8,13.44,13.64,7360800,13.12
"2012-07-23",13.47,13.58,13.37,13.51,10657100,13
"2012-07-24",13.58,13.7,13.49,13.69,13255300,13.17
"2012-07-25",13.7,13.79,13.63,13.75,8540300,13.23
"2012-07-26",13.95,14.21,13.89,14.14,14180000,13.6
"2012-07-27",14.26,14.37,14.12,14.24,10770700,13.7
"2012-07-30",14.23,14.25,13.99,14.02,8184500,13.49
"2012-07-31",14.03,14.05,13.81,13.82,8853200,13.29
"2012-08-01",13.88,14.04,13.78,13.79,9588600,13.26
"2012-08-02",13.66,13.82,13.5,13.67,10411800,13.15
"2012-08-03",13.91,14.15,13.84,14.07,7409100,13.53
"2012-08-06",14.11,14.2,13.98,13.98,5449900,13.45
"2012-08-07",14.01,14.34,14,14.23,9817300,13.69
"2012-08-08",14.11,14.33,14.05,14.3,7546000,13.75
"2012-08-09",14.34,14.42,14.29,14.32,10008000,13.77
"2012-08-10",14.26,14.31,14.17,14.29,5906000,13.75
"2012-08-13",14.26,14.37,14.17,14.32,5424000,13.77
"2012-08-14",14.37,14.4,14.2,14.25,6703300,13.71
"2012-08-15",14.2,14.35,14.16,14.29,4938300,13.75
"2012-08-16",14.26,14.41,14.22,14.33,8295500,13.78
"2012-08-17",14.39,14.47,14.29,14.4,10386900,13.85
"2012-08-20",14.39,14.49,14.33,14.37,6404500,13.82
"2012-08-21",14.46,14.6,14.33,14.39,7293200,13.84
"2012-08-22",14.8,15.02,14.63,14.81,20330900,14.25
"2012-08-23",14.76,14.8,14.6,14.63,6818400,14.07
"2012-08-24",14.63,14.86,14.63,14.81,7573500,14.25
"2012-08-27",14.93,14.93,14.78,14.91,8126200,14.34
"2012-08-28",14.86,15.08,14.86,14.93,13444100,14.36
"2012-08-29",14.93,15.15,14.93,15.12,7452900,14.54
"2012-08-30",15.03,15.17,14.94,15.08,9035200,14.51
"2012-08-31",15.14,15.24,15.08,15.14,9276500,14.56
"2012-09-04",15.02,15.15,14.99,15.05,9604300,14.48
"2012-09-05",15.1,15.12,14.89,14.92,16970900,14.35
"2012-09-06",15,15.17,14.99,15.06,15037400,14.49
"2012-09-07",15.13,15.41,15.07,15.31,11615900,14.73
"2012-09-10",15.19,15.36,15.15,15.2,9135900,14.62
"2012-09-11",15.14,15.32,15.09,15.18,12917200,14.6
"2012-09-12",15.27,15.42,15.23,15.27,12030100,14.69
"2012-09-13",15.25,15.64,15.24,15.61,11952500,15.02
"2012-09-14",15.62,15.95,15.6,15.78,15004600,15.18
"2012-09-17",15.85,15.85,15.7,15.74,9485600,15.14
"2012-09-18",15.67,15.74,15.59,15.65,9168300,15.05
"2012-09-19",15.63,15.74,15.56,15.6,9587800,15.01
"2012-09-20",15.56,15.63,15.32,15.59,11600600,15
"2012-09-21",15.78,15.78,15.54,15.58,8738900,14.99
"2012-09-24",15.46,15.74,15.41,15.67,8981800,15.07
"2012-09-25",15.68,15.79,15.52,15.56,11066900,14.97
"2012-09-26",15.44,15.55,15.33,15.36,11210300,14.87
"2012-09-27",15.39,15.6,15.32,15.49,7526900,15
"2012-09-28",15.41,15.6,15.38,15.51,9009300,15.02
"2012-10-01",15.37,15.72,15.37,15.49,12129300,15
"2012-10-02",15.45,15.6,15.33,15.46,11145400,14.97
"2012-10-03",15.56,15.78,15.5,15.71,10761700,15.21
"2012-10-04",15.79,15.99,15.77,15.99,8982100,15.48
"2012-10-05",16.01,16.16,15.87,15.99,12899000,15.48
"2012-10-08",15.99,16.06,15.92,15.98,8129900,15.47
"2012-10-09",16,16.04,15.8,15.86,9973200,15.35
"2012-10-10",15.7,15.88,15.68,15.82,8977500,15.32
"2012-10-11",15.91,16.06,15.89,15.89,6584500,15.38
"2012-10-12",15.67,15.71,15.23,15.27,19630700,14.78
"2012-10-15",15.36,15.39,15.17,15.37,10730000,14.88
"2012-10-16",15.47,15.48,14.98,15,19484700,14.52
"2012-10-17",15.02,15.23,15,15.13,13826100,14.65
"2012-10-18",15.25,15.26,15.03,15.12,15986500,14.64
"2012-10-19",15.06,15.16,14.98,15.02,12298100,14.54
"2012-10-22",14.96,15.12,14.91,15.04,11616500,14.56
"2012-10-23",14.86,14.89,14.57,14.69,10971900,14.22
"2012-10-24",14.85,14.85,14.54,14.57,8478800,14.11
"2012-10-25",14.7,14.76,14.4,14.64,10072600,14.17
"2012-10-26",14.62,14.65,14.42,14.49,6582600,14.03
"2012-10-31",14.59,14.62,14.36,14.53,7306100,14.07
"2012-11-01",14.51,14.57,14.42,14.56,11857700,14.1
"2012-11-02",14.56,14.68,14.33,14.38,8280600,13.92
"2012-11-05",14.39,14.39,14.18,14.32,5384500,13.86
"2012-11-06",14.35,14.63,14.35,14.59,7247700,14.12
"2012-11-07",14.49,14.5,14.1,14.12,11696800,13.67
"2012-11-08",14.16,14.37,14.04,14.04,9446800,13.59
"2012-11-09",14.05,14.28,13.88,14.16,12520100,13.71
"2012-11-12",14.18,14.25,14.12,14.23,6159500,13.78
"2012-11-13",14.14,14.31,13.99,14,8086000,13.55
"2012-11-14",14.03,14.11,13.75,13.81,10156900,13.37
"2012-11-15",13.8,14.07,13.75,14,9942000,13.55
"2012-11-16",13.99,14.18,13.9,14.1,8163200,13.65
"2012-11-19",14.3,14.53,14.28,14.48,11313600,14.02
"2012-11-20",14.41,14.73,14.35,14.6,9104800,14.13
"2012-11-21",14.62,14.65,14.44,14.58,5076600,14.11
"2012-11-23",14.65,14.89,14.6,14.89,2719700,14.42
"2012-11-26",14.76,14.83,14.63,14.73,7074900,14.26
"2012-11-27",14.64,14.81,14.53,14.55,9561900,14.09
"2012-11-28",14.5,14.67,14.33,14.67,7759100,14.2
"2012-11-29",14.75,14.8,14.62,14.66,6540200,14.19
"2012-11-30",14.7,14.77,14.56,14.64,7091300,14.17
"2012-12-03",14.69,14.69,14.34,14.41,11941400,13.95
"2012-12-04",14.44,14.45,14.05,14.14,13866500,13.69
"2012-12-05",14.19,14.43,14.1,14.36,12657200,13.9
"2012-12-06",14.39,14.39,14.25,14.34,7240100,13.88
"2012-12-07",14.4,14.54,14.35,14.54,7592500,14.08
"2012-12-10",14.52,14.68,14.47,14.56,8968400,14.1
"2012-12-11",14.58,14.7,14.46,14.53,7234400,14.07
"2012-12-12",14.56,14.76,14.54,14.62,9424000,14.15
"2012-12-13",14.77,14.77,14.44,14.51,9131400,14.05
"2012-12-14",14.5,14.52,14.33,14.36,5985000,13.9
"2012-12-17",14.43,14.7,14.42,14.67,9203000,14.2
"2012-12-18",14.74,15.12,14.67,15.08,13977300,14.6
"2012-12-19",15.15,15.18,14.91,14.95,7673900,14.47
"2012-12-20",14.94,15.17,14.93,15.14,8822400,14.66
"2012-12-21",14.95,15.18,14.75,15.12,14283000,14.64
"2012-12-24",15.12,15.2,14.97,15.04,3255700,14.56
"2012-12-26",15.07,15.31,15,15.14,6981100,14.66
"2012-12-27",15.03,15.13,14.93,15.08,12407400,14.7
"2012-12-28",14.97,15.13,14.93,14.99,7252900,14.61
"2012-12-31",14.92,15.21,14.91,15.2,8068600,14.81
"2013-01-02",15.46,15.77,15.43,15.77,13866300,15.37
"2013-01-03",15.76,15.77,15.52,15.63,11670500,15.23
"2013-01-04",15.51,15.7,15.48,15.69,14800100,15.29
"2013-01-07",15.62,15.66,15.44,15.58,10651000,15.18
"2013-01-08",15.63,15.65,15.4,15.44,10703400,15.05
"2013-01-09",15.49,15.59,15.36,15.41,9882600,15.02
"2013-01-10",15.52,15.72,15.46,15.7,11495700,15.3
"2013-01-11",15.69,15.69,15.35,15.47,10867300,15.08
"2013-01-14",15.49,15.5,15.28,15.35,7942100,14.96
"2013-01-15",15.25,15.48,15.19,15.41,7682300,15.02
"2013-01-16",15.4,15.76,15.35,15.55,14767200,15.15
"2013-01-17",15.98,16.39,15.89,16.29,25139000,15.88
"2013-01-18",16.44,16.63,16.34,16.38,17729900,15.96
"2013-01-22",16.3,16.52,16.26,16.5,8941800,16.08
"2013-01-23",16.46,16.56,16.31,16.37,8203900,15.95
"2013-01-24",16.43,16.5,16.27,16.39,7786200,15.97
"2013-01-25",16.42,16.46,16.26,16.37,5722600,15.95
"2013-01-28",16.34,16.41,16.08,16.18,8723400,15.77
"2013-01-29",16.34,16.39,16.11,16.27,8274200,15.86
"2013-01-30",16.28,16.39,16.17,16.33,11003200,15.91
"2013-01-31",16.3,16.35,16.18,16.29,8396800,15.88
"2013-02-01",16.36,16.63,16.35,16.49,12703800,16.07
"2013-02-04",16.3,16.34,16.16,16.2,11778200,15.79
"2013-02-05",16.34,16.58,16.28,16.51,9336600,16.09
"2013-02-06",16.45,16.61,16.37,16.59,5938900,16.17
"2013-02-07",16.64,16.77,16.36,16.47,10888100,16.05
"2013-02-08",16.55,16.61,16.4,16.61,9814100,16.19
"2013-02-11",16.44,16.52,16.38,16.5,12187700,16.08
"2013-02-12",16.54,16.63,16.45,16.56,8284800,16.14
"2013-02-13",16.53,16.55,16.05,16.11,16635700,15.7
"2013-02-14",16.09,16.19,16.04,16.13,11091200,15.72
"2013-02-15",16.12,16.16,16,16.05,9472000,15.64
"2013-02-19",16.07,16.16,15.94,15.96,11020500,15.55
"2013-02-20",15.95,16.03,15.79,15.83,12260600,15.43
"2013-02-21",15.85,15.97,15.51,15.6,17670900,15.2
"2013-02-22",15.77,15.84,15.7,15.8,6752300,15.4
"2013-02-25",15.9,15.94,15.52,15.53,12966000,15.13
"2013-02-26",15.6,15.64,15.43,15.56,10616400,15.16
"2013-02-27",15.56,15.76,15.47,15.72,8481500,15.32
"2013-02-28",15.68,15.93,15.67,15.84,8898900,15.44
"2013-03-01",15.73,15.9,15.57,15.83,11481200,15.43
"2013-03-04",15.83,16.04,15.71,16.02,8629000,15.61
"2013-03-05",16.15,16.19,15.88,16.02,15272900,15.61
"2013-03-06",16.06,16.12,15.88,16.03,11432600,15.62
"2013-03-07",16.05,16.25,16.01,16.23,8861600,15.82
"2013-03-08",16.35,16.37,16.18,16.34,8404200,15.92
"2013-03-11",16.37,16.42,16.24,16.35,10537300,15.93
"2013-03-12",16.38,16.46,16.23,16.25,6625700,15.84
"2013-03-13",16.24,16.39,16.18,16.39,8843800,15.97
"2013-03-14",16.44,16.55,16.3,16.37,8663400,15.95
"2013-03-15",16.35,16.61,16.3,16.61,16194500,16.19
"2013-03-18",16.37,16.54,16.27,16.48,7536400,16.06
"2013-03-19",16.56,16.58,16.41,16.51,8466000,16.09
"2013-03-20",16.61,16.62,16.48,16.52,7800400,16.1
"2013-03-21",16.4,16.52,16.35,16.37,8305100,15.95
"2013-03-22",16.37,16.45,16.23,16.29,7034400,15.88
"2013-03-25",16.31,16.39,16.22,16.35,8041100,15.93
"2013-03-26",16.36,16.45,16.29,16.41,6967600,16.1
"2013-03-27",16.34,16.4,16.25,16.37,4895200,16.06
"2013-03-28",16.31,16.37,16.2,16.31,5584400,16
"2013-04-01",16.28,16.3,16.06,16.14,5702700,15.84
"2013-04-02",16.14,16.22,16.08,16.16,6808400,15.86
"2013-04-03",16.13,16.23,15.82,15.99,13451600,15.69
"2013-04-04",15.99,16.04,15.85,15.95,8668800,15.65
"2013-04-05",15.73,16.06,15.64,16.02,10322800,15.72
"2013-04-08",15.99,16.26,15.89,16.22,10211700,15.91
"2013-04-09",16.3,16.49,16.2,16.39,8064300,16.08
"2013-04-10",16.57,16.68,16.46,16.63,9086900,16.32
"2013-04-11",16.62,16.86,16.53,16.86,9786800,16.54
"2013-04-12",16.69,16.74,16.35,16.49,16086400,16.18
"2013-04-15",16.47,16.49,16.06,16.08,10054600,15.78
"2013-04-16",16.16,16.27,16.06,16.15,9928500,15.85
"2013-04-17",15.97,15.98,15.64,15.8,11215000,15.5
"2013-04-18",16.25,16.25,15.62,15.92,16586100,15.62
"2013-04-19",16.03,16.42,15.89,16.4,11483200,16.09
"2013-04-22",16.31,16.34,16.11,16.25,6563600,15.94
"2013-04-23",16.31,16.5,16.22,16.47,8093500,16.16
"2013-04-24",16.48,16.72,16.45,16.72,6444900,16.4
"2013-04-25",16.75,16.95,16.69,16.83,5791500,16.51
"2013-04-26",16.81,16.85,16.65,16.76,3342700,16.44
"2013-04-29",16.77,16.89,16.76,16.83,4412600,16.51
"2013-04-30",16.84,17.04,16.68,17.03,9295500,16.71
"2013-05-01",17.03,17.11,16.7,16.75,7515000,16.43
"2013-05-02",16.77,16.97,16.71,16.86,4457000,16.54
"2013-05-03",17.05,17.12,17.01,17.1,6916000,16.78
"2013-05-06",17.08,17.31,17.02,17.3,4109300,16.97
"2013-05-07",17.37,17.53,17.3,17.51,6898100,17.18
"2013-05-08",17.5,17.67,17.45,17.62,7591900,17.29
"2013-05-09",17.66,17.81,17.53,17.57,8011200,17.24
"2013-05-10",17.6,17.73,17.58,17.71,5419300,17.38
"2013-05-13",17.65,17.76,17.55,17.7,13724100,17.37
"2013-05-14",17.73,17.97,17.73,17.91,7011100,17.57
"2013-05-15",17.91,18.15,17.81,18.08,6229900,17.74
"2013-05-16",18.01,18.2,17.97,18.02,5154600,17.68
"2013-05-17",18.17,18.31,18.04,18.25,6115300,17.91
"2013-05-20",18.23,18.41,18.19,18.39,6307200,18.04
"2013-05-21",18.45,18.5,18.22,18.3,7774100,17.95
"2013-05-22",18.37,18.49,17.99,18,13408800,17.66
"2013-05-23",17.81,18.2,17.76,18.1,8075700,17.76
"2013-05-24",18.06,18.25,18.01,18.25,5606000,17.91
"2013-05-28",18.52,18.6,18.36,18.43,6804000,18.08
"2013-05-29",18.28,18.55,18.26,18.47,11196400,18.12
"2013-05-30",18.46,18.74,18.45,18.53,9266500,18.18
"2013-05-31",18.47,18.55,18.2,18.2,9136700,17.86
"2013-06-03",18.23,18.32,17.82,18.2,10743200,17.86
"2013-06-04",18.17,18.31,17.88,17.92,9863900,17.58
"2013-06-05",17.88,17.97,17.68,17.71,8452600,17.38
"2013-06-06",17.66,18.07,17.64,18.07,9101000,17.73
"2013-06-07",18.24,18.44,18.09,18.42,8354000,18.07
"2013-06-10",18.42,18.7,18.42,18.6,8096900,18.25
"2013-06-11",18.47,18.56,18.29,18.34,8191500,17.99
"2013-06-12",18.47,18.49,18.23,18.32,9989300,17.97
"2013-06-13",18.25,18.49,18.15,18.45,8225900,18.1
"2013-06-14",18.47,18.49,18.2,18.31,8866600,17.96
"2013-06-17",18.46,18.53,18.2,18.29,6971500,17.95
"2013-06-18",18.33,18.49,18.26,18.4,6251100,18.05
"2013-06-19",18.36,18.47,18.09,18.1,10728200,17.76
"2013-06-20",17.9,17.96,17.67,17.78,18099400,17.44
"2013-06-21",17.89,17.96,17.43,17.7,23647100,17.37
"2013-06-24",17.59,17.68,17.33,17.46,14737800,17.13
"2013-06-25",17.67,17.94,17.55,17.88,11151400,17.54
"2013-06-26",17.98,18.04,17.79,17.93,6414700,17.71
"2013-06-27",18.06,18.32,18,18.1,8335300,17.88
"2013-06-28",18.09,18.23,17.82,18.05,11104900,17.83
"2013-07-01",18.23,18.48,18.05,18.28,6009200,18.06
"2013-07-02",18.29,18.58,18.23,18.48,8840400,18.25
"2013-07-03",18.5,18.5,18.2,18.37,5584700,18.15
"2013-07-05",18.45,18.68,18.37,18.67,11339300,18.44
"2013-07-08",18.75,18.81,18.46,18.58,11825700,18.35
"2013-07-09",18.76,18.81,18.55,18.8,10268400,18.57
"2013-07-10",18.82,18.85,18.59,18.79,14880700,18.56
"2013-07-11",19.03,19.08,18.67,18.81,10249700,18.58
"2013-07-12",18.79,19,18.75,18.98,5734700,18.75
"2013-07-15",19.02,19.07,18.91,18.99,6823800,18.76
"2013-07-16",19.01,19.09,18.67,18.86,6900500,18.63
"2013-07-17",18.86,19.01,18.8,18.99,8009200,18.76
"2013-07-18",18.8,18.97,18.27,18.95,17975200,18.72
"2013-07-19",19.02,19.08,18.79,19.02,10323700,18.79
"2013-07-22",19.16,19.35,18.96,19.34,7305300,19.1
"2013-07-23",19.39,19.52,19.15,19.42,8691500,19.18
"2013-07-24",19.49,19.79,19.43,19.59,10151300,19.35
"2013-07-25",19.26,19.44,19.22,19.37,7790800,19.13
"2013-07-26",19.17,19.38,19.17,19.37,4209600,19.13
"2013-07-29",19.31,19.41,19.14,19.21,6179800,18.98
"2013-07-30",19.32,19.4,19.2,19.26,5155400,19.02
"2013-07-31",19.33,19.64,19.2,19.24,8748400,19
"2013-08-01",19.44,19.65,19.32,19.6,5835400,19.36
"2013-08-02",19.63,19.73,19.49,19.69,5585900,19.45
"2013-08-05",19.7,19.71,19.52,19.58,4125200,19.34
"2013-08-06",19.5,19.57,19.28,19.36,5557700,19.12
"2013-08-07",19.31,19.33,19.16,19.22,6151500,18.98
"2013-08-08",19.35,19.41,19.11,19.23,7554600,18.99
"2013-08-09",19.17,19.38,19.17,19.3,5323900,19.06
"2013-08-12",19.22,19.43,19.17,19.27,3901000,19.03
"2013-08-13",19.13,19.32,18.97,19.09,10036500,18.86
"2013-08-14",19.06,19.25,19.05,19.14,6817500,18.91
"2013-08-15",19.06,19.15,18.98,19.04,6104700,18.81
"2013-08-16",19.08,19.29,19.03,19.16,5672700,18.93
"2013-08-19",19.13,19.15,18.97,19.01,6294900,18.78
"2013-08-20",19.05,19.2,18.9,19.06,7299100,18.83
"2013-08-21",18.98,19.17,18.89,18.93,7921100,18.7
"2013-08-22",18.97,19.23,18.94,19.18,6032500,18.95
"2013-08-23",19.31,19.32,19.04,19.2,3798200,18.97
"2013-08-26",19.24,19.28,18.99,18.99,5896900,18.76
"2013-08-27",18.8,18.86,18.43,18.43,10529900,18.2
"2013-08-28",18.33,18.48,18.15,18.35,8269200,18.13
"2013-08-29",18.2,18.55,18.17,18.39,4669100,18.17
"2013-08-30",18.45,18.45,18.22,18.29,6179700,18.07
"2013-09-03",18.53,18.66,18.16,18.31,7389400,18.09
"2013-09-04",18.37,18.5,18.23,18.36,7631200,18.14
"2013-09-05",18.38,18.64,18.36,18.53,6300100,18.3
"2013-09-06",18.63,18.66,18.33,18.47,5249500,18.24
"2013-09-09",18.25,18.5,18.13,18.38,9006800,18.16
"2013-09-10",18.57,18.59,18.39,18.5,8943000,18.27
"2013-09-11",18.51,18.62,18.4,18.58,5716000,18.35
"2013-09-12",18.6,18.64,18.49,18.49,5828600,18.26
"2013-09-13",18.53,18.57,18.32,18.38,10692400,18.16
"2013-09-16",18.65,18.68,18.45,18.49,8353700,18.26
"2013-09-17",18.42,18.6,18.33,18.55,10143200,18.32
"2013-09-18",18.47,18.81,18.38,18.62,13477300,18.39
"2013-09-19",18.63,18.7,18.33,18.53,13397500,18.3
"2013-09-20",18.43,18.56,18.37,18.39,10895900,18.17
"2013-09-23",18.31,18.34,18.09,18.15,6913100,17.93
"2013-09-24",18.08,18.22,17.96,18.04,8161500,17.82
"2013-09-25",18.29,18.35,17.95,18.29,9896300,18.07
"2013-09-26",18.24,18.3,17.99,18.08,4527200,17.98
"2013-09-27",17.93,18.24,17.93,18.08,5053000,17.98
"2013-09-30",17.95,18.13,17.8,18.05,6047600,17.95
"2013-10-01",17.98,18.27,17.98,18.26,6151200,18.16
"2013-10-02",18.12,18.17,18,18.05,10707400,17.95
"2013-10-03",17.98,18.04,17.84,18,6392200,17.9
"2013-10-04",18,18.21,17.93,18.19,6107800,18.09
"2013-10-07",18.03,18.05,17.77,17.77,5149800,17.67
"2013-10-08",17.81,17.84,17.49,17.5,9268600,17.4
"2013-10-09",17.58,17.84,17.5,17.76,10170900,17.66
"2013-10-10",17.96,18.25,17.92,18.14,10817600,18.04
"2013-10-11",17.99,18.28,17.81,18.2,9319400,18.1
"2013-10-14",18.08,18.35,18.07,18.31,5592000,18.21
"2013-10-15",18.37,18.4,18.12,18.13,7453300,18.03
"2013-10-16",18.25,18.52,18.16,18.4,7907300,18.3
"2013-10-17",18.39,19,18.34,18.97,14253500,18.86
"2013-10-18",19.01,19.33,18.91,19.28,9457800,19.17
"2013-10-21",18.79,19.39,18.79,19.22,7387100,19.11
"2013-10-22",19.24,19.39,19.17,19.34,6871200,19.23
"2013-10-23",19.28,19.34,19.15,19.23,5900600,19.12
"2013-10-24",19.29,19.32,18.99,19.12,9931700,19.01
"2013-10-25",19.1,19.22,18.95,19.08,7152300,18.97
"2013-10-28",19.12,19.2,18.95,19.18,7314400,19.07
"2013-10-29",19.25,19.27,19.09,19.21,7468900,19.1
"2013-10-30",19.26,19.3,19.16,19.24,7166300,19.13
"2013-10-31",19.27,19.28,19.03,19.04,6206500,18.93
"2013-11-01",19.08,19.11,18.87,18.99,4738900,18.88
"2013-11-04",19,19.06,18.79,18.84,4764200,18.73
"2013-11-05",18.77,19.23,18.75,19.14,7932500,19.03
"2013-11-06",19.09,19.19,19.03,19.13,6978100,19.02
"2013-11-07",19.19,19.3,19.08,19.08,8906100,18.97
"2013-11-08",19.15,20.03,19.06,20.01,15342200,19.9
"2013-11-11",20.04,20.06,19.62,19.77,7219200,19.66
"2013-11-12",19.1,19.83,19.1,19.56,4931100,19.45
"2013-11-13",19.52,19.93,19.44,19.91,10260500,19.8
"2013-11-14",19.96,20.05,19.87,20.02,5579700,19.91
"2013-11-15",20.13,20.16,19.91,19.94,6062300,19.83
"2013-11-18",19.94,20.21,19.75,20,6603200,19.89
"2013-11-19",19.99,20.15,19.89,19.91,6723400,19.8
"2013-11-20",20.98,20.98,19.8,19.92,7114500,19.81
"2013-11-21",20,20.47,19.95,20.34,8902600,20.22
"2013-11-22",20.4,20.58,20.12,20.58,9437300,20.46
"2013-11-25",20.7,20.75,20.49,20.57,11186300,20.45
"2013-11-26",20.63,20.63,20.33,20.34,7413800,20.22
"2013-11-27",20.43,20.53,20.35,20.45,4329600,20.33
"2013-11-29",20.5,20.5,20.3,20.32,2814400,20.2
"2013-12-02",20.36,20.43,20.17,20.2,5456500,20.08
"2013-12-03",20.17,20.29,19.85,19.99,7438600,19.88
"2013-12-04",19.99,20.22,19.76,19.88,9838200,19.77
"2013-12-05",19.87,20.05,19.79,19.82,7331800,19.71
"2013-12-06",20.03,20.34,19.94,20.34,7856900,20.22
"2013-12-09",20.34,20.49,20.19,20.24,6501900,20.12
"2013-12-10",20.18,20.45,19.95,20.31,5623100,20.19
"2013-12-11",20.4,20.44,20.14,20.16,7680100,20.05
"2013-12-12",20.2,20.38,20.08,20.25,6605800,20.13
"2013-12-13",20.34,20.34,19.99,20.09,5985200,19.98
"2013-12-16",20.55,20.56,20.31,20.35,7702300,20.23
"2013-12-17",20.21,20.3,20.05,20.15,6034800,20.04
"2013-12-18",20.12,20.51,20.01,20.45,8050300,20.33
"2013-12-19",20.38,20.74,20.36,20.67,6318600,20.55
"2013-12-20",20.57,20.86,20.57,20.81,8948500,20.69
"2013-12-23",20.93,21.13,20.89,20.95,5619000,20.83
"2013-12-24",20.97,21.1,20.88,20.98,1558200,20.86
"2013-12-26",21.01,21.14,20.96,21.04,3884700,20.92
"2013-12-27",20.91,21.11,20.89,20.92,3983500,20.92
"2013-12-30",20.99,21.07,20.88,20.92,3811800,20.92
"2013-12-31",21,21.12,20.93,21.03,4980500,21.03
"2014-01-02",20.94,21.06,20.83,20.87,6971200,20.87
"2014-01-03",20.91,21.06,20.85,20.92,4436600,20.92
"2014-01-06",21.01,21.33,20.94,20.95,7209400,20.95
"2014-01-07",21.09,21.2,20.93,21.03,6549200,21.03
"2014-01-08",21.02,21.23,21,21.13,7551400,21.13
"2014-01-09",21.14,21.45,21.14,21.32,8873100,21.32
"2014-01-10",21.25,21.55,21.25,21.53,8715300,21.53
"2014-01-13",21.5,21.62,21.21,21.25,8250700,21.25
"2014-01-14",21.31,21.53,21.21,21.36,7441300,21.36
"2014-01-15",21.41,21.64,21.4,21.57,5218400,21.57
"2014-01-16",21.49,21.55,21.31,21.37,5595100,21.37
"2014-01-17",21.46,21.83,21.41,21.55,6725800,21.55
"2014-01-21",21.63,21.89,21.63,21.82,6866600,21.82
"2014-01-22",21.96,21.96,21.78,21.92,7739800,21.92
"2014-01-23",21.65,21.91,21.35,21.52,11224700,21.52
"2014-01-24",21.35,21.54,21.28,21.32,9504500,21.32
"2014-01-27",21.9,21.91,21.09,21.13,9455800,21.13
"2014-01-28",21.16,21.43,21.14,21.3,9397900,21.3
"2014-01-29",21.14,21.34,20.9,20.95,12290000,20.95
"2014-01-30",21.09,21.32,21.05,21.24,5822300,21.24
"2014-01-31",20.98,21.27,20.81,21.02,7693400,21.02
"2014-02-03",20.94,21.13,20.42,20.5,18238600,20.5
"2014-02-04",20.55,20.87,20.37,20.59,10596700,20.59
"2014-02-05",20.6,20.8,20.46,20.65,7677500,20.65
"2014-02-06",20.98,21.11,20.84,21.08,7596800,21.08
"2014-02-07",21.12,21.25,20.91,21.1,6795500,21.1
"2014-02-10",21.5,21.5,21.14,21.27,8595300,21.27
"2014-02-11",21.23,21.44,20.94,21.37,9048400,21.37
"2014-02-12",21.46,21.67,21.28,21.36,9049400,21.36
"2014-02-13",21.29,21.54,21.19,21.54,6968200,21.54
"2014-02-14",21.46,21.72,21.42,21.63,5524400,21.63
"2014-02-18",21.68,21.8,21.58,21.66,6896100,21.66
"2014-02-19",21.63,21.66,21.26,21.31,10907400,21.31
"2014-02-20",21.29,21.4,21.12,21.34,7189700,21.34
"2014-02-21",21.39,21.61,21.34,21.44,8206400,21.44
"2014-02-24",21.45,21.7,21.45,21.61,9382800,21.61
"2014-02-25",21.66,21.74,21.44,21.61,7963900,21.61
"2014-02-26",21.67,21.73,21.5,21.66,7201000,21.66
"2014-02-27",21.67,21.72,21.51,21.72,6945800,21.72
"2014-02-28",21.76,21.86,21.56,21.7,12470500,21.7
"2014-03-03",21.53,21.58,21.41,21.52,8702100,21.52
"2014-03-04",21.78,22.05,21.66,21.96,10185600,21.96
"2014-03-05",21.94,22.23,21.88,22.2,7129900,22.2
"2014-03-06",22.25,22.42,22.23,22.3,5626500,22.3
"2014-03-07",22.42,22.75,22.42,22.63,7670900,22.63
"2014-03-10",22.56,22.7,22.46,22.7,6099800,22.7
"2014-03-11",22.72,22.75,22.44,22.51,5603200,22.51
"2014-03-12",22.39,22.57,22.29,22.53,6213200,22.53
"2014-03-13",22.56,22.73,22.35,22.43,6998000,22.43
"2014-03-14",22.37,22.53,22.23,22.34,6313900,22.34
"2014-03-17",22.81,22.83,22.42,22.6,5792100,22.6
