"","GAS.Open","GAS.High","GAS.Low","GAS.Close","GAS.Volume","GAS.Adjusted"
"2007-01-03",39.13,39.72,39.1,39.72,728700,28.4
"2007-01-04",39.66,39.72,39.31,39.64,468700,28.34
"2007-01-05",38.76,40.21,38.67,38.8,305000,27.74
"2007-01-08",38.87,39.08,38.74,39.06,379500,27.93
"2007-01-09",38.98,39.26,38.82,39.25,206300,28.06
"2007-01-10",39.3,39.37,38.96,39.1,285800,27.96
"2007-01-11",39.21,39.45,38.9,39.06,236500,27.93
"2007-01-12",39.14,39.24,38.9,39,355800,27.88
"2007-01-16",38.98,39.09,38.79,38.9,301600,27.81
"2007-01-17",38.75,38.96,38.75,38.81,183000,27.75
"2007-01-18",38.9,38.94,38.53,38.55,198800,27.56
"2007-01-19",38.45,38.78,38.27,38.68,247100,27.66
"2007-01-22",38.6,38.81,38.41,38.74,207900,27.7
"2007-01-23",38.74,39,38.64,38.93,383900,27.83
"2007-01-24",38.92,39.19,38.84,39.18,225900,28.01
"2007-01-25",39.18,39.19,38.41,38.56,205700,27.57
"2007-01-26",38.58,38.79,38.2,38.79,152100,27.73
"2007-01-29",38.85,39.04,38.79,38.96,233600,27.86
"2007-01-30",39.07,39.15,38.86,39.12,416200,27.97
"2007-01-31",39.02,39.3,38.77,39.3,287300,28.1
"2007-02-01",39.53,41.55,39.53,40.75,1092600,29.14
"2007-02-02",40.6,41.33,40.56,41.15,536500,29.42
"2007-02-05",40.97,41.14,40.64,40.7,622700,29.1
"2007-02-06",40.82,41,40.81,40.98,496400,29.3
"2007-02-07",41.13,41.39,41.02,41.39,208400,29.59
"2007-02-08",41.45,41.59,41.14,41.4,283700,29.6
"2007-02-09",41.52,41.55,40.73,41.1,594500,29.39
"2007-02-12",41.24,41.25,40.91,41.13,296400,29.41
"2007-02-13",41.38,41.88,41.25,41.87,583400,29.94
"2007-02-14",41.66,42.25,41.51,42.14,835100,30.43
"2007-02-15",42.02,42.46,42.02,42.08,847600,30.38
"2007-02-16",42.14,42.14,41.8,42.04,356400,30.36
"2007-02-20",42.05,42.52,41.9,42.45,655200,30.65
"2007-02-21",42.27,42.51,42.16,42.36,346600,30.59
"2007-02-22",42.31,42.48,42,42.22,255700,30.49
"2007-02-23",42.35,42.4,42.1,42.23,192500,30.49
"2007-02-26",42.57,42.9,42.12,42.24,336300,30.5
"2007-02-27",41.78,41.89,40.95,41.44,508100,29.92
"2007-02-28",41.46,41.55,40.66,40.76,786600,29.43
"2007-03-01",40.25,41.29,40.16,41.09,527700,29.67
"2007-03-02",41.49,41.64,40.54,40.6,542700,29.32
"2007-03-05",40.15,40.39,39.69,39.69,563100,28.66
"2007-03-06",39.75,40.11,39.7,40.03,812900,28.9
"2007-03-07",39.96,40.1,39.88,39.88,380100,28.8
"2007-03-08",40.02,40.15,39.9,39.97,326900,28.86
"2007-03-09",40.11,40.15,39.82,40,481900,28.88
"2007-03-12",40.06,40.31,39.86,40.3,381100,29.1
"2007-03-13",40.17,40.33,39.76,39.9,432400,28.81
"2007-03-14",39.99,40.37,39.62,40.06,394200,28.93
"2007-03-15",40,40.46,40,40.41,394900,29.18
"2007-03-16",40.49,40.61,40.28,40.34,248000,29.13
"2007-03-19",40.66,41,40.56,40.88,298900,29.52
"2007-03-20",41.01,41.48,40.83,41.48,336100,29.95
"2007-03-21",41.47,41.89,41.2,41.81,379200,30.19
"2007-03-22",40.96,42.37,40.96,42.08,875000,30.38
"2007-03-23",42.22,42.38,41.88,42.2,838200,30.47
"2007-03-26",42.33,42.55,41.95,42.55,289800,30.72
"2007-03-27",42.46,42.8,42.28,42.68,352100,30.82
"2007-03-28",42.62,42.93,42.5,42.79,343800,30.9
"2007-03-29",42.95,42.95,42.48,42.78,182600,30.89
"2007-03-30",42.86,42.99,42.33,42.72,366600,30.85
"2007-04-02",42.89,43.29,42.67,43.29,426200,31.26
"2007-04-03",43.43,43.63,43.18,43.41,372300,31.34
"2007-04-04",43.38,43.61,43.27,43.41,579100,31.34
"2007-04-05",43.35,43.5,43.34,43.35,182100,31.3
"2007-04-09",43.42,43.68,43.36,43.63,350900,31.5
"2007-04-10",43.71,43.99,43.54,43.95,259600,31.73
"2007-04-11",44.01,44.1,43.74,44,277100,31.77
"2007-04-12",43.9,44.06,43.71,43.83,272800,31.65
"2007-04-13",43.8,44.08,43.44,44.05,223300,31.81
"2007-04-16",44.16,44.28,43.63,43.65,406300,31.52
"2007-04-17",43.59,43.75,43.4,43.75,282600,31.59
"2007-04-18",43.74,43.84,43.43,43.57,225000,31.46
"2007-04-19",43.4,43.5,43.19,43.4,213900,31.34
"2007-04-20",43.6,43.66,43.06,43.34,390000,31.29
"2007-04-23",43.3,43.54,43.2,43.41,250000,31.34
"2007-04-24",43.48,43.48,43.1,43.33,367300,31.29
"2007-04-25",43.33,43.89,43.2,43.82,310600,31.64
"2007-04-26",44.67,44.67,43.76,43.77,312700,31.6
"2007-04-27",43.7,44.25,43.64,44.12,381900,31.86
"2007-04-30",44.17,44.21,43.35,43.54,474500,31.44
"2007-05-01",43.54,44.01,43.33,43.85,340200,31.66
"2007-05-02",43.7,43.78,43.26,43.5,441300,31.41
"2007-05-03",42.23,43.38,42.23,42.97,746800,31.03
"2007-05-04",43.05,43.62,42.98,43.62,649900,31.5
"2007-05-07",43.48,43.77,43.25,43.75,437400,31.59
"2007-05-08",43.75,43.78,43.27,43.28,438500,31.25
"2007-05-09",43.19,43.59,43.18,43.48,436600,31.4
"2007-05-10",43.4,43.48,43.11,43.31,504000,31.27
"2007-05-11",43.4,43.55,43.18,43.46,270900,31.38
"2007-05-14",43.39,43.4,42.9,42.99,667700,31.04
"2007-05-15",42.9,43.53,42.84,42.84,438000,30.93
"2007-05-16",42.68,42.93,42.44,42.53,600400,31.01
"2007-05-17",42.6,42.96,42.55,42.88,469500,31.26
"2007-05-18",43.04,43.57,42.98,43.45,351600,31.68
"2007-05-21",43.5,43.73,43.45,43.62,347400,31.8
"2007-05-22",43.62,43.7,43.41,43.44,401400,31.67
"2007-05-23",43.57,43.65,42.86,42.93,403100,31.3
"2007-05-24",42.98,42.99,41.83,41.88,411100,30.53
"2007-05-25",42.1,42.1,41.5,41.8,320700,30.47
"2007-05-29",42,42.4,41.97,42.19,480900,30.76
"2007-05-30",42.04,42.7,42,42.7,540400,31.13
"2007-05-31",43.57,43.57,42.43,42.66,338600,31.1
"2007-06-01",42.78,42.8,42.4,42.54,308900,31.01
"2007-06-04",42.52,42.75,42.26,42.73,291100,31.15
"2007-06-05",42.52,42.66,42.04,42.34,314300,30.87
"2007-06-06",42.26,42.26,41.41,41.43,368700,30.2
"2007-06-07",41.22,41.24,40.37,40.4,600700,29.45
"2007-06-08",40.4,40.59,40.17,40.53,376500,29.55
"2007-06-11",40.58,40.83,40.33,40.51,519100,29.53
"2007-06-12",40.43,40.43,39.86,39.91,447300,29.1
"2007-06-13",40.12,40.35,39.93,40.08,511500,29.22
"2007-06-14",40.15,40.33,40.09,40.2,443400,29.31
"2007-06-15",40.41,40.64,40.29,40.58,615000,29.58
"2007-06-18",40.64,40.8,40.39,40.44,512400,29.48
"2007-06-19",40.35,40.6,40.33,40.44,475500,29.48
"2007-06-20",40.6,40.87,39.89,39.95,949600,29.13
"2007-06-21",39.89,40.03,39.52,39.88,337700,29.07
"2007-06-22",40.45,40.65,39.72,39.84,1567900,29.04
"2007-06-25",39.98,40.16,39.81,39.95,784300,29.13
"2007-06-26",40.11,40.38,39.64,39.76,577600,28.99
"2007-06-27",39.6,40.36,39.6,40.35,740800,29.42
"2007-06-28",40.35,40.55,40.13,40.17,615500,29.29
"2007-06-29",40.36,40.67,40.24,40.48,587500,29.51
"2007-07-02",40.69,41.12,40.47,40.9,383000,29.82
"2007-07-03",41.05,41.13,40.85,41.04,183900,29.92
"2007-07-05",41.2,41.2,40.57,40.78,332900,29.73
"2007-07-06",39.97,40.9,39.89,40.83,396100,29.77
"2007-07-09",40.92,41.11,40.79,40.95,269000,29.85
"2007-07-10",40.85,40.86,40.14,40.14,533900,29.26
"2007-07-11",40.24,40.66,40.24,40.42,378900,29.47
"2007-07-12",40.72,41.21,40.72,41.18,333800,30.02
"2007-07-13",41.1,41.51,41.03,41.3,223600,30.11
"2007-07-16",41.26,41.41,40.91,41,478100,29.89
"2007-07-17",40.98,41.41,40.83,40.83,362000,29.77
"2007-07-18",40.72,41.19,40.64,40.77,535200,29.72
"2007-07-19",40.97,41.18,40.81,40.93,423100,29.84
"2007-07-20",40.85,40.93,40.29,40.38,399600,29.44
"2007-07-23",40.63,41.09,40.55,40.68,391000,29.66
"2007-07-24",40.45,40.59,39.27,39.36,263500,28.69
"2007-07-25",39.8,40.04,39.25,39.75,358900,28.98
"2007-07-26",39.26,39.49,38.29,38.68,513600,28.2
"2007-07-27",38.68,38.72,37.86,37.9,470500,27.63
"2007-07-30",37.94,38.43,37.75,38.09,467800,27.77
"2007-07-31",38.35,38.61,37.66,37.7,405400,27.48
"2007-08-01",37.7,38.41,37.39,38.37,741900,27.97
"2007-08-02",38.6,39.29,38.34,39.05,412800,28.47
"2007-08-03",39.05,39.45,37.78,37.79,513000,27.55
"2007-08-06",38,38.14,36.92,38.01,638100,27.71
"2007-08-07",37.91,38.3,37.44,38.22,768200,27.86
"2007-08-08",38.36,38.47,35.78,37.07,1251600,27.03
"2007-08-09",36.25,36.77,35.24,36.27,2180700,26.44
"2007-08-10",36,38.56,35.3,38.35,1163300,27.96
"2007-08-13",39.25,39.98,38.31,38.35,862900,27.96
"2007-08-14",38.36,38.76,37.55,37.55,394100,27.38
"2007-08-15",37.14,37.8,36.5,36.51,570800,26.91
"2007-08-16",36.5,38.17,36.1,37.95,912900,27.97
"2007-08-17",38.71,38.93,36.88,37.79,1089600,27.85
"2007-08-20",37.81,38.1,37.17,37.79,589400,27.85
"2007-08-21",37.65,38.49,37.58,38.1,435300,28.08
"2007-08-22",38.5,38.89,38.14,38.81,543700,28.61
"2007-08-23",39,39.25,38.6,39.04,453100,28.78
"2007-08-24",39,39.62,38.9,39.58,404200,29.17
"2007-08-27",39.99,40.14,39,39.05,605800,28.78
"2007-08-28",38.75,39.19,38.27,38.3,464600,28.23
"2007-08-29",38.7,39.53,38.51,39.45,394500,29.08
"2007-08-30",39.25,40.25,39.24,39.51,724400,29.12
"2007-08-31",39.95,40,39.44,39.71,332200,29.27
"2007-09-04",39.67,40.35,39.56,40.11,321000,29.56
"2007-09-05",39.86,39.89,39.01,39.25,436000,28.93
"2007-09-06",39.42,39.49,38.82,39.38,364300,29.03
"2007-09-07",39.18,39.3,38.74,39.01,421100,28.75
"2007-09-10",39.16,39.18,38.53,38.97,426600,28.72
"2007-09-11",39.11,39.47,38.85,39.32,384100,28.98
"2007-09-12",39.29,39.84,39.2,39.69,364500,29.25
"2007-09-13",39.89,39.93,39.37,39.73,456600,29.28
"2007-09-14",39.45,40.05,39.45,39.95,407900,29.45
"2007-09-17",39.77,40,39.3,39.44,391200,29.07
"2007-09-18",39.63,40,39.38,39.87,580500,29.39
"2007-09-19",39.87,40.13,39.76,39.88,536200,29.4
"2007-09-20",39.76,40.01,39.55,39.73,305800,29.28
"2007-09-21",39.95,40.1,39.9,40.04,641200,29.51
"2007-09-24",39.99,40.27,39.8,39.95,431000,29.45
"2007-09-25",39.67,40.01,39.58,39.84,432500,29.37
"2007-09-26",40,40.29,39.71,39.77,565500,29.31
"2007-09-27",39.98,40.05,39.63,39.8,276800,29.34
"2007-09-28",39.99,40.01,39.5,39.62,369700,29.2
"2007-10-01",39.73,40.25,39.73,40.03,310000,29.51
"2007-10-02",40.08,40.13,39.68,39.99,284800,29.48
"2007-10-03",39.76,40.1,39.65,40.1,270100,29.56
"2007-10-04",40.29,40.45,39.96,40.43,356400,29.8
"2007-10-05",40.7,41,40.43,40.68,340700,29.98
"2007-10-08",40.68,40.94,40.46,40.65,186500,29.96
"2007-10-09",40.76,41,40.4,41,315900,30.22
"2007-10-10",41.01,41.16,40.29,40.41,337800,29.79
"2007-10-11",40.67,40.99,40.05,40.38,510800,29.76
"2007-10-12",40.43,40.65,39.91,40.06,362600,29.53
"2007-10-15",40.22,40.29,39.59,39.81,545800,29.34
"2007-10-16",39.72,40,39.07,39.2,528500,28.89
"2007-10-17",39.38,39.57,38.51,38.89,574100,28.67
"2007-10-18",38.65,39.11,38.65,38.85,490700,28.64
"2007-10-19",38.85,39,38.17,38.25,794100,28.19
"2007-10-22",37,37.86,36.65,37.23,1156600,27.44
"2007-10-23",37.56,37.77,36.94,37.41,695300,27.57
"2007-10-24",37.33,37.8,37,37.64,637400,27.74
"2007-10-25",37.81,38.25,37.73,38.04,549100,28.04
"2007-10-26",38.59,38.76,38.02,38.72,431000,28.54
"2007-10-29",38.91,38.93,38.35,38.77,389100,28.58
"2007-10-30",38.74,38.96,38.63,38.73,389400,28.55
"2007-10-31",38.65,39.53,38.11,39.53,521300,29.14
"2007-11-01",38.53,39.06,38.05,38.77,546000,28.58
"2007-11-02",39.21,39.21,37.81,38.26,7e+05,28.2
"2007-11-05",37.87,38.21,37.1,37.78,814100,27.85
"2007-11-06",37.8,38.28,37.3,38.19,585600,28.15
"2007-11-07",37.89,37.94,37.13,37.16,667700,27.39
"2007-11-08",37.29,38.34,37.2,38.33,775900,28.25
"2007-11-09",37.97,38.33,37.72,38.01,688100,28.02
"2007-11-12",37.98,38.46,37.64,37.64,738400,27.74
"2007-11-13",37.97,37.97,37.17,37.75,545500,27.83
"2007-11-14",37.34,37.68,36.47,36.63,691600,27.3
"2007-11-15",36.42,36.96,36.34,36.81,616400,27.43
"2007-11-16",36.89,36.98,36.41,36.93,481700,27.52
"2007-11-19",36.74,36.91,36.49,36.67,550700,27.33
"2007-11-20",36.74,36.78,36.25,36.72,497400,27.36
"2007-11-21",36.34,36.73,36.22,36.4,490800,27.12
"2007-11-23",36.65,36.65,36.07,36.14,227400,26.93
"2007-11-26",36.05,36.5,35.91,36.12,756100,26.92
"2007-11-27",36.36,36.8,35.85,36.67,1090100,27.33
"2007-11-28",37.02,37.59,37.02,37.54,921900,27.97
"2007-11-29",37.31,37.74,36.83,36.94,787400,27.53
"2007-11-30",37.25,37.29,36.92,37.08,1061300,27.63
"2007-12-03",37.09,37.31,36.8,37.15,505300,27.68
"2007-12-04",37,37.69,36.96,37.54,553100,27.97
"2007-12-05",37.85,38.18,37.64,38.11,373700,28.4
"2007-12-06",37.98,38.52,37.91,38.51,397200,28.7
"2007-12-07",38.65,38.65,38.09,38.32,297000,28.56
"2007-12-10",38.08,38.33,37.94,38.22,526600,28.48
"2007-12-11",38.24,38.27,37.59,37.64,786900,28.05
"2007-12-12",38.05,38.19,37.1,37.31,1289600,27.8
"2007-12-13",37.04,37.24,36.76,37.13,899700,27.67
"2007-12-14",36.7,36.98,36.24,36.25,555100,27.01
"2007-12-17",36.23,36.23,35.8,35.81,630100,26.68
"2007-12-18",35.77,36.18,35.42,36.15,1029000,26.94
"2007-12-19",36.01,36.37,36.01,36.24,617500,27.01
"2007-12-20",36.27,36.33,36.02,36.29,712300,27.04
"2007-12-21",36.48,37.17,36.4,37.17,761300,27.7
"2007-12-24",36.83,37.52,36.83,37.26,205100,27.77
"2007-12-26",37.28,37.45,37.1,37.27,469000,27.77
"2007-12-27",37.55,37.73,37.3,37.38,616700,27.85
"2007-12-28",37.64,37.65,37.25,37.42,404200,27.88
"2007-12-31",37.43,37.73,37.3,37.64,690000,28.05
"2008-01-02",37.46,37.57,36.96,37.3,1004100,27.8
"2008-01-03",37.23,37.55,36.87,36.93,623800,27.52
"2008-01-04",36.59,37.1,36.51,36.8,524200,27.42
"2008-01-07",37,37.47,36.75,37.27,694500,27.77
"2008-01-08",37.27,37.88,37.22,37.37,606300,27.85
"2008-01-09",37.3,38.07,37.3,38,679200,28.32
"2008-01-10",37.65,38.27,37.65,38.08,653900,28.38
"2008-01-11",37.85,38.62,37.63,38.39,721800,28.61
"2008-01-14",38.54,38.69,37.75,37.96,818500,28.29
"2008-01-15",37.63,37.85,37.31,37.39,586100,27.86
"2008-01-16",37.32,37.85,37.28,37.72,1059800,28.11
"2008-01-17",37.75,38.02,37.08,37.13,870900,27.67
"2008-01-18",37.23,37.24,36.37,36.69,848200,27.34
"2008-01-22",36.01,36.89,35.49,36.38,979700,27.11
"2008-01-23",35.63,37.72,35.63,37.69,885300,28.09
"2008-01-24",37.85,37.85,36.7,36.82,613800,27.44
"2008-01-25",36.96,37.13,36.73,36.88,848700,27.48
"2008-01-28",36.81,37.35,36.69,37.22,488900,27.74
"2008-01-29",37.42,37.51,37.13,37.49,490800,27.94
"2008-01-30",37.33,37.83,36.98,36.98,561700,27.56
"2008-01-31",36.5,38,36.42,37.85,642700,28.21
"2008-02-01",37.85,38.65,37.71,38.46,547200,28.66
"2008-02-04",38.46,39.13,38.26,39.03,488100,29.08
"2008-02-05",38.42,38.75,37.84,37.84,402000,28.2
"2008-02-06",38.1,38.2,37.51,37.63,291000,28.04
"2008-02-07",37.3,37.3,35.6,36.76,804900,27.39
"2008-02-08",36.76,37.29,36.71,36.92,416900,27.51
"2008-02-11",36.89,36.93,36.29,36.88,417300,27.48
"2008-02-12",36.99,37.3,36.83,37.1,445400,27.65
"2008-02-13",37.47,37.47,36.28,36.44,574400,27.47
"2008-02-14",36.46,36.8,36.23,36.43,542600,27.46
"2008-02-15",36.37,36.45,35.99,36.38,336600,27.42
"2008-02-19",36.69,36.83,36.07,36.27,392800,27.34
"2008-02-20",36.03,36.74,35.94,36.5,556200,27.51
"2008-02-21",36.64,36.71,35.73,35.77,554900,26.96
"2008-02-22",35.8,35.91,35.32,35.65,687800,26.87
"2008-02-25",35.69,36.47,35.65,36.42,464800,27.45
"2008-02-26",36.16,36.55,36.14,36.44,460800,27.47
"2008-02-27",36.54,36.54,36.1,36.16,375200,27.25
"2008-02-28",36.05,36.16,35.7,35.8,353400,26.98
"2008-02-29",35.75,35.75,34.63,34.68,510300,26.14
"2008-03-03",34.75,35.17,34.44,35.03,428200,26.4
"2008-03-04",34.81,35.62,34.81,35.54,533900,26.79
"2008-03-05",35.5,35.56,34.96,35.33,324400,26.63
"2008-03-06",35.15,35.28,34.44,34.44,394100,25.96
"2008-03-07",34.2,34.72,34.02,34.55,399500,26.04
"2008-03-10",34.49,34.71,34.28,34.36,345900,25.9
"2008-03-11",34.98,35.06,34.18,34.78,377800,26.21
"2008-03-12",34.9,35.03,34.45,34.46,301000,25.97
"2008-03-13",33.9,34.91,33.9,34.73,366000,26.18
"2008-03-14",34.86,34.95,34.02,34.43,410100,25.95
"2008-03-17",33.76,34.19,33.45,33.82,443700,25.49
"2008-03-18",34.28,34.47,33.8,34.39,570900,25.92
"2008-03-19",34.49,34.98,33.98,33.98,513700,25.61
"2008-03-20",33.9,34.09,33.61,33.96,377900,25.6
"2008-03-24",33.95,34.57,33.93,34.19,393000,25.77
"2008-03-25",34.3,34.66,34.11,34.51,339900,26.01
"2008-03-26",34.43,34.45,33.8,33.8,599400,25.48
"2008-03-27",33.9,34.48,33.84,34.05,482700,25.66
"2008-03-28",34.21,34.32,33.78,33.85,429600,25.51
"2008-03-31",34.02,34.32,33.77,34.32,555800,25.87
"2008-04-01",34.66,35.27,34.48,35.27,371400,26.58
"2008-04-02",35.95,36.05,34.87,34.91,718700,26.31
"2008-04-03",34.64,35.29,34.47,34.6,496600,26.08
"2008-04-04",34.5,34.97,34.02,34.05,398200,25.66
"2008-04-07",34.3,34.89,34.08,34.6,304600,26.08
"2008-04-08",34.54,34.73,34.33,34.62,253500,26.09
"2008-04-09",34.61,34.9,34.1,34.27,259900,25.83
"2008-04-10",34.24,34.35,33.92,34.03,216500,25.65
"2008-04-11",33.81,34.05,33.73,33.85,249200,25.51
"2008-04-14",33.91,34.05,33.76,33.92,221700,25.57
"2008-04-15",34.05,34.38,33.95,34.2,263800,25.78
"2008-04-16",34.52,35.3,34.22,35.27,380100,26.58
"2008-04-17",35.09,35.37,35.04,35.2,296300,26.53
"2008-04-18",34.89,35.58,34.86,35.39,220100,26.67
"2008-04-21",35.19,35.25,34.8,35.07,295800,26.43
"2008-04-22",34.86,35.01,34.54,34.73,369500,26.18
"2008-04-23",34.81,35.01,34.6,34.86,275300,26.27
"2008-04-24",34.82,35.27,34.61,35.08,339400,26.44
"2008-04-25",35.2,35.4,35,35.1,252200,26.46
"2008-04-28",35.4,35.67,34.95,35.09,397900,26.45
"2008-04-29",35.01,35.12,35,35,437200,26.38
"2008-04-30",34.79,35.07,34,34,817600,25.63
"2008-05-01",34.23,35.23,34.06,35.16,596500,26.5
"2008-05-02",35.07,35.58,34.87,34.97,378100,26.36
"2008-05-05",34.9,35.58,34.85,35.55,692100,26.79
"2008-05-06",35.5,35.9,35.32,35.82,306200,27
"2008-05-07",35.65,35.99,35.64,35.66,553000,26.88
"2008-05-08",35.86,35.96,35.39,35.71,384600,26.92
"2008-05-09",35.62,35.89,35.32,35.82,326800,27
"2008-05-12",35.79,36.4,35.79,36.25,295500,27.32
"2008-05-13",36.1,36.33,36.03,36.33,293500,27.38
"2008-05-14",36.33,36.5,36.15,36.44,953400,27.79
"2008-05-15",36.5,36.5,36.12,36.24,878100,27.63
"2008-05-16",36.36,36.36,35.69,35.72,952900,27.24
"2008-05-19",35.84,36.06,35.65,35.89,897900,27.37
"2008-05-20",35.84,36.06,35.69,35.75,671200,27.26
"2008-05-21",35.69,36.23,35.57,35.6,583000,27.15
"2008-05-22",35.6,35.91,35.5,35.7,574900,27.22
"2008-05-23",35.66,35.91,35.16,35.2,433000,26.84
"2008-05-27",35.31,35.72,35.14,35.46,370100,27.04
"2008-05-28",35.63,35.75,35.53,35.66,277900,27.19
"2008-05-29",35.65,36.39,35.6,36.05,482400,27.49
"2008-05-30",36.04,36.24,35.59,35.7,589300,27.22
"2008-06-02",35.54,35.81,35.28,35.73,515900,27.25
"2008-06-03",35.94,35.96,35.6,35.7,537700,27.22
"2008-06-04",35.69,36.13,35.52,35.95,313400,27.41
"2008-06-05",36.11,36.42,35.88,36.42,517500,27.77
"2008-06-06",36.04,36.38,35.85,35.89,362500,27.37
"2008-06-09",35.87,36.28,35.71,35.88,594100,27.36
"2008-06-10",35.58,35.84,35.29,35.36,874800,26.96
"2008-06-11",35.3,35.45,34.84,34.85,685400,26.57
"2008-06-12",34.89,35.14,34.17,34.29,899100,26.15
"2008-06-13",34.4,34.54,33.87,34.23,656000,26.1
"2008-06-16",34.04,34.32,34.01,34.08,390000,25.99
"2008-06-17",34.2,34.37,33.97,34.15,543700,26.04
"2008-06-18",34.15,34.87,34.06,34.62,663600,26.4
"2008-06-19",34.58,34.85,34.51,34.56,360600,26.35
"2008-06-20",34.53,35.04,34.19,34.29,666800,26.15
"2008-06-23",34.39,34.92,34.16,34.16,821600,26.05
"2008-06-24",34.04,34.13,33.46,33.53,1007100,25.57
"2008-06-25",33.64,34.03,33.55,33.93,574900,25.87
"2008-06-26",33.68,34.07,33.68,33.94,776100,25.88
"2008-06-27",33.94,34.5,33.86,33.94,873600,25.88
"2008-06-30",33.9,34.77,33.89,34.58,464300,26.37
"2008-07-01",34.29,34.57,34.18,34.22,879800,26.09
"2008-07-02",34.17,34.23,33.56,33.56,762600,25.59
"2008-07-03",33.55,33.75,32.66,32.72,500500,24.95
"2008-07-07",32.89,33.24,32.82,32.99,1238000,25.16
"2008-07-08",32.95,33.66,32.84,33.63,858700,25.64
"2008-07-09",33.64,34.09,33.56,34.04,645200,25.96
"2008-07-10",34,34.04,33.53,33.74,656000,25.73
"2008-07-11",33.42,34,33.13,33.8,890800,25.77
"2008-07-14",34.1,34.1,33.49,33.62,846200,25.64
"2008-07-15",33.38,33.64,33.31,33.5,659000,25.54
"2008-07-16",33.67,33.72,33.15,33.27,507100,25.37
"2008-07-17",33.39,33.53,33.15,33.4,1058800,25.47
"2008-07-18",33.55,33.89,33.12,33.34,656300,25.42
"2008-07-21",33.16,33.5,33.06,33.24,601200,25.35
"2008-07-22",33.28,33.58,33.05,33.5,474600,25.54
"2008-07-23",33.46,33.55,33.01,33.39,546600,25.46
"2008-07-24",33.46,33.72,33.11,33.54,407800,25.58
"2008-07-25",33.49,33.87,33.36,33.53,547600,25.57
"2008-07-28",33.5,33.69,33.33,33.5,368100,25.54
"2008-07-29",33.47,33.6,33.29,33.39,422000,25.46
"2008-07-30",33.56,34.31,33.51,34.2,404500,26.08
"2008-07-31",35.44,35.44,34,34.56,606500,26.35
"2008-08-01",34.38,34.66,32.98,33.5,1527300,25.54
"2008-08-04",33.39,33.52,32.85,32.89,1013900,25.08
"2008-08-05",33.03,33.5,32.71,33.46,647200,25.51
"2008-08-06",33.48,33.65,33.16,33.38,668700,25.45
"2008-08-07",33.3,33.51,32.91,33.02,927600,25.18
"2008-08-08",33.05,33.53,32.96,33.14,497200,25.27
"2008-08-11",33.17,33.63,32.73,33.6,539500,25.62
"2008-08-12",33.68,33.68,32.99,33.11,622800,25.25
"2008-08-13",32.83,33.29,32.49,32.87,573200,25.39
"2008-08-14",32.69,32.83,32.23,32.39,545000,25.02
"2008-08-15",32.65,32.73,32.2,32.43,603100,25.05
"2008-08-18",32.73,33.14,32.58,32.79,537600,25.32
"2008-08-19",32.8,33.14,32.74,33,520500,25.49
"2008-08-20",33.05,33.15,32.83,32.97,614700,25.46
"2008-08-21",32.83,33.14,32.7,32.81,509800,25.34
"2008-08-22",32.99,33,32.65,32.82,332900,25.35
"2008-08-25",32.9,32.9,32.27,32.53,297100,25.12
"2008-08-26",32.5,32.86,32.44,32.79,324900,25.32
"2008-08-27",32.84,33.36,32.84,33.29,362200,25.71
"2008-08-28",33.4,33.43,32.94,33.36,326500,25.76
"2008-08-29",33.36,33.45,32.98,33.06,344900,25.53
"2008-09-02",33.37,33.37,32.47,33.23,718500,25.66
"2008-09-03",33.14,33.35,32.65,32.85,572500,25.37
"2008-09-04",32.8,32.81,32.15,32.39,558400,25.02
"2008-09-05",32.38,32.38,31.37,31.94,564200,24.67
"2008-09-08",32.44,32.75,32.1,32.62,516900,25.19
"2008-09-09",32.65,32.75,32.14,32.16,481100,24.84
"2008-09-10",32.3,32.5,32.12,32.36,355600,24.99
"2008-09-11",32.38,32.82,32.06,32.79,5e+05,25.32
"2008-09-12",32.7,33.35,32.67,33.09,450400,25.56
"2008-09-15",32.87,32.95,31.8,32.02,531900,24.73
"2008-09-16",31.9,32.75,30.6,31.89,1243800,24.63
"2008-09-17",31.36,31.91,31.07,31.41,982600,24.26
"2008-09-18",31.64,33.3,31.31,33.28,918100,25.7
"2008-09-19",35.01,35.01,32.37,33.78,854600,26.09
"2008-09-22",33.79,34.07,32.58,32.68,512000,25.24
"2008-09-23",32.73,33.15,32.08,32.69,543700,25.25
"2008-09-24",32.8,32.86,32,32.4,689600,25.02
"2008-09-25",32.47,32.78,32.15,32.54,551600,25.13
"2008-09-26",32.26,32.4,31.87,32.3,432200,24.95
"2008-09-29",31.98,31.98,30.66,30.89,542300,23.86
"2008-09-30",31.42,31.48,30.76,31.38,620100,24.24
"2008-10-01",31.21,31.82,31.05,31.82,358000,24.58
"2008-10-02",31.66,31.8,30.9,31.43,527700,24.27
"2008-10-03",31.71,32.07,31.23,31.3,671000,24.17
"2008-10-06",30.98,31.19,28.5,30.01,1162300,23.18
"2008-10-07",30.27,31.29,29.97,30.01,1493200,23.18
"2008-10-08",29.58,30.24,28.49,29.13,1020000,22.5
"2008-10-09",29.14,29.59,26.26,26.26,924000,20.28
"2008-10-10",25.69,26.64,24.02,26.27,1974300,20.29
"2008-10-13",27.25,28.52,26.55,28.52,775600,22.03
"2008-10-14",29.45,29.68,26.78,27.97,1005200,21.6
"2008-10-15",27.65,27.65,25.93,26,655300,20.08
"2008-10-16",25.8,28.18,25,28.14,1269100,21.73
"2008-10-17",27.36,28.47,26.7,27.25,1049500,21.05
"2008-10-20",27.46,29.43,27.46,29.43,826500,22.73
"2008-10-21",29.29,29.29,28.13,28.19,868500,21.77
"2008-10-22",28.21,28.25,27.26,27.96,847400,21.59
"2008-10-23",28.12,29.14,26.76,28.19,1161800,21.77
"2008-10-24",26.25,27.72,26.1,27.44,629700,21.19
"2008-10-27",27.15,27.15,25.63,25.63,878800,19.79
"2008-10-28",26.2,27.45,25.5,27.45,563000,21.2
"2008-10-29",27.08,28.88,26.96,28.05,741300,21.66
"2008-10-30",28.3,29.5,27.98,29.45,670800,22.74
"2008-10-31",29.33,30.65,29.21,30.4,695200,23.48
"2008-11-03",30.73,31,30.34,30.49,512500,23.55
"2008-11-04",30.78,31,29.89,30.56,487400,23.6
"2008-11-05",30.59,31,29.64,29.83,696400,23.04
"2008-11-06",29.8,29.95,28.4,28.49,945000,22
"2008-11-07",28.54,29.48,28.3,29.08,581700,22.46
"2008-11-10",29.47,29.5,28.82,29.15,503200,22.51
"2008-11-11",28.85,29.69,28.34,28.96,502400,22.37
"2008-11-12",28.38,28.9,27.73,28.2,590700,22.1
"2008-11-13",28.52,30.34,27.61,30.34,576900,23.78
"2008-11-14",29.87,30.26,28.57,28.65,536400,22.45
"2008-11-17",28.4,29.8,28.25,29.05,561600,22.77
"2008-11-18",29.01,29.76,28.07,29.28,630300,22.95
"2008-11-19",29.26,29.71,28.2,28.2,503900,22.1
"2008-11-20",27.89,28.33,26.28,26.41,675400,20.7
"2008-11-21",26.73,28.35,25.95,28.32,1007700,22.19
"2008-11-24",28.52,30.06,27.98,29.49,562700,23.11
"2008-11-25",29.5,29.7,28.51,29.52,591200,23.13
"2008-11-26",28.94,30.08,28.73,29.81,471900,23.36
"2008-11-28",29.75,30.12,29.25,30.11,279300,23.6
"2008-12-01",29.26,29.87,27.88,27.88,614800,21.85
"2008-12-02",28.26,28.91,27.85,28.54,527200,22.37
"2008-12-03",28,29.11,27.87,28.85,630100,22.61
"2008-12-04",28.55,28.87,27.3,27.95,578900,21.9
"2008-12-05",27.66,28.45,26.9,28.4,516400,22.26
"2008-12-08",28.91,29.35,27.9,28.22,666100,22.12
"2008-12-09",28.01,28.71,27.89,28,599200,21.94
"2008-12-10",28.37,28.92,28.18,28.57,422400,22.39
"2008-12-11",28.49,29.53,28.47,28.94,658500,22.68
"2008-12-12",28.56,29.77,28.15,29.76,517900,23.32
"2008-12-15",29.82,30,28.88,29.42,366500,23.06
"2008-12-16",29.67,30.45,29.5,30.37,732600,23.8
"2008-12-17",29.96,30.53,29.67,29.97,477500,23.49
"2008-12-18",30.13,30.23,29.44,29.7,634500,23.28
"2008-12-19",29.91,30.28,29.27,29.56,905800,23.17
"2008-12-22",29.26,29.52,28.76,29.4,570400,23.04
"2008-12-23",29.8,29.98,29.14,29.23,482500,22.91
"2008-12-24",29.21,29.64,29.05,29.44,109900,23.07
"2008-12-26",29.4,29.72,29.4,29.61,179200,23.21
"2008-12-29",29.5,29.88,29.16,29.57,367100,23.17
"2008-12-30",29.88,30.39,29.77,30.33,492100,23.77
"2008-12-31",30.42,31.39,30.42,31.35,583800,24.57
"2009-01-02",31.42,31.7,31.2,31.62,294000,24.78
"2009-01-05",31.59,31.85,30.93,31.44,463500,24.64
"2009-01-06",31.47,31.8,30.89,31.03,492900,24.32
"2009-01-07",30.5,31.56,30.5,31.15,573800,24.41
"2009-01-08",30.91,31.71,30.91,31.68,434700,24.83
"2009-01-09",31.61,31.62,31,31.33,432500,24.55
"2009-01-12",30.99,31.44,30.84,31.19,411200,24.44
"2009-01-13",31.09,31.3,30.79,31.13,439900,24.4
"2009-01-14",30.77,31,30.41,30.66,361600,24.03
"2009-01-15",30.55,30.69,29.67,30.48,587500,23.89
"2009-01-16",30.77,31.42,30.72,31.32,394200,24.55
"2009-01-20",31.17,31.6,30.75,30.81,461100,24.15
"2009-01-21",31.13,31.23,30.32,31.16,533400,24.42
"2009-01-22",30.57,31.27,30.44,31,382900,24.29
"2009-01-23",30.53,30.83,30.25,30.73,533100,24.08
"2009-01-26",30.86,31.53,30.75,31.27,462600,24.51
"2009-01-27",31.59,31.84,31.12,31.63,380300,24.79
"2009-01-28",31.83,32.11,31.13,31.58,529100,24.75
"2009-01-29",31.34,31.84,31.03,31.42,408800,24.62
"2009-01-30",31.5,31.8,30.65,30.83,569900,24.16
"2009-02-02",30.52,31.26,30.49,31.09,521500,24.36
"2009-02-03",31.19,31.35,30.69,31.14,558800,24.4
"2009-02-04",31.24,31.75,31.01,31.43,409200,24.63
"2009-02-05",31.34,32.95,31.34,32.82,664500,25.72
"2009-02-06",32.99,34.09,32.69,33.5,831800,26.25
"2009-02-09",33.99,34.93,32.95,33.83,611300,26.51
"2009-02-10",33.83,33.99,32.39,32.55,571300,25.51
"2009-02-11",32.45,32.45,31.74,31.81,292800,25.26
"2009-02-12",31.4,31.81,31.11,31.81,403400,25.26
"2009-02-13",31.11,32.23,30.51,31.45,365000,24.98
"2009-02-17",31.07,31.17,30.43,30.49,391500,24.21
"2009-02-18",30.56,30.56,29.54,29.65,329500,23.55
"2009-02-19",29.86,30.09,29.39,29.41,239400,23.36
"2009-02-20",29.12,29.26,27.83,28.48,321600,22.62
"2009-02-23",28.48,28.64,27.71,27.8,272300,22.08
"2009-02-24",27.96,28.23,27.41,28.04,400400,22.27
"2009-02-25",28.02,28.2,27.63,28.1,345600,22.32
"2009-02-26",28.37,28.51,27.77,27.89,286500,22.15
"2009-02-27",27.58,28.64,27.13,27.74,313400,22.03
"2009-03-02",27.31,27.49,26.53,26.61,518300,21.13
"2009-03-03",26.79,26.89,25.84,25.92,309100,20.59
"2009-03-04",26.02,26.84,25.44,26.3,354800,20.89
"2009-03-05",25.85,26,24.81,24.95,243700,19.81
"2009-03-06",25.29,25.5,24.25,24.7,386800,19.62
"2009-03-09",24.49,24.73,24.02,24.18,481800,19.2
"2009-03-10",24.47,24.99,24.13,24.94,478700,19.81
"2009-03-11",25,25,24.42,24.52,411700,19.47
"2009-03-12",24.51,25.31,24.26,25.14,330200,19.97
"2009-03-13",25.23,25.64,25.21,25.62,228900,20.35
"2009-03-16",25.92,26.54,25.92,26.09,312100,20.72
"2009-03-17",26.15,26.53,25.87,26.53,237100,21.07
"2009-03-18",26.46,27.22,26.25,27,246500,21.44
"2009-03-19",27.15,27.44,26.53,27.37,297400,21.74
"2009-03-20",27.52,27.97,27.12,27.12,343100,21.54
"2009-03-23",27.31,27.61,26.7,27.1,397700,21.52
"2009-03-24",26.81,27.12,26.62,26.88,350400,21.35
"2009-03-25",26.82,27.35,26.45,26.96,262300,21.41
"2009-03-26",27.13,27.32,26.86,27.26,407700,21.65
"2009-03-27",27.25,27.29,26.84,26.89,241200,21.36
"2009-03-30",26.3,26.56,26.05,26.34,288400,20.92
"2009-03-31",26.61,26.78,26.4,26.53,388200,21.07
"2009-04-01",26.3,26.8,26,26.72,298700,21.22
"2009-04-02",27.18,27.75,26.71,27.11,280500,21.53
"2009-04-03",27.15,27.35,26.73,27.35,275300,21.72
"2009-04-06",27.4,27.62,26.93,27.16,242200,21.57
"2009-04-07",27.04,27.08,26.36,26.45,486000,21.01
"2009-04-08",26.49,26.78,26.17,26.45,321400,21.01
"2009-04-09",26.94,27.06,26.43,26.7,614400,21.2
"2009-04-13",26.57,27.02,26.46,26.94,280700,21.4
"2009-04-14",26.99,27.48,26.67,26.75,599900,21.24
"2009-04-15",26.77,26.97,26.54,26.58,386400,21.11
"2009-04-16",26.93,27.13,26.59,26.9,506300,21.36
"2009-04-17",27.01,27.31,26.81,27.12,345300,21.54
"2009-04-20",27.24,27.35,26.92,27.31,480500,21.69
"2009-04-21",27.35,27.87,27.14,27.78,430700,22.06
"2009-04-22",27.56,28.09,27.35,27.87,432800,22.13
"2009-04-23",27.71,28.25,27.59,28.04,616900,22.27
"2009-04-24",28.12,28.62,27.77,28.56,361300,22.68
"2009-04-27",28.62,29.64,28.45,29.28,468300,23.25
"2009-04-28",29.26,29.77,29.06,29.43,353800,23.37
"2009-04-29",29.65,31.15,29.65,30.52,621200,24.24
"2009-04-30",30.98,31.5,30.79,31.17,576500,24.75
"2009-05-01",30.96,31.42,30.42,31.41,413200,24.95
"2009-05-04",31.77,31.88,31.25,31.88,426900,25.32
"2009-05-05",31.74,31.89,31.29,31.49,399800,25.01
"2009-05-06",31.77,31.97,31.01,31.01,446500,24.63
"2009-05-07",31.43,31.63,31,31.12,328100,24.71
"2009-05-08",31.47,31.62,30.43,30.62,732700,24.32
"2009-05-11",30.5,31.54,30.37,31.06,718500,24.67
"2009-05-12",31.27,31.49,30.86,31.06,492700,24.67
"2009-05-13",30.77,31.69,29.93,29.95,394100,24.12
"2009-05-14",29.94,30.55,29.67,29.83,396200,24.02
"2009-05-15",29.7,29.77,28.91,29.02,391500,23.37
"2009-05-18",29.16,29.51,28.84,29.15,383400,23.48
"2009-05-19",29.32,29.59,29.12,29.4,311400,23.68
"2009-05-20",29.37,29.74,28.84,28.95,563500,23.31
"2009-05-21",28.82,29.43,28.4,28.62,296500,23.05
"2009-05-22",28.78,28.86,28.42,28.46,230000,22.92
"2009-05-26",28.64,29.37,28.46,28.96,586400,23.32
"2009-05-27",28.92,29.07,28.12,28.26,405700,22.76
"2009-05-28",28.53,28.92,28.39,28.76,272200,23.16
"2009-05-29",28.93,28.93,28.36,28.92,297800,23.29
"2009-06-01",29.28,30.18,29.15,30.06,517700,24.21
"2009-06-02",30.16,30.37,29.88,30.34,361400,24.43
"2009-06-03",30.34,30.59,29.84,30.1,218500,24.24
"2009-06-04",30.11,30.46,30.01,30.42,220400,24.5
"2009-06-05",30.53,30.72,30.04,30.57,254100,24.62
"2009-06-08",30.64,31.03,30.49,30.91,422500,24.89
"2009-06-09",30.94,31.18,30.57,30.86,313500,24.85
"2009-06-10",31.19,31.2,30.75,31,316200,24.97
"2009-06-11",31.07,31.45,30.85,31.31,394100,25.21
"2009-06-12",31.23,31.48,30.78,31.31,196300,25.21
"2009-06-15",31.12,31.28,30.68,31.2,297600,25.13
"2009-06-16",31.43,31.63,31.05,31.52,279800,25.38
"2009-06-17",31.63,31.99,31.36,31.76,240700,25.58
"2009-06-18",31.88,32.3,31.49,32.12,428800,25.87
"2009-06-19",32.34,32.38,31.59,31.59,638500,25.44
"2009-06-22",31.48,31.9,31.29,31.54,393900,25.4
"2009-06-23",31.66,31.66,30.94,31.06,332500,25.01
"2009-06-24",31.23,31.23,30.66,30.84,304000,24.84
"2009-06-25",30.77,31.47,30.41,31.18,338500,25.11
"2009-06-26",31.13,31.57,30.97,31.55,353600,25.41
"2009-06-29",31.62,31.91,31.4,31.83,233100,25.63
"2009-06-30",31.91,32,31.32,31.8,259900,25.61
"2009-07-01",32,32.61,31.82,32.3,350000,26.01
"2009-07-02",32.01,32.02,31.41,31.61,210000,25.46
"2009-07-06",31.61,31.8,31.28,31.72,143600,25.55
"2009-07-07",31.54,31.75,31.14,31.16,171300,25.09
"2009-07-08",31.1,31.45,30.71,31.03,192800,24.99
"2009-07-09",31.28,31.28,30.51,30.94,178200,24.92
"2009-07-10",30.92,32.25,30.05,30.87,119800,24.86
"2009-07-13",30.89,30.98,30.4,30.79,275100,24.8
"2009-07-14",31.06,31.17,30.5,31.13,182900,25.07
"2009-07-15",31.49,32.13,31.35,32.13,294900,25.88
"2009-07-16",32,32.4,31.75,32.29,212600,26
"2009-07-17",32.35,32.63,31.77,32.07,209400,25.83
"2009-07-20",32.33,32.33,31.95,32.27,207000,25.99
"2009-07-21",32.47,32.67,32.11,32.67,266900,26.31
"2009-07-22",32.58,33,32.42,32.78,225800,26.4
"2009-07-23",32.87,34.34,32.76,33.76,586500,27.19
"2009-07-24",33.73,34.13,33.4,34.13,227700,27.49
"2009-07-27",34.17,34.43,33.74,33.93,153800,27.32
"2009-07-28",33.63,34.11,33.63,33.97,331600,27.36
"2009-07-29",33.67,33.91,33.53,33.77,375600,27.2
"2009-07-30",33.92,33.97,33.36,33.76,236000,27.19
"2009-07-31",33.62,33.8,33.27,33.62,375600,27.08
"2009-08-03",33.94,33.94,33.16,33.72,417200,27.16
"2009-08-04",33.72,33.95,33.54,33.95,348500,27.34
"2009-08-05",34,34.2,33.28,33.56,261600,27.03
"2009-08-06",33.53,33.98,33.38,33.58,368400,27.04
"2009-08-07",33.97,34.39,33.51,34.07,236000,27.44
"2009-08-10",34.08,34.12,33.66,33.9,184200,27.3
"2009-08-11",33.93,33.99,33.64,33.86,250700,27.27
"2009-08-12",33.76,34.22,33.32,33.86,364200,27.62
"2009-08-13",33.83,34.14,33.59,34.14,390500,27.85
"2009-08-14",34.01,34.46,33.78,34.35,325100,28.02
"2009-08-17",33.86,34.23,33.53,33.95,313400,27.69
"2009-08-18",33.88,34.3,33.78,34.18,255000,27.88
"2009-08-19",33.77,34.45,33.77,34.36,192200,28.03
"2009-08-20",34.48,34.48,33.79,34.46,192500,28.11
"2009-08-21",34.59,34.98,34.52,34.94,229400,28.5
"2009-08-24",34.91,34.99,34.73,34.86,218200,28.43
"2009-08-25",34.9,35,34.51,34.75,268300,28.35
"2009-08-26",34.7,34.8,34.34,34.45,180200,28.1
"2009-08-27",34.54,34.75,34,34.3,212300,27.98
"2009-08-28",34.66,34.95,33.76,34.22,260500,27.91
"2009-08-31",34.07,34.27,33.12,33.59,346200,27.4
"2009-09-01",33.54,33.99,33.19,33.35,434300,27.2
"2009-09-02",33.34,33.58,33.13,33.41,303900,27.25
"2009-09-03",33.71,33.71,33.07,33.36,301000,27.21
"2009-09-04",33.5,33.63,33.17,33.46,135900,27.29
"2009-09-08",33.73,33.92,33.31,33.58,234400,27.39
"2009-09-09",33.7,33.98,33.32,33.82,282500,27.59
"2009-09-10",33.78,34.18,33.5,34.16,306600,27.86
"2009-09-11",34.29,34.32,34,34.29,233700,27.97
"2009-09-14",34.3,34.39,34.12,34.32,173900,27.99
"2009-09-15",34.25,34.75,34.15,34.67,229200,28.28
"2009-09-16",34.65,35.45,34.37,35.29,360900,28.79
"2009-09-17",35.41,35.65,35.19,35.26,192800,28.76
"2009-09-18",35.35,35.49,35.07,35.11,411500,28.64
"2009-09-21",35.13,35.79,34.66,35.2,232800,28.71
"2009-09-22",35.3,35.48,34.83,35.16,181200,28.68
"2009-09-23",35.32,35.48,34.9,35.01,132400,28.56
"2009-09-24",35,35.49,34.64,34.66,290300,28.27
"2009-09-25",34.69,34.9,34.47,34.76,153000,28.35
"2009-09-28",34.94,35.18,34.66,35.08,176800,28.61
"2009-09-29",35.16,35.4,34.77,35.26,300300,28.76
"2009-09-30",35.19,35.4,34.86,35.27,285400,28.77
"2009-10-01",35.28,35.28,34.47,34.74,326400,28.34
"2009-10-02",34.59,34.92,34.11,34.84,368600,28.42
"2009-10-05",34.85,35.56,34.48,35.42,375700,28.89
"2009-10-06",35.67,35.8,35.27,35.54,272600,28.99
"2009-10-07",35.64,35.83,35.36,35.69,185400,29.11
"2009-10-08",35.94,36.43,35.52,36.39,427100,29.68
"2009-10-09",36.25,36.41,35.98,36.1,203700,29.45
"2009-10-12",36.29,36.55,36.16,36.41,154100,29.7
"2009-10-13",36.43,36.56,36.08,36.35,286500,29.65
"2009-10-14",36.63,36.78,36.07,36.29,235600,29.6
"2009-10-15",36.05,36.84,36.05,36.73,274900,29.96
"2009-10-16",36.53,36.92,36.44,36.86,222000,30.07
"2009-10-19",36.9,37.29,36.51,37.27,181700,30.4
"2009-10-20",37.19,37.29,36.83,37.07,204800,30.24
"2009-10-21",37.16,37.47,36.8,36.87,302200,30.07
"2009-10-22",36.99,37.05,36.51,36.89,163100,30.09
"2009-10-23",36.9,37,36.15,36.48,149700,29.76
"2009-10-26",36.45,37.14,36.15,36.27,188200,29.59
"2009-10-27",36.35,36.76,36.05,36.25,199000,29.57
"2009-10-28",36.25,36.77,35.97,35.97,222000,29.34
"2009-10-29",36.07,36.56,35.56,36.16,376900,29.5
"2009-10-30",35.92,36.04,34.88,34.96,472000,28.52
"2009-11-02",35.15,35.52,34.81,35.08,372600,28.61
"2009-11-03",34.87,35.14,34.7,35.11,333200,28.64
"2009-11-04",35.2,35.35,34.95,35.01,452300,28.56
"2009-11-05",35.25,35.64,35.06,35.49,278300,28.95
"2009-11-06",35.34,35.6,35.13,35.26,216700,28.76
"2009-11-09",35.4,35.83,35.2,35.76,253000,29.17
"2009-11-10",35.2,35.2,33.65,34.94,913800,28.85
"2009-11-11",34.98,35.17,34.5,34.78,248900,28.71
"2009-11-12",34.66,34.94,34,34.15,216100,28.19
"2009-11-13",34.2,34.46,33.99,34.4,329100,28.4
"2009-11-16",34.51,34.86,34.39,34.57,331100,28.54
"2009-11-17",34.55,35.06,34.54,35.06,204600,28.95
"2009-11-18",34.96,35.39,34.75,34.81,290900,28.74
"2009-11-19",34.65,34.65,33.66,34.05,321400,28.11
"2009-11-20",33.89,33.98,33.5,33.79,184100,27.9
"2009-11-23",34.14,34.59,34.06,34.29,251200,28.31
"2009-11-24",34.3,34.63,34.12,34.58,226300,28.55
"2009-11-25",34.71,35.11,34.51,35.07,210300,28.95
"2009-11-27",34.31,34.88,34.16,34.6,69300,28.57
"2009-11-30",34.74,34.82,34.11,34.55,347700,28.53
"2009-12-01",34.78,35.55,34.51,35.38,438200,29.21
"2009-12-02",35.5,35.68,35.33,35.53,197800,29.33
"2009-12-03",35.71,35.78,35.48,35.48,192400,29.29
"2009-12-04",35.98,36.25,35.36,35.79,145600,29.55
"2009-12-07",35.67,36.34,35.6,36.13,171100,29.83
"2009-12-08",36.07,36.07,35.39,35.89,175500,29.63
"2009-12-09",35.99,36,35.44,35.79,147400,29.55
"2009-12-10",36,36.22,35.92,36.16,213400,29.85
"2009-12-11",36.08,36.7,36.01,36.7,255600,30.3
"2009-12-14",36.91,37.08,36.76,37.02,239200,30.56
"2009-12-15",36.83,37.25,36.6,37.25,349900,30.75
"2009-12-16",37.37,37.37,36.6,36.77,242100,30.36
"2009-12-17",36.43,36.85,36.26,36.68,246000,30.28
"2009-12-18",36.65,37.11,36.53,36.69,459100,30.29
"2009-12-21",36.98,37.16,36.6,37.03,321600,30.57
"2009-12-22",36.98,37.25,36.87,37.07,242100,30.61
"2009-12-23",37.29,37.29,36.86,37.24,217900,30.75
"2009-12-24",37.33,37.48,37.19,37.48,53700,30.94
"2009-12-28",37.5,37.5,36.99,37.21,263100,30.72
"2009-12-29",37.1,37.32,36.93,37.09,224200,30.62
"2009-12-30",37.18,37.52,36.81,37.13,195600,30.66
"2009-12-31",37.19,37.2,36.47,36.47,146900,30.11
"2010-01-04",36.69,37.03,36.62,37,192300,30.55
"2010-01-05",36.85,36.91,35.5,36.27,546600,29.95
"2010-01-06",36.27,36.35,35.55,35.7,390500,29.47
"2010-01-07",35.71,35.96,35.52,35.88,208200,29.62
"2010-01-08",35.94,36.01,35.58,35.97,187100,29.7
"2010-01-11",36.21,36.59,36.02,36.56,251300,30.18
"2010-01-12",36.47,36.81,36.23,36.37,222500,30.03
"2010-01-13",36.6,36.99,36.29,36.68,233100,30.28
"2010-01-14",36.47,37.04,36.47,36.75,181400,30.34
"2010-01-15",36.71,36.98,36.05,36.41,156800,30.06
"2010-01-19",36.58,37.24,36.58,37.24,243600,30.75
"2010-01-20",36.94,37.05,36.45,36.75,149400,30.34
"2010-01-21",36.67,37.01,35.7,36.1,240600,29.8
"2010-01-22",36.2,36.29,35.53,35.58,223100,29.38
"2010-01-25",35.77,36,35.51,35.91,179900,29.65
"2010-01-26",35.72,36.08,35.45,35.67,197200,29.45
"2010-01-27",35.69,35.79,35,35.26,272900,29.11
"2010-01-28",35.37,35.41,34.91,35.25,194600,29.1
"2010-01-29",35.49,35.63,35.15,35.29,294300,29.14
"2010-02-01",35.36,35.62,35.11,35.62,429500,29.41
"2010-02-02",35.52,36,35.29,35.63,366900,29.42
"2010-02-03",35.6,35.67,35.22,35.29,268100,29.14
"2010-02-04",35.21,35.72,34.79,35.22,302200,29.08
"2010-02-05",35.3,35.43,34.43,35,334700,28.9
"2010-02-08",35.09,35.29,34.79,34.82,179200,28.75
"2010-02-09",35.03,35.24,34.6,34.95,212200,28.86
"2010-02-10",34.9,34.9,34.26,34.62,209300,28.58
"2010-02-11",34.6,35.23,34.54,35.12,150600,29
"2010-02-12",34.75,35.3,34.67,35.3,254200,29.14
"2010-02-16",35.6,35.8,35.3,35.8,316400,29.56
"2010-02-17",35.59,35.75,35.33,35.75,300500,29.88
"2010-02-18",35.87,35.99,35.55,35.86,356400,29.98
"2010-02-19",35.86,36.58,35.64,36.52,281200,30.53
"2010-02-22",36.58,36.86,36.53,36.57,176000,30.57
"2010-02-23",36.61,36.64,36.16,36.3,252800,30.34
"2010-02-24",36.29,36.59,36.09,36.52,189400,30.53
"2010-02-25",35.98,36.51,35.85,36.51,161200,30.52
"2010-02-26",36.61,36.68,36.11,36.33,164300,30.37
"2010-03-01",36.33,37,36.33,36.83,222900,30.79
"2010-03-02",36.95,37.05,36.78,37,169400,30.93
"2010-03-03",37.01,37.05,36.71,36.86,163400,30.81
"2010-03-04",36.76,36.93,36.67,36.87,182800,30.82
"2010-03-05",37.02,37.25,36.88,37.25,117400,31.14
"2010-03-08",37.1,37.24,36.83,36.91,260700,30.85
"2010-03-09",36.85,36.98,36.65,36.82,179300,30.78
"2010-03-10",36.68,36.95,36.62,36.95,341400,30.89
"2010-03-11",36.71,37.25,36.71,37.25,149200,31.14
"2010-03-12",37.35,37.61,37.17,37.58,236000,31.41
"2010-03-15",37.42,37.75,37.18,37.5,168000,31.35
"2010-03-16",37.39,37.78,37.26,37.68,133100,31.5
"2010-03-17",37.8,38,37.74,37.9,117900,31.68
"2010-03-18",37.98,38,37.7,37.88,141800,31.66
"2010-03-19",37.88,38.12,37.73,38.07,311700,31.82
"2010-03-22",37.88,37.98,37.69,37.98,137500,31.75
"2010-03-23",37.9,38.2,37.85,38.13,115300,31.87
"2010-03-24",38.26,38.26,37.78,37.79,228100,31.59
"2010-03-25",38.05,38.22,37.66,37.85,163100,31.64
"2010-03-26",37.8,38.09,37.7,38,146300,31.76
"2010-03-29",38.2,38.48,37.91,38.43,203100,32.12
"2010-03-30",38.45,38.83,38.17,38.74,349400,32.38
"2010-03-31",38.72,38.83,38.54,38.65,365000,32.31
"2010-04-01",38.85,39.1,38.67,38.93,144400,32.54
"2010-04-05",38.91,39.25,38.82,39.25,161000,32.81
"2010-04-06",38.96,39.63,38.96,39.58,254100,33.08
"2010-04-07",39.34,39.54,38.16,38.55,621000,32.22
"2010-04-08",38.52,38.53,38,38.2,602400,31.93
"2010-04-09",38.15,38.33,37.93,38.25,456400,31.97
"2010-04-12",38.21,38.43,38.01,38.28,301100,32
"2010-04-13",38.21,38.35,37.8,37.93,253100,31.71
"2010-04-14",37.91,37.98,37.77,37.93,191400,31.71
"2010-04-15",37.72,38.47,37.72,38.23,283400,31.96
"2010-04-16",38.17,38.52,37.87,38.16,292700,31.9
"2010-04-19",38.13,38.21,37.84,38.02,179800,31.78
"2010-04-20",38.22,38.71,38,38.7,243600,32.35
"2010-04-21",38.74,38.93,38.51,38.74,219500,32.38
"2010-04-22",38.57,38.88,38.57,38.87,161000,32.49
"2010-04-23",38.92,39.27,38.63,39.27,172200,32.83
"2010-04-26",39.05,39.48,39,39.16,184500,32.73
"2010-04-27",38.85,39.42,38.35,38.61,276500,32.27
"2010-04-28",38.87,40,38.58,39.63,463200,33.13
"2010-04-29",39.75,39.75,38.85,39.52,308900,33.03
"2010-04-30",39.42,39.96,39.26,39.51,277100,33.03
"2010-05-03",39.75,40.08,39.43,39.98,280100,33.42
"2010-05-04",39.57,39.72,38.82,39.12,321800,32.7
"2010-05-05",39.02,39.37,38.84,38.94,543900,32.55
"2010-05-06",38.92,39.26,36.8,38.09,686000,31.84
"2010-05-07",37.94,38.46,37.29,37.53,685800,31.37
"2010-05-10",38.98,39.4,37.77,39.39,549400,32.93
"2010-05-11",38.92,39.87,38.77,39.43,428700,32.96
"2010-05-12",38.95,39.52,38.69,39.02,401200,32.98
"2010-05-13",38.93,39.59,38.92,39.27,184900,33.2
"2010-05-14",38.97,39,38.07,38.26,461400,32.34
"2010-05-17",38.46,38.69,37.75,38.29,295900,32.37
"2010-05-18",38.7,38.83,37.91,37.96,351700,32.09
"2010-05-19",37.78,38.04,37.28,37.49,282900,31.69
"2010-05-20",36.78,37,36.07,36.33,537100,30.71
"2010-05-21",36.02,36.08,35.41,35.71,716200,30.19
"2010-05-24",35.66,36.58,35.66,36.21,520000,30.61
"2010-05-25",35.7,35.7,34.72,35.63,441400,30.12
"2010-05-26",35.86,36.26,35.47,35.52,2328800,30.03
"2010-05-27",36.2,36.53,35.89,36.21,320500,30.61
"2010-05-28",36.23,36.95,35.99,36.5,386000,30.85
"2010-06-01",36.28,36.71,35.82,35.82,441200,30.28
"2010-06-02",36.11,36.66,35.86,36.66,349900,30.99
"2010-06-03",36.5,37.06,36.5,36.97,233400,31.25
"2010-06-04",36.4,36.56,35.66,35.72,306200,30.19
"2010-06-07",35.71,36.22,35.65,35.69,270500,30.17
"2010-06-08",35.78,36.1,35.4,36.1,520700,30.52
"2010-06-09",36.32,36.33,35.54,35.65,529700,30.14
"2010-06-10",36.07,36.35,35.88,36.3,619500,30.69
"2010-06-11",36.11,36.55,36.07,36.52,223000,30.87
"2010-06-14",36.64,37.31,36.64,36.93,341600,31.22
"2010-06-15",37,37.55,36.93,37.45,393800,31.66
"2010-06-16",37.22,37.67,37.21,37.44,324000,31.65
"2010-06-17",37.28,37.91,37.28,37.9,231900,32.04
"2010-06-18",37.93,37.97,37.56,37.92,233800,32.05
"2010-06-21",38.3,38.4,37.83,38,539400,32.12
"2010-06-22",37.96,38.38,37.1,37.12,251900,31.38
"2010-06-23",36.98,36.98,36.42,36.46,310300,30.82
"2010-06-24",36.25,36.75,36.25,36.33,276800,30.71
"2010-06-25",36.31,36.52,36.16,36.47,497000,30.83
"2010-06-28",36.61,36.95,36.33,36.74,277300,31.06
"2010-06-29",36.35,36.37,35.63,35.84,313000,30.3
"2010-06-30",35.8,36.51,35.74,35.82,292400,30.28
"2010-07-01",35.75,35.79,35.29,35.72,431400,30.19
"2010-07-02",35.72,35.98,35.54,35.8,383700,30.26
"2010-07-06",36.1,36.65,35.93,36.46,612200,30.82
"2010-07-07",36.43,37.17,36.43,37.15,436500,31.4
"2010-07-08",37.38,37.57,37.17,37.47,328500,31.67
"2010-07-09",37.49,37.63,37.35,37.58,160200,31.77
"2010-07-12",37.63,38.06,37.2,37.7,292200,31.87
"2010-07-13",38.03,38.39,37.79,38.33,286100,32.4
"2010-07-14",38.21,38.34,37.83,38.26,205000,32.34
"2010-07-15",38.19,38.65,37.94,38.55,234500,32.59
"2010-07-16",38.44,38.53,37.47,37.49,234100,31.69
"2010-07-19",37.49,37.95,37.36,37.9,207200,32.04
"2010-07-20",37.44,38.33,37.33,38.31,203000,32.38
"2010-07-21",38.51,38.51,37.69,37.8,266700,31.95
"2010-07-22",38.11,38.98,38.04,38.81,321100,32.81
"2010-07-23",38.66,39,38.48,38.87,260100,32.86
"2010-07-26",38.87,39.49,38.81,39.49,207000,33.38
"2010-07-27",39.5,40,39.44,39.98,288600,33.8
"2010-07-28",39.98,39.99,39.42,39.53,266900,33.42
"2010-07-29",39.69,39.69,37.71,38.26,700700,32.34
"2010-07-30",38,38.35,37.52,38,488600,32.12
"2010-08-02",38.48,38.81,38.21,38.71,254100,32.72
"2010-08-03",38.56,39.04,38.39,38.68,223100,32.7
"2010-08-04",38.81,39.02,38.6,38.95,128800,32.93
"2010-08-05",38.64,39.35,38.64,39.29,202300,33.21
"2010-08-06",38.89,39.16,38.62,38.98,278500,32.95
"2010-08-09",39.08,39.37,39,39.33,123000,33.25
"2010-08-10",39,39.24,38.69,39.02,353500,32.98
"2010-08-11",38.49,38.49,37.55,37.58,193900,32.13
"2010-08-12",37.14,37.42,36.94,37.25,314700,31.85
"2010-08-13",37.19,37.53,37.03,37.22,187200,31.82
"2010-08-16",37.13,37.37,36.86,36.93,225300,31.57
"2010-08-17",37.14,37.67,37.13,37.3,293200,31.89
"2010-08-18",37.34,37.71,37.04,37.58,371300,32.13
"2010-08-19",37.34,37.39,36.35,36.56,436400,31.26
"2010-08-20",36.45,36.54,36.15,36.5,255600,31.21
"2010-08-23",36.74,37.07,36.39,36.46,235700,31.17
"2010-08-24",35.98,36.26,35.79,36.1,622200,30.86
"2010-08-25",35.87,36.55,35.78,36.48,465500,31.19
"2010-08-26",36.61,36.75,36.38,36.45,338300,31.16
"2010-08-27",36.64,37.27,36.47,37.08,381700,31.7
"2010-08-30",37.06,37.06,36.71,36.79,402600,31.45
"2010-08-31",36.65,36.96,36.35,36.7,495500,31.38
"2010-09-01",37.22,37.86,37.06,37.84,445200,32.35
"2010-09-02",38,38,37.45,37.76,338300,32.28
"2010-09-03",38.13,38.19,37.89,38.12,170600,32.59
"2010-09-07",37.9,38.14,37.82,37.82,372600,32.33
"2010-09-08",37.85,38.07,37.66,37.7,283900,32.23
"2010-09-09",38,38.3,37.89,38.03,212900,32.51
"2010-09-10",38.03,38.23,37.9,38.04,229200,32.52
"2010-09-13",38.41,38.46,38.06,38.14,255300,32.61
"2010-09-14",38.17,38.53,38.01,38.22,240200,32.68
"2010-09-15",38.22,38.22,37.61,37.97,250000,32.46
"2010-09-16",37.93,38.01,37.53,37.7,113200,32.23
"2010-09-17",37.8,38.06,37.62,37.7,295800,32.23
"2010-09-20",37.77,38.29,37.68,38.16,164300,32.63
"2010-09-21",38.14,38.31,37.67,37.79,242100,32.31
"2010-09-22",37.63,38.02,37.57,37.83,377200,32.34
"2010-09-23",37.54,37.86,37.45,37.47,162500,32.04
"2010-09-24",37.96,38.4,37.88,38.25,269900,32.7
"2010-09-27",38.41,38.46,38.1,38.36,288000,32.8
"2010-09-28",38.36,38.5,37.84,38.4,303800,32.83
"2010-09-29",38.34,38.45,38.02,38.16,321300,32.63
"2010-09-30",38.33,38.81,38.33,38.36,441700,32.8
"2010-10-01",38.46,38.82,38.31,38.82,276600,33.19
"2010-10-04",38.63,38.98,38.31,38.56,246000,32.97
"2010-10-05",38.98,39,38.71,38.93,248700,33.28
"2010-10-06",39.33,39.48,38.44,38.77,529700,33.15
"2010-10-07",38.79,38.96,38.6,38.8,322000,33.17
"2010-10-08",38.86,38.97,38.57,38.88,238100,33.24
"2010-10-11",38.84,39.03,38.67,38.9,261500,33.26
"2010-10-12",38.88,38.96,38.48,38.74,182200,33.12
"2010-10-13",38.8,38.96,38.58,38.73,363600,33.11
"2010-10-14",38.7,38.87,38.57,38.71,253400,33.1
"2010-10-15",38.97,38.98,38.68,38.9,280100,33.26
"2010-10-18",38.88,39.13,38.81,39.13,208500,33.45
"2010-10-19",38.7,39.23,38.61,38.67,232300,33.06
"2010-10-20",38.67,39.25,38.64,39.09,333400,33.42
"2010-10-21",39.3,39.35,38.58,38.91,377300,33.27
"2010-10-22",38.97,39.08,38.75,38.85,233800,33.22
"2010-10-25",39.05,39.19,38.81,38.83,240700,33.2
"2010-10-26",38.67,38.8,38.55,38.59,329200,32.99
"2010-10-27",38.41,38.87,38.24,38.83,402800,33.2
"2010-10-28",39,39.45,38.9,39.37,393600,33.66
"2010-10-29",39.26,39.55,39.15,39.26,292400,33.57
"2010-11-01",39.37,39.55,38.71,38.96,275100,33.31
"2010-11-02",39.39,39.66,39.01,39.09,412700,33.42
"2010-11-03",39.02,39.02,38.18,38.63,337500,33.03
"2010-11-04",38.91,39.23,38.8,39.22,362100,33.53
"2010-11-05",39.17,39.24,38.99,39.18,279200,33.5
"2010-11-08",39.08,39.15,38.87,39,239700,33.34
"2010-11-09",39.08,39.24,38.78,38.89,280400,33.25
"2010-11-10",38.87,39,38.63,38.98,197700,33.33
"2010-11-11",38.71,38.76,38.46,38.69,312600,33.08
"2010-11-12",38.49,38.72,38.27,38.51,268400,32.92
"2010-11-15",38.63,38.79,38.49,38.55,224100,32.96
"2010-11-16",38.24,38.4,37.77,38.02,418200,32.51
"2010-11-17",37.65,38,37.46,37.54,2e+05,32.47
"2010-11-18",37.8,37.92,37.64,37.67,250400,32.58
"2010-11-19",37.58,37.7,37.36,37.52,263300,32.45
"2010-11-22",37.38,37.72,37.28,37.62,347300,32.54
"2010-11-23",37.42,37.53,37.14,37.15,380900,32.13
"2010-11-24",37.27,37.41,37.22,37.37,462400,32.32
"2010-11-26",37,37.37,36.98,37.28,252300,32.25
"2010-11-29",37.06,37.22,36.68,37.1,264600,32.09
"2010-11-30",36.87,36.98,36.7,36.73,506600,31.77
"2010-12-01",37.1,37.27,36.87,37.2,274900,32.18
"2010-12-02",37.26,37.97,37.08,37.74,409400,32.64
"2010-12-03",37.6,37.81,37.07,37.45,458400,32.39
"2010-12-06",37.48,37.59,37.04,37.13,760000,32.12
"2010-12-07",35.81,35.84,34.94,34.98,3496500,30.26
"2010-12-08",35.01,35.6,34.21,35.5,2415700,30.71
"2010-12-09",35.7,35.94,35.17,35.76,1155600,30.93
"2010-12-10",35.8,36.01,35.62,35.93,790800,31.08
"2010-12-13",36.05,36.14,35.76,35.83,590200,30.99
"2010-12-14",35.84,36.07,35.66,35.8,622100,30.97
"2010-12-15",35.96,35.96,35.17,35.43,613000,30.65
"2010-12-16",35.45,35.98,35.33,35.98,468300,31.12
"2010-12-17",35.97,35.97,35.51,35.61,839000,30.8
"2010-12-20",35.8,35.94,35.51,35.66,420300,30.85
"2010-12-21",35.68,35.98,35.55,35.92,439100,31.07
"2010-12-22",35.88,36.22,35.88,36.19,463900,31.3
"2010-12-23",36.25,36.42,36.07,36.34,362300,31.43
"2010-12-27",36.34,36.54,36.2,36.43,250300,31.51
"2010-12-28",36.48,36.51,36.19,36.4,394800,31.49
"2010-12-29",36.49,36.51,36.19,36.19,337700,31.3
"2010-12-30",36.16,36.4,36.13,36.18,242500,31.29
"2010-12-31",36.14,36.27,35.82,35.85,440200,31.01
"2011-01-03",36.03,36.5,35.96,36.46,494100,31.54
"2011-01-04",36.5,36.5,35.96,36.12,615100,31.24
"2011-01-05",36.11,36.29,35.93,36.08,417700,31.21
"2011-01-06",36.23,36.23,35.85,35.9,449800,31.05
"2011-01-07",35.95,36.1,35.65,35.95,473600,31.1
"2011-01-10",35.82,36.41,35.65,36.24,653200,31.35
"2011-01-11",36.48,36.5,36.29,36.42,339100,31.5
"2011-01-12",36.63,36.72,36.5,36.6,514300,31.66
"2011-01-13",36.66,36.75,36.48,36.53,317500,31.6
"2011-01-14",36.54,36.72,36.47,36.71,418300,31.75
"2011-01-18",36.66,36.75,36.4,36.7,622600,31.74
"2011-01-19",36.62,36.88,36.59,36.77,685900,31.81
"2011-01-20",36.63,36.92,36.52,36.62,520000,31.68
"2011-01-21",36.88,36.88,36.46,36.5,330100,31.57
"2011-01-24",36.46,36.76,36.46,36.53,413600,31.6
"2011-01-25",36.5,36.52,36.14,36.39,436000,31.48
"2011-01-26",36.41,36.59,36.28,36.35,363100,31.44
"2011-01-27",36.35,36.49,36.26,36.34,466800,31.43
"2011-01-28",36.31,36.44,36.07,36.09,531900,31.22
"2011-01-31",36.38,36.9,36.19,36.7,869100,31.74
"2011-02-01",36.98,37.45,36.82,37.33,698100,32.29
"2011-02-02",37.37,37.53,37.1,37.28,646100,32.25
"2011-02-03",37.3,37.47,37.16,37.41,437200,32.36
"2011-02-04",37.3,37.46,37.27,37.4,453000,32.35
"2011-02-07",37.38,37.54,37.3,37.42,433100,32.37
"2011-02-08",37.35,37.74,37.35,37.69,538400,32.6
"2011-02-09",37.52,37.83,37.36,37.79,508100,32.69
"2011-02-10",37.53,38.07,37.53,37.85,507000,32.74
"2011-02-11",37.75,37.91,37.7,37.81,384700,32.7
"2011-02-14",37.94,38.26,37.81,38.2,473900,33.04
"2011-02-15",38.07,38.58,38.07,38.51,623700,33.31
"2011-02-16",38.18,38.42,37.93,38.29,897700,33.51
"2011-02-17",38.1,38.57,38.1,38.56,694300,33.75
"2011-02-18",38.61,38.82,38.51,38.8,440900,33.96
"2011-02-22",38.56,38.79,38.34,38.41,417300,33.62
"2011-02-23",38.27,38.4,37.69,37.69,532400,32.99
"2011-02-24",37.83,37.98,37.52,37.73,529600,33.02
"2011-02-25",37.98,38.29,37.7,38.29,372100,33.51
"2011-02-28",38.42,38.93,38.01,38.01,840400,33.27
"2011-03-01",38.21,38.73,38.08,38.14,419500,33.38
"2011-03-02",38,38.61,38,38.48,323000,33.68
"2011-03-03",38.58,39.19,38.54,39.08,251400,34.2
"2011-03-04",38.96,39.23,38.41,38.71,519000,33.88
"2011-03-07",38.96,39.2,38.63,38.78,437700,33.94
"2011-03-08",38.76,39.27,38.73,39.15,562600,34.26
"2011-03-09",39.21,39.47,39.01,39.37,442100,34.46
"2011-03-10",39,39,38.5,38.76,398100,33.92
"2011-03-11",38.59,39.08,38.36,39,348500,34.13
"2011-03-14",38.81,39.11,38.61,39.01,403800,34.14
"2011-03-15",38.05,38.86,37.96,38.56,690000,33.75
"2011-03-16",38.78,38.91,38.15,38.57,1008000,33.76
"2011-03-17",38.74,38.93,38.51,38.7,515000,33.87
"2011-03-18",39.07,39.4,38.75,38.89,448900,34.04
"2011-03-21",38.91,39.76,38.91,39.3,326100,34.4
"2011-03-22",39.39,39.52,39.14,39.14,239800,34.26
"2011-03-23",39.13,39.26,38.67,38.86,2e+05,34.01
"2011-03-24",39,39.15,38.73,38.88,331600,34.03
"2011-03-25",38.9,39.34,38.84,38.86,370500,34.01
"2011-03-28",38.95,39.29,38.84,39.01,335700,34.14
"2011-03-29",39,39.29,38.76,39.21,221000,34.32
"2011-03-30",39.31,39.74,39.25,39.7,289500,34.75
"2011-03-31",39.66,39.91,39.56,39.84,344700,34.87
"2011-04-01",39.95,40.25,39.86,40.13,317800,35.12
"2011-04-04",40.01,40.28,40.01,40.25,339700,35.23
"2011-04-05",40.26,40.47,40.09,40.31,174400,35.28
"2011-04-06",40.55,40.77,40.43,40.49,240700,35.44
"2011-04-07",40.43,40.5,39.69,39.72,486700,34.76
"2011-04-08",40.09,40.09,39.13,39.47,274500,34.54
"2011-04-11",39.55,39.61,39.2,39.32,226600,34.41
"2011-04-12",39.07,39.18,38.66,38.81,311300,33.97
"2011-04-13",39,39.23,38.96,39.01,473100,34.14
"2011-04-14",38.81,39.24,38.58,39.22,310600,34.33
"2011-04-15",39.24,39.74,39.18,39.6,185500,34.66
"2011-04-18",39.17,39.29,38.78,39.16,559400,34.27
"2011-04-19",39.21,39.33,39.13,39.32,361200,34.41
"2011-04-20",39.69,40.06,39.68,40.05,261300,35.05
"2011-04-21",40.18,40.28,39.89,40.24,230200,35.22
"2011-04-25",40.24,40.39,40.01,40.23,275500,35.21
"2011-04-26",40.37,40.95,40.32,40.9,378200,35.8
"2011-04-27",40.85,41.14,40.73,41.14,390600,36.01
"2011-04-28",41.01,41.48,41.01,41.38,312100,36.22
"2011-04-29",41.45,41.61,41.31,41.51,318000,36.33
"2011-05-02",41.67,41.88,41.39,41.45,402500,36.28
"2011-05-03",41.47,41.96,41.04,41.19,800700,36.05
"2011-05-04",41.22,41.43,40.93,41.01,306800,35.89
"2011-05-05",40.84,41.37,40.45,41.04,589700,35.92
"2011-05-06",41.29,42.01,41.29,41.42,6e+05,36.25
"2011-05-09",41.41,41.94,41.31,41.81,321100,36.59
"2011-05-10",41.78,42.34,41.7,42.19,282400,36.92
"2011-05-11",41.55,41.9,40.92,41.12,452900,36.38
"2011-05-12",41.15,41.73,41.02,41.63,403000,36.83
"2011-05-13",41.58,41.75,40.85,41.04,355500,36.31
"2011-05-16",40.8,40.91,40.59,40.8,326000,36.09
"2011-05-17",40.62,40.85,40.34,40.56,322800,35.88
"2011-05-18",40.52,40.78,40.22,40.77,272000,36.07
"2011-05-19",40.5,40.87,40.33,40.83,606500,36.12
"2011-05-20",40.73,40.86,40.24,40.67,445900,35.98
"2011-05-23",40.36,40.37,40.03,40.16,296900,35.53
"2011-05-24",40.22,40.3,39.92,40.06,319200,35.44
"2011-05-25",39.9,40.4,39.8,40.27,220800,35.62
"2011-05-26",40.26,40.69,39.98,40.58,492100,35.9
"2011-05-27",40.62,40.78,40.53,40.59,187200,35.91
"2011-05-31",40.88,41.11,40.6,41.11,360700,36.37
"2011-06-01",41.05,41.09,40.42,40.43,531300,35.77
"2011-06-02",40.56,40.56,40.06,40.47,608800,35.8
"2011-06-03",39.96,40.52,39.76,40.07,705200,35.45
"2011-06-06",40.09,40.14,39.68,39.69,353600,35.11
"2011-06-07",39.92,40.01,39.51,39.51,311700,34.95
"2011-06-08",39.53,39.71,39.3,39.46,356400,34.91
"2011-06-09",39.6,39.6,39.34,39.39,250000,34.85
"2011-06-10",39.17,39.43,38.95,39,437600,34.5
"2011-06-13",39.19,39.39,38.9,39.19,358900,34.67
"2011-06-14",39.54,39.74,39.19,39.4,353300,34.85
"2011-06-15",39,39.51,38.75,38.96,359200,34.47
"2011-06-16",39.05,39.45,38.99,39.31,380400,34.78
"2011-06-17",39.63,39.77,39.35,39.44,389400,34.89
"2011-06-20",39.44,40,39.34,39.84,363900,35.24
"2011-06-21",40,40.31,39.8,40.16,375600,35.53
"2011-06-22",40.02,40.26,39.8,39.9,363400,35.3
"2011-06-23",39.6,39.65,39.01,39.63,320800,35.06
"2011-06-24",39.7,40,39.57,39.66,293100,35.08
"2011-06-27",39.75,40.22,39.72,39.92,395500,35.31
"2011-06-28",40.03,40.43,39.99,40.23,261100,35.59
"2011-06-29",40.46,40.77,40.26,40.63,280700,35.94
"2011-06-30",40.69,40.97,40.55,40.71,294200,36.01
"2011-07-01",40.67,41.54,40.67,41.5,263100,36.71
"2011-07-05",41.56,41.84,41.34,41.75,441700,36.93
"2011-07-06",41.68,42.3,41.53,42.04,430400,37.19
"2011-07-07",42.34,42.35,41.93,42.23,253900,37.36
"2011-07-08",41.88,42.27,41.69,42.23,336800,37.36
"2011-07-11",41.78,42.11,41.66,41.85,237200,37.02
"2011-07-12",41.67,42.14,41.64,41.84,301200,37.01
"2011-07-13",41.91,42.24,41.73,41.88,334500,37.05
"2011-07-14",41.98,42.09,41.29,41.45,409400,36.67
"2011-07-15",41.69,41.76,41.14,41.37,477100,36.6
"2011-07-18",41.34,41.34,40.53,40.79,376100,36.08
"2011-07-19",41.02,41.12,40.7,41,320000,36.27
"2011-07-20",41.14,41.32,40.99,41.31,306100,36.54
"2011-07-21",41.56,42.23,41.45,42.15,423300,37.29
"2011-07-22",42.06,42.4,41.95,42.14,379800,37.28
"2011-07-25",41.84,42.29,41.74,41.84,306400,37.01
"2011-07-26",41.91,41.91,41.4,41.48,237100,36.69
"2011-07-27",41.4,41.4,40.94,41.02,369700,36.29
"2011-07-28",40.99,41.11,40.62,40.86,292300,36.15
"2011-07-29",40.53,41.07,40.25,40.8,432300,36.09
"2011-08-01",41.22,41.4,40.83,40.97,520900,36.24
"2011-08-02",40.8,41.01,40.03,40.03,458000,35.41
"2011-08-03",40.67,40.76,39.32,39.89,619200,35.29
"2011-08-04",39.47,39.66,38,38.01,626800,33.63
"2011-08-05",38.24,38.7,37.28,38.21,1177600,33.8
"2011-08-08",37.27,37.3,34.98,34.98,962800,30.94
"2011-08-09",35.44,36.87,34.08,36.86,1222000,32.61
"2011-08-10",36.32,37.87,36.04,36.46,1324500,32.25
"2011-08-11",36.67,39.73,36.52,39.27,1288700,34.74
"2011-08-12",39.44,39.65,37.96,38.23,717100,33.82
"2011-08-15",38.57,39.53,38.57,39.48,505400,34.93
"2011-08-16",39.37,39.86,38.88,39.64,631800,35.07
"2011-08-17",39.17,39.6,38.84,38.97,473600,34.87
"2011-08-18",38.22,38.35,37.44,37.83,400300,33.85
"2011-08-19",37.48,37.92,37.23,37.32,363600,33.39
"2011-08-22",37.99,38.09,37.14,37.31,304600,33.38
"2011-08-23",37.33,38.82,37.13,38.82,547400,34.74
"2011-08-24",38.91,40.24,38.53,40.1,528100,35.88
"2011-08-25",40.26,40.49,39.27,39.85,711500,35.66
"2011-08-26",39.59,40.7,38.69,40.51,574900,36.25
"2011-08-29",41.06,41.83,40.86,41.43,898500,37.07
"2011-08-30",41.15,41.49,41,41.17,509700,36.84
"2011-08-31",41.43,41.66,41.2,41.42,675500,37.06
"2011-09-01",41.5,41.78,41.04,41.16,636300,36.83
"2011-09-02",40.44,41,40.25,40.39,475500,36.14
"2011-09-06",39.48,40.02,39.03,39.97,524600,35.76
"2011-09-07",40.46,40.78,40.25,40.74,392600,36.45
"2011-09-08",40.63,41.27,40.59,40.84,474700,36.54
"2011-09-09",40.47,40.58,39.5,39.87,487300,35.68
"2011-09-12",39.45,39.94,39.11,39.94,299300,35.74
"2011-09-13",40.01,40.12,39.54,39.96,439400,35.76
"2011-09-14",40.24,41.12,39.9,40.76,472300,36.47
"2011-09-15",41.12,41.25,40.44,41.21,471000,36.87
"2011-09-16",41.42,41.69,40.47,40.82,1045100,36.53
"2011-09-19",39.86,41.22,39.86,40.95,521900,36.64
"2011-09-20",41.28,42,40.97,41.26,571000,36.92
"2011-09-21",41.27,41.33,40.31,40.32,461400,36.08
"2011-09-22",39.48,39.84,38.87,39.32,480800,35.18
"2011-09-23",39.26,39.81,39.04,39.7,267200,35.52
"2011-09-26",39.96,40.08,39.27,39.94,247100,35.74
"2011-09-27",40.65,41,40.16,40.4,383800,36.15
"2011-09-28",40.4,40.61,39.42,39.52,498200,35.36
"2011-09-29",40.21,41.02,39.94,40.76,416800,36.47
"2011-09-30",40.27,41.86,40.22,40.74,715800,36.45
"2011-10-03",40.5,41.04,38.92,39,688100,34.9
"2011-10-04",38.67,39.49,37.95,39.45,724300,35.3
"2011-10-05",39.64,40.09,39.03,39.94,414800,35.74
"2011-10-06",39.93,40.62,39.77,40.57,402200,36.3
"2011-10-07",40.82,41.18,40.26,40.44,361900,36.19
"2011-10-10",41.03,41.3,40.64,41.17,309200,36.84
"2011-10-11",40.76,41.23,40.76,41.12,230100,36.79
"2011-10-12",41.46,41.46,40.89,41.09,368300,36.77
"2011-10-13",40.84,40.95,40.09,40.89,822300,36.59
"2011-10-14",40.97,41.25,40.71,41.18,542300,36.85
"2011-10-17",41.07,41.33,40.7,40.85,450200,36.55
"2011-10-18",40.93,41.66,40.1,41.25,825300,36.91
"2011-10-19",41.27,41.94,40.95,41.1,491000,36.78
"2011-10-20",41.1,41.29,40.35,40.8,530000,36.51
"2011-10-21",41.26,41.69,40.93,41.66,442500,37.28
"2011-10-24",41.71,42.32,41.49,42.11,331200,37.68
"2011-10-25",42,42,41.36,41.43,313300,37.07
"2011-10-26",41.67,41.96,41.26,41.49,398700,37.13
"2011-10-27",42.62,43.69,42.36,43.5,590800,38.92
"2011-10-28",43.33,43.49,42.88,43,442200,38.48
"2011-10-31",42.52,42.84,41.93,41.94,464000,37.53
"2011-11-01",40.79,41.26,40.11,40.29,823800,36.05
"2011-11-02",40.55,40.95,39.86,39.99,998400,35.78
"2011-11-03",40.36,41.5,40.3,41.39,542100,37.04
"2011-11-04",41.09,41.53,40.58,41.36,418500,37.01
"2011-11-07",41.67,41.96,40.82,41.79,454500,37.39
"2011-11-08",41.79,42.07,40.68,42.01,570600,37.59
"2011-11-09",41.29,41.48,40.3,40.48,578400,36.22
"2011-11-10",40.98,41.11,40.52,40.98,478800,36.67
"2011-11-11",41.27,41.84,41.27,41.81,321700,37.41
"2011-11-14",41.63,41.7,41.07,41.38,353800,37.03
"2011-11-15",41.16,41.84,41.03,41.77,372100,37.38
"2011-11-16",40.82,41.61,40.63,41.08,400900,37.16
"2011-11-17",41.08,41.35,40.55,40.91,506900,37
"2011-11-18",41.09,41.35,40.87,41.01,317200,37.1
"2011-11-21",40.65,40.7,39.4,40.05,483300,36.23
"2011-11-22",40.1,40.17,39.3,39.51,356800,35.74
"2011-11-23",39.25,39.3,38.71,38.92,491800,35.2
"2011-11-25",38.95,39.33,38.77,38.84,193000,35.13
"2011-11-28",39.85,39.88,38.77,38.93,609800,35.21
"2011-11-29",39.12,39.9,39.1,39.71,413500,35.92
"2011-11-30",40.89,41.27,40.78,41.23,491800,37.29
"2011-12-01",41.23,41.52,40.83,40.89,271900,36.99
"2011-12-02",41.35,41.35,40.36,40.42,337500,36.56
"2011-12-05",40.9,41.26,40.44,40.68,439500,36.8
"2011-12-06",40.78,41.18,40.54,40.93,268800,37.02
"2011-12-07",40.64,41.13,40.27,40.71,426500,36.82
"2011-12-08",40.4,40.59,39.51,39.64,549800,35.86
"2011-12-09",40.02,41.02,39.26,39.48,5760200,35.71
"2011-12-12",39.38,39.76,38.4,39.76,22904600,36.05
"2011-12-13",39.9,40.55,39.63,40.1,2948400,36.36
"2011-12-14",39.86,40.44,39.86,40.17,1300600,36.43
"2011-12-15",40.59,41.06,40.49,40.93,900100,37.12
"2011-12-16",40.93,41.5,40.93,41.01,1823000,37.19
"2011-12-19",40.99,41.11,40.35,40.4,907300,36.64
"2011-12-20",41.12,41.79,40.7,41.79,885800,37.9
"2011-12-21",41.8,41.93,41.53,41.89,945900,37.99
"2011-12-22",41.87,41.96,41.56,41.82,667900,37.92
"2011-12-23",41.87,41.99,41.77,41.94,445200,38.03
"2011-12-27",41.78,42.32,41.66,42.31,452800,38.37
"2011-12-28",42.3,42.46,42.12,42.17,377200,38.24
"2011-12-29",42.29,42.94,42.09,42.7,547800,38.72
"2011-12-30",42.78,43,42.25,42.26,525100,38.32
"2012-01-03",42.83,42.88,41.88,42.1,652400,38.18
"2012-01-04",41.91,42.17,41.6,41.67,557000,37.79
"2012-01-05",41.49,41.89,41.17,41.71,386900,37.82
"2012-01-06",41.78,41.95,41.13,41.18,499700,37.34
"2012-01-09",41.25,41.35,40.8,41.04,659700,37.22
"2012-01-10",41.25,41.5,41.01,41.05,389800,37.22
"2012-01-11",41.04,41.38,41.01,41.12,418500,37.29
"2012-01-12",41.28,41.42,40.98,41.09,425800,37.26
"2012-01-13",40.7,41.3,40.64,41.23,503400,37.39
"2012-01-17",41.37,41.94,41.37,41.57,589400,37.7
"2012-01-18",41.54,41.87,41.25,41.75,519300,37.86
"2012-01-19",41.92,41.92,41.26,41.36,485800,37.51
"2012-01-20",41.49,42.05,41.35,42.05,525900,38.13
"2012-01-23",42,42.24,41.61,41.92,529200,38.01
"2012-01-24",41.64,41.79,41.23,41.45,462900,37.59
"2012-01-25",41.31,42.02,41,41.97,876000,38.06
"2012-01-26",42.14,42.28,41.68,42.28,417400,38.34
"2012-01-27",42.34,42.34,41.47,41.91,470200,38
"2012-01-30",41.56,41.62,41.22,41.33,351900,37.48
"2012-01-31",41.47,41.58,41.1,41.51,511700,37.64
"2012-02-01",41.75,41.85,41.42,41.69,423600,37.81
"2012-02-02",41.64,41.86,41.55,41.59,406000,37.71
"2012-02-03",41.88,42,41.43,41.55,481300,37.68
"2012-02-06",41.31,41.52,41.25,41.25,400300,37.41
"2012-02-07",41.02,41.87,41.01,41.65,536100,37.77
"2012-02-08",41.77,41.86,41.32,41.69,456000,37.81
"2012-02-09",41.65,41.9,41.56,41.8,450100,37.9
"2012-02-10",41.56,41.56,41.18,41.56,439100,37.69
"2012-02-13",41.65,41.91,41.2,41.21,307700,37.37
"2012-02-14",41.08,41.38,40.83,41.19,428000,37.35
"2012-02-15",41.23,41.23,40.62,40.75,480800,37.28
"2012-02-16",40.9,41.32,40.87,41.22,485500,37.71
"2012-02-17",41.21,41.42,41.15,41.4,1191600,37.87
"2012-02-21",41.74,41.74,41.06,41.1,455900,37.6
"2012-02-22",40.97,41.49,40,41.16,465100,37.65
"2012-02-23",41.08,41.48,40.79,40.98,464500,37.49
"2012-02-24",40.89,41.43,40.27,40.37,937900,36.93
"2012-02-27",40.2,40.46,39.96,40.21,957100,36.79
"2012-02-28",40.21,40.46,39.5,39.7,622400,36.32
"2012-02-29",39.51,40.09,39.44,39.87,686100,36.47
"2012-03-01",39.82,40.06,39.54,39.66,581500,36.28
"2012-03-02",39.45,39.62,39.15,39.47,536300,36.11
"2012-03-05",39.38,39.81,39.17,39.78,487800,36.39
"2012-03-06",39.5,39.61,39.22,39.51,471300,36.15
"2012-03-07",39.52,39.78,39.23,39.4,376500,36.04
"2012-03-08",39.45,39.56,39.1,39.31,397500,35.96
"2012-03-09",39.31,39.49,39.01,39.38,404900,36.03
"2012-03-12",39.44,39.65,39.38,39.65,394700,36.27
"2012-03-13",39.77,40.08,39.62,40.01,542800,36.6
"2012-03-14",39.93,40.14,39.65,39.7,589100,36.32
"2012-03-15",39.67,39.76,39.09,39.38,509000,36.03
"2012-03-16",39.38,39.68,39.06,39.06,1424500,35.73
"2012-03-19",39.14,39.21,38.68,38.69,757400,35.39
"2012-03-20",38.77,39.18,38.42,38.95,681800,35.63
"2012-03-21",39.03,39.23,38.8,39.06,421400,35.73
"2012-03-22",38.78,38.94,38.45,38.6,608100,35.31
"2012-03-23",38.72,38.86,38.49,38.76,555000,35.46
"2012-03-26",39.06,39.19,38.75,38.92,748700,35.61
"2012-03-27",38.99,39.35,38.93,39.3,551200,35.95
"2012-03-28",39.18,39.25,38.68,38.98,434000,35.66
"2012-03-29",38.69,38.98,38.44,38.75,518600,35.45
"2012-03-30",38.92,39.24,38.8,39.22,610900,35.88
"2012-04-02",39.18,39.75,39.01,39.45,622700,36.09
"2012-04-03",39.34,39.49,39.07,39.44,681300,36.08
"2012-04-04",39.21,39.24,39.03,39.05,446500,35.72
"2012-04-05",38.95,39.1,38.65,38.77,263700,35.47
"2012-04-09",38.51,38.53,38.32,38.32,335800,35.06
"2012-04-10",38.19,38.24,37.75,38.02,442500,34.78
"2012-04-11",38.51,38.51,37.9,37.94,455600,34.71
"2012-04-12",37.9,38.32,37.82,38.2,275900,34.95
"2012-04-13",38.07,38.44,37.84,37.84,332800,34.62
"2012-04-16",37.87,38.19,37.87,38.16,942300,34.91
"2012-04-17",38.23,38.53,38.06,38.42,443000,35.15
"2012-04-18",38.34,38.46,37.97,38.05,362500,34.81
"2012-04-19",37.97,38.19,37.75,37.97,440800,34.74
"2012-04-20",38.05,38.33,37.97,38.31,774600,35.05
"2012-04-23",37.98,38.03,37.75,37.95,367600,34.72
"2012-04-24",37.95,38.36,37.95,38.3,360400,35.04
"2012-04-25",38.52,39.02,38.38,38.93,458700,35.61
"2012-04-26",38.92,39,38.49,38.9,397100,35.59
"2012-04-27",39,39.28,38.86,39.25,361100,35.91
"2012-04-30",39.12,39.48,39.02,39.43,432200,36.07
"2012-05-01",39.29,39.56,38.64,39.37,748900,36.02
"2012-05-02",40.29,40.29,38.78,38.8,735600,35.5
"2012-05-03",38.7,38.8,38.41,38.55,623100,35.27
"2012-05-04",38.4,38.84,38.4,38.5,477500,35.22
"2012-05-07",38.44,38.69,38.21,38.31,515800,35.05
"2012-05-08",38.13,38.61,38.08,38.5,555700,35.22
"2012-05-09",38.22,38.53,38.08,38.25,479000,34.99
"2012-05-10",38.5,38.93,38.41,38.64,1608400,35.35
"2012-05-11",38.52,38.97,38.44,38.57,1681600,35.29
"2012-05-14",38.36,38.49,38.1,38.29,1749300,35.03
"2012-05-15",38.14,38.27,37.75,37.91,597200,34.68
"2012-05-16",37.63,37.83,37.5,37.64,490200,34.86
"2012-05-17",37.61,37.83,36.94,36.94,724200,34.21
"2012-05-18",37.07,37.25,36.69,36.85,597700,34.13
"2012-05-21",36.8,36.95,36.59,36.9,552800,34.17
"2012-05-22",36.91,37.22,36.88,37.21,582800,34.46
"2012-05-23",37.04,37.17,36.74,36.92,489000,34.19
"2012-05-24",36.92,37.35,36.81,37.34,360200,34.58
"2012-05-25",37.39,37.47,36.81,37.27,263100,34.51
"2012-05-29",37.44,37.72,37.3,37.54,356400,34.76
"2012-05-30",37.34,37.81,37.01,37.01,617500,34.27
"2012-05-31",37.2,37.78,37.11,37.48,598700,34.71
"2012-06-01",37.12,37.48,36.86,36.94,699300,34.21
"2012-06-04",37.01,37.18,36.72,36.85,458000,34.13
"2012-06-05",36.81,37.21,36.76,36.97,412500,34.24
"2012-06-06",37.13,37.73,37.06,37.7,1097100,34.91
"2012-06-07",37.96,38.43,37.82,37.88,538800,35.08
"2012-06-08",37.74,38.17,37.66,38.15,481700,35.33
"2012-06-11",38.35,38.5,38,38.04,305300,35.23
"2012-06-12",38.03,38.16,37.71,38.14,412500,35.32
"2012-06-13",38.07,38.36,37.88,38.25,428000,35.42
"2012-06-14",38.39,38.56,38.11,38.42,481000,35.58
"2012-06-15",38.6,38.79,38.47,38.71,498700,35.85
"2012-06-18",38.52,38.8,38.48,38.68,374700,35.82
"2012-06-19",38.59,39.32,38.59,39.22,562400,36.32
"2012-06-20",39.14,39.22,38.7,38.96,513700,36.08
"2012-06-21",39.06,39.06,37.63,37.64,880800,34.86
"2012-06-22",37.67,38.28,37.58,38.23,686700,35.4
"2012-06-25",37.79,38.14,37.59,38.05,422000,35.24
"2012-06-26",38.14,38.24,37.83,37.92,382900,35.12
"2012-06-27",37.89,38.29,37.89,38.17,469100,35.35
"2012-06-28",37.88,38.5,37.82,38.49,334100,35.64
"2012-06-29",39,39.12,38.46,38.75,660000,35.89
"2012-07-02",38.75,39.04,38.67,39.01,466500,36.13
"2012-07-03",38.96,39.15,38.86,39.15,138500,36.26
"2012-07-05",39,39.25,38.73,38.74,410500,35.88
"2012-07-06",38.47,39.05,38.45,38.94,398900,36.06
"2012-07-09",38.83,39.06,38.56,39.02,446200,36.14
"2012-07-10",39.13,39.31,38.99,39.12,412200,36.23
"2012-07-11",39.17,39.55,39.13,39.34,659100,36.43
"2012-07-12",39.11,39.5,38.89,38.93,320900,36.05
"2012-07-13",39.03,39.54,39.03,39.42,417100,36.51
"2012-07-16",39.3,39.58,39.18,39.31,285200,36.4
"2012-07-17",39.34,39.42,39.1,39.33,318500,36.42
"2012-07-18",39.17,39.42,39.09,39.3,411000,36.39
"2012-07-19",39.27,39.95,39.13,39.8,466600,36.86
"2012-07-20",39.57,40.18,39.49,39.9,444700,36.95
"2012-07-23",39.57,39.86,39.2,39.73,431800,36.79
"2012-07-24",39.75,39.88,39.54,39.85,979300,36.9
"2012-07-25",40.03,40.09,39.6,39.7,514100,36.76
"2012-07-26",40.08,40.29,39.91,40.19,471800,37.22
"2012-07-27",40.44,40.86,40.27,40.58,483900,37.58
"2012-07-30",40.58,40.99,40.46,40.68,359100,37.67
"2012-07-31",40.69,40.75,40.33,40.5,384100,37.51
"2012-08-01",40.38,41.95,40.18,40.61,655800,37.61
"2012-08-02",40.3,40.47,39.81,40.19,474200,37.22
"2012-08-03",40.57,40.85,40.46,40.76,403500,37.75
"2012-08-06",40.94,41.25,40.68,40.93,401300,37.9
"2012-08-07",41.19,41.22,40.52,40.55,318100,37.55
"2012-08-08",40.55,41.13,40.36,40.71,354900,37.7
"2012-08-09",40.65,40.93,40.41,40.48,345100,37.49
"2012-08-10",40.39,40.6,40.3,40.52,346700,37.52
"2012-08-13",40.62,40.62,40.34,40.4,330100,37.41
"2012-08-14",40.5,40.72,40.18,40.71,506200,37.7
"2012-08-15",40.4,40.4,39.81,40.11,324400,37.57
"2012-08-16",40.11,40.31,39.93,40.05,263200,37.51
"2012-08-17",40.18,40.19,39.6,39.84,734000,37.32
"2012-08-20",39.89,40.09,39.72,40.09,312000,37.55
"2012-08-21",40.11,40.22,39.78,39.79,275500,37.27
"2012-08-22",39.8,39.91,39.55,39.65,262300,37.14
"2012-08-23",39.69,39.69,39.07,39.2,214700,36.72
"2012-08-24",39.07,39.46,39.05,39.43,664800,36.93
"2012-08-27",39.35,39.54,39.09,39.44,461300,36.94
"2012-08-28",39.44,39.6,39.37,39.44,242900,36.94
"2012-08-29",39.48,39.87,39.27,39.7,340600,37.19
"2012-08-30",39.5,39.69,39.38,39.61,322000,37.1
"2012-08-31",39.79,39.9,39.45,39.65,415400,37.14
"2012-09-04",39.78,40.38,39.72,40.38,431000,37.82
"2012-09-05",40.4,40.55,40.23,40.38,290700,37.82
"2012-09-06",40.49,41,40.48,41,277000,38.4
"2012-09-07",41,41.1,40.8,40.87,335800,38.28
"2012-09-10",41.03,41.07,40.81,40.87,250800,38.28
"2012-09-11",40.95,41.06,40.77,40.78,277500,38.2
"2012-09-12",40.82,40.94,40.73,40.83,221300,38.24
"2012-09-13",40.88,41.51,40.79,41.49,347900,38.86
"2012-09-14",41.31,41.57,41.06,41.21,298200,38.6
"2012-09-17",41.2,41.39,40.8,40.95,225700,38.36
"2012-09-18",41.02,41.34,40.77,41.07,227300,38.47
"2012-09-19",41.03,41.29,40.95,41.17,249300,38.56
"2012-09-20",41.12,41.35,40.97,41.3,209500,38.68
"2012-09-21",41.41,41.54,41.19,41.28,502700,38.67
"2012-09-24",41.28,41.65,41.12,41.48,267100,38.85
"2012-09-25",41.59,41.72,41.23,41.31,321200,38.69
"2012-09-26",41.38,41.7,41.3,41.34,196700,38.72
"2012-09-27",41.43,41.53,40.81,40.87,403400,38.28
"2012-09-28",40.8,40.96,40.56,40.91,514700,38.32
"2012-10-01",40.92,40.97,40.55,40.63,294200,38.06
"2012-10-02",40.75,40.87,40.55,40.84,239700,38.25
"2012-10-03",40.95,41.15,40.84,41.02,257100,38.42
"2012-10-04",41.2,41.51,41.11,41.34,301500,38.72
"2012-10-05",41.13,41.71,41.13,41.3,222700,38.68
"2012-10-08",41.18,41.37,41.06,41.17,180800,38.56
"2012-10-09",41.17,41.25,40.87,41.05,213400,38.45
"2012-10-10",41.09,41.2,40.79,40.82,171400,38.23
"2012-10-11",40.93,40.99,40.64,40.65,252400,38.07
"2012-10-12",40.79,40.84,39.97,40.13,534500,37.59
"2012-10-15",40.1,40.5,39.86,40.46,294400,37.9
"2012-10-16",40.69,41.03,40.5,40.96,503100,38.37
"2012-10-17",41.1,41.32,40.87,41.21,397600,38.6
"2012-10-18",41.2,41.32,41.03,41.24,327200,38.63
"2012-10-19",41.21,41.36,40.69,40.74,316500,38.16
"2012-10-22",41.05,41.05,40.3,40.48,235500,37.92
"2012-10-23",40.09,40.24,39.65,39.86,245300,37.33
"2012-10-24",39.95,40.32,39.88,40.09,243400,37.55
"2012-10-25",40.37,40.44,39.92,40.44,306400,37.88
"2012-10-26",40.87,40.87,40.2,40.28,269800,37.73
"2012-10-31",40.21,40.88,40.07,40.83,412500,38.24
"2012-11-01",40.74,41.04,39.78,40.23,575000,37.68
"2012-11-02",40.56,40.6,39.57,39.57,378600,37.06
"2012-11-05",39.89,39.89,39.05,39.18,395700,36.7
"2012-11-06",39.44,39.58,39.14,39.27,460300,36.78
"2012-11-07",39.12,39.24,38.11,38.73,566700,36.28
"2012-11-08",38.61,39.25,38.48,38.48,381500,36.04
"2012-11-09",38.43,38.7,38.27,38.36,291100,35.93
"2012-11-12",38.33,38.39,38.03,38.19,285600,35.77
"2012-11-13",38.06,38.57,38.02,38.25,335600,35.83
"2012-11-14",38,38,37.24,37.38,336800,35.44
"2012-11-15",37.2,37.47,36.9,37.13,429400,35.2
"2012-11-16",37.17,37.79,36.9,37.79,764700,35.83
"2012-11-19",38.19,38.26,37.5,37.81,409800,35.85
"2012-11-20",37.8,38.06,37.61,37.96,256600,35.99
"2012-11-21",38.01,38.26,37.52,37.7,278100,35.74
"2012-11-23",37.72,38.13,37.32,37.55,220300,35.6
"2012-11-26",37.36,38.51,37.36,38.39,479800,36.4
"2012-11-27",38.47,38.62,38.2,38.41,292500,36.41
"2012-11-28",38.37,39,38.24,38.69,528400,36.68
"2012-11-29",38.81,38.9,38.55,38.77,434700,36.76
"2012-11-30",38.82,39.07,38.78,38.98,592400,36.96
"2012-12-03",39.1,39.13,38.51,38.77,475700,36.76
"2012-12-04",38.73,38.93,38.62,38.81,409800,36.79
"2012-12-05",38.77,40.06,38.77,39.7,631400,37.64
"2012-12-06",39.55,39.78,39.51,39.63,416000,37.57
"2012-12-07",39.64,39.79,39.49,39.58,358400,37.52
"2012-12-10",39.5,39.9,39.26,39.79,547600,37.72
"2012-12-11",39.79,40.17,39.73,40.12,487200,38.04
"2012-12-12",40.25,40.64,39.97,40.12,830700,38.04
"2012-12-13",39.95,40.14,39.42,39.56,386400,37.51
"2012-12-14",39.51,39.75,39.46,39.65,354700,37.59
"2012-12-17",39.73,40.16,39.69,40.08,523800,38
"2012-12-18",40.08,40.41,39.98,40.18,590700,38.09
"2012-12-19",40.2,40.32,40.01,40.15,278000,38.06
"2012-12-20",40.21,41.21,40.03,40.63,982400,38.52
"2012-12-21",40.26,40.59,40.13,40.36,1148700,38.26
"2012-12-24",40.41,40.44,40.05,40.39,184500,38.29
"2012-12-26",40.4,40.5,39.96,39.97,331000,37.89
"2012-12-27",39.95,40.16,39.51,39.93,461100,37.86
"2012-12-28",39.75,40.01,39.55,39.68,318600,37.62
"2012-12-31",39.54,40.11,39.12,39.97,749400,37.89
"2013-01-02",40.38,40.77,40.36,40.69,544500,38.58
"2013-01-03",40.7,40.84,40.4,40.53,438800,38.42
"2013-01-04",40.6,41.15,40.6,41.13,322400,38.99
"2013-01-07",40.98,41.06,40.52,40.62,305100,38.51
"2013-01-08",40.52,40.67,40.29,40.51,327600,38.41
"2013-01-09",40.51,40.58,40.29,40.45,282100,38.35
"2013-01-10",40.59,40.72,40.41,40.67,387600,38.56
"2013-01-11",40.4,40.59,40.14,40.34,415600,38.24
"2013-01-14",40.33,40.42,40.07,40.25,469300,38.16
"2013-01-15",40.23,40.6,40.05,40.57,441100,38.46
"2013-01-16",40.44,40.6,40.25,40.51,271800,38.41
"2013-01-17",40.58,41.19,40.53,41,341900,38.87
"2013-01-18",41.03,41.2,40.8,41.16,546800,39.02
"2013-01-22",41.13,41.5,41.06,41.42,404800,39.27
"2013-01-23",41.28,41.34,41.01,41.15,332900,39.01
"2013-01-24",41.23,41.4,41.11,41.28,396800,39.14
"2013-01-25",41.28,41.41,40.95,41.29,388700,39.15
"2013-01-28",41.32,41.44,40.88,41.38,278200,39.23
"2013-01-29",41.42,41.73,41.28,41.68,525400,39.51
"2013-01-30",41.64,41.75,41.34,41.62,508400,39.46
"2013-01-31",41.52,41.9,41.46,41.8,749800,39.63
"2013-02-01",42,42.37,41.85,42.28,420700,40.08
"2013-02-04",42.24,42.24,41.81,41.84,296100,39.67
"2013-02-05",41.94,42.23,41.92,42.16,373700,39.97
"2013-02-06",41.84,41.84,38.86,40.29,1349200,38.2
"2013-02-07",40.24,40.61,39.93,40,790000,37.92
"2013-02-08",39.98,40.35,39.81,40.35,413200,38.25
"2013-02-11",40.38,40.58,40.21,40.28,352700,38.19
"2013-02-12",40.21,40.54,39.92,40.53,556200,38.42
"2013-02-13",40.26,40.26,39.92,40.21,408600,38.57
"2013-02-14",40.08,40.19,39.7,39.74,525900,38.12
"2013-02-15",39.71,39.8,39.49,39.74,657500,38.12
"2013-02-19",39.72,40.1,39.69,39.77,466900,38.15
"2013-02-20",39.8,40.02,39.63,39.75,496100,38.13
"2013-02-21",39.66,39.81,39.54,39.64,748400,38.02
"2013-02-22",39.65,39.85,39.62,39.79,381200,38.17
"2013-02-25",40.02,40.26,39.41,39.42,651400,37.81
"2013-02-26",39.48,39.79,39.3,39.64,463400,38.02
"2013-02-27",39.55,40.2,39.55,39.98,662000,38.35
"2013-02-28",39.79,40.15,39.79,39.96,644200,38.33
"2013-03-01",39.91,40.24,39.66,40.18,688900,38.54
"2013-03-04",40.14,40.34,40.01,40.24,909200,38.6
"2013-03-05",40.4,40.61,40.26,40.27,728100,38.63
"2013-03-06",40.29,40.36,40.06,40.11,742500,38.47
"2013-03-07",40.15,40.47,40.03,40.28,630600,38.64
"2013-03-08",40.39,40.84,40.22,40.77,492400,39.11
"2013-03-11",40.79,41.04,40.63,41.03,531700,39.36
"2013-03-12",41.03,41.03,40.58,40.71,540200,39.05
"2013-03-13",40.72,40.81,40.44,40.74,359100,39.08
"2013-03-14",40.73,41.04,40.64,40.93,375800,39.26
"2013-03-15",40.79,41.17,40.54,41.15,690900,39.47
"2013-03-18",40.99,41.1,40.74,41.06,427700,39.38
"2013-03-19",41.14,41.24,40.88,41.15,445200,39.47
"2013-03-20",41.28,41.58,41.27,41.51,390900,39.82
"2013-03-21",41.46,41.86,41.32,41.33,464500,39.64
"2013-03-22",41.37,41.59,41.28,41.47,324900,39.78
"2013-03-25",41.58,41.83,41.21,41.32,565800,39.63
"2013-03-26",41.46,41.68,41.32,41.59,488200,39.89
"2013-03-27",41.39,41.65,41.18,41.42,578000,39.73
"2013-03-28",41.42,42,41.32,41.95,539400,40.24
"2013-04-01",41.9,41.99,41.49,41.74,343300,40.04
"2013-04-02",41.8,41.92,41.54,41.76,511600,40.06
"2013-04-03",41.85,42,41.27,41.28,548700,39.59
"2013-04-04",41.32,41.6,41.23,41.6,283100,39.9
"2013-04-05",41.28,41.76,41.21,41.71,439100,40.01
"2013-04-08",41.69,42.58,41.57,42.57,431700,40.83
"2013-04-09",42.59,42.67,42.23,42.41,394200,40.68
"2013-04-10",42.53,43.21,42.43,42.9,554900,41.15
"2013-04-11",42.98,43.24,42.84,43.2,410000,41.44
"2013-04-12",43.07,43.5,43.01,43.5,502500,41.72
"2013-04-15",43.29,43.43,42.27,42.27,535900,40.54
"2013-04-16",42.4,42.97,42.34,42.95,544300,41.2
"2013-04-17",42.83,42.85,42.24,42.71,397700,40.97
"2013-04-18",42.96,42.96,42.5,42.75,332700,41
"2013-04-19",42.9,43.69,42.69,43.45,453200,41.68
"2013-04-22",43.51,43.61,43.08,43.44,457400,41.67
"2013-04-23",43.54,43.69,43.1,43.45,504200,41.68
"2013-04-24",43.39,43.75,42.99,43.59,563800,41.81
"2013-04-25",43.73,43.92,43.4,43.49,319100,41.71
"2013-04-26",43.52,43.72,43.23,43.24,231000,41.47
"2013-04-29",43.52,44.14,43.36,44.04,462200,42.24
"2013-04-30",44.04,44.04,43.33,43.85,553500,42.06
"2013-05-01",43.77,44.3,43.53,44.02,471400,42.22
"2013-05-02",44.18,44.32,43.46,43.72,555600,41.94
"2013-05-03",43.97,44.25,43.81,43.89,465300,42.1
"2013-05-06",43.83,43.98,43.43,43.75,371600,41.96
"2013-05-07",43.78,44.1,43.63,44.07,307000,42.27
"2013-05-08",43.98,44.18,43.69,43.88,373900,42.09
"2013-05-09",43.94,44.1,43.05,43.2,1350300,41.44
"2013-05-10",43.2,43.61,43.02,43.59,1301900,41.81
"2013-05-13",43.42,43.43,43.16,43.22,1302200,41.46
"2013-05-14",43.15,43.84,43.15,43.81,540200,42.02
"2013-05-15",43.22,43.78,43.02,43.41,412000,42.09
"2013-05-16",43.37,43.8,43.27,43.49,401200,42.17
"2013-05-17",43.48,44.19,43.48,44.18,602000,42.84
"2013-05-20",43.73,44.14,43.65,44.12,712400,42.78
"2013-05-21",44.08,44.51,43.83,44.48,499600,43.13
"2013-05-22",44.46,44.85,43.52,43.65,766700,42.32
"2013-05-23",43.46,43.57,42.78,43.38,686300,42.06
"2013-05-24",43.19,43.27,42.66,42.78,677000,41.48
"2013-05-28",43.07,43.28,42.27,42.55,529000,41.26
"2013-05-29",42.38,42.55,41.53,42.04,521700,40.76
"2013-05-30",42.33,42.67,42.24,42.28,246500,40.99
"2013-05-31",42.12,42.81,42.05,42.33,535700,41.04
"2013-06-03",42.5,42.79,41.81,42.4,467300,41.11
"2013-06-04",42.4,42.63,41.84,42.11,377800,40.83
"2013-06-05",42.05,42.22,41.83,41.95,488700,40.67
"2013-06-06",41.91,42.46,41.77,42.44,392700,41.15
"2013-06-07",42.57,42.75,42.13,42.53,249200,41.24
"2013-06-10",42.58,42.82,42.23,42.52,227700,41.23
"2013-06-11",42.24,42.49,42.06,42.11,287000,40.83
"2013-06-12",42.28,42.44,41.77,41.98,262800,40.7
"2013-06-13",41.98,42.85,41.94,42.78,431800,41.48
"2013-06-14",42.74,43.15,42.59,42.98,331300,41.67
"2013-06-17",43.19,43.53,43.1,43.33,331100,42.01
"2013-06-18",43.41,43.9,43.3,43.7,398500,42.37
"2013-06-19",43.72,43.9,42.73,42.77,383700,41.47
"2013-06-20",42.41,42.56,41.74,41.86,527900,40.59
"2013-06-21",42.17,42.39,41.47,42.19,704500,40.91
"2013-06-24",41.94,42.05,41.51,41.78,419500,40.51
"2013-06-25",42.04,42.2,41.56,42.1,361600,40.82
"2013-06-26",42.31,42.64,42.11,42.47,464300,41.18
"2013-06-27",42.56,43.12,42.56,42.65,339600,41.35
"2013-06-28",42.59,43.29,42.34,42.86,583500,41.56
"2013-07-01",43.08,43.25,42.52,42.73,576000,41.43
"2013-07-02",42.71,43.33,42.46,42.74,435700,41.44
"2013-07-03",42.71,42.88,42.27,42.55,145400,41.26
"2013-07-05",42.64,42.67,41.94,42.65,286700,41.35
"2013-07-08",42.74,43.34,42.68,43.09,391500,41.78
"2013-07-09",42.95,44.18,42.95,44.11,466800,42.77
"2013-07-10",44.11,44.24,43.91,44.15,356500,42.81
"2013-07-11",44.58,44.8,44.47,44.71,492300,43.35
"2013-07-12",44.71,44.82,44.35,44.72,343400,43.36
"2013-07-15",44.73,45.62,44.47,45.36,565900,43.98
"2013-07-16",45.46,45.5,45.1,45.35,302100,43.97
"2013-07-17",45.52,45.82,45.11,45.29,339800,43.91
"2013-07-18",45.31,45.84,45.22,45.59,384400,44.2
"2013-07-19",45.62,46.11,45.31,45.76,312800,44.37
"2013-07-22",45.76,45.95,45.53,45.66,262600,44.27
"2013-07-23",45.77,46.09,45.67,45.96,252900,44.56
"2013-07-24",45.9,46.03,45.17,45.33,337500,43.95
"2013-07-25",45.36,45.96,45.33,45.83,355700,44.44
"2013-07-26",45.65,46.16,45.5,46.14,317100,44.74
"2013-07-29",46.06,46.22,45.9,45.96,264400,44.56
"2013-07-30",46.14,46.31,45.92,46.17,479300,44.77
"2013-07-31",46.5,47,45.77,45.79,529500,44.4
"2013-08-01",45.86,46.5,45.75,46.44,377700,45.03
"2013-08-02",46.29,46.44,45.73,45.99,641400,44.59
"2013-08-05",45.82,46.21,45.82,46,458400,44.6
"2013-08-06",45.85,46.19,45.73,45.81,485800,44.42
"2013-08-07",45.7,46.06,45.53,45.74,484600,44.35
"2013-08-08",45.94,46.12,45.56,46.02,1143000,44.62
"2013-08-09",46.02,46.18,45.84,45.91,1182000,44.51
"2013-08-12",45.78,46.26,45.61,46.23,1316100,44.82
"2013-08-13",46.24,46.34,45.92,46.14,399500,44.74
"2013-08-14",45.25,45.79,45.18,45.51,367000,44.58
"2013-08-15",45.27,45.33,44.86,44.92,470100,44
"2013-08-16",44.78,45.02,44.12,44.5,679900,43.59
"2013-08-19",44.58,44.79,44.46,44.66,600100,43.75
"2013-08-20",44.62,45.64,44.55,45.35,733000,44.42
"2013-08-21",45.19,45.23,44.59,44.9,557200,43.98
"2013-08-22",45,45.23,44.76,44.94,254500,44.02
"2013-08-23",45.17,45.41,44.76,45.33,390200,44.4
"2013-08-26",45.33,45.58,45.18,45.26,351000,44.33
"2013-08-27",45.08,45.34,44.73,44.75,603100,43.84
"2013-08-28",44.61,44.89,43.83,43.98,2667400,43.08
"2013-08-29",43.96,44.33,43.89,44.11,766200,43.21
"2013-08-30",44.21,44.39,43.79,43.95,482000,43.05
"2013-09-03",44.3,44.42,43.05,43.31,791000,42.42
"2013-09-04",43.42,43.52,43.18,43.42,982900,42.53
"2013-09-05",43.36,43.45,42.86,43.24,529500,42.36
"2013-09-06",44,44.88,43.46,43.85,786100,42.95
"2013-09-09",43.89,44.13,43.54,44.05,764400,43.15
"2013-09-10",44.2,44.55,43.98,44.55,667200,43.64
"2013-09-11",44.63,44.63,43.79,44.09,667900,43.19
"2013-09-12",44.17,44.42,43.8,43.84,389600,42.94
"2013-09-13",43.97,44.24,43.9,44.03,427000,43.13
"2013-09-16",44.43,44.76,44.18,44.47,650300,43.56
"2013-09-17",44.47,44.84,44.47,44.73,412600,43.82
"2013-09-18",44.68,46.07,44.57,46.07,464800,45.13
"2013-09-19",46.1,46.57,45.99,46.1,518400,45.16
"2013-09-20",46.11,46.21,45.6,45.79,537600,44.85
"2013-09-23",45.53,46.58,45.45,46.37,680000,45.42
"2013-09-24",46.42,46.97,46.29,46.74,666500,45.78
"2013-09-25",46.67,46.84,46.16,46.18,362400,45.24
"2013-09-26",46.25,46.47,45.99,46,497200,45.06
"2013-09-27",45.85,46.24,45.77,45.82,421000,44.88
"2013-09-30",45.64,46.06,45.64,46.03,562700,45.09
"2013-10-01",46.04,46.1,45.66,45.99,572900,45.05
"2013-10-02",45.77,46.04,45.3,45.77,507900,44.83
"2013-10-03",45.66,45.68,44.85,45.03,565200,44.11
"2013-10-04",45.08,45.29,44.92,45.12,319200,44.2
"2013-10-07",44.86,45.17,44.69,44.92,381300,44
"2013-10-08",44.92,45.38,44.62,44.8,577600,43.88
"2013-10-09",44.87,45.53,44.56,44.59,492500,43.68
"2013-10-10",44.86,45.44,44.74,45.25,519000,44.32
"2013-10-11",45.1,45.41,45.05,45.32,382300,44.39
"2013-10-14",45.16,45.39,44.62,45.26,505900,44.33
"2013-10-15",45.2,45.42,44.65,44.71,453700,43.8
"2013-10-16",45,45.22,44.77,45.18,575500,44.26
"2013-10-17",45.13,46.23,45.08,46.18,599200,45.24
"2013-10-18",46.44,46.67,46.31,46.44,566500,45.49
"2013-10-21",46.36,46.6,46.19,46.33,410000,45.38
"2013-10-22",46.49,47.04,46.33,46.95,425800,45.99
"2013-10-23",46.75,47.42,46.75,47.17,474300,46.21
"2013-10-24",47.31,47.47,46.99,47.29,493400,46.32
"2013-10-25",47.41,48,47.24,48,320200,47.02
"2013-10-28",48.01,48.31,47.75,47.93,646500,46.95
"2013-10-29",48,48.05,47.65,47.84,682400,46.86
"2013-10-30",49,49.31,47.81,47.81,1103800,46.83
"2013-10-31",47.82,48.23,47.47,47.86,803300,46.88
"2013-11-01",47.94,48.15,47.4,47.92,631800,46.94
"2013-11-04",48.04,48.05,47.64,47.93,447800,46.95
"2013-11-05",47.88,47.98,47.61,47.64,408800,46.67
"2013-11-06",47.83,48.29,47.66,48.07,495400,47.09
"2013-11-07",48.28,48.29,47.66,47.84,1697500,46.86
"2013-11-08",47.64,47.95,47.06,47.58,1644800,46.61
"2013-11-11",47.7,48.38,47.6,48.25,565400,47.26
"2013-11-12",48.17,48.29,47.42,47.57,1752400,46.6
"2013-11-13",46.97,47.51,46.82,47.49,360400,46.98
"2013-11-14",47.63,47.97,47.42,47.47,421900,46.96
"2013-11-15",47.4,47.58,47.1,47.48,419400,46.97
"2013-11-18",47.48,47.53,47.25,47.41,467400,46.9
"2013-11-19",47.27,47.33,46.99,47.09,383500,46.59
"2013-11-20",47.19,47.52,46.7,46.71,424600,46.21
"2013-11-21",46.9,47.33,46.77,47.05,465900,46.55
"2013-11-22",47.03,47.46,46.99,47.29,342400,46.79
"2013-11-25",47.42,47.65,47.19,47.24,439700,46.74
"2013-11-26",47.18,47.29,46.58,46.89,595700,46.39
"2013-11-27",46.89,47.1,46.44,46.71,363100,46.21
"2013-11-29",46.81,46.96,46.4,46.54,314300,46.04
"2013-12-02",46.06,46.11,45.56,45.92,816400,45.43
"2013-12-03",45.84,46.2,45.71,46.1,644800,45.61
"2013-12-04",45.74,46.12,45.02,45.29,1513300,44.81
"2013-12-05",45.31,45.42,45.01,45.32,960300,44.84
"2013-12-06",45.62,45.85,44.74,45.84,1537700,45.35
"2013-12-09",46,46,45.01,45.51,1424100,45.02
"2013-12-10",45.39,45.89,45.34,45.67,1072600,45.18
"2013-12-11",45.6,45.62,45.12,45.18,547100,44.7
"2013-12-12",45.18,45.61,45.06,45.42,510000,44.94
"2013-12-13",45.44,45.63,45.27,45.59,529200,45.1
"2013-12-16",45.67,46.2,45.57,46.17,706100,45.68
"2013-12-17",46.1,46.35,46,46.27,499700,45.78
"2013-12-18",46.21,46.61,45.72,46.44,951900,45.94
"2013-12-19",46.32,46.37,45.75,46.15,508500,45.66
"2013-12-20",46.21,47.12,46.12,47.08,1021000,46.58
"2013-12-23",47.17,47.34,46.72,46.78,446200,46.28
"2013-12-24",46.77,47.03,46.49,46.95,116700,46.45
"2013-12-26",47.04,47.23,46.81,47.13,397600,46.63
"2013-12-27",47.12,47.35,46.99,47.23,359300,46.73
"2013-12-30",47.19,47.41,46.88,47.12,306400,46.62
"2013-12-31",47.18,47.28,46.95,47.23,296700,46.73
"2014-01-02",47.11,47.15,46.09,46.09,506400,45.6
"2014-01-03",45.17,45.95,45.17,45.69,655700,45.2
"2014-01-06",45.88,45.91,45.49,45.63,714600,45.14
"2014-01-07",45.72,46.35,45.72,46.29,694200,45.8
"2014-01-08",46.28,46.41,45.92,46.14,611000,45.65
"2014-01-09",46.22,46.34,45.97,46.25,365700,45.76
"2014-01-10",46.45,47.39,46.43,47.05,915500,46.55
"2014-01-13",46.85,46.93,46.14,46.32,537300,45.83
"2014-01-14",46.34,46.63,46.1,46.35,380500,45.86
"2014-01-15",46.41,46.55,46.23,46.43,348200,45.93
"2014-01-16",46.44,46.9,46.41,46.84,383500,46.34
"2014-01-17",46.97,47.04,46.77,46.87,362500,46.37
"2014-01-21",46.98,47.77,46.98,47.73,394500,47.22
"2014-01-22",47.63,48.03,47.63,47.76,477900,47.25
"2014-01-23",47.58,47.8,47.34,47.61,408100,47.1
"2014-01-24",47.48,47.71,47.14,47.14,368700,46.64
"2014-01-27",47.11,47.36,47.01,47.1,393900,46.6
"2014-01-28",47.17,47.44,47.06,47.41,454800,46.9
"2014-01-29",47.25,47.8,47.17,47.39,498600,46.88
"2014-01-30",47.52,48.2,47.4,47.79,505900,47.28
"2014-01-31",47.4,48.07,47.39,47.78,758100,47.27
"2014-02-03",47.62,47.95,46.85,46.93,1071500,46.43
"2014-02-04",47,47.06,46.5,47.01,758800,46.51
"2014-02-05",46.96,46.96,45.79,46.4,1220000,45.9
"2014-02-06",46.4,46.68,46.19,46.3,820200,45.81
"2014-02-07",46.58,46.61,45.99,46.01,1021300,45.52
"2014-02-10",45.95,46.23,45.7,45.84,1370400,45.35
"2014-02-11",45.74,46.19,45.74,45.93,1193200,45.44
"2014-02-12",45.44,45.67,45.35,45.47,1005600,45.47
"2014-02-13",45.34,46.2,45.3,46.13,686200,46.13
"2014-02-14",46.13,46.39,46.01,46.35,611700,46.35
"2014-02-18",46.43,46.93,46.35,46.61,785000,46.61
"2014-02-19",46.55,46.78,45.98,46.05,1080000,46.05
"2014-02-20",46.07,46.68,45.9,46.5,627000,46.5
"2014-02-21",46.6,46.98,46.51,46.79,695100,46.79
"2014-02-24",46.88,47.11,46.57,46.59,480000,46.59
"2014-02-25",46.63,46.97,46.31,46.44,611100,46.44
"2014-02-26",46.54,46.76,46.32,46.66,589800,46.66
"2014-02-27",46.57,46.92,46.38,46.71,606600,46.71
"2014-02-28",46.84,47.28,46.76,47.04,627300,47.04
"2014-03-03",46.83,47.2,46.66,46.89,835200,46.89
"2014-03-04",47.31,47.54,47.17,47.38,824100,47.38
"2014-03-05",47.39,47.55,47.14,47.25,644400,47.25
"2014-03-06",47.34,47.36,46.92,47.2,489700,47.2
"2014-03-07",47.1,47.22,46.65,47.04,541000,47.04
"2014-03-10",47.71,47.93,47.39,47.6,616000,47.6
"2014-03-11",47.71,47.74,47.32,47.35,814900,47.35
"2014-03-12",47.3,47.88,47.25,47.86,917000,47.86
"2014-03-13",47.91,48.49,47.73,48.36,910400,48.36
"2014-03-14",48.31,49.06,48.31,48.95,540600,48.95
"2014-03-17",49.05,49.64,48.84,49.52,591700,49.52
