"","GT.Open","GT.High","GT.Low","GT.Close","GT.Volume","GT.Adjusted"
"2007-01-03",21.51,23,21.4,22.8,13407400,22.7
"2007-01-04",22.45,22.77,22.07,22.67,8013000,22.57
"2007-01-05",22.58,23.53,22.29,23.28,8792300,23.17
"2007-01-08",23.02,24.14,23.01,24.04,8345100,23.93
"2007-01-09",23.6,25.03,23.6,24.95,9420300,24.84
"2007-01-10",23.75,25,23.56,24.82,5764300,24.71
"2007-01-11",24.49,24.99,24.31,24.5,5468900,24.39
"2007-01-12",24.3,24.59,24.02,24.51,4392600,24.4
"2007-01-16",24.29,24.65,24.03,24.51,4148000,24.4
"2007-01-17",24.31,24.42,24.08,24.14,4440000,24.03
"2007-01-18",23.83,24.35,23.66,23.91,5635600,23.8
"2007-01-19",24.03,24.5,23.93,24.22,4581500,24.11
"2007-01-22",24.21,24.29,23.85,23.92,3552300,23.81
"2007-01-23",23.92,24.5,23.83,24.26,2817800,24.15
"2007-01-24",24.44,25.15,24.21,25.08,4437400,24.97
"2007-01-25",25.08,25.33,24.37,24.53,5302500,24.42
"2007-01-26",24.53,24.81,24.19,24.7,2107300,24.59
"2007-01-29",24.63,25,24.45,24.51,3148700,24.4
"2007-01-30",24.66,24.83,24.5,24.69,2705700,24.58
"2007-01-31",24.61,24.74,24.28,24.69,2634700,24.58
"2007-02-01",24.69,24.97,24.32,24.55,2938200,24.44
"2007-02-02",24.65,24.95,24.36,24.89,7646400,24.78
"2007-02-05",24.99,25.54,24.9,25.13,3652800,25.02
"2007-02-06",25.19,25.2,24.75,24.99,2872100,24.88
"2007-02-07",24.93,25.38,24.8,25.11,2604100,25
"2007-02-08",24.91,25.79,24.81,25.7,3604800,25.58
"2007-02-09",25.7,25.85,25.05,25.11,3121100,25
"2007-02-12",25.11,25.26,24.58,24.66,8022800,24.55
"2007-02-13",24.41,24.65,23.8,24.63,3603700,24.52
"2007-02-14",24.74,25,24.38,24.85,5218300,24.74
"2007-02-15",25,25.63,25,25.41,6099000,25.29
"2007-02-16",25.12,25.36,24.51,25.18,5083000,25.07
"2007-02-20",25.1,25.45,24.75,25.39,3516500,25.27
"2007-02-21",25.07,25.98,24.92,25.65,8758400,25.53
"2007-02-22",25.41,26.43,25.41,25.86,6279500,25.74
"2007-02-23",25.78,26.25,25.65,26.12,4423700,26
"2007-02-26",26.1,26.35,25.56,25.64,5351600,25.52
"2007-02-27",25.39,25.42,24.01,24.41,7173900,24.3
"2007-02-28",25.29,25.29,24.31,24.62,6681900,24.51
"2007-03-01",24.6,26.71,24.6,26.15,15209200,26.03
"2007-03-02",26.16,27.88,26.03,27.19,11524300,27.07
"2007-03-05",27.01,27.98,26.75,27.27,7132300,27.15
"2007-03-06",27.61,28.49,27.57,28.19,8147500,28.06
"2007-03-07",28.4,28.88,28.3,28.48,5981600,28.35
"2007-03-08",29.11,29.61,28.7,28.86,8685300,28.73
"2007-03-09",29.27,29.27,28.23,28.51,7188400,28.38
"2007-03-12",28.7,29.25,28.56,28.98,4309400,28.85
"2007-03-13",28.99,28.99,28.21,28.25,3927000,28.12
"2007-03-14",28.2,28.22,27.25,27.94,4808500,27.81
"2007-03-15",28.25,28.68,28.1,28.47,2724100,28.34
"2007-03-16",28.76,29,28.06,28.26,3083400,28.13
"2007-03-19",29.1,30,28.68,29.88,5411400,29.74
"2007-03-20",29.52,30.28,29.52,29.96,4490100,29.82
"2007-03-21",29.97,30.2,29.67,30,3725800,29.86
"2007-03-22",29.78,30.61,29.52,30.32,3855500,30.18
"2007-03-23",30.39,30.61,30.18,30.29,2883100,30.15
"2007-03-26",31.25,32.16,31.24,31.76,7328100,31.62
"2007-03-27",31.5,31.69,31.22,31.52,5168400,31.38
"2007-03-28",31.48,31.71,31.25,31.43,3706600,31.29
"2007-03-29",31.56,31.79,30.57,31,3568000,30.86
"2007-03-30",31.1,31.4,30.76,31.19,2908400,31.05
"2007-04-02",31.1,31.75,30.96,31.55,4240000,31.41
"2007-04-03",31.84,32.3,31.75,31.98,3384200,31.83
"2007-04-04",32.08,32.72,32.08,32.66,3008700,32.51
"2007-04-05",32.7,32.95,32.24,32.91,2133700,32.76
"2007-04-09",33.35,33.39,32.5,32.74,2819100,32.59
"2007-04-10",32.7,33.26,32.5,33.11,2864800,32.96
"2007-04-11",33.25,33.48,32.57,33.21,3332600,33.06
"2007-04-12",33.27,33.62,32,33.48,3124500,33.33
"2007-04-13",33.5,33.6,33.06,33.18,1610200,33.03
"2007-04-16",33.35,33.8,33.33,33.75,3146400,33.6
"2007-04-17",33.7,33.9,32.98,33.2,2610800,33.05
"2007-04-18",32.4,32.73,32.01,32.3,5242300,32.15
"2007-04-19",31.34,32.69,31.27,32.39,4213400,32.24
"2007-04-20",32.79,32.8,32.23,32.51,2521200,32.36
"2007-04-23",32.55,33,32.11,32.14,3374000,31.99
"2007-04-24",32.1,32.5,31.75,32.22,2935700,32.07
"2007-04-25",32.45,32.63,32.06,32.44,2624300,32.29
"2007-04-26",32.48,32.6,31.85,32.5,4398500,32.35
"2007-04-27",33.5,35,33.33,34.41,10404400,34.25
"2007-04-30",34.99,35,33.1,33.26,6112100,33.11
"2007-05-01",32.8,32.9,31.72,32.57,5527600,32.42
"2007-05-02",32.7,33.33,32.61,33.3,3396700,33.15
"2007-05-03",33.15,34.04,33.15,33.83,4024800,33.68
"2007-05-04",33.9,33.9,33.13,33.68,2162800,33.53
"2007-05-07",33.58,33.78,33.25,33.53,2259600,33.38
"2007-05-08",33.35,33.46,32.81,33.26,2260800,33.11
"2007-05-09",33,33.68,32.83,33.61,2513400,33.46
"2007-05-10",32.98,33.55,32.65,33.13,4243500,32.98
"2007-05-11",33.09,33.37,32.51,32.96,2751400,32.81
"2007-05-14",32.68,33.23,32.56,33.1,2658600,32.95
"2007-05-15",33.25,33.35,32.58,33.04,2910800,32.89
"2007-05-16",33,33.68,32.65,33.27,4877100,33.12
"2007-05-17",33.66,34.98,33,34.9,17790900,34.74
"2007-05-18",34.99,35.24,34.48,34.98,7549200,34.82
"2007-05-21",34.76,34.97,34.38,34.52,5487300,34.36
"2007-05-22",34.4,34.54,34.08,34.33,3008100,34.17
"2007-05-23",34.37,34.9,34.3,34.59,4856700,34.43
"2007-05-24",34.69,35.1,34.02,34.15,3831000,33.99
"2007-05-25",34.3,34.62,33.96,34.44,3324300,34.28
"2007-05-29",34.44,35.42,34.44,35.26,3516100,35.1
"2007-05-30",34.7,35.2,34.58,35.16,3287700,35
"2007-05-31",35.05,36.09,34.98,35.47,5978600,35.31
"2007-06-01",35.57,36.54,35.45,36.13,3429400,35.97
"2007-06-04",36.14,36.59,35.9,36.25,2244300,36.09
"2007-06-05",36.24,36.59,35.78,36.39,2544000,36.22
"2007-06-06",36.29,36.29,35.47,35.58,3087200,35.42
"2007-06-07",35.67,35.74,34.12,34.49,3663800,34.33
"2007-06-08",34.24,35.15,33.6,35.13,3150200,34.97
"2007-06-11",35.09,35.36,34.43,34.63,1757600,34.47
"2007-06-12",34.56,34.7,34.05,34.12,2403700,33.97
"2007-06-13",34.28,35.25,33.95,35.18,3493900,35.02
"2007-06-14",35.24,35.82,35.17,35.28,2273100,35.12
"2007-06-15",35.6,35.98,35.02,35.32,4064400,35.16
"2007-06-18",35.07,35.32,34.89,34.97,2667700,34.81
"2007-06-19",35,35,34.48,34.54,2363600,34.38
"2007-06-20",34.55,35.28,34.14,34.22,2576200,34.06
"2007-06-21",34.22,34.81,33.86,34.65,2187500,34.49
"2007-06-22",34.55,34.72,33.99,34.67,2631600,34.51
"2007-06-25",34.77,35,33.85,33.98,2296400,33.83
"2007-06-26",34.23,34.39,33.6,33.6,2663100,33.45
"2007-06-27",33.5,33.64,32.84,33.55,3598200,33.4
"2007-06-28",33.46,34.21,33.39,33.83,2195800,33.68
"2007-06-29",34,34.8,33.85,34.76,4179500,34.6
"2007-07-02",34.8,35.97,34.6,35.82,4585100,35.66
"2007-07-03",35.95,36.34,35.76,36.26,1538200,36.1
"2007-07-05",36.1,36.6,35.9,36.42,2156400,36.25
"2007-07-06",36.3,36.85,36.26,36.57,2283700,36.4
"2007-07-09",36.65,36.9,36.43,36.63,2378300,36.46
"2007-07-10",36.47,36.55,35.74,35.74,2083500,35.58
"2007-07-11",35.5,35.83,35.42,35.72,1456000,35.56
"2007-07-12",35.93,36.21,35.52,35.77,2047800,35.61
"2007-07-13",35.78,36.67,35.69,36.03,1947600,35.87
"2007-07-16",35.98,36.28,35.57,35.68,1517100,35.52
"2007-07-17",35.89,35.94,35.12,35.35,2085000,35.19
"2007-07-18",35.5,35.78,34.93,35.15,2459400,34.99
"2007-07-19",35.35,35.76,35.25,35.71,2153100,35.55
"2007-07-20",35.44,35.67,34.01,34.95,7461400,34.79
"2007-07-23",34.93,35.06,34.42,34.49,1946100,34.33
"2007-07-24",34.28,34.35,33.2,33.37,3638000,33.22
"2007-07-25",33.65,33.89,31.63,32.05,6878900,31.9
"2007-07-26",31.1,31.1,27.32,29.18,16448100,29.05
"2007-07-27",29.06,29.23,26.8,27,11025100,26.88
"2007-07-30",27.53,29.15,26.88,29.12,9566500,28.99
"2007-07-31",29.85,30.45,28.7,28.72,7350300,28.59
"2007-08-01",28.35,29.04,26.35,27.5,8668500,27.38
"2007-08-02",27.12,28,27.09,27.46,4778700,27.34
"2007-08-03",26.68,27.55,26,26.43,3838100,26.31
"2007-08-06",26.63,27.24,25.05,25.91,6052200,25.79
"2007-08-07",25.5,27.03,25.16,25.29,7207000,25.18
"2007-08-08",26.06,27.64,25.28,26.94,12547300,26.82
"2007-08-09",26.2,26.9,25.63,26.07,10148300,25.95
"2007-08-10",25.51,27.4,23.83,27.25,9041700,27.13
"2007-08-13",28.45,29.25,27.74,28.95,7272100,28.82
"2007-08-14",28.83,29.3,27.23,27.35,5565300,27.23
"2007-08-15",27.26,27.57,25.89,26,6413000,25.88
"2007-08-16",25.43,25.9,24,25.15,11240100,25.04
"2007-08-17",26.38,28.15,25.3,27.69,9520900,27.56
"2007-08-20",27.81,28.2,26.82,27.78,3324000,27.65
"2007-08-21",27.7,28.96,27.69,28.59,4458000,28.46
"2007-08-22",29.05,29.6,28.79,29.49,3939600,29.36
"2007-08-23",29.58,29.92,28.54,28.83,3060500,28.7
"2007-08-24",28.95,28.95,27.64,28.84,4114500,28.71
"2007-08-27",28.7,28.8,27.95,28.13,1719800,28
"2007-08-28",27.76,27.78,26.7,26.91,3696800,26.79
"2007-08-29",27.05,27.83,27,27.83,2363800,27.7
"2007-08-30",27.42,27.58,26.9,27.31,3010600,27.19
"2007-08-31",27.8,27.99,27.25,27.66,2309600,27.53
"2007-09-04",27.61,27.82,27,27.56,3076600,27.43
"2007-09-05",27.37,27.37,26.78,27.03,3358900,26.91
"2007-09-06",27.05,27.3,26.49,26.95,2504100,26.83
"2007-09-07",26.4,26.51,25.72,25.92,3856400,25.8
"2007-09-10",26.1,26.12,24.31,25.28,6732100,25.17
"2007-09-11",25.25,25.72,25,25.31,3907200,25.2
"2007-09-12",25.24,25.36,24.9,25.12,2997200,25.01
"2007-09-13",25.3,25.68,24.98,25.61,3037500,25.49
"2007-09-14",25.99,26.09,25.3,25.52,2566400,25.4
"2007-09-17",25.39,25.5,25.02,25.05,2083100,24.94
"2007-09-18",25.19,27,25,26.89,4426700,26.77
"2007-09-19",27.34,28.71,27.09,28.2,5916000,28.07
"2007-09-20",28.28,28.69,27.9,28.16,2577900,28.03
"2007-09-21",28.6,29.68,28.16,29.15,5369300,29.02
"2007-09-24",29.26,29.84,28.73,28.83,3221200,28.7
"2007-09-25",28.9,28.99,27.76,28.87,2343500,28.74
"2007-09-26",29.15,31.25,29,30.24,6195100,30.1
"2007-09-27",30.74,31.06,30.34,30.49,4735800,30.35
"2007-09-28",30.41,30.65,29.62,30.41,2922600,30.27
"2007-10-01",30.75,30.87,29.64,30.33,3356600,30.19
"2007-10-02",30.15,30.62,29.85,30.43,2140800,30.29
"2007-10-03",30.01,30.49,29.59,29.78,2556500,29.64
"2007-10-04",29.67,29.99,29.22,29.56,2171200,29.43
"2007-10-05",30,30.29,29.37,30.01,5594600,29.87
"2007-10-08",29.82,30.59,29.8,30.43,2351000,30.29
"2007-10-09",30.71,30.75,29.92,30.43,1988500,30.29
"2007-10-10",30.43,30.64,30.08,30.52,1551900,30.38
"2007-10-11",30.67,31.36,30.5,30.98,8070600,30.84
"2007-10-12",30.88,31.1,30.46,30.76,2916300,30.62
"2007-10-15",30.76,31.06,29.61,29.98,3164400,29.84
"2007-10-16",29.96,30.22,29.33,30,4185100,29.86
"2007-10-17",29.93,30.76,29.5,30.09,4681800,29.95
"2007-10-18",30.6,30.6,29.54,29.86,3130800,29.72
"2007-10-19",29.8,29.81,28.5,28.51,4747500,28.38
"2007-10-22",27.99,28.2,26.81,27.76,5885000,27.63
"2007-10-23",27.69,28.19,27.45,27.95,2411400,27.82
"2007-10-24",27.58,27.77,26.91,27.47,3863800,27.35
"2007-10-25",27.83,27.83,26.58,26.88,3505200,26.76
"2007-10-26",27.08,27.81,26.82,27.48,4221700,27.36
"2007-10-29",27.48,27.76,26.99,27.11,4497400,26.99
"2007-10-30",27.75,29.83,26.99,29.16,9921100,29.03
"2007-10-31",29.21,30.44,29.05,30.15,4903600,30.01
"2007-11-01",30.15,30.15,29.43,29.58,3975400,29.45
"2007-11-02",29.63,30.77,29.4,30.48,6036900,30.34
"2007-11-05",29.59,30.67,29.59,30.47,3374200,30.33
"2007-11-06",30.45,30.79,29.51,30.37,3368500,30.23
"2007-11-07",29.5,29.95,28.26,28.69,7314600,28.56
"2007-11-08",28.98,29.15,27.08,28.27,7460500,28.14
"2007-11-09",27.84,27.84,26.52,27.11,6991300,26.99
"2007-11-12",26.63,27.44,26.63,26.91,3309100,26.79
"2007-11-13",27.08,27.41,26.47,27.15,4438100,27.03
"2007-11-14",27.26,28.24,27.15,27.25,4171600,27.13
"2007-11-15",27.09,27.57,26.57,26.84,3554200,26.72
"2007-11-16",26.52,27.42,26.52,27.23,3492100,27.11
"2007-11-19",27.06,27.12,26.06,26.23,3819400,26.11
"2007-11-20",25.96,26.69,25.41,26.17,3231700,26.05
"2007-11-21",25.7,26.66,25.34,26.08,2730300,25.96
"2007-11-23",26.14,26.67,25.84,26.58,1040900,26.46
"2007-11-26",26.63,27.07,25.68,25.83,2112400,25.71
"2007-11-27",26.02,26.47,25.63,26.34,2727400,26.22
"2007-11-28",26.34,28.21,26.34,28.04,4034200,27.91
"2007-11-29",27.95,28.59,27.31,28.24,2068700,28.11
"2007-11-30",28.64,29.11,28.32,28.75,4620300,28.62
"2007-12-03",28.38,29.39,28.22,28.47,2098200,28.34
"2007-12-04",28.24,28.27,27.48,27.77,2473500,27.64
"2007-12-05",27.68,28.33,27.3,27.79,2933200,27.66
"2007-12-06",27.78,28.07,27.55,28.07,2119600,27.94
"2007-12-07",28.29,28.63,27.74,28.44,2980400,28.31
"2007-12-10",28.58,28.71,28.12,28.56,1415100,28.43
"2007-12-11",28.55,29.13,28,28.15,4080700,28.02
"2007-12-12",28.72,28.8,27.04,27.42,6862600,27.3
"2007-12-13",27.33,27.36,26.68,26.84,3519000,26.72
"2007-12-14",26.69,26.9,26.31,26.46,2479200,26.34
"2007-12-17",26.46,27.02,26.3,26.85,3877800,26.73
"2007-12-18",26.99,27.34,26.02,26.93,3520100,26.81
"2007-12-19",26.43,28.11,26.43,27.77,3101000,27.64
"2007-12-20",27.92,28.49,27.63,28.37,3462700,28.24
"2007-12-21",28.22,28.78,27.9,28.75,5137000,28.62
"2007-12-24",28.47,29.42,27.95,29.34,1061400,29.21
"2007-12-26",28.72,29.8,28.72,29.7,1503300,29.57
"2007-12-27",29.57,29.69,28.5,28.69,2040700,28.56
"2007-12-28",28.45,29.03,28.25,28.51,2057100,28.38
"2007-12-31",28.43,28.62,28.06,28.22,1504800,28.09
"2008-01-02",27.97,28.16,26.3,26.82,5425800,26.7
"2008-01-03",27.04,27.05,24.99,25.16,6630300,25.05
"2008-01-04",24.9,25.38,23.3,24.58,10327600,24.47
"2008-01-07",24.68,25.06,23.91,24.34,4362500,24.23
"2008-01-08",24.58,25.06,23.34,23.61,3869700,23.5
"2008-01-09",23.56,24.24,22.76,24.17,5705100,24.06
"2008-01-10",24.02,25.26,23.62,24.97,4857200,24.86
"2008-01-11",24.7,24.8,24,24.28,3287900,24.17
"2008-01-14",24.43,25.71,24.32,25.47,3210400,25.35
"2008-01-15",25.21,25.42,24.07,24.36,3290700,24.25
"2008-01-16",24.46,24.87,23.53,24.41,3236300,24.3
"2008-01-17",24.34,24.89,23.08,23.49,3988600,23.38
"2008-01-18",23.97,24.5,23.12,24.25,4546800,24.14
"2008-01-22",22.73,24.43,22.27,24.03,3323700,23.92
"2008-01-23",23.29,25.33,22.36,25.14,6195500,25.03
"2008-01-24",25.14,25.9,24.52,25.14,2843300,25.03
"2008-01-25",25.6,25.9,24.61,25.07,2630800,24.96
"2008-01-28",25.12,25.83,24.5,25.78,2462000,25.66
"2008-01-29",26.17,26.17,25.3,25.94,2375100,25.82
"2008-01-30",25.88,26.39,25.16,25.25,3722200,25.14
"2008-01-31",24.9,25.47,24.31,25.2,5448700,25.09
"2008-02-01",24.66,26.36,24.66,26.07,5474600,25.95
"2008-02-04",25.87,26.09,25.21,25.38,2680700,25.26
"2008-02-05",25.27,25.41,24.46,24.47,2617100,24.36
"2008-02-06",24.69,24.72,23.9,23.97,3536400,23.86
"2008-02-07",23.73,24.45,23.63,24.21,2914600,24.1
"2008-02-08",24.13,24.17,23.28,23.69,2739300,23.58
"2008-02-11",23.64,24.68,23.4,24.54,2418600,24.43
"2008-02-12",24.64,25.2,24.37,24.64,2469000,24.53
"2008-02-13",24.77,25.32,24.36,25.32,2856500,25.2
"2008-02-14",27.99,27.99,25.92,27.19,8998800,27.07
"2008-02-15",27.04,27.04,26.04,26.86,4457800,26.74
"2008-02-19",27.05,27.45,26.32,26.6,2988700,26.48
"2008-02-20",26.32,27.01,26.28,26.76,3593800,26.64
"2008-02-21",26.9,27.08,26.4,26.46,2877000,26.34
"2008-02-22",26.5,26.93,26.01,26.93,2755400,26.81
"2008-02-25",26.89,27.78,26.6,27.72,3176500,27.59
"2008-02-26",27.6,28.64,27.47,28.26,4034500,28.13
"2008-02-27",28.17,29.87,27.9,29.31,4463500,29.18
"2008-02-28",29.16,29.22,28.27,28.36,3396100,28.23
"2008-02-29",28.5,28.5,26.87,27.1,2686100,26.98
"2008-03-03",27.12,28.14,27.07,27.9,2482600,27.77
"2008-03-04",27.69,28.06,26.75,27.42,2977400,27.3
"2008-03-05",27.79,28.02,26.72,27.22,2737600,27.1
"2008-03-06",27,27.73,26.27,26.28,2392300,26.16
"2008-03-07",25.74,26.42,25.13,25.61,3616400,25.49
"2008-03-10",25.54,26.21,25.18,25.35,2077700,25.23
"2008-03-11",25.73,26.33,25.62,26.11,3097200,25.99
"2008-03-12",26.36,26.46,25.38,25.5,2508200,25.38
"2008-03-13",25.15,26.1,24.84,25.89,3476000,25.77
"2008-03-14",26.04,26.06,24.8,25.61,2918100,25.49
"2008-03-17",25.03,25.37,23.15,23.85,5342300,23.74
"2008-03-18",24.27,25.33,24.21,25.2,3357300,25.09
"2008-03-19",25.27,25.56,24.41,24.47,2696400,24.36
"2008-03-20",24.63,26.42,24.16,26.26,4832400,26.14
"2008-03-24",26.32,27.53,26.17,26.61,3287800,26.49
"2008-03-25",26.57,26.78,25.75,26.22,2153800,26.1
"2008-03-26",26.04,26.18,25.16,25.45,2813600,25.33
"2008-03-27",25.57,26.23,25.14,25.26,2240500,25.15
"2008-03-28",25.19,25.45,24.63,24.8,2004000,24.69
"2008-03-31",24.74,25.98,24.59,25.8,2895700,25.68
"2008-04-01",26.39,27.03,26.32,26.96,3751200,26.84
"2008-04-02",26.94,27.73,26.85,27.22,2320300,27.1
"2008-04-03",27.17,27.45,26.42,27.24,2875400,27.12
"2008-04-04",27.18,27.26,26.17,26.58,2438100,26.46
"2008-04-07",26.83,27.32,26.51,26.82,1793300,26.7
"2008-04-08",26.58,27.84,26.37,27.2,2091800,27.08
"2008-04-09",26.85,27.03,25.35,25.48,3727200,25.36
"2008-04-10",25.5,26.72,25.33,26.05,2308800,25.93
"2008-04-11",25.68,26.25,25.4,25.5,1982900,25.38
"2008-04-14",25.44,26.14,25.41,25.78,1751200,25.66
"2008-04-15",25.89,26.03,25.59,25.92,1606700,25.8
"2008-04-16",26.1,27.48,25.97,27.11,2788400,26.99
"2008-04-17",26.96,27.23,26.52,26.86,1448500,26.74
"2008-04-18",27.38,27.8,27.15,27.4,3539000,27.28
"2008-04-21",27.14,27.71,26.85,27.69,2086200,27.56
"2008-04-22",27.3,27.32,26.1,26.41,2511300,26.29
"2008-04-23",26.56,26.79,26.15,26.7,1809700,26.58
"2008-04-24",26.57,27.41,26.12,27.25,2450600,27.13
"2008-04-25",28.8,30.1,28.48,28.91,9282800,28.78
"2008-04-28",28.15,28.38,26.9,27.17,6111500,27.05
"2008-04-29",27.08,27.08,25.89,26.11,5574300,25.99
"2008-04-30",26.37,26.98,25.83,26.78,3952200,26.66
"2008-05-01",26.57,27.71,26.39,27.59,5187100,27.46
"2008-05-02",28.19,28.19,26.81,27.18,2658900,27.06
"2008-05-05",27.05,27.34,26.79,27,1533700,26.88
"2008-05-06",27.42,28.82,27.12,28.57,4644700,28.44
"2008-05-07",28.63,29,28.05,28.4,4995900,28.27
"2008-05-08",28.5,28.56,27.72,28.04,2794200,27.91
"2008-05-09",27.37,28.04,27.37,27.88,1458400,27.75
"2008-05-12",27.94,28.23,27.81,28.23,2152900,28.1
"2008-05-13",28.26,28.26,27.84,28,1747700,27.87
"2008-05-14",28.13,28.96,27.93,28.53,3465700,28.4
"2008-05-15",28.54,29.31,28.43,29.22,2782700,29.09
"2008-05-16",29.31,29.5,28.45,28.98,1567800,28.85
"2008-05-19",28.93,29.08,28.27,28.43,2197900,28.3
"2008-05-20",28.29,28.39,27.86,28.12,2231900,27.99
"2008-05-21",28.25,28.34,27.01,27.08,2635700,26.96
"2008-05-22",27,27,26.16,26.61,3551200,26.49
"2008-05-23",26.38,26.5,25.12,25.29,5274300,25.18
"2008-05-27",25.52,25.62,24.71,25.05,3741100,24.94
"2008-05-28",25.12,25.29,24.57,24.85,3092000,24.74
"2008-05-29",24.89,25.25,24.5,25.1,4098100,24.99
"2008-05-30",25.26,25.46,24.84,25.41,3186400,25.29
"2008-06-02",25.36,25.51,24.23,24.52,3703900,24.41
"2008-06-03",24.25,24.25,23.23,23.77,7703400,23.66
"2008-06-04",23.9,25.02,23.77,24.72,5119900,24.61
"2008-06-05",24.97,25.13,24.59,25.02,3095500,24.91
"2008-06-06",24.49,24.65,23,23.11,4767200,23.01
"2008-06-09",23.21,23.79,22.5,22.93,5126800,22.83
"2008-06-10",22.62,22.96,22.25,22.59,3490000,22.49
"2008-06-11",22.51,22.51,21.39,21.5,6260000,21.4
"2008-06-12",21.5,22.51,21.5,21.95,4262500,21.85
"2008-06-13",22.05,23.14,21.71,23.14,4286300,23.03
"2008-06-16",22.83,23.01,22.36,22.44,4107400,22.34
"2008-06-17",22.6,22.87,21.78,21.8,3545700,21.7
"2008-06-18",21.7,21.84,20.72,20.93,6958500,20.83
"2008-06-19",20.96,21.36,20.75,21.3,3066800,21.2
"2008-06-20",21.17,21.18,20.29,20.34,4887700,20.25
"2008-06-23",20.39,20.76,20,20.03,4432900,19.94
"2008-06-24",19.75,20.06,19.06,19.81,5314500,19.72
"2008-06-25",19.85,21,19.85,20.51,4602100,20.42
"2008-06-26",20.24,20.36,17.62,18.24,9209500,18.16
"2008-06-27",18.3,18.41,17.82,18.25,5728500,18.17
"2008-06-30",18.56,18.56,17.53,17.83,5520400,17.75
"2008-07-01",17.53,18.37,17.17,18.03,4812200,17.95
"2008-07-02",18.13,18.21,17.49,17.55,6591900,17.47
"2008-07-03",17.67,18.37,17.43,17.83,3056300,17.75
"2008-07-07",17.83,18.5,17.09,17.52,4024100,17.44
"2008-07-08",17.65,18.55,17.55,18.49,5752100,18.41
"2008-07-09",18.25,18.63,17.54,17.54,4637400,17.46
"2008-07-10",17.47,17.75,16.64,17,4970400,16.92
"2008-07-11",16.77,17.44,16.2,16.98,4788300,16.9
"2008-07-14",17.42,17.45,16.46,16.58,2676900,16.5
"2008-07-15",16.01,17.01,15.56,16.67,4582800,16.59
"2008-07-16",16.73,18.27,16.28,17.99,4717400,17.91
"2008-07-17",18.01,19.3,17.78,19.1,3941900,19.01
"2008-07-18",19.09,19.17,18.25,18.53,3398400,18.45
"2008-07-21",18.53,18.98,18.29,18.53,1969100,18.45
"2008-07-22",18.17,20.09,18.04,20.02,3579600,19.93
"2008-07-23",20.08,20.78,19.73,20.61,3904500,20.52
"2008-07-24",20.66,20.66,19.13,19.28,3183100,19.19
"2008-07-25",19.47,20.12,19.01,19.49,2517800,19.4
"2008-07-28",19.43,19.53,18.72,18.94,2248200,18.85
"2008-07-29",19,19.38,18.63,19.17,4050500,19.08
"2008-07-30",19.44,19.56,18.59,19.56,4580800,19.47
"2008-07-31",19.8,20.72,18.5,19.63,7143500,19.54
"2008-08-01",19.77,19.77,18.67,19.2,3051800,19.11
"2008-08-04",19.36,19.38,18.4,18.78,3132200,18.69
"2008-08-05",18.99,21.28,18.99,21.08,6373000,20.98
"2008-08-06",20.84,21.04,20.08,20.23,6254400,20.14
"2008-08-07",20,20,19.17,19.29,3995600,19.2
"2008-08-08",19.39,21.6,19.29,21.33,5677900,21.23
"2008-08-11",21.23,23.1,21.12,22.42,5616400,22.32
"2008-08-12",22.41,22.6,22.11,22.28,3772800,22.18
"2008-08-13",22,22.13,20.41,20.87,3850200,20.78
"2008-08-14",20.39,21.49,20.25,20.69,4672400,20.6
"2008-08-15",21.05,21.8,20.41,21.41,4359800,21.31
"2008-08-18",21.49,21.52,20.61,20.88,2838100,20.79
"2008-08-19",20.67,20.93,19.87,20.18,2281600,20.09
"2008-08-20",20.33,20.81,19.55,19.93,2651500,19.84
"2008-08-21",19.7,19.74,19.05,19.35,2158000,19.26
"2008-08-22",19.58,20.42,19.42,20.36,3131300,20.27
"2008-08-25",20.35,20.35,19.3,19.67,2610300,19.58
"2008-08-26",19.69,19.76,19.3,19.42,2900100,19.33
"2008-08-27",19.67,19.67,18.87,19.36,2287400,19.27
"2008-08-28",19.54,20.46,19.45,20.04,3046900,19.95
"2008-08-29",19.88,20.03,19.36,19.61,2402400,19.52
"2008-09-02",20.03,21.62,20.03,20.44,3943000,20.35
"2008-09-03",20.49,21.45,20.39,21.19,3917200,21.09
"2008-09-04",21.05,21.28,20.47,20.52,2694500,20.43
"2008-09-05",20.31,20.72,19.66,20.59,2400600,20.5
"2008-09-08",21.32,21.5,20.03,20.41,4354000,20.32
"2008-09-09",19.78,19.96,17.73,18.05,9042500,17.97
"2008-09-10",18.24,18.25,16.66,17.32,10497800,17.24
"2008-09-11",17.01,18.04,16.79,17.8,4815300,17.72
"2008-09-12",17.45,18.55,17.44,18.35,4704500,18.27
"2008-09-15",17.55,18.27,17.42,17.71,3966800,17.63
"2008-09-16",16.92,17.93,16.51,17.9,5242300,17.82
"2008-09-17",17.58,17.79,15.84,16.26,6838900,16.19
"2008-09-18",16.72,16.89,14.71,16.27,8180400,16.2
"2008-09-19",18,18.13,15.84,17.18,9413900,17.1
"2008-09-22",16.86,17.59,15.99,16.03,2987800,15.96
"2008-09-23",16.03,17.1,16.03,16.5,4626700,16.43
"2008-09-24",17.47,17.47,15.82,15.98,3448600,15.91
"2008-09-25",16.2,16.53,15.8,16.34,3254300,16.27
"2008-09-26",15.61,16.57,15.61,16.57,2973900,16.49
"2008-09-29",16.14,16.37,14.16,14.86,6088200,14.79
"2008-09-30",15.25,15.45,14.22,15.31,5390700,15.24
"2008-10-01",15.26,15.26,14.53,15.05,3098800,14.98
"2008-10-02",14.99,15.04,13.15,13.17,4964600,13.11
"2008-10-03",13.56,13.83,12.42,12.55,5276500,12.49
"2008-10-06",12.1,12.17,10.92,12.02,19055500,11.97
"2008-10-07",12.28,13.67,12.15,12.48,6537200,12.42
"2008-10-08",11.01,13.84,11.01,13.72,4711900,13.66
"2008-10-09",13.6,13.85,12.51,12.64,5717400,12.58
"2008-10-10",11.8,12.29,10.22,12.2,9455000,12.14
"2008-10-13",13.39,13.42,11.91,12.75,6607200,12.69
"2008-10-14",13.47,13.58,11.79,12.1,4476800,12.05
"2008-10-15",11.75,12.06,10.25,10.34,4438300,10.29
"2008-10-16",10.51,10.8,9.54,10.68,6597500,10.63
"2008-10-17",10.29,11.8,10,11.7,7754100,11.65
"2008-10-20",11.91,12,11.16,11.61,3664900,11.56
"2008-10-21",11.58,11.59,11.16,11.21,3896200,11.16
"2008-10-22",11.13,11.17,9.39,9.96,4329700,9.91
"2008-10-23",10.05,10.2,8.77,9.41,5463700,9.37
"2008-10-24",8.53,9.35,8.46,8.89,4664800,8.85
"2008-10-27",8.81,8.81,7.82,7.82,5349800,7.78
"2008-10-28",8.08,8.8,7.75,8.6,5557600,8.56
"2008-10-29",8.59,8.96,8.26,8.46,5673300,8.42
"2008-10-30",8.74,8.94,8.11,8.48,6276500,8.44
"2008-10-31",8.49,9.06,8.31,8.92,6570400,8.88
"2008-11-03",10.06,10.67,9.25,9.4,8081300,9.36
"2008-11-04",9.69,10.22,9.42,10.11,5148500,10.06
"2008-11-05",10,10.03,8.75,8.91,3932500,8.87
"2008-11-06",8.81,9,7.13,7.32,7533800,7.29
"2008-11-07",7.55,7.8,6.88,7.14,6970000,7.11
"2008-11-10",7.34,7.54,6.75,6.9,5243400,6.87
"2008-11-11",6.63,6.82,5.53,6.08,9003500,6.05
"2008-11-12",5.94,6,5.25,5.41,8547000,5.39
"2008-11-13",5.61,6.24,5.05,6.21,8268800,6.18
"2008-11-14",5.92,5.98,5.36,5.42,7518100,5.4
"2008-11-17",5.48,5.71,5.34,5.34,5965300,5.32
"2008-11-18",5.3,5.48,5,5.23,4930100,5.21
"2008-11-19",5.23,5.23,4.76,4.83,5586000,4.81
"2008-11-20",4.91,5.05,3.93,4.18,12996200,4.16
"2008-11-21",4.54,5.14,4.25,5.01,10276100,4.99
"2008-11-24",5.3,5.92,5.2,5.75,8456300,5.72
"2008-11-25",6.07,6.31,5.43,5.74,5704700,5.71
"2008-11-26",5.73,6.46,5.35,6.38,5120100,6.35
"2008-11-28",6.37,6.6,6.21,6.43,2116300,6.4
"2008-12-01",6.24,6.39,5.2,5.23,5493600,5.21
"2008-12-02",5.34,5.94,5.27,5.9,5935400,5.87
"2008-12-03",5.64,5.88,5.3,5.69,6231900,5.66
"2008-12-04",5.54,6.13,5.4,5.58,5844100,5.55
"2008-12-05",5.48,6.1,5.27,6.07,4169400,6.04
"2008-12-08",6.48,6.9,6.28,6.38,6715300,6.35
"2008-12-09",6.4,6.6,6.1,6.22,4865700,6.19
"2008-12-10",6.47,6.89,6.33,6.72,4238700,6.69
"2008-12-11",6.85,6.87,6,6.09,3690400,6.06
"2008-12-12",5.56,6.25,5.25,6.14,6640200,6.11
"2008-12-15",6.12,6.31,5.79,5.9,3284900,5.87
"2008-12-16",6.01,6.4,5.97,6.39,4796800,6.36
"2008-12-17",6.23,6.7,6.1,6.65,4596100,6.62
"2008-12-18",6.58,6.65,5.85,5.94,4658800,5.91
"2008-12-19",6.25,6.3,5.88,6.12,5308800,6.09
"2008-12-22",6.11,6.12,5.52,5.79,5475100,5.76
"2008-12-23",6.01,6.01,5.46,5.56,3040600,5.53
"2008-12-24",5.63,5.69,5.46,5.64,826300,5.61
"2008-12-26",5.64,5.8,5.49,5.58,1910300,5.55
"2008-12-29",5.76,5.79,5.29,5.42,3188900,5.4
"2008-12-30",5.56,5.7,5.48,5.6,3234900,5.57
"2008-12-31",5.6,6.09,5.58,5.97,2820100,5.94
"2009-01-02",6.04,6.6,6.04,6.51,4991500,6.48
"2009-01-05",6.59,6.99,6.28,6.97,6334400,6.94
"2009-01-06",7.19,7.59,6.92,7.51,6681500,7.48
"2009-01-07",7.31,8.09,7.2,7.95,10370200,7.91
"2009-01-08",7.71,7.98,7.35,7.91,5762400,7.87
"2009-01-09",7.92,8,7.51,7.63,3628200,7.6
"2009-01-12",7.59,7.73,6.53,6.74,6300400,6.71
"2009-01-13",6.89,6.89,6.01,6.21,6876800,6.18
"2009-01-14",6.05,6.14,5.54,6.06,9415300,6.03
"2009-01-15",6.06,6.38,5.71,6.19,7785100,6.16
"2009-01-16",6.53,7.02,6.1,6.71,8847400,6.68
"2009-01-20",6.65,6.76,5.67,5.73,6531800,5.7
"2009-01-21",6.01,6.09,5.55,6.03,6571500,6
"2009-01-22",5.95,6.26,5.7,6.01,5389500,5.98
"2009-01-23",5.8,6.72,5.76,6.49,5916400,6.46
"2009-01-26",6.53,6.6,5.91,6.13,6385400,6.1
"2009-01-27",6.21,6.39,6.08,6.15,4977900,6.12
"2009-01-28",6.42,6.9,6.24,6.8,7083400,6.77
"2009-01-29",6.68,6.77,6.28,6.33,3797300,6.3
"2009-01-30",6.26,6.45,6.08,6.17,4568600,6.14
"2009-02-02",6.09,6.1,5.86,5.97,4137400,5.94
"2009-02-03",6,6.21,5.63,6.12,5366500,6.09
"2009-02-04",6.16,6.82,5.93,6.4,8377600,6.37
"2009-02-05",6.39,7.02,6.24,6.93,6312000,6.9
"2009-02-06",6.83,7.44,6.83,7.17,6749800,7.14
"2009-02-09",7.15,7.38,6.96,7.24,3784700,7.21
"2009-02-10",7.15,7.29,6.57,6.78,4677300,6.75
"2009-02-11",6.86,7.07,6.67,6.89,3318500,6.86
"2009-02-12",6.75,6.98,6.56,6.95,3146800,6.92
"2009-02-13",6.81,7.09,6.75,6.92,3121500,6.89
"2009-02-17",6.51,6.6,5.94,6.02,7909200,5.99
"2009-02-18",5.85,6.47,5.51,6.38,7180900,6.35
"2009-02-19",6.36,6.74,6.09,6.13,5089600,6.1
"2009-02-20",5.68,6.09,5.5,5.97,7024600,5.94
"2009-02-23",5.61,6.01,5.24,5.24,6210400,5.22
"2009-02-24",5.25,5.61,4.82,5.52,8671500,5.49
"2009-02-25",5.55,5.55,4.94,4.97,7911400,4.95
"2009-02-26",5.06,5.1,4.58,4.81,5388400,4.79
"2009-02-27",4.74,4.79,4.32,4.44,8163300,4.42
"2009-03-02",4.31,4.36,3.94,3.94,8279700,3.92
"2009-03-03",4.1,4.2,3.69,3.74,6162000,3.72
"2009-03-04",4.02,4.05,3.84,3.9,5932800,3.88
"2009-03-05",3.88,3.9,3.49,3.56,5613300,3.54
"2009-03-06",3.61,3.73,3.17,3.51,11037100,3.49
"2009-03-09",3.76,4.03,3.5,3.9,5343700,3.88
"2009-03-10",4.11,4.61,4.11,4.5,7098000,4.48
"2009-03-11",4.57,4.84,4.46,4.81,5046300,4.79
"2009-03-12",4.71,5.15,4.61,5.12,3817800,5.1
"2009-03-13",5.25,5.57,4.95,5.24,5602800,5.22
"2009-03-16",5.4,5.59,5.17,5.2,3400400,5.18
"2009-03-17",5.18,5.51,5.02,5.51,2620900,5.48
"2009-03-18",5.46,6.13,5.22,6.09,4921600,6.06
"2009-03-19",6.14,6.48,6.02,6.17,5216500,6.14
"2009-03-20",6.36,6.49,5.58,5.84,4890300,5.81
"2009-03-23",6.07,6.61,5.95,6.61,4061000,6.58
"2009-03-24",6.49,6.74,6.34,6.55,2929100,6.52
"2009-03-25",6.63,7.02,6.24,6.55,4387500,6.52
"2009-03-26",6.83,7.14,6.64,7.07,6282500,7.04
"2009-03-27",6.92,7.01,6.7,6.85,3514500,6.82
"2009-03-30",6.46,6.59,5.9,6.19,6404800,6.16
"2009-03-31",6.45,6.45,5.92,6.26,5048300,6.23
"2009-04-01",6.14,6.54,6,6.49,4849400,6.46
"2009-04-02",6.74,7.54,6.74,7.06,7558400,7.03
"2009-04-03",7.06,7.4,6.93,7.4,4837300,7.37
"2009-04-06",7.2,7.63,7.12,7.57,4010600,7.54
"2009-04-07",7.35,7.42,6.95,7.02,3497400,6.99
"2009-04-08",7.65,7.99,7.45,7.69,5808500,7.66
"2009-04-09",7.99,8.66,7.85,8.5,8961400,8.46
"2009-04-13",8.4,8.92,8.1,8.79,5141900,8.75
"2009-04-14",8.65,9.16,8.41,8.61,4582600,8.57
"2009-04-15",8.54,9.08,8.54,8.96,5446500,8.92
"2009-04-16",9.03,9.78,8.93,9.68,7148800,9.64
"2009-04-17",9.73,10.3,9.73,10.21,10167600,10.16
"2009-04-20",9.81,9.98,8.8,9.04,8534500,9
"2009-04-21",8.82,9.67,8.75,9.48,6539700,9.44
"2009-04-22",9.35,10.3,9.25,9.92,7427800,9.87
"2009-04-23",9.94,10.15,9.61,9.87,6438900,9.83
"2009-04-24",9.99,11.18,9.98,10.87,10100300,10.82
"2009-04-27",10.75,11,10.07,10.42,5911700,10.37
"2009-04-28",10.15,10.8,9.63,10.47,7560500,10.42
"2009-04-29",10.09,12,10.06,11.59,11338800,11.54
"2009-04-30",11.83,11.94,10.88,10.99,12483400,10.94
"2009-05-01",11.02,11.41,10.97,11.41,5875500,11.36
"2009-05-04",11.39,12.63,11.39,12.63,9455600,12.57
"2009-05-05",12.55,12.87,11.75,12.26,6711400,12.2
"2009-05-06",12.46,14.11,12.46,13.51,15150300,13.45
"2009-05-07",13.99,14.26,12.02,12.16,9828500,12.1
"2009-05-08",12.52,13.41,12.36,13.3,6226500,13.24
"2009-05-11",12.97,13,12.36,12.42,5062500,12.36
"2009-05-12",12.61,12.8,11.64,12.09,5410400,12.04
"2009-05-13",11.64,11.88,10.34,10.73,8653300,10.68
"2009-05-14",10.65,11.95,10.59,11.43,6786600,11.38
"2009-05-15",11.44,11.93,11.02,11.24,4779700,11.19
"2009-05-18",11.35,11.9,11.35,11.88,4241600,11.83
"2009-05-19",11.93,12.55,11.7,12.3,5293700,12.24
"2009-05-20",12.23,12.87,11.72,11.8,6136800,11.75
"2009-05-21",11.57,11.73,10.95,11.42,4293900,11.37
"2009-05-22",11.48,11.77,11.11,11.45,2744500,11.4
"2009-05-26",11.42,12.29,11.17,12.28,3998000,12.22
"2009-05-27",12.24,12.3,10.86,11.06,7923800,11.01
"2009-05-28",11.27,11.64,10.91,11.34,5149400,11.29
"2009-05-29",11.41,11.58,11.2,11.45,3620300,11.4
"2009-06-01",11.65,12.59,11.6,12.28,4106000,12.22
"2009-06-02",11.96,12.33,11.5,12.08,5358700,12.03
"2009-06-03",11.87,11.9,11.36,11.81,4369800,11.76
"2009-06-04",11.61,12.35,11.61,12.21,3730300,12.15
"2009-06-05",12.39,13.33,12.39,12.94,8412700,12.88
"2009-06-08",12.85,12.85,12.26,12.71,4716400,12.65
"2009-06-09",12.76,13.63,12.42,13.5,6651900,13.44
"2009-06-10",13.71,13.87,12.71,13.05,5702000,12.99
"2009-06-11",13.05,13.45,12.99,13.08,4951200,13.02
"2009-06-12",12.97,13.05,12.17,12.41,5454300,12.35
"2009-06-15",12.14,12.26,11.7,11.87,5511900,11.82
"2009-06-16",11.97,12.21,11.5,11.87,5936700,11.82
"2009-06-17",11.71,12.13,11.3,11.85,5386400,11.8
"2009-06-18",11.85,12.25,11.5,12.08,5609400,12.03
"2009-06-19",12.28,12.57,12.16,12.23,4704700,12.17
"2009-06-22",12.06,12.17,11.24,11.31,5187400,11.26
"2009-06-23",11.35,11.43,10.59,11.08,6734400,11.03
"2009-06-24",11.23,11.88,11.12,11.26,5433100,11.21
"2009-06-25",11.12,11.51,11,11.26,6061000,11.21
"2009-06-26",11.24,11.65,11.08,11.22,5243500,11.17
"2009-06-29",11.32,11.55,11,11.4,2984800,11.35
"2009-06-30",11.42,11.65,10.95,11.26,5100700,11.21
"2009-07-01",11.37,11.68,11.28,11.46,3764800,11.41
"2009-07-02",11.25,11.7,11.04,11.47,8849200,11.42
"2009-07-06",11.29,11.44,10.85,11.13,5287100,11.08
"2009-07-07",11.12,11.25,10.76,10.8,3281200,10.75
"2009-07-08",10.83,10.87,9.98,10.55,8117500,10.5
"2009-07-09",10.66,10.9,10.53,10.71,4216500,10.66
"2009-07-10",10.6,11.03,10.48,10.98,3868700,10.93
"2009-07-13",10.99,11.31,10.6,11.28,4577800,11.23
"2009-07-14",11.33,11.71,11.06,11.71,3480300,11.66
"2009-07-15",11.81,12.53,11.77,12.49,6691300,12.43
"2009-07-16",12.15,12.67,12.15,12.61,4505300,12.55
"2009-07-17",12.4,12.98,12.29,12.92,5056700,12.86
"2009-07-20",12.99,13.57,12.99,13.49,6157700,13.43
"2009-07-21",13.56,13.83,13.16,13.53,5373800,13.47
"2009-07-22",13.42,13.66,12.79,13.63,6713800,13.57
"2009-07-23",13.56,14.45,13.55,14.34,6480200,14.27
"2009-07-24",14.14,14.63,14,14.47,4901900,14.4
"2009-07-27",14.46,14.54,14.22,14.33,5122500,14.26
"2009-07-28",14.13,14.42,13.86,14.38,5279900,14.31
"2009-07-29",14.23,14.23,13.34,13.89,8347000,13.83
"2009-07-30",14.25,16.07,14.25,15.86,12596800,15.79
"2009-07-31",15.84,17.34,15.84,17.02,14077400,16.94
"2009-08-03",17.44,18.22,17.35,17.94,6899300,17.86
"2009-08-04",17.77,18.84,17.4,18.12,7473800,18.04
"2009-08-05",18.31,18.53,17.52,17.98,5953200,17.9
"2009-08-06",18.46,18.75,17.44,17.54,7033900,17.46
"2009-08-07",17.5,18.56,17.5,18.11,6213500,18.03
"2009-08-10",18.05,18.27,17.54,17.89,5032700,17.81
"2009-08-11",17.9,17.99,17.45,17.69,3968400,17.61
"2009-08-12",17.72,18.41,17.69,18.1,3882000,18.02
"2009-08-13",18.41,18.44,17.9,18.32,2905700,18.24
"2009-08-14",18.36,18.45,17.5,17.8,2653400,17.72
"2009-08-17",17.34,17.69,17.02,17.1,4568200,17.02
"2009-08-18",17.23,17.99,17.12,17.93,3618300,17.85
"2009-08-19",17.67,18.06,17.32,17.86,2953800,17.78
"2009-08-20",17.8,18.3,17.69,18.26,3457800,18.18
"2009-08-21",18.45,18.78,17.77,17.97,6295400,17.89
"2009-08-24",17.99,18.4,16.84,17.03,6689300,16.95
"2009-08-25",17.18,17.98,17.18,17.41,4770300,17.33
"2009-08-26",17.41,17.47,16.69,17,4297900,16.92
"2009-08-27",16.98,17.12,16.35,17,4885900,16.92
"2009-08-28",17.23,17.23,16,16.2,6624600,16.13
"2009-08-31",16.09,16.5,15.9,16.49,4249000,16.42
"2009-09-01",16.34,16.75,15.7,15.84,6169600,15.77
"2009-09-02",15.79,16.08,15.52,15.63,3837000,15.56
"2009-09-03",15.78,16.01,15.68,15.98,3191200,15.91
"2009-09-04",16.02,16.39,15.68,16.35,2967800,16.28
"2009-09-08",16.56,16.85,16.47,16.69,3428200,16.61
"2009-09-09",16.76,17.2,16.4,16.88,3533200,16.8
"2009-09-10",16.97,17.5,16.58,17.3,5349800,17.22
"2009-09-11",17.37,17.75,17.17,17.27,4706000,17.19
"2009-09-14",18.05,18.79,17.71,17.78,10326300,17.7
"2009-09-15",18.04,18.04,17.19,17.23,6105700,17.15
"2009-09-16",17.25,17.31,16.77,17.04,4954900,16.96
"2009-09-17",17,17.55,16.34,17,7438000,16.92
"2009-09-18",17.04,17.26,16.57,17.08,3604500,17
"2009-09-21",16.81,16.95,16.34,16.45,2701200,16.38
"2009-09-22",16.57,17.18,16.57,17.17,4302500,17.09
"2009-09-23",17.48,17.48,16.86,16.86,3969900,16.78
"2009-09-24",17.03,17.13,16.06,16.48,5599000,16.41
"2009-09-25",16.45,16.6,15.93,16.02,3685700,15.95
"2009-09-28",16.16,16.66,16.02,16.53,2022200,16.45
"2009-09-29",16.56,17.25,16.52,17.09,4634600,17.01
"2009-09-30",17.31,17.35,16.69,17.03,5892300,16.95
"2009-10-01",16.95,16.95,16.17,16.22,4687600,16.15
"2009-10-02",15.96,15.96,15.17,15.35,7758800,15.28
"2009-10-05",15.48,16.07,15.47,15.93,4399700,15.86
"2009-10-06",16.11,16.46,16.07,16.34,3391100,16.27
"2009-10-07",16.32,16.6,16.12,16.35,2744500,16.28
"2009-10-08",16.55,17.35,16.55,17.08,6964200,17
"2009-10-09",17.11,17.26,16.9,17.23,2754800,17.15
"2009-10-12",17.4,17.49,16.99,17.2,3102000,17.12
"2009-10-13",17.18,17.29,16.74,17.12,2741900,17.04
"2009-10-14",17.53,17.65,17.18,17.52,5122700,17.44
"2009-10-15",17.4,17.87,17.22,17.81,4032700,17.73
"2009-10-16",17.92,18.1,17.16,17.46,3985300,17.38
"2009-10-19",17.48,18,17.46,17.62,3520800,17.54
"2009-10-20",17.64,17.74,17.21,17.36,2031700,17.28
"2009-10-21",17.32,17.85,17.26,17.35,2976900,17.27
"2009-10-22",17.42,17.97,16.83,17.73,4288100,17.65
"2009-10-23",17.79,17.97,17.47,17.75,3464900,17.67
"2009-10-26",17.7,18.23,17.05,17.23,3794700,17.15
"2009-10-27",17.24,17.37,16.67,16.74,5533800,16.66
"2009-10-28",16.22,16.48,12,13.46,43620800,13.4
"2009-10-29",13.53,13.56,11.87,13,31356000,12.94
"2009-10-30",13.44,13.56,12.52,12.88,15654700,12.82
"2009-11-02",13.15,13.34,12.6,12.86,6877000,12.8
"2009-11-03",12.75,13.52,12.6,13.36,7675400,13.3
"2009-11-04",13.54,13.54,12.48,12.54,8122800,12.48
"2009-11-05",12.81,13.1,12.7,13.07,5451600,13.01
"2009-11-06",12.85,13.25,12.63,13.13,4352000,13.07
"2009-11-09",13.21,13.6,13.08,13.59,5198400,13.53
"2009-11-10",13.54,13.78,13.26,13.67,4602300,13.61
"2009-11-11",13.79,13.85,13.44,13.53,4018000,13.47
"2009-11-12",13.54,14.15,13.54,13.74,5094800,13.68
"2009-11-13",14.41,14.92,14.12,14.34,10621200,14.27
"2009-11-16",14.59,14.75,14.38,14.57,4863500,14.5
"2009-11-17",14.52,14.7,14.35,14.59,3679900,14.52
"2009-11-18",14.59,14.72,14.43,14.69,2876600,14.62
"2009-11-19",14.54,14.54,14.1,14.45,3923200,14.38
"2009-11-20",14.33,14.48,13.81,14.11,3991700,14.05
"2009-11-23",14.47,14.5,13.82,13.94,3268000,13.88
"2009-11-24",13.93,14.04,13.55,13.75,3497800,13.69
"2009-11-25",13.77,14.07,13.75,14,2129500,13.94
"2009-11-27",13.19,13.81,13.19,13.69,1293800,13.63
"2009-11-30",13.7,13.89,13.54,13.71,2339700,13.65
"2009-12-01",13.92,14.31,13.87,14.11,3141200,14.05
"2009-12-02",14.16,14.55,13.99,14.05,3163100,13.99
"2009-12-03",14.11,14.26,13.64,13.66,3361900,13.6
"2009-12-04",14.35,14.62,13.88,14.56,8071900,14.49
"2009-12-07",14.46,14.85,14.36,14.51,3513500,14.44
"2009-12-08",14.46,14.6,14.22,14.42,2205600,14.35
"2009-12-09",14.38,14.42,13.98,14.13,2944100,14.07
"2009-12-10",14.33,14.74,14.1,14.72,3525500,14.65
"2009-12-11",14.75,14.92,14.59,14.89,1690100,14.82
"2009-12-14",14.94,15.03,14.65,14.91,1803800,14.84
"2009-12-15",14.82,14.88,14.66,14.71,1968900,14.64
"2009-12-16",14.78,14.9,14.49,14.54,2830600,14.47
"2009-12-17",14.4,14.53,14.07,14.07,3119700,14.01
"2009-12-18",14.19,14.39,14.03,14.34,3274400,14.27
"2009-12-21",14.38,14.65,14.37,14.45,2138600,14.38
"2009-12-22",14.52,14.56,14.25,14.44,1775900,14.37
"2009-12-23",14.46,14.54,14.1,14.29,2593000,14.23
"2009-12-24",14.35,14.6,14.25,14.58,871900,14.51
"2009-12-28",14.61,14.76,14.27,14.38,1410700,14.31
"2009-12-29",14.38,14.57,14.1,14.14,2409000,14.08
"2009-12-30",14.08,14.46,14.08,14.43,2185900,14.36
"2009-12-31",14.37,14.47,14.08,14.1,2933600,14.04
"2010-01-04",14.32,14.87,14.25,14.79,3905600,14.72
"2010-01-05",14.77,15.88,14.77,15.75,6883000,15.68
"2010-01-06",15.76,15.97,15.6,15.83,3111400,15.76
"2010-01-07",15.81,15.9,15.45,15.61,2950500,15.54
"2010-01-08",15.57,16.18,15.45,15.94,3449000,15.87
"2010-01-11",16.11,16.39,15.89,15.93,3391400,15.86
"2010-01-12",15.78,15.78,15.12,15.49,2887400,15.42
"2010-01-13",15.49,15.52,14.59,14.82,5061900,14.75
"2010-01-14",14.88,15.21,14.62,15.19,2812500,15.12
"2010-01-15",15.19,15.32,14.78,15.02,3755900,14.95
"2010-01-19",14.91,15.04,14.7,14.76,3330600,14.69
"2010-01-20",14.59,14.65,14.3,14.37,2804900,14.3
"2010-01-21",14.35,14.38,13.69,13.75,7301300,13.69
"2010-01-22",13.78,13.92,13.15,13.24,3920100,13.18
"2010-01-25",13.51,13.63,13.19,13.22,2430400,13.16
"2010-01-26",13.17,13.56,13.02,13.4,3795800,13.34
"2010-01-27",13.48,14.35,13.35,14.12,7413100,14.06
"2010-01-28",14.32,14.37,13.21,13.35,4296800,13.29
"2010-01-29",13.62,13.9,13.17,13.34,3955200,13.28
"2010-02-01",13.48,13.65,13.3,13.57,2698600,13.51
"2010-02-02",13.62,14.08,13.59,13.93,2592900,13.87
"2010-02-03",13.85,13.96,13.65,13.74,2396200,13.68
"2010-02-04",13.52,13.52,12.88,12.9,3560900,12.84
"2010-02-05",12.87,12.96,12.06,12.64,4587400,12.58
"2010-02-08",12.6,12.86,12.32,12.5,2701500,12.44
"2010-02-09",12.79,13,12.66,12.88,2963300,12.82
"2010-02-10",12.86,13.08,12.66,12.84,2409500,12.78
"2010-02-11",12.79,13.29,12.71,13.25,3548400,13.19
"2010-02-12",13,13.33,12.87,13.28,2562000,13.22
"2010-02-16",13.43,13.5,13.19,13.41,3063900,13.35
"2010-02-17",13.35,13.99,13.35,13.9,4430500,13.84
"2010-02-18",14.36,14.79,14.05,14.3,7640400,14.24
"2010-02-19",14.18,14.23,13.3,13.46,9206100,13.4
"2010-02-22",13.53,13.57,13.1,13.15,5198100,13.09
"2010-02-23",13.06,13.22,12.73,12.74,5942200,12.68
"2010-02-24",12.84,13.08,12.72,13.07,5817900,13.01
"2010-02-25",12.78,12.83,12.57,12.74,7262800,12.68
"2010-02-26",12.81,13.09,12.75,12.99,6597000,12.93
"2010-03-01",13.06,13.49,13.06,13.29,4401900,13.23
"2010-03-02",13.46,13.56,13.24,13.32,4780900,13.26
"2010-03-03",13.37,13.48,13.23,13.31,2854100,13.25
"2010-03-04",13.27,13.35,13.13,13.33,3652900,13.27
"2010-03-05",13.5,13.75,13.24,13.7,5240900,13.64
"2010-03-08",13.79,13.79,13.52,13.68,2080400,13.62
"2010-03-09",13.61,13.77,13.5,13.64,2472000,13.58
"2010-03-10",13.68,13.74,13.38,13.6,3635100,13.54
"2010-03-11",13.56,13.75,13.4,13.65,3017600,13.59
"2010-03-12",13.9,14.01,13.69,13.82,3214300,13.76
"2010-03-15",13.8,13.89,13.52,13.74,2144000,13.68
"2010-03-16",13.67,13.77,13.52,13.55,3198400,13.49
"2010-03-17",13.56,13.68,13.45,13.53,3923500,13.47
"2010-03-18",13.56,13.58,13.24,13.35,3577100,13.29
"2010-03-19",13.4,13.41,12.85,13.01,5915400,12.95
"2010-03-22",12.88,13,12.75,12.93,5883300,12.87
"2010-03-23",12.98,13.46,12.89,13.33,5856700,13.27
"2010-03-24",13.21,13.4,13.15,13.28,2729100,13.22
"2010-03-25",13.46,13.54,13.14,13.19,3326300,13.13
"2010-03-26",13.29,13.36,12.85,13.03,4440400,12.97
"2010-03-29",13.14,13.27,12.98,13.15,3875500,13.09
"2010-03-30",13.14,13.22,12.89,12.94,3926700,12.88
"2010-03-31",12.79,12.9,12.6,12.64,4564500,12.58
"2010-04-01",12.78,13.07,12.77,12.88,3122400,12.82
"2010-04-05",13.06,13.13,12.94,13.03,3051100,12.97
"2010-04-06",12.91,13.06,12.85,12.97,2926200,12.91
"2010-04-07",13.01,13.01,12.78,12.79,4102800,12.73
"2010-04-08",12.81,13.03,12.7,12.97,5171100,12.91
"2010-04-09",13.05,13.06,12.87,12.87,5018600,12.81
"2010-04-12",12.88,13.02,12.87,12.96,3900300,12.9
"2010-04-13",13,14.06,12.9,13.95,10746200,13.89
"2010-04-14",14.04,14.36,13.52,14.24,8453100,14.18
"2010-04-15",14.21,14.78,14.11,14.65,6660200,14.58
"2010-04-16",14.63,14.81,14.04,14.27,5393800,14.21
"2010-04-19",14.15,14.44,13.78,14.11,4570600,14.05
"2010-04-20",14.24,14.42,14.19,14.31,4394400,14.25
"2010-04-21",14.4,14.66,14.26,14.57,6084500,14.5
"2010-04-22",14.35,14.52,14.05,14.49,4088300,14.42
"2010-04-23",14.48,15.06,14.41,14.58,7235900,14.51
"2010-04-26",14.65,14.87,14.39,14.47,5337100,14.4
"2010-04-27",14.41,14.54,13.87,14.05,7606600,13.99
"2010-04-28",14.72,15.27,13.76,13.82,11435800,13.76
"2010-04-29",14.01,14.5,13.72,14.31,8092000,14.25
"2010-04-30",14.34,14.52,13.4,13.43,9136000,13.37
"2010-05-03",13.57,14.06,13.52,13.95,4231200,13.89
"2010-05-04",13.73,13.75,13.37,13.48,5291700,13.42
"2010-05-05",13.22,13.73,12.88,13.21,8474300,13.15
"2010-05-06",13.13,13.75,11.62,12.78,10494000,12.72
"2010-05-07",12.67,12.86,11.85,12.11,10527100,12.05
"2010-05-10",12.97,13.04,12.6,12.83,4919400,12.77
"2010-05-11",12.61,13.03,12.51,12.7,3286600,12.64
"2010-05-12",12.76,13.21,12.76,13.15,3905800,13.09
"2010-05-13",13.11,13.61,13.09,13.37,6580300,13.31
"2010-05-14",13.2,13.25,12.92,13.05,6834000,12.99
"2010-05-17",13.09,13.34,12.55,12.95,5696900,12.89
"2010-05-18",13.15,13.22,12.27,12.39,8734400,12.33
"2010-05-19",12.26,12.26,11.44,11.97,8981400,11.92
"2010-05-20",11.38,11.7,11.21,11.21,9691200,11.16
"2010-05-21",10.96,11.64,10.85,11.33,7652800,11.28
"2010-05-24",11.3,11.42,11.09,11.11,3706700,11.06
"2010-05-25",10.79,11.27,10.59,11.25,6974800,11.2
"2010-05-26",11.42,11.7,11.33,11.48,5607600,11.43
"2010-05-27",11.89,12.19,11.78,12.18,3901700,12.12
"2010-05-28",12.17,12.33,11.73,11.9,3684800,11.85
"2010-06-01",11.69,11.9,11.4,11.4,3866200,11.35
"2010-06-02",11.5,11.84,11.4,11.84,2872700,11.79
"2010-06-03",11.94,12.25,11.83,12.06,2979300,12.01
"2010-06-04",11.84,12.05,11.41,11.49,5771300,11.44
"2010-06-07",11.52,11.68,10.97,11.04,3471700,10.99
"2010-06-08",11.1,11.25,10.74,10.92,5197700,10.87
"2010-06-09",10.98,11.28,10.73,10.77,4020400,10.72
"2010-06-10",11.06,11.31,10.93,11.27,2805400,11.22
"2010-06-11",11.06,11.61,11.05,11.59,2850900,11.54
"2010-06-14",11.77,12.15,11.58,11.81,3752900,11.76
"2010-06-15",11.98,12.36,11.89,12.36,2620900,12.3
"2010-06-16",12.21,12.29,11.92,12.03,2753800,11.98
"2010-06-17",12.12,12.12,11.7,11.94,2452200,11.89
"2010-06-18",12,12.23,11.92,11.99,2165300,11.94
"2010-06-21",12.23,12.62,12.22,12.29,3325800,12.23
"2010-06-22",12.29,12.58,11.98,12.07,3122300,12.02
"2010-06-23",12.12,12.15,11.73,11.97,2451200,11.92
"2010-06-24",11.83,11.88,11.56,11.61,2205900,11.56
"2010-06-25",11.62,11.66,11.24,11.4,5552200,11.35
"2010-06-28",11.43,11.52,11.18,11.22,4320200,11.17
"2010-06-29",11,11.04,10.14,10.22,6664600,10.17
"2010-06-30",10.25,10.48,9.89,9.94,5992800,9.89
"2010-07-01",10.02,10.23,9.65,10.12,6396200,10.07
"2010-07-02",10.25,10.32,9.88,10.01,2850500,9.96
"2010-07-06",10.18,10.39,9.81,9.9,4216000,9.86
"2010-07-07",9.96,10.4,9.95,10.38,3317300,10.33
"2010-07-08",10.52,10.75,10.44,10.74,3579900,10.69
"2010-07-09",10.76,10.94,10.69,10.89,2878600,10.84
"2010-07-12",10.86,11.09,10.77,10.88,2183500,10.83
"2010-07-13",11.05,11.51,11.05,11.45,3998300,11.4
"2010-07-14",11.41,11.55,11.31,11.49,2744700,11.44
"2010-07-15",11.53,11.71,11.23,11.66,2550200,11.61
"2010-07-16",11.52,11.63,10.88,10.94,4293800,10.89
"2010-07-19",10.96,11.18,10.81,11.07,2500200,11.02
"2010-07-20",10.82,11.37,10.75,11.32,3036600,11.27
"2010-07-21",11.51,11.87,11.32,11.73,6551900,11.68
"2010-07-22",11.92,12.27,11.86,12.23,4062700,12.17
"2010-07-23",12.24,12.25,11.98,12.22,4699700,12.16
"2010-07-26",12.15,12.51,12.11,12.37,4539800,12.31
"2010-07-27",12.38,12.56,12.14,12.19,8614000,12.13
"2010-07-28",12.12,12.26,11.62,11.95,8367100,11.9
"2010-07-29",12.31,12.66,10.62,11.27,13588200,11.22
"2010-07-30",11.19,11.19,10.53,10.67,11159600,10.62
"2010-08-02",10.85,11.5,10.85,11.45,9382600,11.4
"2010-08-03",11.48,11.51,11.15,11.4,6658700,11.35
"2010-08-04",11.39,11.54,11.24,11.48,3913600,11.43
"2010-08-05",11.41,11.53,11.22,11.45,3171200,11.4
"2010-08-06",11.2,11.27,10.86,11.15,5347700,11.1
"2010-08-09",11.25,11.29,11.09,11.1,2851700,11.05
"2010-08-10",10.91,11,10.72,10.89,3156000,10.84
"2010-08-11",10.61,10.65,10.41,10.44,3209200,10.39
"2010-08-12",10.3,10.3,9.98,10.05,5764800,10
"2010-08-13",10.15,10.63,9.95,9.98,6811400,9.93
"2010-08-16",10,10.16,9.83,9.91,4302000,9.86
"2010-08-17",10.09,10.45,9.99,10.3,4080000,10.25
"2010-08-18",10.32,10.61,10.25,10.55,4575800,10.5
"2010-08-19",10.49,10.54,9.95,9.99,3929400,9.94
"2010-08-20",9.92,10.04,9.8,9.85,3847000,9.81
"2010-08-23",9.97,9.97,9.64,9.64,3512300,9.6
"2010-08-24",9.44,9.59,9.25,9.37,6048200,9.33
"2010-08-25",9.37,9.73,9.1,9.67,5508100,9.63
"2010-08-26",9.69,10.07,9.58,9.61,6698600,9.57
"2010-08-27",9.75,9.86,9.4,9.69,5362500,9.65
"2010-08-30",9.68,9.7,9.3,9.33,3727500,9.29
"2010-08-31",9.28,9.52,9.13,9.24,4688400,9.2
"2010-09-01",9.48,9.71,9.37,9.53,4263300,9.49
"2010-09-02",9.62,10.26,9.55,10.13,6468400,10.08
"2010-09-03",10.27,10.5,10.2,10.3,4536100,10.25
"2010-09-07",10.29,10.29,9.66,9.68,5529600,9.64
"2010-09-08",9.77,9.96,9.71,9.94,3277400,9.89
"2010-09-09",10.09,10.26,9.96,10.11,3045300,10.06
"2010-09-10",10.11,10.44,10.1,10.35,4278000,10.3
"2010-09-13",10.42,10.72,10.41,10.72,3648800,10.67
"2010-09-14",10.64,10.77,10.5,10.71,3830000,10.66
"2010-09-15",10.62,10.83,10.48,10.81,2644500,10.76
"2010-09-16",10.77,10.83,10.64,10.79,1534300,10.74
"2010-09-17",10.87,11.16,10.77,11.16,4270300,11.11
"2010-09-20",11.23,11.33,10.99,11.28,4936200,11.23
"2010-09-21",11.27,11.38,11.01,11.08,4745400,11.03
"2010-09-22",10.98,11.05,10.63,10.65,4682100,10.6
"2010-09-23",10.53,10.82,10.34,10.36,3308200,10.31
"2010-09-24",10.59,10.84,10.56,10.82,3341200,10.77
"2010-09-27",10.89,10.98,10.72,10.85,2257800,10.8
"2010-09-28",10.86,10.86,10.51,10.83,3698800,10.78
"2010-09-29",10.77,10.96,10.71,10.78,2706300,10.73
"2010-09-30",10.87,10.91,10.62,10.75,3062600,10.7
"2010-10-01",10.93,11,10.85,10.85,2899500,10.8
"2010-10-04",10.83,10.91,10.52,10.56,2578600,10.51
"2010-10-05",10.73,10.95,10.73,10.87,4664800,10.82
"2010-10-06",10.88,10.94,10.72,10.92,3219900,10.87
"2010-10-07",11.01,11.12,10.81,10.97,3022000,10.92
"2010-10-08",11.03,11.65,11.01,11.57,5450900,11.52
"2010-10-11",11.68,11.92,11.57,11.83,3625800,11.78
"2010-10-12",11.8,11.91,11.61,11.76,3442200,11.71
"2010-10-13",11.92,11.97,11.7,11.88,2930900,11.83
"2010-10-14",11.89,11.93,11.63,11.72,3433600,11.67
"2010-10-15",11.91,12.06,11.61,11.97,4731600,11.92
"2010-10-18",11.99,12.14,11.84,12.11,2743500,12.05
"2010-10-19",11.88,12.03,11.57,11.67,3260700,11.62
"2010-10-20",11.73,12.02,11.69,11.88,2542300,11.83
"2010-10-21",12.02,12.14,11.57,11.69,3700800,11.64
"2010-10-22",11.67,11.81,11.65,11.74,1230500,11.69
"2010-10-25",11.86,11.98,11.73,11.73,2601700,11.68
"2010-10-26",11.67,11.89,11.26,11.76,3303100,11.71
"2010-10-27",11.66,11.76,11.41,11.61,3759100,11.56
"2010-10-28",11.33,11.33,10.52,10.56,12598600,10.51
"2010-10-29",10.61,10.65,10.1,10.22,10015500,10.17
"2010-11-01",10.3,10.53,10.13,10.21,5409400,10.16
"2010-11-02",10.36,10.36,10,10.03,6070400,9.98
"2010-11-03",10.08,10.38,9.98,10.18,7627300,10.13
"2010-11-04",10.36,11.04,10.3,10.49,4609500,10.44
"2010-11-05",10.49,10.52,10.35,10.47,3647600,10.42
"2010-11-08",10.46,10.71,10.36,10.66,4798700,10.61
"2010-11-09",10.7,10.77,10.22,10.3,4997400,10.25
"2010-11-10",10.3,10.41,10.06,10.16,6797900,10.11
"2010-11-11",10.05,10.35,10.05,10.31,3634000,10.26
"2010-11-12",10.2,10.3,10,10.1,4074100,10.05
"2010-11-15",10.2,10.25,10.07,10.09,3307100,10.04
"2010-11-16",10.03,10.1,9.77,9.85,5444600,9.81
"2010-11-17",9.9,9.95,9.64,9.71,3894600,9.67
"2010-11-18",9.86,10.29,9.81,10.17,9038900,10.12
"2010-11-19",10.22,10.47,10.08,10.33,4581900,10.28
"2010-11-22",10.24,10.3,10.11,10.22,3333500,10.17
"2010-11-23",10.05,10.15,9.84,9.96,5072500,9.91
"2010-11-24",10.03,10.2,10.02,10.11,3634100,10.06
"2010-11-26",10.08,10.09,10,10.03,956700,9.98
"2010-11-29",9.94,9.94,9.54,9.64,6167100,9.6
"2010-11-30",9.52,9.68,9.51,9.56,4247000,9.52
"2010-12-01",9.77,9.99,9.67,9.88,5344600,9.84
"2010-12-02",9.93,10.12,9.85,9.85,5508500,9.81
"2010-12-03",9.88,10,9.85,9.93,4154700,9.88
"2010-12-06",9.91,10.49,9.9,10.42,6387100,10.37
"2010-12-07",10.56,10.65,10.21,10.5,5587800,10.45
"2010-12-08",10.5,10.63,10.4,10.48,3902500,10.43
"2010-12-09",10.98,11.73,10.96,11.55,14479500,11.5
"2010-12-10",11.58,11.58,10.91,11.35,8899800,11.3
"2010-12-13",11.45,11.77,11.35,11.44,5448200,11.39
"2010-12-14",11.5,11.7,11.37,11.42,3929600,11.37
"2010-12-15",11.33,11.6,11.19,11.42,4520800,11.37
"2010-12-16",11.42,11.8,11.4,11.76,4723000,11.71
"2010-12-17",11.78,11.9,11.55,11.64,4838100,11.59
"2010-12-20",11.64,11.82,11.59,11.77,2222300,11.72
"2010-12-21",11.82,12,11.8,11.94,2342200,11.89
"2010-12-22",11.92,12.01,11.76,12,3125000,11.95
"2010-12-23",11.92,11.93,11.78,11.83,1779200,11.78
"2010-12-27",11.79,12.14,11.65,12.05,3120100,12
"2010-12-28",12.03,12.18,11.81,11.84,3710100,11.79
"2010-12-29",11.91,12,11.82,11.82,1848300,11.77
"2010-12-30",11.85,11.96,11.8,11.91,1393000,11.86
"2010-12-31",11.9,11.94,11.85,11.85,1391200,11.8
"2011-01-03",12,12.49,11.97,12.24,4744000,12.18
"2011-01-04",12.21,12.5,12.21,12.32,4693100,12.26
"2011-01-05",12.34,12.81,12.27,12.7,6975800,12.64
"2011-01-06",12.75,12.79,12.21,12.27,6111000,12.21
"2011-01-07",12.96,13.24,12.55,12.9,11872700,12.84
"2011-01-10",12.95,13.17,12.63,13.13,6852500,13.07
"2011-01-11",13.24,13.25,12.85,12.87,5202000,12.81
"2011-01-12",13.06,13.24,12.94,13.19,4896900,13.13
"2011-01-13",13.15,13.19,12.42,12.47,8184400,12.41
"2011-01-14",12.52,12.53,12.03,12.13,11506900,12.07
"2011-01-18",12.16,12.22,11.78,12.03,6606700,11.98
"2011-01-19",12.01,12.17,11.57,11.67,5770500,11.62
"2011-01-20",11.67,12.02,11.42,11.75,7040500,11.7
"2011-01-21",11.84,12.04,11.58,11.58,3868200,11.53
"2011-01-24",11.58,11.93,11.52,11.82,3508600,11.77
"2011-01-25",11.94,12.18,11.9,12.16,7066900,12.1
"2011-01-26",12.26,12.74,12.26,12.5,6851600,12.44
"2011-01-27",12.03,12.45,11.98,12.31,5550200,12.25
"2011-01-28",12.28,12.29,11.5,11.66,7351800,11.61
"2011-01-31",11.74,11.88,11.7,11.88,3247600,11.83
"2011-02-01",11.97,12.18,11.93,12.1,2990900,12.05
"2011-02-02",12,12.19,11.96,12.09,6820100,12.04
"2011-02-03",12.04,12.29,11.88,12.25,6316300,12.19
"2011-02-04",12.87,12.96,12.55,12.76,8106900,12.7
"2011-02-07",12.77,13.18,12.77,12.95,7442500,12.89
"2011-02-08",12.98,13,12.86,12.94,3283400,12.88
"2011-02-09",12.89,12.92,12.51,12.51,5800200,12.45
"2011-02-10",12.99,14.37,12.94,14.3,25334100,14.24
"2011-02-11",13.92,14.37,13.64,14.3,11648300,14.24
"2011-02-14",14.17,14.3,13.81,14.19,6228800,14.13
"2011-02-15",14.17,14.87,14.1,14.39,8762300,14.32
"2011-02-16",14.54,15.2,14.45,14.98,10836300,14.91
"2011-02-17",14.9,14.96,14.53,14.9,5599100,14.83
"2011-02-18",15.1,15.15,14.74,14.89,5192100,14.82
"2011-02-22",14.53,14.56,13.83,13.91,7437700,13.85
"2011-02-23",13.93,14.25,13.34,13.67,6996500,13.61
"2011-02-24",13.61,13.97,13.25,13.63,5942900,13.57
"2011-02-25",13.66,13.94,13.52,13.9,3825900,13.84
"2011-02-28",14.03,14.2,13.75,14.18,5256500,14.12
"2011-03-01",14.19,14.34,13.61,13.75,9606000,13.69
"2011-03-02",13.73,14.03,13.68,13.99,6573300,13.93
"2011-03-03",14.08,14.22,13.85,13.98,5721400,13.92
"2011-03-04",13.98,14.03,13.52,13.68,4754000,13.62
"2011-03-07",13.82,13.91,13.22,13.34,4910100,13.28
"2011-03-08",13.43,14.18,13.38,14.12,6060400,14.06
"2011-03-09",14.04,14.47,14,14.39,6761800,14.32
"2011-03-10",14.1,14.33,13.93,14.05,6169300,13.99
"2011-03-11",14.53,15.05,14.37,14.98,11610200,14.91
"2011-03-14",14.77,15.45,14.65,15.07,9294500,15
"2011-03-15",14.28,15.1,14.17,14.95,7255600,14.88
"2011-03-16",14.94,14.95,14.3,14.48,6755700,14.41
"2011-03-17",14.76,15.17,14.49,14.54,6759300,14.47
"2011-03-18",14.92,15,14.75,14.82,5280800,14.75
"2011-03-21",15.09,15.44,14.97,15.39,5528600,15.32
"2011-03-22",15.6,15.71,14.74,15.03,8538000,14.96
"2011-03-23",14.99,15,14.47,14.86,5291700,14.79
"2011-03-24",14.86,15.15,14.69,15.09,3582000,15.02
"2011-03-25",15.18,15.51,15.09,15.45,4215400,15.38
"2011-03-28",14.99,15.2,14.5,14.57,16088900,14.5
"2011-03-29",14.66,14.84,14.61,14.74,12952600,14.67
"2011-03-30",14.81,15.06,14.66,14.95,10728300,14.88
"2011-03-31",14.88,15.07,14.73,14.98,5949700,14.91
"2011-04-01",15.15,15.47,15.11,15.22,5582000,15.15
"2011-04-04",15.22,15.24,14.93,15.02,3705100,14.95
"2011-04-05",14.94,15.37,14.91,15.32,5880400,15.25
"2011-04-06",15.46,15.59,15.14,15.2,5196800,15.13
"2011-04-07",15.2,15.65,15.05,15.07,4446100,15
"2011-04-08",15.15,15.3,14.95,15,5216000,14.93
"2011-04-11",15.05,15.08,14.49,14.61,5795400,14.54
"2011-04-12",14.5,15.1,14.44,15.02,6096700,14.95
"2011-04-13",15.12,15.28,14.93,15.01,6890400,14.94
"2011-04-14",14.83,14.95,14.6,14.84,7306200,14.77
"2011-04-15",14.94,15.19,14.8,15.15,5266900,15.08
"2011-04-18",14.87,15.28,14.7,15.25,7019500,15.18
"2011-04-19",15.3,15.67,15.25,15.38,6924500,15.31
"2011-04-20",15.68,15.76,15.5,15.57,6204400,15.5
"2011-04-21",15.66,16.09,15.56,15.96,5866900,15.89
"2011-04-25",16.08,16.29,15.88,16.23,6311800,16.16
"2011-04-26",16.42,16.74,15.95,16.06,9303800,15.99
"2011-04-27",16.14,16.44,15.99,16.16,5978600,16.09
"2011-04-28",16.08,16.4,15.99,16.2,8210500,16.13
"2011-04-29",17.87,18.68,17.57,18.15,26048400,18.07
"2011-05-02",18.25,18.27,17.58,17.75,9510700,17.67
"2011-05-03",17.78,17.97,17.46,17.66,9999600,17.58
"2011-05-04",17.74,17.85,17.37,17.59,9526700,17.51
"2011-05-05",17.38,17.88,17.13,17.46,5704300,17.38
"2011-05-06",17.71,18.04,17.47,17.56,5842400,17.48
"2011-05-09",17.61,18.3,17.52,18.23,8174800,18.15
"2011-05-10",18.27,18.83,18.07,18.72,9409300,18.63
"2011-05-11",18.69,18.74,17.72,17.83,10879200,17.75
"2011-05-12",17.72,18.25,17.5,17.99,6400000,17.91
"2011-05-13",18.01,18.19,17.66,17.77,5219200,17.69
"2011-05-16",17.74,18.02,17.53,17.56,4211300,17.48
"2011-05-17",17.5,17.54,16.66,16.99,11056700,16.91
"2011-05-18",17.2,17.48,17.1,17.44,8094700,17.36
"2011-05-19",17.49,17.85,17.48,17.72,6655700,17.64
"2011-05-20",17.58,17.74,17.28,17.57,4453900,17.49
"2011-05-23",17.16,17.42,17.01,17.28,4426100,17.2
"2011-05-24",17.39,17.65,16.71,16.74,6181900,16.66
"2011-05-25",17.11,17.2,16.53,17.11,5454600,17.03
"2011-05-26",17.02,17.52,16.88,17.49,5434900,17.41
"2011-05-27",17.55,17.64,17.36,17.51,3131500,17.43
"2011-05-31",17.77,17.79,17.5,17.73,4322300,17.65
"2011-06-01",17.67,17.7,16.86,16.88,5294000,16.8
"2011-06-02",16.88,17.12,16.36,16.73,7256800,16.65
"2011-06-03",16.4,16.8,16,16.51,6083300,16.44
"2011-06-06",16.5,16.61,16.02,16.06,4631700,15.99
"2011-06-07",16.17,16.3,15.82,16.01,6158700,15.94
"2011-06-08",16,16.19,15.86,15.99,6556000,15.92
"2011-06-09",16.09,16.51,15.98,16.06,11204200,15.99
"2011-06-10",15.64,15.7,14.86,14.99,12856600,14.92
"2011-06-13",14.78,15.09,14.56,14.78,7199500,14.71
"2011-06-14",14.94,15.39,14.89,15.02,9185400,14.95
"2011-06-15",14.84,15.22,14.72,14.95,7048600,14.88
"2011-06-16",14.93,15.06,14.5,14.75,5631500,14.68
"2011-06-17",14.93,15.04,14.51,14.8,5691800,14.73
"2011-06-20",14.72,15.1,14.57,14.92,3934200,14.85
"2011-06-21",15.04,15.67,14.99,15.59,5561300,15.52
"2011-06-22",15.46,15.86,15.41,15.47,4001900,15.4
"2011-06-23",15.2,15.78,15.07,15.77,4963500,15.7
"2011-06-24",15.77,15.98,15.61,15.88,6515500,15.81
"2011-06-27",15.88,16.23,15.63,16.04,5275300,15.97
"2011-06-28",16.12,16.32,16,16.26,4330600,16.19
"2011-06-29",16.38,16.65,16.2,16.6,4326800,16.52
"2011-06-30",16.66,16.97,16.55,16.77,5027400,16.69
"2011-07-01",16.86,17.33,16.75,17.29,6492600,17.21
"2011-07-05",17.22,17.53,17.15,17.35,5953900,17.27
"2011-07-06",17.25,18,17.15,17.85,9087800,17.77
"2011-07-07",18.04,18.13,17.38,17.43,11072000,17.35
"2011-07-08",17.16,17.28,16.94,17.23,5269600,17.15
"2011-07-11",16.83,17.1,16.63,16.78,6294000,16.7
"2011-07-12",16.67,17.42,16.61,17.15,6986200,17.07
"2011-07-13",17.31,17.76,17.24,17.32,5492000,17.24
"2011-07-14",17.41,17.87,17.19,17.5,6184300,17.42
"2011-07-15",17.56,17.86,17.51,17.84,5847600,17.76
"2011-07-18",17.71,17.95,17.13,17.29,5342000,17.21
"2011-07-19",17.42,17.61,17.17,17.5,6521500,17.42
"2011-07-20",17.6,17.6,17.15,17.34,4521400,17.26
"2011-07-21",17.5,18.1,17.31,17.84,7872200,17.76
"2011-07-22",17.88,18.07,17.7,17.89,2769200,17.81
"2011-07-25",17.56,17.96,17.47,17.65,3668000,17.57
"2011-07-26",17.64,18.1,17.17,17.65,5022500,17.57
"2011-07-27",17.48,17.7,17.02,17.17,8514000,17.09
"2011-07-28",18.15,18.25,15.69,15.93,22068400,15.86
"2011-07-29",15.72,16.27,15.5,16.17,8968400,16.1
"2011-08-01",16.28,16.47,15.63,16,7644500,15.93
"2011-08-02",15.84,16.12,15.1,15.1,8636200,15.03
"2011-08-03",15.07,15.63,14.77,15.5,6713600,15.43
"2011-08-04",15.21,15.5,13.95,14.06,13971700,14
"2011-08-05",14.41,14.73,13.04,13.55,12892400,13.49
"2011-08-08",12.87,13.11,11.22,11.54,18707200,11.49
"2011-08-09",11.95,12.44,11.58,12.41,16082400,12.35
"2011-08-10",12.13,12.63,11.82,11.86,12352000,11.81
"2011-08-11",11.94,12.8,11.65,12.57,15669800,12.51
"2011-08-12",12.81,13.9,12.76,13.48,14543900,13.42
"2011-08-15",13.78,14.03,13.65,14,7007400,13.94
"2011-08-16",13.85,14.08,13.5,13.73,8771500,13.67
"2011-08-17",13.77,13.89,13.1,13.34,7470900,13.28
"2011-08-18",12.68,12.68,11.59,11.75,10149400,11.7
"2011-08-19",11.51,11.83,10.77,10.88,9886500,10.83
"2011-08-22",11.27,11.93,10.75,10.78,10500700,10.73
"2011-08-23",10.8,11.7,10.65,11.69,8184200,11.64
"2011-08-24",11.56,12.12,11.45,12.05,5823400,12
"2011-08-25",12.23,12.28,11.36,11.39,7414700,11.34
"2011-08-26",11.26,11.88,11.03,11.81,5518900,11.76
"2011-08-29",12.04,12.54,11.99,12.51,4109100,12.45
"2011-08-30",12.34,12.61,12.08,12.43,5881300,12.37
"2011-08-31",12.64,13.1,12.32,12.46,6800400,12.4
"2011-09-01",12.43,12.51,12.02,12.07,7388600,12.02
"2011-09-02",11.85,11.94,11.29,11.5,5130400,11.45
"2011-09-06",10.86,11.31,10.63,11.06,10371000,11.01
"2011-09-07",11.34,11.73,11.18,11.62,7833500,11.57
"2011-09-08",11.51,11.79,11.18,11.24,6093600,11.19
"2011-09-09",11.04,11.44,10.63,10.78,11567800,10.73
"2011-09-12",10.72,10.89,10.02,10.33,13435700,10.28
"2011-09-13",10.39,10.96,10.3,10.77,9671300,10.72
"2011-09-14",10.88,11.14,10.46,10.98,7799000,10.93
"2011-09-15",11.07,11.34,10.89,11.06,6549500,11.01
"2011-09-16",11.07,11.23,10.96,11.09,5914300,11.04
"2011-09-19",10.8,11.1,10.74,10.96,4998800,10.91
"2011-09-20",11,11.1,10.66,10.69,4394800,10.64
"2011-09-21",10.84,10.86,10,10.01,5447200,9.96
"2011-09-22",9.62,9.86,9.15,9.39,8474500,9.35
"2011-09-23",9.32,9.94,9.25,9.86,6278400,9.82
"2011-09-26",10,10.17,9.5,10.16,6591600,10.11
"2011-09-27",10.61,10.99,10.48,10.54,6857300,10.49
"2011-09-28",10.57,10.69,9.92,9.95,3586500,9.9
"2011-09-29",10.25,10.66,10.18,10.45,8916600,10.4
"2011-09-30",10.23,10.56,10.03,10.09,6906900,10.04
"2011-10-03",10,10.22,9.35,9.37,8720200,9.33
"2011-10-04",9.09,9.91,8.53,9.88,8300000,9.84
"2011-10-05",9.87,10.32,9.63,10.25,6184700,10.2
"2011-10-06",10.27,10.76,10.09,10.73,5706300,10.68
"2011-10-07",10.93,11,10.25,10.3,7037800,10.25
"2011-10-10",10.67,10.99,10.61,10.93,5374000,10.88
"2011-10-11",10.85,11.48,10.77,11.44,6208700,11.39
"2011-10-12",11.59,12,11.59,11.85,8557000,11.8
"2011-10-13",11.72,11.91,11.44,11.82,5266200,11.77
"2011-10-14",12.04,12.3,11.85,12.27,5705900,12.21
"2011-10-17",12.15,12.27,11.77,11.83,4756600,11.78
"2011-10-18",11.87,12.57,11.7,12.37,5815500,12.31
"2011-10-19",12.3,12.4,11.81,11.92,4389400,11.87
"2011-10-20",11.94,12.17,11.67,12.13,3434400,12.07
"2011-10-21",12.3,13.04,12.3,12.97,8055100,12.91
"2011-10-24",13.04,13.99,12.95,13.64,9813100,13.58
"2011-10-25",13.51,13.52,13.04,13.34,6256800,13.28
"2011-10-26",13.49,13.58,13.08,13.46,6471400,13.4
"2011-10-27",14.01,14.4,13.85,14.15,10843800,14.09
"2011-10-28",15.17,15.47,14.62,14.84,13223800,14.77
"2011-10-31",14.77,14.93,14.05,14.36,8900000,14.29
"2011-11-01",13.53,13.87,13,13.59,10312300,13.53
"2011-11-02",13.94,14.08,13.57,13.84,5388300,13.78
"2011-11-03",14.16,14.43,13.59,14.38,7327300,14.31
"2011-11-04",14.22,14.42,13.78,14.3,5304500,14.24
"2011-11-07",14.28,14.42,13.77,14.2,4308000,14.14
"2011-11-08",14.3,14.35,13.89,14.28,5820100,14.22
"2011-11-09",13.7,13.94,13.23,13.38,7460800,13.32
"2011-11-10",13.64,13.73,13.25,13.51,5157300,13.45
"2011-11-11",13.76,14.1,13.73,13.93,4246100,13.87
"2011-11-14",13.8,13.99,13.58,13.72,3723200,13.66
"2011-11-15",13.62,14.01,13.52,13.91,8383300,13.85
"2011-11-16",13.72,14.1,13.59,13.6,6573800,13.54
"2011-11-17",13.6,13.64,12.86,12.99,7082400,12.93
"2011-11-18",13.1,13.13,12.68,12.76,5650600,12.7
"2011-11-21",12.2,12.28,11.83,12.14,8202900,12.08
"2011-11-22",12.08,12.48,12.07,12.35,5537000,12.29
"2011-11-23",12.2,12.25,11.97,12.01,3575700,11.96
"2011-11-25",11.99,12.19,11.89,11.93,1593200,11.88
"2011-11-28",12.54,13,12.47,12.9,5116000,12.84
"2011-11-29",12.94,13.08,12.76,12.81,3426500,12.75
"2011-11-30",13.52,14.02,13.42,13.99,7734800,13.93
"2011-12-01",13.91,14.13,13.67,13.92,5594400,13.86
"2011-12-02",14.17,14.54,14.08,14.12,5341300,14.06
"2011-12-05",14.5,14.6,14.14,14.25,3600600,14.19
"2011-12-06",14.23,14.44,14.04,14.27,3237900,14.21
"2011-12-07",14.13,14.41,13.92,14.29,3425700,14.23
"2011-12-08",14.18,14.43,13.9,13.93,3653400,13.87
"2011-12-09",14.01,14.69,14.01,14.55,5676300,14.48
"2011-12-12",14.25,14.34,14.04,14.29,3390200,14.23
"2011-12-13",14.44,14.56,13.22,13.42,7291000,13.36
"2011-12-14",13.25,13.42,13.09,13.26,5596900,13.2
"2011-12-15",13.5,13.63,13.28,13.53,3511300,13.47
"2011-12-16",13.68,13.86,13.46,13.58,3734900,13.52
"2011-12-19",13.68,13.71,13.06,13.11,3429600,13.05
"2011-12-20",13.44,13.74,13.42,13.66,4165600,13.6
"2011-12-21",13.71,13.94,13.48,13.84,3263600,13.78
"2011-12-22",13.95,14.15,13.92,14.07,2258600,14.01
"2011-12-23",14.17,14.33,13.95,14.31,2316100,14.25
"2011-12-27",14.3,14.35,14.09,14.16,2047600,14.1
"2011-12-28",14.19,14.22,13.81,13.94,2204500,13.88
"2011-12-29",14,14.17,13.93,14.14,1970300,14.08
"2011-12-30",14.17,14.34,14.1,14.17,1687000,14.11
"2012-01-03",14.57,14.82,14.5,14.57,3536100,14.5
"2012-01-04",14.42,14.89,14.25,14.73,4104600,14.66
"2012-01-05",14.59,14.99,14.46,14.91,4768300,14.84
"2012-01-06",14.93,15.27,14.79,15.15,4651000,15.08
"2012-01-09",15.15,15.38,15.15,15.28,4951400,15.21
"2012-01-10",15.61,15.8,13.5,14.01,23197700,13.95
"2012-01-11",13.83,13.87,13.45,13.78,8202900,13.72
"2012-01-12",13.84,14.15,13.8,13.84,6122900,13.78
"2012-01-13",13.67,13.71,13.19,13.5,7099300,13.44
"2012-01-17",13.66,13.92,13.25,13.36,4931900,13.3
"2012-01-18",13.3,13.69,13.25,13.49,5769700,13.43
"2012-01-19",13.51,13.8,13.51,13.76,3469500,13.7
"2012-01-20",13.75,13.78,13.43,13.65,4259300,13.59
"2012-01-23",13.67,13.8,13.32,13.54,4238800,13.48
"2012-01-24",13.43,13.7,13.35,13.69,3706700,13.63
"2012-01-25",13.67,13.71,13.39,13.58,3604200,13.52
"2012-01-26",13.69,13.96,13.32,13.45,4619300,13.39
"2012-01-27",13.34,13.65,13.05,13.5,3136600,13.44
"2012-01-30",13.4,13.4,13.17,13.31,3744900,13.25
"2012-01-31",13.4,13.46,12.94,13,5486400,12.94
"2012-02-01",13.25,13.46,13.09,13.28,5404500,13.22
"2012-02-02",13.35,13.44,13.17,13.28,3706800,13.22
"2012-02-03",13.49,13.88,13.42,13.86,5265300,13.8
"2012-02-06",13.78,14.04,13.75,13.98,5155900,13.92
"2012-02-07",14.03,14.13,13.71,14.01,4130200,13.95
"2012-02-08",14.04,14.24,13.82,13.95,5074900,13.89
"2012-02-09",13.98,14.34,13.96,14.16,5358700,14.1
"2012-02-10",14,14.02,13.77,13.88,4041800,13.82
"2012-02-13",14.07,14.2,13.95,13.97,6492700,13.91
"2012-02-14",13.25,13.57,12.66,13.25,24188100,13.19
"2012-02-15",13.28,13.49,13.07,13.1,7952200,13.04
"2012-02-16",13.1,13.22,13,13.19,6408100,13.13
"2012-02-17",13.3,13.55,13.19,13.42,6730200,13.36
"2012-02-21",13.48,13.78,13.41,13.48,4877500,13.42
"2012-02-22",13.49,13.55,13.06,13.15,5090800,13.09
"2012-02-23",13.16,13.29,13.03,13.23,5935300,13.17
"2012-02-24",13.22,13.3,13.08,13.11,3878500,13.05
"2012-02-27",13.03,13.03,12.73,12.94,7382400,12.88
"2012-02-28",12.93,13.05,12.87,12.95,4908700,12.89
"2012-02-29",12.92,13.01,12.75,12.86,3786900,12.8
"2012-03-01",12.91,13.07,12.81,12.86,5210600,12.8
"2012-03-02",12.85,13.34,12.78,13.12,11245900,13.06
"2012-03-05",13.09,13.09,12.51,12.72,6086000,12.66
"2012-03-06",12.47,12.53,12.19,12.25,6840200,12.19
"2012-03-07",12.26,12.4,12.2,12.21,5021600,12.15
"2012-03-08",12.34,12.51,12.31,12.37,4726800,12.31
"2012-03-09",12.37,12.5,12.3,12.38,4130600,12.32
"2012-03-12",12.4,12.43,12.09,12.15,4387800,12.09
"2012-03-13",12.26,12.38,12.17,12.34,6030600,12.28
"2012-03-14",12.34,12.6,12.24,12.32,5004900,12.26
"2012-03-15",12.33,12.45,12.21,12.35,4586300,12.29
"2012-03-16",12.42,12.44,12.16,12.16,4788900,12.1
"2012-03-19",12.15,12.21,12.11,12.15,4126900,12.09
"2012-03-20",12.05,12.14,11.89,12.08,4445400,12.03
"2012-03-21",12.08,12.17,11.98,12.08,4948600,12.03
"2012-03-22",11.95,12.02,11.73,11.77,5816900,11.72
"2012-03-23",11.9,11.99,11.74,11.91,5293600,11.86
"2012-03-26",12.03,12.08,11.88,12.01,3872300,11.96
"2012-03-27",12.02,12.08,11.83,11.86,7170900,11.81
"2012-03-28",11.87,11.89,11.41,11.46,6739900,11.41
"2012-03-29",11.36,11.45,11.22,11.38,4291400,11.33
"2012-03-30",11.46,11.47,11.07,11.22,5136900,11.17
"2012-04-02",11.18,11.5,11.14,11.39,5318800,11.34
"2012-04-03",11.33,11.49,11.15,11.2,4229100,11.15
"2012-04-04",11.07,11.19,10.89,11.07,6121900,11.02
"2012-04-05",11.01,11.23,10.99,11.02,4120600,10.97
"2012-04-09",10.77,10.84,10.54,10.68,5993000,10.63
"2012-04-10",10.73,10.73,10.24,10.39,8302000,10.34
"2012-04-11",10.55,10.72,10.39,10.64,6719100,10.59
"2012-04-12",10.7,10.96,10.56,10.96,5923500,10.91
"2012-04-13",10.89,10.91,10.59,10.59,4636900,10.54
"2012-04-16",10.68,10.76,10.41,10.41,5186500,10.36
"2012-04-17",10.52,10.7,10.38,10.57,5109200,10.52
"2012-04-18",10.39,10.76,10.39,10.75,6533200,10.7
"2012-04-19",10.79,11.54,10.75,11.17,17054900,11.12
"2012-04-20",11.34,11.39,11.07,11.24,9453600,11.19
"2012-04-23",11.06,11.47,10.87,11.27,9029100,11.22
"2012-04-24",11.26,11.43,11.11,11.19,8842500,11.14
"2012-04-25",11.34,11.63,11.28,11.6,9508300,11.55
"2012-04-26",11.6,11.96,11.41,11.93,11147000,11.88
"2012-04-27",12.26,12.36,10.72,11.32,24460000,11.27
"2012-04-30",11.32,11.33,10.74,10.98,10063400,10.93
"2012-05-01",10.95,11.4,10.81,11.28,8769000,11.23
"2012-05-02",11.19,11.24,11.01,11.14,6217700,11.09
"2012-05-03",11.12,11.29,10.83,10.9,6348400,10.85
"2012-05-04",10.93,11.11,10.77,10.84,7033100,10.79
"2012-05-07",10.78,10.99,10.71,10.88,4396800,10.83
"2012-05-08",10.8,10.87,10.37,10.84,6814600,10.79
"2012-05-09",10.57,10.59,10.27,10.41,10625700,10.36
"2012-05-10",10.55,10.58,10.08,10.3,10938400,10.25
"2012-05-11",10.19,10.83,10.14,10.55,9226000,10.5
"2012-05-14",10.42,10.78,10.42,10.6,6403200,10.55
"2012-05-15",10.55,10.57,10.17,10.19,6990700,10.14
"2012-05-16",10.32,11,10.25,10.69,11404200,10.64
"2012-05-17",10.71,10.73,10.17,10.22,5518700,10.17
"2012-05-18",10.27,10.31,10,10.04,5314100,9.99
"2012-05-21",10.06,10.45,10.03,10.41,4620700,10.36
"2012-05-22",10.47,10.77,10.38,10.61,5025400,10.56
"2012-05-23",10.53,10.58,10.05,10.52,8111300,10.47
"2012-05-24",10.48,10.54,10.2,10.42,4283500,10.37
"2012-05-25",10.38,10.7,10.37,10.59,3723200,10.54
"2012-05-29",10.64,10.98,10.64,10.96,4083100,10.91
"2012-05-30",10.73,10.79,10.34,10.35,6477000,10.3
"2012-05-31",10.32,10.49,9.98,10.45,9327400,10.4
"2012-06-01",10.12,10.13,9.82,9.87,8425900,9.83
"2012-06-04",9.87,9.99,9.24,9.44,9847800,9.4
"2012-06-05",9.4,9.62,9.35,9.54,5081200,9.5
"2012-06-06",9.65,9.99,9.65,9.96,4989700,9.91
"2012-06-07",10.17,10.46,10,10.28,7679200,10.23
"2012-06-08",10.22,10.51,10.12,10.49,4626100,10.44
"2012-06-11",10.63,10.66,10.12,10.16,4913000,10.11
"2012-06-12",10.21,10.51,10.15,10.48,6654300,10.43
"2012-06-13",10.39,10.83,10.25,10.42,9659200,10.37
"2012-06-14",10.42,10.75,10.18,10.62,5859700,10.57
"2012-06-15",10.72,11.05,10.62,11.02,5606700,10.97
"2012-06-18",10.97,11.18,10.76,10.92,11357300,10.87
"2012-06-19",11,11.75,10.98,11.53,10054200,11.48
"2012-06-20",11.6,11.78,11.45,11.65,5915500,11.6
"2012-06-21",11.73,11.78,11.13,11.21,6707600,11.16
"2012-06-22",11.33,11.49,11.23,11.46,5568000,11.41
"2012-06-25",11.26,11.26,10.82,10.98,6561400,10.93
"2012-06-26",11,11.15,10.84,11.09,4545800,11.04
"2012-06-27",11.12,11.52,11.09,11.43,4783400,11.38
"2012-06-28",11.29,11.64,11.27,11.6,6482900,11.55
"2012-06-29",11.92,11.94,11.65,11.81,7046400,11.76
"2012-07-02",11.8,11.81,11.3,11.42,5491300,11.37
"2012-07-03",11.43,11.62,11.28,11.44,3526700,11.39
"2012-07-05",11.4,11.65,11.21,11.62,5870100,11.57
"2012-07-06",11.39,11.44,11,11.09,5288200,11.04
"2012-07-09",11.07,11.15,10.85,10.99,5097600,10.94
"2012-07-10",11.13,11.2,10.77,10.83,6326000,10.78
"2012-07-11",10.78,10.83,10.48,10.57,7125600,10.52
"2012-07-12",10.52,10.52,10.08,10.24,8379200,10.19
"2012-07-13",10.26,10.53,10.14,10.24,11507900,10.19
"2012-07-16",10.26,10.37,10,10.11,5493200,10.06
"2012-07-17",10.21,10.31,9.94,10.16,8525200,10.11
"2012-07-18",10.1,10.32,10.08,10.16,5141900,10.11
"2012-07-19",10.2,10.25,10.05,10.09,4526300,10.04
"2012-07-20",9.94,10.16,9.79,9.81,5715400,9.77
"2012-07-23",9.65,10.1,9.55,10.04,9496300,9.99
"2012-07-24",10.27,10.33,9.7,9.8,7514900,9.76
"2012-07-25",9.88,9.95,9.62,9.74,5801700,9.7
"2012-07-26",9.96,10,9.75,9.89,6756900,9.85
"2012-07-27",10.03,10.94,10.02,10.57,11134100,10.52
"2012-07-30",10.53,10.68,10.32,10.37,6807500,10.32
"2012-07-31",10.61,11.59,10.6,11.45,17721700,11.4
"2012-08-01",11.51,12.6,11.29,11.51,17266900,11.46
"2012-08-02",11.31,11.43,10.86,11.03,8047400,10.98
"2012-08-03",11.32,11.51,11.11,11.16,8879200,11.11
"2012-08-06",11.34,11.37,10.97,11.26,6098600,11.21
"2012-08-07",11.32,11.6,11.17,11.52,7051900,11.47
"2012-08-08",11.44,11.73,11.29,11.63,6402600,11.58
"2012-08-09",11.61,11.78,11.46,11.69,4986700,11.64
"2012-08-10",11.68,11.83,11.55,11.74,3992700,11.69
"2012-08-13",11.68,11.96,11.6,11.82,4547400,11.77
"2012-08-14",11.92,11.97,11.57,11.65,4559900,11.6
"2012-08-15",11.68,11.81,11.53,11.64,5464400,11.59
"2012-08-16",11.72,11.88,11.63,11.77,4991600,11.72
"2012-08-17",11.84,12.06,11.8,12.04,4883400,11.99
"2012-08-20",12,12.15,11.86,12.13,4842200,12.07
"2012-08-21",12.15,12.31,11.88,11.99,6927500,11.94
"2012-08-22",11.89,11.95,11.73,11.86,5612100,11.81
"2012-08-23",11.85,12.01,11.68,11.86,5668900,11.81
"2012-08-24",11.75,12.02,11.67,11.88,2863000,11.83
"2012-08-27",11.88,12.03,11.65,11.69,3303400,11.64
"2012-08-28",11.69,11.83,11.57,11.58,3835900,11.53
"2012-08-29",11.57,11.91,11.52,11.87,3528500,11.82
"2012-08-30",11.77,11.92,11.71,11.78,3420600,11.73
"2012-08-31",11.88,12.26,11.84,12.2,7100200,12.14
"2012-09-04",12.14,12.27,11.9,12.12,4486600,12.06
"2012-09-05",12.1,12.57,12,12.54,5944400,12.48
"2012-09-06",12.63,13.15,12.63,12.98,6304900,12.92
"2012-09-07",12.98,13.2,12.94,13.16,5235200,13.1
"2012-09-10",13.1,13.25,13.09,13.12,5114700,13.06
"2012-09-11",13.15,13.26,12.98,13.06,5386600,13
"2012-09-12",13.19,13.31,12.93,13.02,3974300,12.96
"2012-09-13",13.01,13.4,12.88,13.28,5251200,13.22
"2012-09-14",13.33,13.52,13.32,13.51,4579100,13.45
"2012-09-17",13.5,13.5,13.12,13.16,2841600,13.1
"2012-09-18",13.08,13.12,12.81,12.95,3713500,12.89
"2012-09-19",13,13.54,12.93,13.48,5211600,13.42
"2012-09-20",13.3,13.42,13.05,13.38,3409300,13.32
"2012-09-21",13.29,13.4,12.67,12.73,10947500,12.67
"2012-09-24",12.71,12.94,12.62,12.78,5906800,12.72
"2012-09-25",12.82,12.85,12.13,12.17,4776000,12.11
"2012-09-26",12.13,12.17,11.87,11.99,5010900,11.94
"2012-09-27",12.71,12.77,12.35,12.46,5872600,12.4
"2012-09-28",12.35,12.4,12.13,12.19,3650600,12.13
"2012-10-01",12.35,12.55,12.21,12.3,4084600,12.24
"2012-10-02",12.37,12.4,12.07,12.39,3985500,12.33
"2012-10-03",12.4,12.54,12.33,12.42,3183900,12.36
"2012-10-04",12.52,12.74,12.42,12.73,3336000,12.67
"2012-10-05",12.88,13.11,12.69,12.74,3876900,12.68
"2012-10-08",12.63,12.7,12.5,12.56,3217700,12.5
"2012-10-09",12.56,12.64,12.33,12.62,5405800,12.56
"2012-10-10",12.58,12.65,12.28,12.33,3152000,12.27
"2012-10-11",12.75,12.81,12.42,12.44,5025400,12.38
"2012-10-12",12.42,12.66,12.22,12.28,3396500,12.22
"2012-10-15",12.34,12.44,12.19,12.4,2639100,12.34
"2012-10-16",12.38,12.59,11.93,12.57,3888900,12.51
"2012-10-17",12.57,12.83,12.55,12.79,3614500,12.73
"2012-10-18",12.76,12.86,12.61,12.73,4142400,12.67
"2012-10-19",12.69,12.71,12.35,12.39,4196800,12.33
"2012-10-22",12.34,12.58,12.22,12.54,4393500,12.48
"2012-10-23",12.26,12.47,12.2,12.3,3573300,12.24
"2012-10-24",12.39,12.51,12.21,12.26,2431200,12.2
"2012-10-25",12.4,12.54,12.1,12.3,4690600,12.24
"2012-10-26",11.65,11.73,10.99,11.02,15418200,10.97
"2012-10-31",11.14,11.43,10.94,11.41,5991200,11.36
"2012-11-01",11.43,11.72,11.38,11.64,5044500,11.59
"2012-11-02",11.78,11.88,11.58,11.6,4293300,11.55
"2012-11-05",11.55,11.82,11.55,11.66,2590300,11.61
"2012-11-06",11.79,12.15,11.68,12.07,6172300,12.02
"2012-11-07",11.82,11.91,11.67,11.77,3400300,11.72
"2012-11-08",11.85,11.97,11.6,11.65,4097500,11.6
"2012-11-09",11.56,11.86,11.51,11.53,3964000,11.48
"2012-11-12",11.6,11.69,11.54,11.61,2478900,11.56
"2012-11-13",11.5,11.6,11.27,11.29,3172200,11.24
"2012-11-14",11.34,11.79,10.91,10.99,3983200,10.94
"2012-11-15",11,11.28,10.93,11.19,4429200,11.14
"2012-11-16",11.21,11.39,10.95,11.16,3437500,11.11
"2012-11-19",11.34,11.46,11.21,11.29,3695800,11.24
"2012-11-20",11.3,11.49,11.19,11.41,2140000,11.36
"2012-11-21",11.41,11.66,11.37,11.61,2022300,11.56
"2012-11-23",11.7,11.86,11.63,11.83,1126300,11.78
"2012-11-26",11.74,11.9,11.67,11.83,2262500,11.78
"2012-11-27",11.79,11.87,11.67,11.67,2445900,11.62
"2012-11-28",11.6,11.93,11.47,11.9,2736100,11.85
"2012-11-29",11.99,12.34,11.96,12.34,4058800,12.28
"2012-11-30",12.34,12.62,12.31,12.6,4603500,12.54
"2012-12-03",12.69,12.75,12.51,12.58,3471900,12.52
"2012-12-04",12.6,12.83,12.52,12.76,3262500,12.7
"2012-12-05",12.75,12.9,12.65,12.8,3552200,12.74
"2012-12-06",12.78,12.87,12.57,12.74,2924500,12.68
"2012-12-07",12.82,12.9,12.66,12.78,3322000,12.72
"2012-12-10",12.72,13.18,12.52,13.09,6595000,13.03
"2012-12-11",13.16,13.4,13.04,13.17,3287900,13.11
"2012-12-12",13.22,13.31,13.1,13.14,2468300,13.08
"2012-12-13",13.11,13.25,12.79,12.86,3329200,12.8
"2012-12-14",12.81,12.95,12.76,12.95,2821000,12.89
"2012-12-17",12.99,13.12,12.92,13.08,2970900,13.02
"2012-12-18",12.81,13.59,12.81,13.56,3031400,13.5
"2012-12-19",13.56,13.59,13.29,13.3,2589600,13.24
"2012-12-20",13.28,13.33,13.03,13.14,3059000,13.08
"2012-12-21",13.03,13.2,12.77,13.08,3112600,13.02
"2012-12-24",13.35,13.35,13.01,13.03,864500,12.97
"2012-12-26",13.05,13.33,13.03,13.17,1797800,13.11
"2012-12-27",13.21,13.47,13.11,13.42,2633000,13.36
"2012-12-28",13.34,13.42,13.29,13.29,1752500,13.23
"2012-12-31",13.28,13.84,13.25,13.81,3552300,13.75
"2013-01-02",14.04,14.15,13.92,14.01,3875700,13.95
"2013-01-03",13.95,14.21,13.83,14.07,2589800,14.01
"2013-01-04",14.14,14.39,13.95,14.35,2236300,14.28
"2013-01-07",14.24,14.3,13.98,14.1,2838800,14.04
"2013-01-08",13.99,14.16,13.71,14.06,2658200,14
"2013-01-09",14.13,14.65,14.08,14.36,3724000,14.29
"2013-01-10",14.48,14.52,14.08,14.13,4027300,14.07
"2013-01-11",14.08,14.14,13.72,13.78,3732400,13.72
"2013-01-14",13.78,13.95,13.66,13.94,2691900,13.88
"2013-01-15",13.88,14.18,13.82,14.01,3737600,13.95
"2013-01-16",13.92,13.92,13.58,13.85,3911400,13.79
"2013-01-17",13.85,13.98,13.67,13.88,3045400,13.82
"2013-01-18",14.06,14.06,13.64,13.81,3472600,13.75
"2013-01-22",13.75,13.93,13.5,13.87,3488000,13.81
"2013-01-23",13.86,13.91,13.61,13.71,3509200,13.65
"2013-01-24",13.69,13.91,13.66,13.81,2230200,13.75
"2013-01-25",13.66,13.98,13.66,13.87,2436500,13.81
"2013-01-28",13.94,13.99,13.76,13.88,4075500,13.82
"2013-01-29",13.89,13.95,13.73,13.92,2579400,13.86
"2013-01-30",13.92,13.96,13.78,13.82,1691900,13.76
"2013-01-31",13.68,13.85,13.6,13.75,3323600,13.69
"2013-02-01",13.84,13.88,13.72,13.78,3193100,13.72
"2013-02-04",13.69,13.76,13.37,13.43,3713500,13.37
"2013-02-05",13.49,13.68,13.46,13.62,4177900,13.56
"2013-02-06",13.63,13.78,13.47,13.59,5153800,13.53
"2013-02-07",13.68,13.71,13.44,13.53,4510700,13.47
"2013-02-08",13.62,13.78,13.32,13.59,5875900,13.53
"2013-02-11",13.7,13.93,13.53,13.91,7967900,13.85
"2013-02-12",13.55,14.15,13.1,13.86,12293500,13.8
"2013-02-13",13.9,14.18,13.9,14.08,7092500,14.02
"2013-02-14",14,14.2,13.93,14.17,4514500,14.11
"2013-02-15",14.25,14.32,14.03,14.1,4641600,14.04
"2013-02-19",14.1,14.26,14.07,14.09,3080800,14.03
"2013-02-20",14.08,14.2,13.82,13.86,3722400,13.8
"2013-02-21",13.82,13.88,13.43,13.53,4683100,13.47
"2013-02-22",13.58,13.63,13.35,13.45,3517600,13.39
"2013-02-25",13.61,13.68,12.96,13,4849400,12.94
"2013-02-26",13.02,13.3,12.63,12.9,4867600,12.84
"2013-02-27",12.96,13.05,12.82,12.9,3874500,12.84
"2013-02-28",12.87,13.2,12.87,12.99,3708500,12.93
"2013-03-01",12.95,13.16,12.8,12.96,4222500,12.9
"2013-03-04",12.92,12.94,12.6,12.67,2881600,12.61
"2013-03-05",12.74,12.95,12.72,12.8,3408900,12.74
"2013-03-06",12.86,12.94,12.75,12.9,3231400,12.84
"2013-03-07",12.99,13,12.87,12.94,1533400,12.88
"2013-03-08",13,13.31,12.9,13.08,4145000,13.02
"2013-03-11",13.2,13.2,12.82,12.98,5544200,12.92
"2013-03-12",12.96,13.1,12.92,12.98,4780100,12.92
"2013-03-13",12.99,13.49,12.99,13.42,4822300,13.36
"2013-03-14",13.46,13.61,13.36,13.55,2998400,13.49
"2013-03-15",13.57,13.74,13.54,13.73,5224600,13.67
"2013-03-18",13.57,13.63,13.35,13.41,3640400,13.35
"2013-03-19",13.48,13.7,13.22,13.27,4458700,13.21
"2013-03-20",13.37,13.47,13.28,13.42,2223300,13.36
"2013-03-21",13.28,13.38,12.91,12.99,3960100,12.93
"2013-03-22",13.01,13.16,12.75,12.8,3279500,12.74
"2013-03-25",12.91,12.94,12.55,12.66,3846400,12.6
"2013-03-26",12.69,12.85,12.52,12.82,3964600,12.76
"2013-03-27",12.72,12.8,12.54,12.77,2935000,12.71
"2013-03-28",12.73,12.79,12.46,12.61,2891800,12.55
"2013-04-01",12.59,12.65,12.34,12.42,4293700,12.36
"2013-04-02",12.57,12.57,12.14,12.22,2546400,12.16
"2013-04-03",12.2,12.38,12.02,12.06,5181300,12.01
"2013-04-04",12.1,12.33,12.06,12.26,2951600,12.2
"2013-04-05",12.05,12.23,11.96,12.16,2720500,12.1
"2013-04-08",12.14,12.46,12.09,12.43,3421400,12.37
"2013-04-09",12.45,12.7,12.28,12.55,4524400,12.49
"2013-04-10",12.56,12.75,12.37,12.7,4276200,12.64
"2013-04-11",12.77,12.9,12.66,12.83,2618900,12.77
"2013-04-12",12.8,12.8,12.35,12.51,3979100,12.45
"2013-04-15",12.47,12.5,11.83,11.95,4930900,11.9
"2013-04-16",12.08,12.44,12.06,12.42,4120400,12.36
"2013-04-17",12.27,12.36,11.9,12.02,4334900,11.97
"2013-04-18",12.08,12.16,11.87,11.98,4099100,11.93
"2013-04-19",12.02,12.17,11.96,12.14,3252900,12.08
"2013-04-22",11.99,12.19,11.92,12.03,3182000,11.98
"2013-04-23",12.1,12.24,11.96,12.21,3306000,12.15
"2013-04-24",12.2,12.53,12.2,12.51,3423000,12.45
"2013-04-25",12.59,13.02,12.58,12.94,6879200,12.88
"2013-04-26",13.35,13.4,12.41,12.51,10907300,12.45
"2013-04-29",12.46,12.6,12.25,12.57,6787500,12.51
"2013-04-30",12.44,12.58,12.35,12.5,3294800,12.44
"2013-05-01",12.45,12.51,12.15,12.2,4238100,12.14
"2013-05-02",12.3,12.39,12.14,12.23,3734500,12.17
"2013-05-03",12.41,12.75,12.23,12.37,6290600,12.31
"2013-05-06",12.47,12.92,12.45,12.85,3652500,12.79
"2013-05-07",12.9,13.1,12.88,13.07,4191700,13.01
"2013-05-08",13.1,13.26,13.02,13.05,5476600,12.99
"2013-05-09",13.05,13.07,12.67,12.89,4710200,12.83
"2013-05-10",12.94,13,12.75,12.85,3027800,12.79
"2013-05-13",12.73,12.87,12.51,12.67,3342900,12.61
"2013-05-14",12.66,13.01,12.65,13,4612300,12.94
"2013-05-15",12.99,13.48,12.96,13.45,6421600,13.39
"2013-05-16",13.47,13.91,13.45,13.78,9761300,13.72
"2013-05-17",13.96,14.96,13.91,14.74,13174900,14.67
"2013-05-20",14.68,14.85,14.47,14.72,5211800,14.65
"2013-05-21",14.71,14.87,14.52,14.8,5056700,14.73
"2013-05-22",14.85,14.94,14.28,14.5,6177700,14.43
"2013-05-23",14.16,14.67,14.03,14.58,3920400,14.51
"2013-05-24",14.48,14.62,14.28,14.55,3072900,14.48
"2013-05-28",14.8,15.08,14.74,14.92,6793300,14.85
"2013-05-29",14.71,15.39,14.71,15.29,6444000,15.22
"2013-05-30",15.32,16.06,15.22,15.82,10026100,15.75
"2013-05-31",15.63,15.82,15.08,15.14,18990600,15.07
"2013-06-03",15.17,15.56,14.8,15.31,5872000,15.24
"2013-06-04",15.35,15.51,14.88,15.1,4635000,15.03
"2013-06-05",14.95,15,14.52,14.61,5379100,14.54
"2013-06-06",14.59,14.91,14.46,14.65,4693800,14.58
"2013-06-07",14.85,14.9,14.64,14.82,2675900,14.75
"2013-06-10",14.96,14.98,14.58,14.75,2797100,14.68
"2013-06-11",14.43,14.76,14.28,14.6,3495500,14.53
"2013-06-12",15.34,15.35,14.79,14.93,8783700,14.86
"2013-06-13",14.85,15.53,14.7,15.49,5110500,15.42
"2013-06-14",15.47,15.59,15.28,15.31,3587700,15.24
"2013-06-17",15.43,15.5,15.03,15.1,3602000,15.03
"2013-06-18",15.13,15.31,14.94,14.97,3550800,14.9
"2013-06-19",15.02,15.49,14.98,15.29,5686000,15.22
"2013-06-20",15.21,15.23,14.67,14.84,4716600,14.77
"2013-06-21",14.9,15,14.51,14.94,4643400,14.87
"2013-06-24",14.72,14.84,13.9,14.25,6173400,14.19
"2013-06-25",14.39,14.77,14.33,14.71,3590300,14.64
"2013-06-26",14.84,14.95,14.71,14.91,2411800,14.84
"2013-06-27",14.99,15.2,14.9,14.98,4596600,14.91
"2013-06-28",14.92,15.47,14.81,15.3,6640000,15.23
"2013-07-01",15.25,15.6,15.25,15.49,3159000,15.42
"2013-07-02",15.4,15.66,15.29,15.44,2682100,15.37
"2013-07-03",15.25,15.44,15.16,15.38,1465400,15.31
"2013-07-05",15.48,15.9,15.46,15.86,2734900,15.79
"2013-07-08",15.88,16.33,15.88,16.21,5085800,16.14
"2013-07-09",16.36,16.58,16.21,16.4,3590100,16.33
"2013-07-10",16.31,16.56,16.24,16.41,3680900,16.34
"2013-07-11",16.62,16.74,16.4,16.68,3732000,16.6
"2013-07-12",16.68,16.77,16.36,16.6,2956600,16.52
"2013-07-15",16.68,16.79,16.59,16.7,2550900,16.62
"2013-07-16",16.8,16.87,16.41,16.51,3431000,16.44
"2013-07-17",16.63,17.06,16.57,17.05,4827000,16.97
"2013-07-18",17.06,17.64,16.96,17.3,5396400,17.22
"2013-07-19",17.37,17.37,17.09,17.23,2132600,17.15
"2013-07-22",17.21,17.52,17.19,17.46,3114200,17.38
"2013-07-23",17.43,17.44,16.87,17.16,5174200,17.08
"2013-07-24",17.24,17.3,16.9,16.96,3835500,16.88
"2013-07-25",16.83,16.88,16.49,16.75,4865400,16.67
"2013-07-26",16.57,16.88,16.51,16.78,2462600,16.7
"2013-07-29",16.75,17.07,16.68,17.04,3083200,16.96
"2013-07-30",18.14,19.6,18.05,18.56,14378800,18.48
"2013-07-31",18.54,18.96,18.41,18.5,11399800,18.42
"2013-08-01",18.58,18.9,18.51,18.69,4944100,18.61
"2013-08-02",18.62,19.12,18.55,19.02,3770400,18.93
"2013-08-05",19.04,19.18,18.75,18.8,2875600,18.71
"2013-08-06",18.75,19.13,18.65,19.04,4199100,18.95
"2013-08-07",18.92,18.92,18.33,18.8,4972000,18.71
"2013-08-08",18.9,19.17,18.78,18.84,3740300,18.75
"2013-08-09",18.79,19.15,18.75,19.05,2222100,18.96
"2013-08-12",18.85,19.42,18.82,19.38,3101600,19.29
"2013-08-13",19.36,19.48,18.96,19.21,4722900,19.12
"2013-08-14",19.21,19.75,19.17,19.25,2782100,19.16
"2013-08-15",19.08,19.08,18.64,18.84,3127700,18.75
"2013-08-16",19.06,19.09,18.61,18.72,2675000,18.63
"2013-08-19",18.74,18.75,18.28,18.41,3207700,18.33
"2013-08-20",18.44,18.87,18.31,18.83,4026200,18.74
"2013-08-21",18.73,19,18.51,18.58,2775300,18.5
"2013-08-22",18.64,18.95,18.62,18.84,1916200,18.75
"2013-08-23",18.9,19,18.69,18.84,2946000,18.75
"2013-08-26",18.74,19,18.62,18.64,2772300,18.56
"2013-08-27",18.45,19.26,18.29,19.01,6745300,18.92
"2013-08-28",19,19.84,18.84,19.84,6337300,19.75
"2013-08-29",19.9,20.46,19.64,20.31,7511000,20.22
"2013-08-30",20.37,20.37,19.9,20.12,3972100,20.03
"2013-09-03",20.35,20.84,20.14,20.28,4247200,20.19
"2013-09-04",20.32,20.85,20.17,20.76,3687500,20.67
"2013-09-05",20.92,21.01,20.7,20.77,3321300,20.68
"2013-09-06",20.86,21,20.43,20.79,2551500,20.7
"2013-09-09",20.84,21.41,20.76,21.24,3926100,21.14
"2013-09-10",21.47,22.28,21.24,21.97,6888500,21.87
"2013-09-11",22.01,22.36,21.92,22.1,4328200,22
"2013-09-12",22.02,22.15,21.65,21.77,4537300,21.67
"2013-09-13",21.85,21.91,21.41,21.82,3521400,21.72
"2013-09-16",22.07,22.29,21.73,21.82,4194000,21.72
"2013-09-17",21.75,22.16,21.57,21.98,3536200,21.88
"2013-09-18",21.93,22.37,21.62,22.17,3822800,22.07
"2013-09-19",22.48,22.5,21.93,22.23,4253200,22.13
"2013-09-20",23.07,23.13,22.11,22.21,7406500,22.11
"2013-09-23",22.2,22.37,21.81,22.11,6130300,22.01
"2013-09-24",22.23,22.99,22.04,22.82,6783700,22.72
"2013-09-25",22.83,23.24,22.72,22.98,5898800,22.88
"2013-09-26",23.1,23.21,22.51,22.6,3992000,22.5
"2013-09-27",22.43,22.75,22.31,22.46,2372600,22.36
"2013-09-30",22.27,22.61,21.97,22.45,3286100,22.35
"2013-10-01",22.5,23.26,22.42,23.25,4899000,23.14
"2013-10-02",22.8,23.4,22.75,23.27,4074300,23.16
"2013-10-03",23.14,23.34,22.68,22.78,4806400,22.68
"2013-10-04",22.8,23.11,22.62,23.01,4014600,22.91
"2013-10-07",22.72,22.83,22.44,22.45,3483500,22.35
"2013-10-08",22.44,22.72,21.56,21.85,5244900,21.75
"2013-10-09",21.89,22.17,21.45,22.03,4612800,21.93
"2013-10-10",22.43,23,22.34,22.45,5090000,22.35
"2013-10-11",22.4,22.67,22.38,22.64,3177900,22.54
"2013-10-14",22.42,22.84,22.33,22.62,3729000,22.52
"2013-10-15",22.71,22.83,22.2,22.34,3324600,22.24
"2013-10-16",22.47,22.63,22.34,22.44,3209300,22.34
"2013-10-17",22.42,22.43,22.11,22.35,3612800,22.25
"2013-10-18",22.49,22.75,22.36,22.63,4098900,22.53
"2013-10-21",21.88,22.2,20.94,21.12,12457100,21.02
"2013-10-22",21.18,22.1,21.12,22.04,6554500,21.94
"2013-10-23",21.86,21.98,21.48,21.87,4446200,21.77
"2013-10-24",22.02,22.29,21.86,22.15,4012800,22.05
"2013-10-25",22.19,22.29,21.88,22.21,2988900,22.11
"2013-10-28",22.1,22.39,21.76,22.05,5876200,21.95
"2013-10-29",21.08,21.59,19.84,20.76,16804400,20.67
"2013-10-30",20.87,21.48,20.7,21.42,6563600,21.37
"2013-10-31",21.44,21.45,20.96,20.97,4126700,20.93
"2013-11-01",21.12,21.34,20.66,20.86,4438800,20.82
"2013-11-04",20.77,21.04,20.76,20.84,2616400,20.8
"2013-11-05",20.86,21.23,20.53,21.07,3339200,21.02
"2013-11-06",21.14,21.19,20.55,20.58,4027900,20.54
"2013-11-07",20.79,20.99,20.46,20.91,5396600,20.87
"2013-11-08",20.85,21.35,20.81,21.06,3542900,21.01
"2013-11-11",21.06,21.19,20.9,21.06,2081000,21.01
"2013-11-12",20.96,21.14,20.84,21.06,2923900,21.01
"2013-11-13",20.99,21.63,20.9,21.58,3267600,21.53
"2013-11-14",21.58,21.64,21.2,21.33,2522500,21.28
"2013-11-15",21.58,21.69,21.2,21.65,2700000,21.6
"2013-11-18",21.54,21.9,21.41,21.48,2684400,21.43
"2013-11-19",21.5,21.59,21.17,21.23,2104800,21.18
"2013-11-20",21.26,21.56,21.18,21.38,2954200,21.33
"2013-11-21",21.46,21.84,21.39,21.7,2891300,21.65
"2013-11-22",21.7,21.8,21.38,21.75,2315100,21.7
"2013-11-25",21.77,22.32,21.65,22.12,2967100,22.07
"2013-11-26",22.06,22.2,21.81,22.1,2991500,22.05
"2013-11-27",21.98,22.46,21.9,22.35,2251100,22.3
"2013-11-29",22.43,22.5,22.14,22.26,1388900,22.21
"2013-12-02",22.39,22.65,22.05,22.09,2761100,22.04
"2013-12-03",22.07,22.09,21.27,21.43,3279900,21.38
"2013-12-04",21.24,21.74,21.14,21.29,2278000,21.24
"2013-12-05",21.33,22.02,21.29,21.99,8304400,21.94
"2013-12-06",22.3,22.57,22.07,22.56,3185900,22.51
"2013-12-09",22.61,22.88,22.37,22.45,3051800,22.4
"2013-12-10",22.41,22.69,22.3,22.46,2634700,22.41
"2013-12-11",22.38,22.57,22.12,22.43,2950100,22.38
"2013-12-12",22.4,22.48,22.15,22.33,2480700,22.28
"2013-12-13",22.44,22.69,22.33,22.62,1853100,22.57
"2013-12-16",22.71,22.95,22.63,22.76,1867500,22.71
"2013-12-17",22.82,22.92,22.64,22.72,2473700,22.67
"2013-12-18",22.82,22.82,22,22.59,3133500,22.54
"2013-12-19",22.54,22.82,22.38,22.78,2924100,22.73
"2013-12-20",22.87,22.97,22.46,22.93,3618300,22.88
"2013-12-23",23.08,23.38,23,23.34,2102300,23.29
"2013-12-24",23.38,23.63,23.22,23.62,1094200,23.57
"2013-12-26",23.63,23.87,23.45,23.47,1739100,23.42
"2013-12-27",23.43,23.62,23.05,23.54,1605900,23.49
"2013-12-30",23.55,23.67,23.11,23.65,1848300,23.6
"2013-12-31",23.72,24,23.65,23.85,2249300,23.8
"2014-01-02",23.67,23.74,23.31,23.53,2784600,23.48
"2014-01-03",23.7,23.73,23.15,23.37,1995500,23.32
"2014-01-06",23.46,23.95,23.31,23.76,5410400,23.71
"2014-01-07",23.9,24.5,23.8,24.05,4744600,24
"2014-01-08",24.16,24.76,23.98,24.71,7129900,24.66
"2014-01-09",24.98,25.87,24.8,25.22,9002700,25.17
"2014-01-10",25.65,26.25,25.27,25.99,6481500,25.93
"2014-01-13",26.16,26.29,25.22,25.33,4607900,25.28
"2014-01-14",25.44,25.62,25.2,25.42,4035400,25.37
"2014-01-15",25.42,25.75,25.09,25.21,3473700,25.16
"2014-01-16",25.28,25.3,24.85,24.92,3111700,24.87
"2014-01-17",24.99,25.2,24.48,24.53,3730600,24.48
"2014-01-21",24.84,24.89,24.14,24.18,3682200,24.13
"2014-01-22",24.33,24.49,24.03,24.42,3062300,24.37
"2014-01-23",24.3,24.38,23.73,23.89,3129500,23.84
"2014-01-24",23.71,23.72,22.97,23.04,5968100,22.99
"2014-01-27",22.96,23.38,22.57,23.17,4330300,23.12
"2014-01-28",23.18,23.7,23.07,23.38,3277100,23.33
"2014-01-29",23.01,23.44,22.79,23.11,3989800,23.11
"2014-01-30",23.24,23.61,23.11,23.51,2902200,23.51
"2014-01-31",23.21,23.84,23.09,23.66,3856400,23.66
"2014-02-03",23.57,23.72,22.42,22.62,8186800,22.62
"2014-02-04",22.63,22.94,22.41,22.91,4190600,22.91
"2014-02-05",22.77,22.9,22.33,22.86,4396200,22.86
"2014-02-06",22.72,23.54,22.65,23.23,7112100,23.23
"2014-02-07",23.38,23.6,23.07,23.53,2741900,23.53
"2014-02-10",23.57,23.74,23.29,23.5,3367000,23.5
"2014-02-11",23.6,24.16,23.51,24.02,4520400,24.02
"2014-02-12",24.25,24.67,24.13,24.17,8679300,24.17
"2014-02-13",25,27.27,24.68,26.94,16946100,26.94
"2014-02-14",26.82,27.09,26.56,26.76,7460100,26.76
"2014-02-18",26.57,26.89,26.36,26.63,5216700,26.63
"2014-02-19",26.46,26.88,26.23,26.56,5016600,26.56
"2014-02-20",26.7,27.21,26.56,26.65,3897100,26.65
"2014-02-21",26.71,26.81,26.41,26.54,2478900,26.54
"2014-02-24",26.81,26.88,26.25,26.44,3276400,26.44
"2014-02-25",26.79,26.79,26.3,26.5,2556800,26.5
"2014-02-26",26.55,26.71,26.06,26.26,3965400,26.26
"2014-02-27",26.25,26.78,26.11,26.69,3768600,26.69
"2014-02-28",26.85,27.11,26.62,26.87,6604500,26.87
"2014-03-03",26.42,26.64,26.06,26.64,3345200,26.64
"2014-03-04",26.95,27.68,26.79,27.48,4797900,27.48
"2014-03-05",27.41,27.64,27.19,27.49,3392900,27.49
"2014-03-06",27.55,28.14,27.48,28.12,7222600,28.12
"2014-03-07",28.32,28.32,27.51,27.66,3190600,27.66
"2014-03-10",27.7,27.95,27.38,27.91,2620300,27.91
"2014-03-11",27.91,27.94,27.06,27.19,4554600,27.19
"2014-03-12",27.07,27.3,26.76,27.15,3556700,27.15
"2014-03-13",27.33,27.41,26.48,26.71,2541100,26.71
"2014-03-14",26.74,27.58,26.74,27.29,3097500,27.29
"2014-03-17",27.48,27.78,27.21,27.29,2117200,27.29
