"","HCBK.Open","HCBK.High","HCBK.Low","HCBK.Close","HCBK.Volume","HCBK.Adjusted"
"2007-01-03",13.94,14.02,13.87,13.99,2989300,10.77
"2007-01-04",13.99,14.05,13.93,14.05,2927500,10.82
"2007-01-05",14,14.02,13.92,13.96,4101700,10.75
"2007-01-08",13.92,14.05,13.87,13.98,4070900,10.76
"2007-01-09",13.95,14.08,13.91,13.96,2754000,10.75
"2007-01-10",13.92,14.09,13.9,14.04,2564000,10.81
"2007-01-11",14,14.15,13.99,14.11,2563000,10.86
"2007-01-12",14.06,14.25,14.05,14.15,3642900,10.89
"2007-01-16",14.15,14.2,14,14.13,1942800,10.88
"2007-01-17",14.15,14.17,13.95,13.99,2985800,10.77
"2007-01-18",13.97,14.05,13.93,13.97,3097800,10.76
"2007-01-19",14.04,14.07,13.93,13.99,1891900,10.77
"2007-01-22",14.03,14.05,13.97,14,1024100,10.78
"2007-01-23",13.97,14.15,13.96,14.11,3026500,10.86
"2007-01-24",13.88,14.02,13.83,13.98,12842400,10.76
"2007-01-25",13.95,14,13.84,13.86,11635100,10.67
"2007-01-26",13.86,13.86,13.69,13.78,3612000,10.61
"2007-01-29",13.72,13.78,13.62,13.66,4196000,10.52
"2007-01-30",13.65,13.73,13.6,13.69,4317300,10.54
"2007-01-31",13.67,13.84,13.59,13.76,5007500,10.66
"2007-02-01",13.7,13.78,13.55,13.6,6019900,10.53
"2007-02-02",13.59,13.67,13.55,13.64,4267100,10.56
"2007-02-05",13.67,13.68,13.57,13.61,3334300,10.54
"2007-02-06",14,14,13.78,13.85,42247100,10.73
"2007-02-07",13.85,13.85,13.73,13.79,14681200,10.68
"2007-02-08",13.77,13.79,13.66,13.7,8578500,10.61
"2007-02-09",13.68,13.81,13.65,13.72,6471700,10.63
"2007-02-12",13.74,13.8,13.68,13.74,5084400,10.64
"2007-02-13",13.73,13.76,13.66,13.69,4798300,10.6
"2007-02-14",13.71,13.94,13.66,13.9,89295800,10.77
"2007-02-15",13.81,13.81,13.64,13.67,13383800,10.59
"2007-02-16",13.68,13.75,13.62,13.72,6085300,10.63
"2007-02-20",13.75,13.91,13.7,13.86,4132900,10.73
"2007-02-21",13.82,13.88,13.78,13.86,3624400,10.73
"2007-02-22",13.85,13.92,13.85,13.9,4034700,10.77
"2007-02-23",13.9,13.9,13.76,13.79,5790100,10.68
"2007-02-26",13.88,13.88,13.69,13.71,4393000,10.62
"2007-02-27",13.68,13.73,13.34,13.39,5444900,10.37
"2007-02-28",13.48,13.54,13.18,13.4,6358000,10.38
"2007-03-01",13.27,13.5,13.11,13.43,9928100,10.4
"2007-03-02",13.43,13.53,13.35,13.35,4967000,10.34
"2007-03-05",13.25,13.37,13.16,13.21,4840500,10.23
"2007-03-06",13.21,13.33,13.21,13.26,6538700,10.27
"2007-03-07",13.23,13.43,13.22,13.35,5599800,10.34
"2007-03-08",13.39,13.54,13.36,13.39,4575300,10.37
"2007-03-09",13.49,13.52,13.38,13.42,3121300,10.39
"2007-03-12",13.37,13.48,13.37,13.44,4051600,10.41
"2007-03-13",13.32,13.42,13.15,13.16,5569600,10.19
"2007-03-14",13.26,13.41,13.15,13.39,5771100,10.37
"2007-03-15",13.38,13.49,13.31,13.47,4907500,10.43
"2007-03-16",13.51,13.55,13.35,13.51,5837600,10.46
"2007-03-19",13.53,13.61,13.43,13.51,3492300,10.46
"2007-03-20",13.49,13.69,13.47,13.63,2906300,10.56
"2007-03-21",13.63,13.92,13.54,13.91,3495400,10.77
"2007-03-22",13.88,13.94,13.72,13.81,6510200,10.7
"2007-03-23",13.84,13.91,13.76,13.89,4833000,10.76
"2007-03-26",13.85,13.91,13.7,13.79,4075600,10.68
"2007-03-27",13.77,13.8,13.67,13.69,4174400,10.6
"2007-03-28",13.7,13.71,13.51,13.55,5788600,10.49
"2007-03-29",13.58,13.68,13.55,13.63,3444200,10.56
"2007-03-30",13.6,13.7,13.56,13.68,4228600,10.59
"2007-04-02",13.71,13.71,13.51,13.59,6040400,10.52
"2007-04-03",13.63,13.83,13.56,13.79,4485900,10.68
"2007-04-04",13.8,13.81,13.62,13.71,3316800,10.62
"2007-04-05",13.67,13.72,13.58,13.65,2491300,10.57
"2007-04-09",13.66,13.76,13.59,13.66,1500300,10.58
"2007-04-10",13.68,13.7,13.56,13.57,3398800,10.51
"2007-04-11",13.62,13.63,13.47,13.52,3410800,10.47
"2007-04-12",13.45,13.49,13.26,13.35,5070600,10.34
"2007-04-13",13.35,13.42,13.29,13.42,4342700,10.39
"2007-04-16",13.4,13.7,13.4,13.66,5160200,10.58
"2007-04-17",13.66,13.73,13.61,13.64,3100500,10.56
"2007-04-18",13.63,13.75,13.63,13.75,3249800,10.65
"2007-04-19",13.7,13.75,13.62,13.66,3707300,10.58
"2007-04-20",13.61,13.74,13.51,13.55,6720200,10.49
"2007-04-23",13.56,13.62,13.41,13.44,5654900,10.41
"2007-04-24",13.48,13.53,13.3,13.38,4452000,10.36
"2007-04-25",13.47,13.66,13.19,13.45,6343800,10.42
"2007-04-26",13.41,13.48,13.26,13.33,4544100,10.32
"2007-04-27",13.33,13.46,13.32,13.35,5780500,10.34
"2007-04-30",13.46,13.46,13.3,13.32,6042200,10.38
"2007-05-01",13.33,13.39,13.2,13.3,6673600,10.36
"2007-05-02",13.27,13.3,13.19,13.2,8690000,10.28
"2007-05-03",13.21,13.35,13.21,13.34,4815700,10.39
"2007-05-04",13.34,13.47,13.3,13.42,3599500,10.46
"2007-05-07",13.39,13.5,13.39,13.46,3494000,10.49
"2007-05-08",13.46,13.5,13.4,13.47,2949400,10.49
"2007-05-09",13.48,13.64,13.44,13.6,3979400,10.6
"2007-05-10",13.55,13.55,13.26,13.28,4629400,10.35
"2007-05-11",13.31,13.69,13.22,13.33,3567100,10.39
"2007-05-14",13.37,13.39,13.3,13.35,4606500,10.4
"2007-05-15",13.33,13.62,13.28,13.3,5118200,10.36
"2007-05-16",13.28,13.4,13.28,13.35,2055400,10.4
"2007-05-17",13.3,13.36,13.24,13.26,3318000,10.33
"2007-05-18",13.31,13.41,13.26,13.32,3682700,10.38
"2007-05-21",13.28,13.3,13.2,13.26,3817100,10.33
"2007-05-22",13.25,13.4,13.24,13.38,3598800,10.42
"2007-05-23",13.36,13.39,13.21,13.22,4645400,10.3
"2007-05-24",13.21,13.25,13.14,13.14,3705400,10.24
"2007-05-25",13.15,13.24,13.15,13.17,3034300,10.26
"2007-05-29",13.21,13.29,13.12,13.17,3981600,10.26
"2007-05-30",13.11,13.25,13.1,13.22,3368700,10.3
"2007-05-31",13.24,13.28,13.17,13.19,4126800,10.28
"2007-06-01",13.22,13.3,13.16,13.19,3728200,10.28
"2007-06-04",13.19,13.3,13.16,13.18,4582400,10.27
"2007-06-05",13.15,13.2,13.1,13.14,3027300,10.24
"2007-06-06",13.08,13.11,12.92,12.93,5743000,10.07
"2007-06-07",12.93,12.98,12.75,12.75,6826100,9.93
"2007-06-08",12.75,12.96,12.73,12.95,5078500,10.09
"2007-06-11",12.9,13,12.87,12.9,3172100,10.05
"2007-06-12",12.87,12.95,12.81,12.83,3392800,10
"2007-06-13",12.83,12.95,12.82,12.95,3069000,10.09
"2007-06-14",12.91,13.03,12.89,12.91,3156600,10.06
"2007-06-15",12.93,12.93,12.7,12.75,9009900,9.93
"2007-06-18",12.75,12.83,12.65,12.67,3375000,9.87
"2007-06-19",12.67,12.77,12.64,12.66,3005600,9.86
"2007-06-20",12.67,12.7,12.53,12.54,3102700,9.77
"2007-06-21",12.51,12.54,12.38,12.44,4097200,9.69
"2007-06-22",12.42,12.44,12.19,12.19,6396500,9.5
"2007-06-25",12.17,12.31,12.11,12.29,7465400,9.58
"2007-06-26",12.38,12.49,12.3,12.37,5142000,9.64
"2007-06-27",12.4,12.41,12.21,12.41,6113600,9.67
"2007-06-28",12.32,12.47,12.29,12.37,3160800,9.64
"2007-06-29",12.44,12.44,12.18,12.22,3689900,9.52
"2007-07-02",12.23,12.39,12.21,12.33,4083600,9.61
"2007-07-03",12.39,12.42,12.27,12.35,2242700,9.62
"2007-07-05",12.32,12.36,12.19,12.25,2907400,9.54
"2007-07-06",12.23,12.27,12.2,12.23,3993600,9.53
"2007-07-09",12.23,12.29,12.19,12.23,2810700,9.53
"2007-07-10",12.16,12.18,11.85,11.86,5122200,9.24
"2007-07-11",11.83,11.89,11.76,11.85,3862000,9.23
"2007-07-12",11.85,12.17,11.81,12.17,5999300,9.48
"2007-07-13",12.18,12.2,12.04,12.1,2419400,9.43
"2007-07-16",12.06,12.14,12,12.04,2991000,9.38
"2007-07-17",12.04,12.1,11.91,11.91,3865200,9.28
"2007-07-18",11.96,11.96,11.5,11.63,5933000,9.06
"2007-07-19",11.6,11.75,11.52,11.62,4644800,9.05
"2007-07-20",11.62,11.65,11.45,11.58,9569500,9.02
"2007-07-23",11.64,11.76,11.59,11.7,12066400,9.12
"2007-07-24",11.57,11.72,11.52,11.6,9038400,9.04
"2007-07-25",11.61,11.99,11.61,11.85,6079100,9.23
"2007-07-26",11.6,11.92,11.6,11.88,10507700,9.26
"2007-07-27",11.91,12.22,11.87,12,10591700,9.35
"2007-07-30",11.99,12.31,11.91,12.3,7302000,9.58
"2007-07-31",12.37,12.42,12.17,12.22,12186900,9.52
"2007-08-01",12.22,12.31,12.02,12.28,17903100,9.57
"2007-08-02",12.25,12.44,12.14,12.2,5882900,9.51
"2007-08-03",12.43,12.68,12.36,12.5,18212300,9.74
"2007-08-06",12.5,13.24,12.45,13.24,10203100,10.32
"2007-08-07",13.33,13.49,12.08,13.24,13445500,10.32
"2007-08-08",13.24,13.77,13.19,13.52,11717300,10.6
"2007-08-09",13.4,13.79,13.04,13.64,10655500,10.7
"2007-08-10",13.49,13.61,13.13,13.44,8871000,10.54
"2007-08-13",13.41,13.55,12.94,13.07,6432400,10.25
"2007-08-14",13.12,13.27,12.85,13.03,6551600,10.22
"2007-08-15",12.98,13.39,12.83,12.93,7289400,10.14
"2007-08-16",12.94,13.5,12.87,13.46,7285200,10.55
"2007-08-17",13.75,14,13.11,13.98,10677000,10.96
"2007-08-20",13.95,14,13.75,13.84,6841500,10.85
"2007-08-21",13.88,14.18,13.85,14.09,6063200,11.05
"2007-08-22",14.13,14.29,14.09,14.22,4690800,11.15
"2007-08-23",14.27,14.29,14.01,14.14,5405500,11.09
"2007-08-24",14.2,14.36,13.94,14.35,5470100,11.25
"2007-08-27",14.35,14.35,14.09,14.09,3479600,11.05
"2007-08-28",14.04,14.15,13.84,13.84,4069000,10.85
"2007-08-29",13.98,14.26,13.85,14.26,4058400,11.18
"2007-08-30",14.21,14.37,14.08,14.08,5030200,11.04
"2007-08-31",14.24,14.35,14.15,14.22,4037100,11.15
"2007-09-04",14.2,14.49,14.11,14.2,6317200,11.14
"2007-09-05",14.2,14.39,14.09,14.34,4513400,11.24
"2007-09-06",14.33,14.38,14.08,14.11,4683800,11.06
"2007-09-07",14,14.28,13.95,14.01,5110800,10.99
"2007-09-10",14.1,14.24,13.97,14.1,2843300,11.06
"2007-09-11",14.19,14.43,14.12,14.29,3301600,11.21
"2007-09-12",14.3,14.44,14.17,14.34,3369200,11.24
"2007-09-13",14.45,14.59,14.33,14.57,4463200,11.43
"2007-09-14",14.54,14.75,14.47,14.74,4569600,11.56
"2007-09-17",14.93,14.93,14.74,14.84,7905000,11.64
"2007-09-18",14.82,15.35,14.81,15.35,7065900,12.04
"2007-09-19",15.46,15.66,15.32,15.58,11726800,12.22
"2007-09-20",15.33,15.35,14.9,15.1,6731400,11.84
"2007-09-21",15.2,15.2,14.96,14.96,12320800,11.73
"2007-09-24",15,15.11,14.92,15.05,5463000,11.8
"2007-09-25",15.05,15.25,15,15.13,3884000,11.86
"2007-09-26",15.18,15.25,14.98,15.13,4182900,11.86
"2007-09-27",15.23,15.35,15.17,15.32,3242300,12.01
"2007-09-28",15.35,15.53,15.27,15.38,7067500,12.06
"2007-10-01",15.35,15.71,15.25,15.57,5089200,12.21
"2007-10-02",15.6,15.81,15.59,15.69,4752600,12.3
"2007-10-03",15.71,15.88,15.63,15.67,5373600,12.29
"2007-10-04",15.73,15.88,15.62,15.81,5288600,12.4
"2007-10-05",15.8,15.83,15.14,15.59,9573100,12.23
"2007-10-08",15.64,15.76,15.54,15.7,4050800,12.31
"2007-10-09",15.71,16.05,15.66,15.94,8181100,12.5
"2007-10-10",15.91,16.08,15.7,15.83,4599500,12.41
"2007-10-11",15.83,15.96,15.53,15.57,3822300,12.21
"2007-10-12",15.63,15.78,15.28,15.31,5238800,12.01
"2007-10-15",15.34,15.38,15.06,15.14,3141100,11.87
"2007-10-16",15.22,15.34,15,15.17,5463400,11.9
"2007-10-17",15.18,15.27,14.74,15.03,4346000,11.79
"2007-10-18",15,15.13,14.78,14.99,3894600,11.75
"2007-10-19",14.98,15.24,14.86,14.95,4649100,11.72
"2007-10-22",14.9,15.26,14.78,15.22,4161000,11.93
"2007-10-23",15.32,15.39,15.11,15.39,3372000,12.07
"2007-10-24",15.24,15.24,14.67,15.08,4906200,11.83
"2007-10-25",15.11,15.27,14.89,15.09,3762000,11.83
"2007-10-26",15.3,15.53,15,15.52,3500000,12.17
"2007-10-29",15.52,15.73,15.4,15.61,3600400,12.24
"2007-10-30",15.61,15.72,15.47,15.61,2879400,12.24
"2007-10-31",15.69,15.94,15.45,15.66,6582800,12.28
"2007-11-01",15.54,15.63,14.89,14.9,3867400,11.68
"2007-11-02",14.9,14.93,14.34,14.39,8076000,11.28
"2007-11-05",14.21,14.85,14.15,14.78,6951000,11.59
"2007-11-06",14.77,14.91,14.54,14.91,6444200,11.69
"2007-11-07",14.79,14.79,14.37,14.39,8204400,11.28
"2007-11-08",14.41,14.68,14.14,14.6,6800200,11.52
"2007-11-09",14.49,15.18,14.26,14.94,4895700,11.79
"2007-11-12",14.99,15.16,14.53,14.56,5751800,11.49
"2007-11-13",14.7,15.35,14.59,15.34,4029200,12.1
"2007-11-14",15.37,15.55,15.16,15.23,4048300,12.01
"2007-11-15",15.23,15.3,14.79,14.87,3704600,11.73
"2007-11-16",14.95,15.35,14.86,15.13,6831400,11.93
"2007-11-19",15.15,15.29,14.95,15.13,5845300,11.93
"2007-11-20",15.16,15.36,14.55,14.88,7702700,11.74
"2007-11-21",14.76,14.99,14.45,14.69,3887800,11.59
"2007-11-23",14.68,15.06,14.68,14.85,1665600,11.71
"2007-11-26",14.82,14.91,14.31,14.31,3558200,11.29
"2007-11-27",14.39,14.7,14.25,14.46,6610900,11.41
"2007-11-28",14.55,15.04,14.51,15.02,5510600,11.85
"2007-11-29",15,15.18,14.78,14.98,3590500,11.82
"2007-11-30",15.21,15.53,15.06,15.22,5734000,12.01
"2007-12-03",15.22,15.36,15.04,15.27,4406600,12.05
"2007-12-04",15.29,15.4,14.99,15.01,4561700,11.84
"2007-12-05",15.09,15.28,15.02,15.22,4698600,12.01
"2007-12-06",15.46,15.83,15.34,15.78,8372700,12.45
"2007-12-07",15.85,15.86,15.52,15.59,4229400,12.3
"2007-12-10",15.7,15.92,15.69,15.88,6110300,12.53
"2007-12-11",15.89,15.92,15,15.02,5879600,11.85
"2007-12-12",15.32,15.49,14.41,14.77,9250300,11.65
"2007-12-13",14.67,14.88,14.37,14.87,6387800,11.73
"2007-12-14",14.8,15.05,14.46,14.48,6073900,11.42
"2007-12-17",14.4,14.56,14.14,14.16,5701000,11.17
"2007-12-18",14.21,14.54,14.1,14.5,4726500,11.44
"2007-12-19",14.47,14.69,14.32,14.48,4068200,11.42
"2007-12-20",14.61,14.67,14.32,14.61,4932100,11.52
"2007-12-21",14.7,15.04,14.61,15.03,5088700,11.86
"2007-12-24",15.01,15.22,14.89,15.09,1127200,11.9
"2007-12-26",15.04,15.21,14.99,15.2,1747000,11.99
"2007-12-27",15.21,15.23,14.88,14.88,2185300,11.74
"2007-12-28",14.86,15.04,14.74,14.79,1855200,11.67
"2007-12-31",14.67,15.11,14.47,15.02,2982900,11.85
"2008-01-02",14.95,15.07,14.75,14.82,4796700,11.69
"2008-01-03",14.86,15.21,14.67,14.81,5358400,11.68
"2008-01-04",14.75,14.82,14.42,14.57,5122900,11.49
"2008-01-07",14.73,15.06,14.53,14.83,5943300,11.7
"2008-01-08",14.93,14.96,14.35,14.35,5363900,11.32
"2008-01-09",14.39,14.48,13.77,14.32,7528200,11.3
"2008-01-10",14.29,14.8,14,14.59,6570600,11.51
"2008-01-11",14.5,15.05,14.33,14.95,7510700,11.79
"2008-01-14",15.03,15.05,14.6,14.91,4887800,11.76
"2008-01-15",14.75,14.84,14.52,14.55,5218400,11.48
"2008-01-16",14.45,14.98,14.4,14.66,6616200,11.56
"2008-01-17",14.59,14.77,14.26,14.29,6678000,11.27
"2008-01-18",14.27,14.62,13.8,13.9,8196300,10.96
"2008-01-22",13.37,14.66,13.28,14.46,8545700,11.41
"2008-01-23",14.04,15.87,13.93,15.8,13303600,12.46
"2008-01-24",15.94,16.02,15.32,15.85,13721800,12.5
"2008-01-25",15.81,15.95,15.49,15.69,10161200,12.38
"2008-01-28",15.6,15.99,15.4,15.94,10936600,12.57
"2008-01-29",15.94,16,15.66,15.86,7951400,12.51
"2008-01-30",15.86,16.15,15.71,15.8,10770600,12.46
"2008-01-31",15.49,16.5,15.42,16.38,13033400,12.92
"2008-02-01",16.15,16.64,16.01,16.42,15170600,12.95
"2008-02-04",16.38,16.46,15.93,16.1,9720800,12.7
"2008-02-05",15.78,16.08,15.66,15.9,9150800,12.54
"2008-02-06",16.07,16.3,15.88,16.02,9773300,12.64
"2008-02-07",15.94,16.38,15.89,16.16,13364800,12.82
"2008-02-08",16.14,16.27,15.81,15.99,9824300,12.68
"2008-02-11",15.92,16.05,15.78,15.83,7476500,12.56
"2008-02-12",16.15,16.35,15.97,16.22,10414900,12.87
"2008-02-13",16.39,16.39,15.99,16.19,5530200,12.84
"2008-02-14",16.17,16.27,15.96,16.04,7501700,12.72
"2008-02-15",15.91,15.98,15.43,15.65,13397800,12.41
"2008-02-19",15.85,15.86,15.11,15.34,9032100,12.17
"2008-02-20",15.28,15.73,15.15,15.69,8073800,12.45
"2008-02-21",15.8,16.11,15.74,15.96,9089000,12.66
"2008-02-22",15.95,16.25,15.75,16.25,6525300,12.89
"2008-02-25",16.34,16.4,15.94,16.36,7359400,12.98
"2008-02-26",16.43,16.46,16.14,16.29,8230100,12.92
"2008-02-27",16.23,16.85,16.18,16.59,17423100,13.16
"2008-02-28",16.66,16.66,16.27,16.4,9563200,13.01
"2008-02-29",16.25,16.32,15.77,15.87,7111500,12.59
"2008-03-03",15.9,16.11,15.77,15.99,6636300,12.68
"2008-03-04",15.96,16.07,15.56,15.96,7031800,12.66
"2008-03-05",15.96,16.17,15.69,15.9,6901300,12.61
"2008-03-06",15.82,15.87,15.35,15.41,8656600,12.22
"2008-03-07",15.24,15.73,15.21,15.45,7697800,12.26
"2008-03-10",15.58,15.64,15.17,15.25,8168700,12.1
"2008-03-11",15.61,16.35,15.61,16.35,10885400,12.97
"2008-03-12",16.35,16.75,16.15,16.21,12539200,12.86
"2008-03-13",16.05,16.93,15.96,16.66,19128300,13.22
"2008-03-14",16.51,16.71,16.02,16.34,12674300,12.96
"2008-03-17",15.77,17.22,15.77,17.01,12679800,13.49
"2008-03-18",17.55,17.86,16.99,17.86,12948400,14.17
"2008-03-19",17.67,18.1,17.67,17.7,12463100,14.04
"2008-03-20",17.91,18.31,17.44,18.29,15207400,14.51
"2008-03-24",18.3,18.65,18.1,18.13,11160700,14.38
"2008-03-25",18.29,18.38,17.91,18.26,15226300,14.49
"2008-03-26",17.79,18.02,17.56,17.83,9829900,14.14
"2008-03-27",17.96,18.13,17.71,17.74,9661900,14.07
"2008-03-28",17.93,18.23,17.72,17.75,8190800,14.08
"2008-03-31",17.9,18.02,17.6,17.68,6908800,14.03
"2008-04-01",18.18,18.75,18.01,18.75,10194600,14.87
"2008-04-02",18.78,19.12,18.52,18.66,10471000,14.8
"2008-04-03",18.73,18.82,18.47,18.55,10142000,14.72
"2008-04-04",18.64,18.69,18.4,18.42,10081700,14.61
"2008-04-07",18.51,18.7,18.07,18.16,10017200,14.41
"2008-04-08",18.2,18.2,17.79,17.89,9278700,14.19
"2008-04-09",17.85,18.03,17.82,17.86,7787500,14.17
"2008-04-10",17.83,17.88,17.51,17.62,8475700,13.98
"2008-04-11",17.45,17.84,17.33,17.48,7769500,13.87
"2008-04-14",17.37,17.5,16.94,16.99,9782200,13.48
"2008-04-15",17.07,17.52,17.01,17.39,10199100,13.8
"2008-04-16",17.67,18.13,17.62,18.1,7977800,14.36
"2008-04-17",18,18.15,17.57,18.01,6563700,14.29
"2008-04-18",18.42,18.58,17.96,18.09,10552200,14.35
"2008-04-21",18.17,18.17,17.49,17.49,8010900,13.87
"2008-04-22",17.75,18.35,17.54,18.27,9855000,14.49
"2008-04-23",18.38,18.63,18.25,18.42,10174300,14.61
"2008-04-24",18.52,18.95,18.43,18.84,7039200,14.95
"2008-04-25",18.95,19.14,18.78,19.11,7271400,15.16
"2008-04-28",19.18,19.33,18.92,19.26,7853900,15.28
"2008-04-29",19.25,19.42,19.01,19.37,10006200,15.37
"2008-04-30",19.43,19.62,19.11,19.13,14305800,15.18
"2008-05-01",19.01,19.58,19.01,19.58,7526100,15.53
"2008-05-02",19.63,19.78,19.28,19.41,10177400,15.4
"2008-05-05",19.32,19.4,19.01,19.07,5572700,15.13
"2008-05-06",19.11,19.39,18.99,19.15,10188800,15.19
"2008-05-07",19.19,19.22,18.45,18.47,8870700,14.74
"2008-05-08",18.67,18.74,18.38,18.48,7487700,14.74
"2008-05-09",18.27,18.84,18.27,18.59,5205200,14.83
"2008-05-12",18.56,18.73,18.46,18.66,5993100,14.89
"2008-05-13",18.73,18.81,18.48,18.74,5272300,14.95
"2008-05-14",18.86,18.89,18.63,18.68,6642600,14.9
"2008-05-15",18.73,18.91,18.63,18.89,7799900,15.07
"2008-05-16",18.85,18.95,18.35,18.47,4491600,14.74
"2008-05-19",18.53,18.56,18.23,18.26,4119300,14.57
"2008-05-20",18.1,18.19,17.87,18.08,5049800,14.43
"2008-05-21",18.1,18.16,17.76,17.79,6729400,14.19
"2008-05-22",17.78,18.3,17.73,18.04,4900800,14.39
"2008-05-23",18.03,18.04,17.6,17.83,7638900,14.23
"2008-05-27",17.67,18.03,17.27,17.63,9367100,14.07
"2008-05-28",17.62,17.66,17.1,17.56,8972500,14.01
"2008-05-29",17.54,18.2,17.54,17.96,6021600,14.33
"2008-05-30",17.97,18.03,17.65,17.8,6383800,14.2
"2008-06-02",17.79,18.02,17.67,17.88,7323200,14.27
"2008-06-03",17.87,17.97,17.21,17.48,8948900,13.95
"2008-06-04",17.31,17.5,17.14,17.26,5289500,13.77
"2008-06-05",17.44,17.52,17.16,17.37,6550100,13.86
"2008-06-06",17.27,17.37,17.02,17.04,6552000,13.6
"2008-06-09",17,17.18,16.64,16.87,6373100,13.46
"2008-06-10",16.63,16.83,16.4,16.6,9834300,13.24
"2008-06-11",16.53,16.71,16.07,16.09,12300800,12.84
"2008-06-12",16.26,16.85,16.15,16.64,9487600,13.28
"2008-06-13",16.78,16.82,16.35,16.74,7257300,13.36
"2008-06-16",16.35,17.32,16.24,17.18,7202400,13.71
"2008-06-17",17.41,17.52,16.68,16.68,5820000,13.31
"2008-06-18",16.74,17.16,16.38,16.93,8893300,13.51
"2008-06-19",17.04,17.17,16.57,17.01,14266000,13.57
"2008-06-20",17,17.88,16.51,17.2,12261600,13.72
"2008-06-23",17.51,17.51,16.91,17.17,10763400,13.7
"2008-06-24",17.01,17.55,16.94,17.26,8639100,13.77
"2008-06-25",17.52,18.08,17.52,17.75,12487300,14.16
"2008-06-26",17.56,17.65,17.28,17.39,10335800,13.87
"2008-06-27",17.3,17.52,16.72,16.9,13585600,13.48
"2008-06-30",16.81,16.97,16.66,16.68,6782400,13.31
"2008-07-01",16.52,16.98,16.38,16.96,9510600,13.53
"2008-07-02",16.99,17.25,16.55,16.59,7203300,13.24
"2008-07-03",16.76,16.88,16.54,16.62,4726500,13.26
"2008-07-07",16.74,17,15.9,16.26,10170900,12.97
"2008-07-08",16.42,17.38,16.12,17.36,9895400,13.85
"2008-07-09",17.39,17.69,16.96,17.04,13376000,13.6
"2008-07-10",17.18,17.64,16.95,17.48,8919500,13.95
"2008-07-11",17.09,18,17.06,17.81,14004600,14.21
"2008-07-14",18.1,18.11,16.55,16.58,13903000,13.23
"2008-07-15",16.49,16.77,15.55,16.05,15895800,12.81
"2008-07-16",16.38,17.94,16.27,17.93,11425000,14.31
"2008-07-17",18.22,18.67,17.3,18.2,14484400,14.52
"2008-07-18",18.3,18.4,17.7,18.39,9339800,14.67
"2008-07-21",18.44,18.6,17.94,17.98,7639800,14.35
"2008-07-22",17.98,19.15,17.46,19.03,10720900,15.18
"2008-07-23",19.19,19.43,18.14,18.45,12113300,14.72
"2008-07-24",17.91,18,16.95,17.05,11075100,13.6
"2008-07-25",17.23,17.85,16.89,17.09,10981800,13.64
"2008-07-28",16.97,17.44,16.67,16.76,8963300,13.37
"2008-07-29",16.97,17.61,16.83,17.61,11253200,14.05
"2008-07-30",17.71,18.38,17.66,18.06,8470400,14.41
"2008-07-31",17.84,18.58,17.7,18.26,9871300,14.57
"2008-08-01",18.41,18.47,18.03,18.34,7146800,14.63
"2008-08-04",18.03,18.3,17.68,17.83,7739800,14.23
"2008-08-05",18.14,18.35,17.95,18.28,9245500,14.58
"2008-08-06",18.3,18.51,17.97,18.19,8450100,14.51
"2008-08-07",18.03,18.45,17.79,17.96,10118500,14.42
"2008-08-08",18.09,18.84,17.97,18.76,9692900,15.07
"2008-08-11",18.61,19.25,18.33,19.11,8323800,15.35
"2008-08-12",18.71,19.19,18.52,18.64,10522100,14.97
"2008-08-13",18.68,18.85,18.32,18.58,10147500,14.92
"2008-08-14",18.42,18.88,18.42,18.68,8443400,15
"2008-08-15",18.84,19.1,18.63,18.7,7899700,15.02
"2008-08-18",18.8,18.85,18.15,18.19,8366300,14.61
"2008-08-19",18.05,18.26,17.85,17.97,6481700,14.43
"2008-08-20",17.85,17.97,17.54,17.92,10061900,14.39
"2008-08-21",17.86,17.91,17.64,17.78,7035700,14.28
"2008-08-22",18.01,18.06,17.66,18.01,8522800,14.46
"2008-08-25",17.97,18,17.57,17.58,6512400,14.12
"2008-08-26",17.58,17.87,17.47,17.72,8996800,14.23
"2008-08-27",17.6,18,17.59,17.91,6822700,14.38
"2008-08-28",17.99,18.5,17.94,18.5,7739600,14.86
"2008-08-29",18.39,18.64,18.32,18.44,5472500,14.81
"2008-09-02",18.77,18.83,18.3,18.5,9010800,14.86
"2008-09-03",18.5,18.73,18.35,18.64,8610700,14.97
"2008-09-04",18.43,18.6,17.85,17.86,8069400,14.34
"2008-09-05",17.69,18.42,17.67,18.38,11315000,14.76
"2008-09-08",18.91,19.15,18.15,18.67,15685300,15
"2008-09-09",18.64,18.85,18.05,18.11,15099600,14.55
"2008-09-10",18.19,18.47,17.59,18.16,11597400,14.59
"2008-09-11",17.98,19,17.92,18.99,13428500,15.25
"2008-09-12",18.75,19.32,18.63,19.21,11384400,15.43
"2008-09-15",18.27,19.42,18.27,18.8,16147400,15.1
"2008-09-16",18.57,20,17.75,19.23,21643600,15.44
"2008-09-17",19.19,19.53,18.35,18.63,18871300,14.96
"2008-09-18",19.12,20.97,18.71,20.42,25904300,16.4
"2008-09-19",19.66,19.66,18.83,19.66,15098400,15.79
"2008-09-22",19.55,19.64,18.5,18.52,5853800,14.87
"2008-09-23",18.75,19.12,18.39,18.49,7225200,14.85
"2008-09-24",18.6,19.02,18.45,18.9,5999900,15.18
"2008-09-25",19.02,19.1,18.37,18.6,6094000,14.94
"2008-09-26",18.69,19.09,18.11,18.81,7008200,15.11
"2008-09-29",19.08,19.1,16.5,16.5,8096000,13.25
"2008-09-30",17.74,18.99,17.72,18.45,9421200,14.82
"2008-10-01",18.37,19.03,18.28,18.49,5306900,14.85
"2008-10-02",18.73,18.77,18.22,18.22,4379400,14.63
"2008-10-03",18.51,19.41,18.05,18.45,6883700,14.82
"2008-10-06",18.36,18.99,18.03,18.54,7376500,14.89
"2008-10-07",18.06,18.5,16.5,16.5,9200900,13.25
"2008-10-08",16.68,16.82,15.87,16.05,8194900,12.89
"2008-10-09",16.1,16.55,15.32,15.32,13464400,12.3
"2008-10-10",14.63,15.79,14,15.32,15613400,12.3
"2008-10-13",15.98,16.13,14.76,15.8,10269700,12.69
"2008-10-14",16.19,16.45,15.09,16.07,13236800,12.91
"2008-10-15",15.73,17.6,15.73,16.7,13206800,13.41
"2008-10-16",17.04,17.52,15.9,17.45,9038700,14.02
"2008-10-17",17.33,18,17.15,17.34,10103800,13.93
"2008-10-20",17.61,17.65,16.8,17.37,8645800,13.95
"2008-10-21",17.36,17.8,17.21,17.31,7290000,13.9
"2008-10-22",17.25,18.09,16.83,17.1,10370600,13.73
"2008-10-23",17.08,17.3,16.13,16.92,7525900,13.59
"2008-10-24",16,16.65,15.96,16.03,8836700,12.87
"2008-10-27",15.8,16.57,15.64,15.71,6714400,12.62
"2008-10-28",16.34,17.88,15.95,17.84,8414800,14.33
"2008-10-29",17.58,18.02,17.11,17.33,8005500,13.92
"2008-10-30",17.87,18.38,17.76,18.38,8680800,14.76
"2008-10-31",18.37,18.84,18.17,18.81,8592500,15.11
"2008-11-03",18.61,18.79,18.3,18.47,6191600,14.83
"2008-11-04",18.7,18.93,18.07,18.87,6960300,15.16
"2008-11-05",18.61,18.76,17.93,18.01,6559400,14.46
"2008-11-06",17.65,18.03,17.07,17.15,7352400,13.87
"2008-11-07",17.38,17.66,16.99,17.65,5635500,14.28
"2008-11-10",17.92,17.97,17.45,17.61,4168400,14.25
"2008-11-11",17.63,17.95,17.26,17.53,5510300,14.18
"2008-11-12",17.39,17.7,16.98,17.01,8347900,13.76
"2008-11-13",17.04,18.55,16.53,18.49,11895700,14.96
"2008-11-14",18.21,18.65,17.47,17.51,9838800,14.17
"2008-11-17",17.38,17.82,17.08,17.28,5868900,13.98
"2008-11-18",17.35,17.6,16.55,17.38,8240000,14.06
"2008-11-19",17.36,17.45,16.13,16.16,7348200,13.07
"2008-11-20",16.1,16.73,15.62,15.75,12380900,12.74
"2008-11-21",16.04,16.54,15.01,16.41,14865200,13.28
"2008-11-24",16.6,17.25,16.19,17.01,11839100,13.76
"2008-11-25",17.14,17.18,16.13,16.13,19737000,13.05
"2008-11-26",16.29,16.75,16.09,16.39,8598100,13.26
"2008-11-28",16.43,16.72,16.15,16.7,2378200,13.51
"2008-12-01",16.41,16.5,14.35,14.36,10744400,11.62
"2008-12-02",14.78,15.22,14.27,15.21,8839400,12.3
"2008-12-03",14.94,15.66,14.5,15.59,11572100,12.61
"2008-12-04",15.26,15.68,14.86,14.96,6910300,12.1
"2008-12-05",14.67,15.71,14.65,15.64,8358900,12.65
"2008-12-08",15.8,16.15,15.49,15.77,7181000,12.76
"2008-12-09",15.72,15.82,15.17,15.28,8918400,12.36
"2008-12-10",15.64,15.67,15.28,15.49,6245700,12.53
"2008-12-11",15.02,15.07,14.39,14.5,10443600,11.73
"2008-12-12",14.24,15,14.09,15,7379500,12.14
"2008-12-15",15.15,15.15,14.6,14.97,5148700,12.11
"2008-12-16",15,16.3,15,16.3,7636200,13.19
"2008-12-17",16.2,16.32,15.86,16.02,5082000,12.96
"2008-12-18",16.14,16.27,15.32,15.49,5621600,12.53
"2008-12-19",15.5,15.72,14.86,14.88,9203200,12.04
"2008-12-22",14.98,15.18,14.75,14.98,3926800,12.12
"2008-12-23",15.04,15.16,14.76,14.77,2856000,11.95
"2008-12-24",14.84,15.05,14.84,14.98,1164000,12.12
"2008-12-26",15,15.14,14.79,14.91,1211000,12.06
"2008-12-29",14.85,14.86,14.5,14.69,2848800,11.88
"2008-12-30",14.62,15.26,14.62,15.25,3090600,12.34
"2008-12-31",15.12,16,15.12,15.96,4691900,12.91
"2009-01-02",15.79,15.89,15.08,15.22,4818300,12.31
"2009-01-05",15.15,15.18,14.92,15.07,6497500,12.19
"2009-01-06",14.98,15.4,14.95,15.29,6819200,12.37
"2009-01-07",15.13,15.28,14.78,14.8,5752300,11.97
"2009-01-08",14.71,14.88,14.51,14.63,6613900,11.84
"2009-01-09",14.87,14.87,14.21,14.21,6728000,11.5
"2009-01-12",14.25,14.27,13.69,13.81,10464200,11.17
"2009-01-13",13.85,14.13,13.66,14.05,8728900,11.37
"2009-01-14",13.7,13.84,13.17,13.18,8907900,10.66
"2009-01-15",13.15,13.44,12.88,13.16,11095900,10.65
"2009-01-16",13.31,13.42,13.07,13.29,9943500,10.75
"2009-01-20",13.21,13.47,12.24,12.24,11695600,9.9
"2009-01-21",12.96,13.06,11.64,13.06,22657300,10.57
"2009-01-22",12.79,13.06,11.97,11.97,13891000,9.68
"2009-01-23",11.8,12.33,11.74,12.03,13525800,9.73
"2009-01-26",12.26,12.41,11.71,11.76,11800900,9.51
"2009-01-27",11.9,12.37,11.75,12.32,12126200,9.97
"2009-01-28",12.93,12.94,12.27,12.53,13910800,10.14
"2009-01-29",12.44,12.5,11.93,11.99,11692800,9.7
"2009-01-30",11.99,12.27,11.46,11.6,11304100,9.38
"2009-02-02",11.5,11.79,11.3,11.64,7700500,9.42
"2009-02-03",11.64,12.02,11.49,11.83,10422100,9.57
"2009-02-04",11.83,12.45,11.83,12.12,14015300,9.81
"2009-02-05",11.97,12.43,11.72,12.1,10660800,9.9
"2009-02-06",12.21,12.63,12.2,12.56,7552300,10.28
"2009-02-09",12.47,13.04,12.4,12.89,10202100,10.55
"2009-02-10",12.8,12.91,12.08,12.08,13182800,9.89
"2009-02-11",12.2,12.57,11.97,12.33,6882900,10.09
"2009-02-12",12.11,12.26,11.64,12.19,10191100,9.98
"2009-02-13",12.16,12.2,11.75,11.85,8758600,9.7
"2009-02-17",11.6,11.68,11.15,11.15,10432000,9.13
"2009-02-18",11.2,11.38,10.89,11.07,8117300,9.06
"2009-02-19",11.12,11.26,10.5,10.5,9052600,8.59
"2009-02-20",10.27,10.71,10.05,10.48,16133000,8.58
"2009-02-23",10.65,10.74,10.19,10.19,11660100,8.34
"2009-02-24",10.38,10.76,10.05,10.76,13037400,8.81
"2009-02-25",10.38,11.03,10.13,10.72,12653100,8.77
"2009-02-26",11.07,11.28,10.75,10.86,9648600,8.89
"2009-02-27",10.76,10.91,10.34,10.37,10877200,8.49
"2009-03-02",10.26,10.43,10.13,10.15,9727400,8.31
"2009-03-03",10.31,10.4,10,10.14,10787000,8.3
"2009-03-04",10.25,10.44,9.91,10.05,12031300,8.23
"2009-03-05",9.86,9.88,8.87,8.93,18598100,7.31
"2009-03-06",9.05,9.14,8.53,8.8,14806500,7.2
"2009-03-09",8.6,8.89,7.46,8.53,12212900,6.98
"2009-03-10",8.99,9.59,8.72,9.59,16103100,7.85
"2009-03-11",9.61,9.75,9.27,9.6,14484100,7.86
"2009-03-12",9.54,10.4,9.32,10.33,12303300,8.45
"2009-03-13",10.42,10.62,10.21,10.55,12222800,8.63
"2009-03-16",10.72,10.95,10.26,10.34,11093700,8.46
"2009-03-17",10.26,10.79,10.16,10.79,8401700,8.83
"2009-03-18",10.97,12.05,10.62,12.02,18448800,9.84
"2009-03-19",12.18,12.19,11.22,11.22,14104600,9.18
"2009-03-20",11.5,11.56,11.07,11.09,12005000,9.08
"2009-03-23",11.67,12.41,11.31,12.41,15478200,10.16
"2009-03-24",12.02,12.38,11.41,11.41,11150500,9.34
"2009-03-25",11.5,12.07,11.32,11.87,11565500,9.72
"2009-03-26",12.02,12.3,11.67,12.2,10468100,9.99
"2009-03-27",11.9,12.19,11.7,11.86,9073500,9.71
"2009-03-30",11.51,11.56,10.87,10.96,10798000,8.97
"2009-03-31",11.25,11.69,11.1,11.69,10400700,9.57
"2009-04-01",11.41,11.92,11.22,11.8,7360400,9.66
"2009-04-02",12.17,12.31,12,12.21,8576600,9.99
"2009-04-03",12.01,12.26,11.82,12.26,5896100,10.03
"2009-04-06",12.12,12.15,11.78,11.89,6278700,9.73
"2009-04-07",11.69,12.37,11.63,11.95,9411500,9.78
"2009-04-08",12,12.19,11.82,12,4878200,9.82
"2009-04-09",12.61,12.9,12.18,12.9,13187300,10.56
"2009-04-13",12.65,13.45,12.53,13.36,9257400,10.93
"2009-04-14",12.95,13.21,12.37,12.37,10576100,10.12
"2009-04-15",12.3,12.89,12.2,12.86,9090900,10.53
"2009-04-16",12.97,13.03,12.46,12.74,8946800,10.43
"2009-04-17",12.78,12.99,12.5,12.8,11085900,10.48
"2009-04-20",12.65,12.65,11.7,11.73,10701500,9.6
"2009-04-21",11.73,12.54,11.26,12.53,14263200,10.26
"2009-04-22",12.49,12.98,12.08,12.18,15052700,9.97
"2009-04-23",12.26,12.59,11.99,12.53,10217700,10.26
"2009-04-24",12.58,13.02,12.25,12.81,11013600,10.48
"2009-04-27",12.53,12.85,12.41,12.52,9523600,10.25
"2009-04-28",12.33,12.68,12.3,12.41,8841200,10.16
"2009-04-29",12.55,12.89,12.5,12.88,6312600,10.54
"2009-04-30",13.02,13.06,12.4,12.56,10406300,10.28
"2009-05-01",12.43,12.56,12.13,12.13,8268100,9.93
"2009-05-04",12.38,13.09,12.14,12.98,10016400,10.62
"2009-05-05",12.81,13,12.61,12.67,7421900,10.37
"2009-05-06",12.87,13.08,12.52,12.95,14579200,10.73
"2009-05-07",13.08,13.15,12.03,12.23,14931900,10.13
"2009-05-08",12.23,12.66,12.08,12.63,12405900,10.46
"2009-05-11",12.32,13.02,12.27,12.76,14694800,10.57
"2009-05-12",12.8,13.03,12.48,12.83,14383200,10.63
"2009-05-13",12.62,12.79,12.25,12.27,10611200,10.16
"2009-05-14",12.35,12.66,12.26,12.63,7483900,10.46
"2009-05-15",12.5,12.62,12.25,12.28,6130300,10.17
"2009-05-18",12.59,12.92,12.44,12.91,8001000,10.69
"2009-05-19",12.76,12.81,12.41,12.48,9782900,10.34
"2009-05-20",12.6,12.7,11.68,11.77,12755500,9.75
"2009-05-21",11.6,11.73,11.39,11.54,11404200,9.56
"2009-05-22",11.74,11.74,11.52,11.63,5791900,9.63
"2009-05-26",11.65,12.42,11.63,12.42,11436000,10.29
"2009-05-27",12.45,12.56,11.89,11.94,10356200,9.89
"2009-05-28",12.18,12.55,11.98,12.5,14243700,10.35
"2009-05-29",12.6,12.83,12.31,12.83,6992900,10.63
"2009-06-01",12.89,13.07,12.67,12.89,9902400,10.68
"2009-06-02",12.77,13.15,12.72,12.86,10287300,10.65
"2009-06-03",12.71,12.83,12.6,12.63,8905400,10.46
"2009-06-04",12.74,13.1,12.6,13.1,10131700,10.85
"2009-06-05",13.25,13.3,12.7,12.86,6767900,10.65
"2009-06-08",12.79,12.87,12.58,12.61,7080200,10.44
"2009-06-09",12.69,12.92,12.47,12.84,6643300,10.63
"2009-06-10",13.09,13.1,12.79,12.96,7461000,10.73
"2009-06-11",12.94,13.29,12.93,13.14,6165900,10.88
"2009-06-12",13.08,13.23,12.93,13.17,3845400,10.91
"2009-06-15",13.14,13.15,12.79,12.9,5859800,10.68
"2009-06-16",12.8,13.13,12.8,12.95,5889700,10.73
"2009-06-17",12.88,13.12,12.71,12.85,6829000,10.64
"2009-06-18",13.03,13.03,12.5,12.87,7024200,10.66
"2009-06-19",13.01,13.4,12.73,13.32,14860500,11.03
"2009-06-22",13.15,13.15,12.59,12.63,10474100,10.46
"2009-06-23",12.97,12.98,12.73,12.91,6864200,10.69
"2009-06-24",12.98,13.15,12.8,13.04,9618700,10.8
"2009-06-25",13.22,13.75,13.07,13.53,15188200,11.21
"2009-06-26",13.52,13.6,13.25,13.44,12207600,11.13
"2009-06-29",13.51,13.54,13.35,13.5,6860000,11.18
"2009-06-30",13.54,13.59,13.25,13.29,6813200,11.01
"2009-07-01",13.3,13.5,13.26,13.3,5791700,11.02
"2009-07-02",13.18,13.28,13.09,13.12,7499100,10.87
"2009-07-06",13.16,13.43,13.09,13.39,14474900,11.09
"2009-07-07",13.37,13.64,13.37,13.47,11171000,11.16
"2009-07-08",13.54,13.62,13.17,13.39,9791200,11.09
"2009-07-09",13.54,13.66,13.4,13.55,6301800,11.22
"2009-07-10",13.46,13.72,13.46,13.66,6624300,11.31
"2009-07-13",13.96,14.44,13.79,14.39,11752900,11.92
"2009-07-14",14.45,14.45,14.09,14.25,11871600,11.8
"2009-07-15",14.32,14.74,14.26,14.67,9535100,12.15
"2009-07-16",14.5,14.5,14.14,14.31,11437700,11.85
"2009-07-17",14.33,14.42,14.1,14.27,8629400,11.82
"2009-07-20",14.37,14.77,14.36,14.61,9560600,12.1
"2009-07-21",14.6,14.7,13.8,13.96,13448600,11.56
"2009-07-22",13.67,13.85,13.31,13.64,12131600,11.3
"2009-07-23",13.83,13.98,13.65,13.93,8929600,11.54
"2009-07-24",13.9,13.9,13.49,13.65,7613400,11.31
"2009-07-27",13.74,13.94,13.66,13.92,10945000,11.53
"2009-07-28",13.85,13.93,13.71,13.88,5852400,11.5
"2009-07-29",13.82,13.9,13.72,13.87,5263100,11.49
"2009-07-30",14,14.09,13.76,14.02,7183900,11.61
"2009-07-31",14.03,14.07,13.92,14.06,4880800,11.65
"2009-08-03",14.26,14.29,14.02,14.23,5328700,11.79
"2009-08-04",14.22,14.43,14.11,14.4,6429100,11.93
"2009-08-05",14.32,14.5,14.2,14.42,7782400,12.07
"2009-08-06",14.48,14.55,14.09,14.27,4553100,11.94
"2009-08-07",14.38,14.65,14.16,14.5,6257000,12.14
"2009-08-10",14.55,14.55,14.26,14.33,5579100,11.99
"2009-08-11",14.31,14.39,13.66,13.83,6795600,11.58
"2009-08-12",13.82,14.04,13.76,13.89,5999600,11.63
"2009-08-13",13.99,14.11,13.76,14.04,4670800,11.75
"2009-08-14",13.94,14.05,13.62,13.84,5247100,11.58
"2009-08-17",13.52,13.66,13.35,13.45,4898100,11.26
"2009-08-18",13.47,13.55,13.3,13.35,4371100,11.17
"2009-08-19",13.23,13.57,13.19,13.44,6002400,11.25
"2009-08-20",13.53,13.6,13.36,13.43,7412800,11.24
"2009-08-21",13.6,13.61,13.33,13.37,6677100,11.19
"2009-08-24",13.43,13.5,13.09,13.18,6257600,11.03
"2009-08-25",13.25,13.29,12.68,12.82,13093100,10.73
"2009-08-26",12.7,13.26,12.69,13.06,11559700,10.93
"2009-08-27",13,13.04,12.71,12.93,8637600,10.82
"2009-08-28",12.95,13.05,12.61,12.87,8348000,10.77
"2009-08-31",12.8,13.21,12.8,13.12,12280800,10.98
"2009-09-01",13.03,13.27,12.6,12.63,13648300,10.57
"2009-09-02",12.53,12.76,12.29,12.3,11342900,10.29
"2009-09-03",12.37,12.7,12.36,12.65,9482400,10.59
"2009-09-04",12.67,12.73,12.56,12.68,5302700,10.61
"2009-09-08",12.79,13.12,12.75,13.06,11661100,10.93
"2009-09-09",13.06,13.21,12.88,13.18,6680000,11.03
"2009-09-10",13.12,13.21,12.89,13.18,7521100,11.03
"2009-09-11",13.14,13.3,13.11,13.29,7360300,11.12
"2009-09-14",13.16,13.22,12.88,12.97,8339400,10.86
"2009-09-15",12.99,13.45,12.92,13.38,9353300,11.2
"2009-09-16",13.42,13.99,13.4,13.97,14380500,11.69
"2009-09-17",13.92,14.2,13.87,13.92,10924300,11.65
"2009-09-18",14,14,13.41,13.8,18678800,11.55
"2009-09-21",13.65,13.8,13.55,13.74,6201400,11.5
"2009-09-22",13.92,13.92,13.39,13.59,8007000,11.37
"2009-09-23",13.58,13.7,13.37,13.38,7910200,11.2
"2009-09-24",13.42,13.5,13.04,13.12,7019200,10.98
"2009-09-25",13.03,13.16,12.93,13.07,8327300,10.94
"2009-09-28",12.89,12.98,12.79,12.92,8545400,10.81
"2009-09-29",12.97,13.31,12.9,13.21,10295400,11.06
"2009-09-30",13.29,13.37,12.97,13.15,7344300,11.01
"2009-10-01",13.15,13.28,12.83,12.84,9066700,10.75
"2009-10-02",12.68,13.12,12.65,12.92,8894400,10.81
"2009-10-05",13.13,13.17,12.76,12.98,7459700,10.86
"2009-10-06",13.06,13.16,12.88,13.03,5014900,10.91
"2009-10-07",13.01,13.16,12.95,13.14,3881500,11
"2009-10-08",13.23,13.25,13.05,13.1,6721300,10.96
"2009-10-09",13.09,13.15,12.99,13.08,6297100,10.95
"2009-10-12",13.04,13.3,13.01,13.22,5167300,11.06
"2009-10-13",13.07,13.26,12.96,13.17,7728600,11.02
"2009-10-14",13.34,13.36,13.16,13.27,6093900,11.11
"2009-10-15",13.23,13.37,13.2,13.25,5451400,11.09
"2009-10-16",13.1,13.22,13.07,13.09,6093100,10.96
"2009-10-19",13.15,13.33,13.06,13.23,7782500,11.07
"2009-10-20",13.2,13.31,13.07,13.12,7602600,10.98
"2009-10-21",13.3,13.33,12.9,13.11,13540900,10.97
"2009-10-22",13.2,13.53,13.04,13.52,10302000,11.32
"2009-10-23",13.56,13.56,13.31,13.41,5280500,11.22
"2009-10-26",13.47,13.53,13.22,13.38,6818600,11.2
"2009-10-27",13.36,13.74,13.28,13.3,9282900,11.13
"2009-10-28",13.39,13.45,13.16,13.18,7586100,11.03
"2009-10-29",13.3,13.67,13.26,13.58,7025700,11.37
"2009-10-30",13.48,13.49,13.04,13.14,8877100,11
"2009-11-02",13.42,13.43,12.89,13.11,10046600,10.97
"2009-11-03",12.93,13.16,12.93,13.07,5836000,10.94
"2009-11-04",13.09,13.14,12.86,12.94,10373200,10.96
"2009-11-05",13.09,13.27,13,13.26,6880800,11.23
"2009-11-06",13.12,13.29,13,13.22,4142500,11.19
"2009-11-09",13.23,13.29,13.01,13.11,7753400,11.1
"2009-11-10",13.03,13.29,13.03,13.15,8767500,11.13
"2009-11-11",13.27,13.48,13.24,13.46,7115700,11.4
"2009-11-12",13.5,13.6,13.32,13.35,4282600,11.3
"2009-11-13",13.39,13.43,13.18,13.3,4134500,11.26
"2009-11-16",13.42,13.55,13.37,13.53,5444800,11.46
"2009-11-17",13.47,13.53,13.39,13.49,2742600,11.42
"2009-11-18",13.53,13.78,13.5,13.63,5417500,11.54
"2009-11-19",13.61,13.64,13.28,13.32,4159400,11.28
"2009-11-20",13.35,13.37,13.2,13.3,3147900,11.26
"2009-11-23",13.43,13.51,13.23,13.26,6317500,11.23
"2009-11-24",13.22,13.28,12.97,13.1,6764200,11.09
"2009-11-25",13.1,13.26,13.01,13.05,4584500,11.05
"2009-11-27",12.9,13.1,12.87,12.95,3574700,10.96
"2009-11-30",13,13.33,12.98,13.29,8052000,11.25
"2009-12-01",13.29,13.36,13.06,13.16,7365400,11.14
"2009-12-02",13.17,13.4,13.1,13.22,6839000,11.19
"2009-12-03",13.3,13.34,13.03,13.03,4540200,11.03
"2009-12-04",13.19,13.29,13.07,13.27,7103900,11.24
"2009-12-07",13.2,13.27,13.08,13.11,3593600,11.1
"2009-12-08",13.1,13.23,13.07,13.12,4140500,11.11
"2009-12-09",13.12,13.15,13.03,13.07,4129700,11.07
"2009-12-10",13.08,13.15,13.08,13.14,3142600,11.13
"2009-12-11",13.17,13.23,13.14,13.17,3556200,11.15
"2009-12-14",13.17,13.25,13.15,13.2,3505000,11.18
"2009-12-15",13.17,13.22,12.93,13,7120700,11.01
"2009-12-16",13.03,13.14,12.97,13.02,3998700,11.02
"2009-12-17",12.99,13.18,12.96,13.06,4838500,11.06
"2009-12-18",13.12,13.51,13.03,13.48,10868600,11.41
"2009-12-21",13.53,13.6,13.08,13.5,7915700,11.43
"2009-12-22",13.5,13.65,13.45,13.64,4312400,11.55
"2009-12-23",13.7,13.75,13.56,13.72,3018900,11.62
"2009-12-24",13.73,13.79,13.68,13.78,1225400,11.67
"2009-12-28",13.84,13.85,13.7,13.72,2106800,11.62
"2009-12-29",13.8,13.88,13.69,13.82,2734600,11.7
"2009-12-30",13.75,13.87,13.74,13.8,2197200,11.68
"2009-12-31",13.76,13.86,13.73,13.73,2264900,11.63
"2010-01-04",13.76,13.89,13.59,13.6,4999000,11.52
"2010-01-05",13.6,13.63,13.38,13.47,4932500,11.41
"2010-01-06",13.38,13.7,13.37,13.6,4071200,11.52
"2010-01-07",13.78,14.13,13.74,14.01,9819300,11.86
"2010-01-08",14.01,14.34,13.89,14.33,6870500,12.13
"2010-01-11",14.47,14.71,14.18,14.27,4365300,12.08
"2010-01-12",14.2,14.24,13.88,13.95,5845900,11.81
"2010-01-13",14,14.2,13.84,14.06,7924800,11.9
"2010-01-14",13.99,14.06,13.81,13.98,7523700,11.84
"2010-01-15",13.87,13.99,13.72,13.84,5895700,11.72
"2010-01-19",13.84,13.94,13.72,13.74,6e+06,11.63
"2010-01-20",13.72,13.72,13.46,13.59,8061100,11.51
"2010-01-21",13.63,13.66,13.09,13.26,14205400,11.23
"2010-01-22",13.33,13.36,13.1,13.12,7693800,11.11
"2010-01-25",13.26,13.26,13.03,13.1,5905400,11.09
"2010-01-26",13.05,13.27,13.05,13.06,5273600,11.06
"2010-01-27",13.02,13.33,13.02,13.27,6600400,11.24
"2010-01-28",13.3,13.36,13.12,13.15,6089500,11.13
"2010-01-29",13.25,13.35,13.2,13.27,5947500,11.24
"2010-02-01",13.33,13.35,13.18,13.25,4516800,11.22
"2010-02-02",13.27,13.28,13.09,13.21,6016900,11.18
"2010-02-03",13.07,13.09,12.87,12.89,7943300,11.04
"2010-02-04",12.86,12.95,12.5,12.6,9178200,10.79
"2010-02-05",12.57,13.1,12.55,13.06,10665700,11.18
"2010-02-08",12.8,13.06,12.6,12.74,7118300,10.91
"2010-02-09",12.86,12.96,12.66,12.85,6884500,11.01
"2010-02-10",12.82,13.02,12.75,12.91,4917000,11.06
"2010-02-11",12.87,13.14,12.83,13.12,5591000,11.24
"2010-02-12",12.95,13.21,12.95,13.19,6873600,11.3
"2010-02-16",13.25,13.43,13.13,13.41,7749600,11.48
"2010-02-17",13.44,13.47,13.17,13.24,5286600,11.34
"2010-02-18",13.22,13.4,13.12,13.37,5935200,11.45
"2010-02-19",13.29,13.34,13.04,13.16,7126000,11.27
"2010-02-22",13.2,13.28,13.1,13.22,5264500,11.32
"2010-02-23",13.2,13.35,13.07,13.23,5941500,11.33
"2010-02-24",13.31,13.44,13.18,13.31,5003400,11.4
"2010-02-25",13.25,13.36,13.17,13.34,4246800,11.42
"2010-02-26",13.4,13.58,13.29,13.52,6630600,11.58
"2010-03-01",13.47,13.55,13.17,13.23,6184400,11.33
"2010-03-02",13.33,13.42,13.23,13.33,5188400,11.42
"2010-03-03",13.38,13.44,13.18,13.23,4758700,11.33
"2010-03-04",13.23,13.28,13.16,13.25,4926100,11.35
"2010-03-05",13.3,13.41,13.23,13.39,4186500,11.47
"2010-03-08",13.45,13.46,13.34,13.4,3152500,11.48
"2010-03-09",13.33,13.62,13.33,13.59,5010900,11.64
"2010-03-10",13.56,13.68,13.5,13.64,4266800,11.68
"2010-03-11",13.59,13.72,13.54,13.71,4162300,11.74
"2010-03-12",13.73,13.79,13.6,13.66,4744700,11.7
"2010-03-15",13.7,13.75,13.43,13.52,5377500,11.58
"2010-03-16",13.54,13.81,13.54,13.8,3938900,11.82
"2010-03-17",13.85,14.05,13.83,14.05,6937900,12.03
"2010-03-18",14.07,14.11,13.97,14.07,4878100,12.05
"2010-03-19",14.07,14.15,13.73,13.84,8831400,11.85
"2010-03-22",13.8,13.97,13.71,13.95,4007000,11.95
"2010-03-23",14,14.06,13.77,14.03,8219400,12.02
"2010-03-24",14.03,14.21,14,14.17,7791500,12.14
"2010-03-25",14.27,14.34,14.13,14.13,6766500,12.1
"2010-03-26",14.2,14.21,13.9,13.99,6749900,11.98
"2010-03-29",14.09,14.16,13.93,14.13,5093300,12.1
"2010-03-30",14.13,14.16,14.02,14.1,3676600,12.08
"2010-03-31",14.11,14.25,14.06,14.17,3608500,12.14
"2010-04-01",14.31,14.42,14.15,14.25,3722900,12.2
"2010-04-05",14.33,14.35,14.08,14.13,4631000,12.1
"2010-04-06",14.08,14.2,14.01,14.16,5797200,12.13
"2010-04-07",14.19,14.36,14.13,14.2,6450000,12.16
"2010-04-08",14.29,14.43,14.2,14.37,5129900,12.31
"2010-04-09",14.35,14.46,14.33,14.43,3737500,12.36
"2010-04-12",14.44,14.55,14.33,14.55,6200300,12.46
"2010-04-13",14.56,14.58,14.29,14.39,4822400,12.32
"2010-04-14",14.37,14.75,14.37,14.72,5862200,12.61
"2010-04-15",14.68,14.72,14.53,14.6,5898400,12.5
"2010-04-16",14.5,14.64,14.19,14.4,7688600,12.33
"2010-04-19",14.34,14.52,14.21,14.44,6476800,12.37
"2010-04-20",14.5,14.55,14.4,14.51,4827300,12.43
"2010-04-21",14.52,14.65,14.35,14.51,9022200,12.43
"2010-04-22",14.2,14.24,13.83,14.01,11396700,12
"2010-04-23",13.83,13.95,13.5,13.62,13218600,11.66
"2010-04-26",13.75,13.75,13.38,13.47,7707000,11.54
"2010-04-27",13.37,13.56,13.22,13.29,10011700,11.38
"2010-04-28",13.34,13.44,13.24,13.3,7226200,11.39
"2010-04-29",13.38,13.5,13.27,13.35,5829500,11.43
"2010-04-30",13.41,13.41,13.22,13.32,8812800,11.41
"2010-05-03",13.2,13.29,13.06,13.14,7336000,11.38
"2010-05-04",13.08,13.17,12.92,13.01,8765600,11.27
"2010-05-05",12.87,13.36,12.86,13.03,8641300,11.29
"2010-05-06",12.94,13.13,12.35,12.73,14114900,11.03
"2010-05-07",12.78,13,12.42,12.73,14343500,11.03
"2010-05-10",13.04,13.2,12.91,13.12,7730500,11.36
"2010-05-11",13.01,13.24,12.97,13.07,8218600,11.32
"2010-05-12",13.14,13.27,13,13.25,9017500,11.48
"2010-05-13",13.24,13.36,13.18,13.2,6551000,11.43
"2010-05-14",13.2,13.2,12.92,13.01,5820400,11.27
"2010-05-17",13.02,13.18,12.92,13.14,8904300,11.38
"2010-05-18",13.23,13.25,12.98,13.06,11591300,11.31
"2010-05-19",13.09,13.18,12.87,13.1,7948300,11.35
"2010-05-20",12.88,13.09,12.63,12.64,12026100,10.95
"2010-05-21",12.4,12.78,12.26,12.68,12797100,10.98
"2010-05-24",12.7,12.76,12.49,12.5,6848200,10.83
"2010-05-25",12.29,12.53,12.22,12.51,8606200,10.84
"2010-05-26",12.63,12.67,12.4,12.47,8315300,10.8
"2010-05-27",12.63,12.79,12.52,12.78,6361300,11.07
"2010-05-28",12.8,12.84,12.53,12.61,6107800,10.92
"2010-06-01",12.56,12.66,12.38,12.39,4780700,10.73
"2010-06-02",12.47,12.88,12.42,12.88,6595000,11.16
"2010-06-03",12.92,13.03,12.88,12.98,6333200,11.24
"2010-06-04",12.81,12.88,12.57,12.59,5785700,10.91
"2010-06-07",12.64,12.88,12.61,12.75,6895400,11.04
"2010-06-08",12.75,12.91,12.54,12.9,6823300,11.17
"2010-06-09",12.92,12.99,12.78,12.8,7128200,11.09
"2010-06-10",12.9,13.06,12.85,13.06,5539300,11.31
"2010-06-11",12.96,13.06,12.73,13.06,6386000,11.31
"2010-06-14",13.14,13.15,12.89,12.91,6539400,11.18
"2010-06-15",13.01,13.14,12.9,13.14,5114300,11.38
"2010-06-16",13.05,13.21,13.01,13.21,5729500,11.44
"2010-06-17",13.15,13.2,13.02,13.15,5538200,11.39
"2010-06-18",13.2,13.38,13.1,13.38,5338000,11.59
"2010-06-21",13.25,13.48,13.08,13.24,7691800,11.47
"2010-06-22",13.25,13.28,13.02,13.07,8946900,11.32
"2010-06-23",13.05,13.15,12.91,12.94,6000700,11.21
"2010-06-24",12.9,12.94,12.67,12.68,7488200,10.98
"2010-06-25",12.78,12.82,12.57,12.7,12932900,11
"2010-06-28",12.71,12.87,12.71,12.82,4901200,11.1
"2010-06-29",12.74,12.77,12.52,12.59,8896500,10.91
"2010-06-30",12.49,12.59,12.23,12.25,12589600,10.61
"2010-07-01",12.23,12.4,12.02,12.33,7680100,10.68
"2010-07-02",12.33,12.4,12.05,12.09,3867200,10.47
"2010-07-06",12.11,12.25,12,12.09,12059900,10.47
"2010-07-07",12.16,12.38,12.06,12.37,5744100,10.71
"2010-07-08",12.36,12.47,12.26,12.42,4726100,10.76
"2010-07-09",12.34,12.5,12.32,12.48,4042800,10.81
"2010-07-12",12.42,12.69,12.41,12.58,3776800,10.9
"2010-07-13",12.68,12.83,12.68,12.72,4857900,11.02
"2010-07-14",12.75,12.77,12.51,12.6,5578200,10.91
"2010-07-15",12.6,12.8,12.48,12.76,6724600,11.05
"2010-07-16",12.75,12.77,12.41,12.44,6844600,10.78
"2010-07-19",12.44,12.51,12.31,12.43,3965200,10.77
"2010-07-20",12.25,12.71,12.23,12.7,5947400,11
"2010-07-21",12.65,12.67,12.02,12.05,11244500,10.44
"2010-07-22",12.15,12.28,12.09,12.16,6075900,10.53
"2010-07-23",12.13,12.16,12.02,12.1,5877700,10.48
"2010-07-26",12.12,12.24,12.05,12.23,3860600,10.59
"2010-07-27",12.33,12.34,12.2,12.2,5822600,10.57
"2010-07-28",12.2,12.52,12.19,12.43,6073800,10.77
"2010-07-29",12.51,12.57,12.43,12.5,7355800,10.83
"2010-07-30",12.38,12.5,12.35,12.42,5795700,10.76
"2010-08-02",12.56,12.63,12.49,12.63,5246400,10.94
"2010-08-03",12.4,12.5,12.26,12.28,5389800,10.76
"2010-08-04",12.29,12.42,12.24,12.29,3537300,10.77
"2010-08-05",12.25,12.39,12.2,12.33,3689000,10.81
"2010-08-06",12.25,12.36,12.1,12.14,3400400,10.64
"2010-08-09",12.21,12.21,12.08,12.11,2871300,10.62
"2010-08-10",12.1,12.13,12,12,5448500,10.52
"2010-08-11",11.93,11.95,11.61,11.63,6094000,10.19
"2010-08-12",11.51,11.63,11.5,11.59,4585900,10.16
"2010-08-13",11.57,11.68,11.55,11.56,3592700,10.13
"2010-08-16",11.52,11.61,11.5,11.6,2830100,10.17
"2010-08-17",11.74,11.84,11.67,11.76,3118400,10.31
"2010-08-18",11.76,11.89,11.73,11.77,4025800,10.32
"2010-08-19",11.75,11.84,11.6,11.71,3485900,10.26
"2010-08-20",11.66,11.97,11.61,11.96,5377400,10.48
"2010-08-23",11.96,12.13,11.92,12.09,13610100,10.6
"2010-08-24",12.02,12.06,11.8,11.8,5655100,10.34
"2010-08-25",11.79,11.8,11.56,11.6,6624700,10.17
"2010-08-26",11.67,11.68,11.35,11.47,6802300,10.05
"2010-08-27",11.59,11.68,11.48,11.62,4604600,10.19
"2010-08-30",11.63,11.65,11.42,11.42,2335200,10.01
"2010-08-31",11.38,11.53,11.35,11.53,4554700,10.11
"2010-09-01",11.58,11.61,11.36,11.54,5696300,10.12
"2010-09-02",11.59,11.92,11.58,11.82,6211200,10.36
"2010-09-03",11.93,12.03,11.87,11.94,5064400,10.47
"2010-09-07",11.9,12.08,11.85,11.88,4899600,10.41
"2010-09-08",11.89,12.03,11.87,11.92,4572100,10.45
"2010-09-09",12.06,12.14,11.98,12.02,3700600,10.54
"2010-09-10",12.07,12.28,12.03,12.25,4382700,10.74
"2010-09-13",12.37,12.47,12.33,12.43,5266100,10.9
"2010-09-14",12.34,12.48,12.2,12.26,5625300,10.75
"2010-09-15",12.26,12.3,12.13,12.29,3945400,10.77
"2010-09-16",12.27,12.29,12.08,12.17,4168000,10.67
"2010-09-17",12.24,12.25,12.03,12.03,18011800,10.55
"2010-09-20",12.08,12.31,12.06,12.28,4474600,10.76
"2010-09-21",12.32,12.4,12.18,12.21,5124800,10.7
"2010-09-22",12.22,12.3,12.1,12.1,4425900,10.61
"2010-09-23",12.08,12.23,12.02,12.05,3772000,10.56
"2010-09-24",12.16,12.26,12.13,12.25,4464800,10.74
"2010-09-27",12.23,12.29,12.04,12.07,4661000,10.58
"2010-09-28",12.07,12.26,12,12.25,3974900,10.74
"2010-09-29",12.2,12.33,12.15,12.25,3552500,10.74
"2010-09-30",12.24,12.4,12.16,12.26,5474600,10.75
"2010-10-01",12.35,12.38,12.14,12.19,3069100,10.69
"2010-10-04",12.14,12.23,12.11,12.14,3627900,10.64
"2010-10-05",12.17,12.22,12.06,12.16,5820300,10.66
"2010-10-06",12.19,12.21,12.02,12.12,5017700,10.62
"2010-10-07",12.14,12.18,12.03,12.06,4318300,10.57
"2010-10-08",12.09,12.11,11.93,12,5244700,10.52
"2010-10-11",12.04,12.11,12,12.03,2030500,10.55
"2010-10-12",12.04,12.08,11.95,12.01,4730200,10.53
"2010-10-13",12.01,12.05,11.8,11.98,5142200,10.5
"2010-10-14",11.93,11.94,11.72,11.79,4495100,10.33
"2010-10-15",11.85,11.85,11.69,11.7,4987500,10.26
"2010-10-18",11.75,11.93,11.75,11.92,9213700,10.45
"2010-10-19",11.85,12.04,11.8,11.93,6247300,10.46
"2010-10-20",11.89,11.89,11.65,11.72,6940000,10.27
"2010-10-21",11.75,11.75,11.5,11.51,12046500,10.09
"2010-10-22",11.52,11.6,11.47,11.53,12255900,10.11
"2010-10-25",11.58,11.6,11.47,11.48,10211900,10.06
"2010-10-26",11.47,11.51,11.42,11.46,4945600,10.05
"2010-10-27",11.43,11.5,11.42,11.49,6088700,10.07
"2010-10-28",11.6,11.65,11.45,11.56,4789900,10.13
"2010-10-29",11.52,11.72,11.51,11.64,4579900,10.2
"2010-11-01",11.68,11.68,11.5,11.54,3211200,10.12
"2010-11-02",11.66,11.66,11.55,11.62,4595900,10.19
"2010-11-03",11.51,11.7,11.45,11.69,6624300,10.38
"2010-11-04",11.76,11.95,11.64,11.94,6878800,10.6
"2010-11-05",11.93,12.09,11.84,11.98,5120900,10.64
"2010-11-08",11.92,11.93,11.7,11.76,5252200,10.44
"2010-11-09",11.74,11.81,11.6,11.63,5705800,10.33
"2010-11-10",11.69,11.78,11.6,11.73,5099600,10.42
"2010-11-11",11.67,11.72,11.58,11.65,3270400,10.35
"2010-11-12",11.63,11.65,11.52,11.53,3208500,10.24
"2010-11-15",11.54,11.85,11.54,11.74,4507600,10.43
"2010-11-16",11.7,11.72,11.54,11.57,4235000,10.27
"2010-11-17",11.58,11.63,11.5,11.57,3392000,10.27
"2010-11-18",11.63,11.68,11.54,11.58,2712000,10.28
"2010-11-19",11.59,11.6,11.47,11.58,2962100,10.28
"2010-11-22",11.55,11.61,11.44,11.56,3639200,10.27
"2010-11-23",11.48,11.57,11.45,11.51,4060500,10.22
"2010-11-24",11.59,11.6,11.42,11.52,3801400,10.23
"2010-11-26",11.43,11.51,11.38,11.4,1009600,10.12
"2010-11-29",11.37,11.55,11.35,11.54,3187300,10.25
"2010-11-30",11.49,11.55,11.34,11.35,4533100,10.08
"2010-12-01",11.5,11.56,11.43,11.56,4607700,10.27
"2010-12-02",11.54,11.78,11.54,11.77,5255800,10.45
"2010-12-03",11.76,12.1,11.73,12.09,11968000,10.74
"2010-12-06",12,12.09,11.93,12.04,3214700,10.69
"2010-12-07",12.11,12.14,11.88,11.98,3605000,10.64
"2010-12-08",12.01,12.38,12,12.3,6557300,10.92
"2010-12-09",12.33,12.47,12.3,12.36,4502800,10.98
"2010-12-10",12.42,12.42,12.26,12.41,3166600,11.02
"2010-12-13",12.46,12.48,12.31,12.38,4855800,10.99
"2010-12-14",12.38,12.5,12.24,12.3,5740100,10.92
"2010-12-15",12.29,12.45,12.27,12.33,5014700,10.95
"2010-12-16",12.39,12.5,12.36,12.49,4170200,11.09
"2010-12-17",12.49,12.61,12.45,12.51,11097200,11.11
"2010-12-20",12.59,12.68,12.52,12.53,3409500,11.13
"2010-12-21",12.63,12.74,12.52,12.7,3416200,11.28
"2010-12-22",12.75,12.98,12.73,12.93,3831700,11.48
"2010-12-23",12.91,12.97,12.76,12.77,2602000,11.34
"2010-12-27",12.76,12.94,12.73,12.87,1632500,11.43
"2010-12-28",12.91,12.92,12.83,12.89,1243700,11.45
"2010-12-29",12.9,12.91,12.79,12.79,1888600,11.36
"2010-12-30",12.62,12.83,12.59,12.77,1985400,11.34
"2010-12-31",12.77,12.81,12.73,12.74,1479800,11.31
"2011-01-03",12.83,12.97,12.82,12.92,2770200,11.47
"2011-01-04",12.94,12.99,12.75,12.76,3561400,11.33
"2011-01-05",12.78,13.26,12.77,13.25,8041200,11.77
"2011-01-06",13.2,13.25,13.15,13.17,15445000,11.7
"2011-01-07",13.19,13.24,13.09,13.15,13181500,11.68
"2011-01-10",13.18,13.18,12.89,13,10918100,11.54
"2011-01-11",13.04,13.09,12.88,12.98,3859600,11.53
"2011-01-12",13,13.04,12.91,12.97,3389100,11.52
"2011-01-13",12.93,13.03,12.91,12.97,3814700,11.52
"2011-01-14",12.96,13.2,12.94,13.19,3014300,11.71
"2011-01-18",13.17,13.2,13.01,13.16,2788700,11.69
"2011-01-19",12.36,12.52,12.01,12.04,17964500,10.69
"2011-01-20",11.75,11.95,11.25,11.4,22525600,10.12
"2011-01-21",11.45,11.57,11.14,11.25,16897000,9.99
"2011-01-24",11.3,11.33,10.98,11.03,19927300,9.8
"2011-01-25",11.02,11.12,10.91,11.06,14762900,9.82
"2011-01-26",11.13,11.14,10.88,10.99,8362300,9.76
"2011-01-27",11.04,11.14,10.94,11.08,8287800,9.84
"2011-01-28",11.1,11.11,10.89,10.95,8505400,9.72
"2011-01-31",10.95,11.01,10.91,10.98,5149000,9.75
"2011-02-01",11.09,11.09,10.9,10.99,8724400,9.76
"2011-02-02",10.89,11,10.85,10.89,7068500,9.8
"2011-02-03",10.92,10.97,10.8,10.94,4800700,9.85
"2011-02-04",10.97,11.31,10.92,11.14,11208900,10.03
"2011-02-07",11.21,11.39,11.14,11.18,8041900,10.07
"2011-02-08",11.18,11.25,11.04,11.24,7304600,10.12
"2011-02-09",11.22,11.24,11.14,11.2,3405200,10.08
"2011-02-10",11.17,11.19,11.12,11.18,5853800,10.07
"2011-02-11",11.25,11.52,11.24,11.48,16772400,10.34
"2011-02-14",11.47,11.51,11.35,11.36,13763500,10.23
"2011-02-15",11.34,11.43,11.3,11.36,4811800,10.23
"2011-02-16",11.41,11.45,11.35,11.4,7199100,10.26
"2011-02-17",11.35,11.45,11.34,11.4,4778100,10.26
"2011-02-18",11.45,11.45,11.35,11.41,5259800,10.27
"2011-02-22",11.3,11.37,11.21,11.22,4381800,10.1
"2011-02-23",11.26,11.37,11.17,11.2,5552400,10.08
"2011-02-24",11.23,11.25,11.1,11.18,4288200,10.07
"2011-02-25",11.26,11.45,11.16,11.38,6397800,10.25
"2011-02-28",11.43,11.5,11.34,11.5,13631100,10.35
"2011-03-01",11.5,11.5,10.9,10.9,11889600,9.81
"2011-03-02",10.72,10.72,9.83,9.92,41121200,8.93
"2011-03-03",10.06,10.25,10.06,10.14,9853200,9.13
"2011-03-04",10.12,10.14,9.78,9.88,13846300,8.9
"2011-03-07",9.91,10.03,9.77,9.84,9252500,8.86
"2011-03-08",9.89,10.11,9.85,10.02,9101400,9.02
"2011-03-09",9.98,10.13,9.85,10.05,6148700,9.05
"2011-03-10",9.94,10.06,9.91,9.97,5818000,8.98
"2011-03-11",9.97,10.02,9.82,9.92,4562300,8.93
"2011-03-14",9.85,9.88,9.76,9.84,8764400,8.86
"2011-03-15",9.59,9.85,9.51,9.77,4282700,8.8
"2011-03-16",9.74,9.84,9.6,9.61,5566000,8.65
"2011-03-17",9.74,9.78,9.62,9.69,5031500,8.72
"2011-03-18",9.81,9.93,9.77,9.89,6849600,8.9
"2011-03-21",10,10.04,9.9,9.93,3776700,8.94
"2011-03-22",9.94,10.04,9.9,9.96,10101300,8.97
"2011-03-23",9.94,9.98,9.76,9.87,4030200,8.89
"2011-03-24",9.89,9.89,9.74,9.87,3723100,8.89
"2011-03-25",9.88,9.98,9.83,9.87,2934600,8.89
"2011-03-28",9.9,9.92,9.8,9.86,4241600,8.88
"2011-03-29",10.11,10.15,9.67,9.72,12142400,8.75
"2011-03-30",9.81,9.83,9.61,9.72,6777500,8.75
"2011-03-31",9.7,9.8,9.61,9.68,6156000,8.72
"2011-04-01",9.72,9.79,9.64,9.72,4049800,8.75
"2011-04-04",9.78,9.8,9.62,9.75,4140600,8.78
"2011-04-05",9.73,9.78,9.6,9.61,8197900,8.65
"2011-04-06",9.63,10.04,9.6,10.02,7837100,9.02
"2011-04-07",10.04,10.05,9.88,9.96,4890700,8.97
"2011-04-08",10.04,10.04,9.86,9.87,2051600,8.89
"2011-04-11",9.87,9.97,9.81,9.87,2887700,8.89
"2011-04-12",9.81,9.85,9.78,9.8,2666300,8.82
"2011-04-13",9.85,9.88,9.7,9.7,3411600,8.73
"2011-04-14",9.7,9.7,9.52,9.69,5472500,8.72
"2011-04-15",9.7,9.78,9.62,9.68,4176600,8.72
"2011-04-18",9.6,9.65,9.5,9.53,4328900,8.58
"2011-04-19",9.54,9.59,9.46,9.56,4016600,8.61
"2011-04-20",9.58,9.74,9.45,9.53,7156000,8.58
"2011-04-21",9.54,9.58,9.28,9.46,5912900,8.52
"2011-04-25",9.38,9.59,9.27,9.5,6256300,8.55
"2011-04-26",9.56,9.62,9.46,9.57,4700000,8.62
"2011-04-27",9.56,9.7,9.48,9.6,8229300,8.64
"2011-04-28",9.58,9.83,9.5,9.82,7800000,8.84
"2011-04-29",9.8,9.8,9.53,9.53,4242400,8.58
"2011-05-02",9.59,9.61,9.48,9.54,2620600,8.59
"2011-05-03",9.49,9.64,9.45,9.62,4600000,8.73
"2011-05-04",9.55,9.65,9.51,9.61,4471500,8.73
"2011-05-05",9.56,9.61,9.47,9.5,4100000,8.63
"2011-05-06",9.57,9.58,9.34,9.44,3883900,8.57
"2011-05-09",9.45,9.49,9.36,9.41,2702500,8.54
"2011-05-10",9.43,9.52,9.39,9.44,3242400,8.57
"2011-05-11",9.44,9.51,9.35,9.37,4493100,8.51
"2011-05-12",9.35,9.5,9.29,9.45,3200000,8.58
"2011-05-13",9.43,9.49,9.2,9.26,3666800,8.41
"2011-05-16",9.25,9.33,9.18,9.25,2838600,8.4
"2011-05-17",9.21,9.37,9.2,9.36,2446500,8.5
"2011-05-18",9.34,9.37,9.27,9.34,3293100,8.48
"2011-05-19",9.38,9.39,9.28,9.33,2424000,8.47
"2011-05-20",9.3,9.4,9.2,9.2,1946700,8.35
"2011-05-23",9.15,9.26,9.04,9.04,3400000,8.21
"2011-05-24",9.06,9.1,8.94,9.07,3637700,8.24
"2011-05-25",9.02,9.08,9,9.02,2358600,8.19
"2011-05-26",8.99,9.05,8.9,8.97,2585200,8.14
"2011-05-27",8.99,9.09,8.91,9.06,3230300,8.23
"2011-05-31",9.1,9.16,9,9.13,4645600,8.29
"2011-06-01",9.06,9.13,8.71,8.71,5019900,7.91
"2011-06-02",8.72,8.85,8.7,8.77,4140400,7.96
"2011-06-03",8.67,8.8,8.59,8.6,4483200,7.81
"2011-06-06",8.55,8.59,8.44,8.44,3922600,7.66
"2011-06-07",8.47,8.55,8.41,8.41,4353300,7.64
"2011-06-08",8.4,8.57,8.32,8.41,3805500,7.64
"2011-06-09",8.41,8.5,8.32,8.34,4878000,7.57
"2011-06-10",8.3,8.34,8.12,8.17,5334200,7.42
"2011-06-13",8.23,8.26,8.13,8.23,5377200,7.47
"2011-06-14",8.3,8.3,8.13,8.15,5337500,7.4
"2011-06-15",8.11,8.17,8.03,8.04,5045100,7.3
"2011-06-16",8.03,8.15,7.92,8.08,5978700,7.34
"2011-06-17",8.16,8.19,8.07,8.17,5610000,7.42
"2011-06-20",8.12,8.28,8.12,8.18,4227200,7.43
"2011-06-21",8.24,8.26,8.18,8.21,7638300,7.45
"2011-06-22",8.18,8.22,8.14,8.16,3674700,7.41
"2011-06-23",8.07,8.1,7.9,8,4283400,7.26
"2011-06-24",7.99,8.02,7.89,7.94,3754300,7.21
"2011-06-27",8.09,8.2,8.03,8.09,5864500,7.35
"2011-06-28",8.1,8.11,7.95,8.02,3907000,7.28
"2011-06-29",8.04,8.15,7.99,8.14,5234500,7.39
"2011-06-30",8.15,8.2,8.05,8.19,2929400,7.44
"2011-07-01",8.2,8.3,8.14,8.25,2606400,7.49
"2011-07-05",8.23,8.25,8.14,8.2,3186100,7.45
"2011-07-06",8.18,8.48,8.15,8.41,7472300,7.64
"2011-07-07",8.49,8.64,8.45,8.53,7440200,7.74
"2011-07-08",8.38,8.43,8.24,8.28,4954100,7.52
"2011-07-11",8.21,8.26,8.1,8.11,3342400,7.36
"2011-07-12",8.11,8.28,8.1,8.2,3150000,7.45
"2011-07-13",8.24,8.46,8.22,8.41,5521200,7.64
"2011-07-14",8.46,8.46,8.22,8.26,5352600,7.5
"2011-07-15",8.29,8.35,8.14,8.25,3998400,7.49
"2011-07-18",8.19,8.29,8.01,8.02,3104500,7.28
"2011-07-19",8.07,8.22,8.02,8.2,3876300,7.45
"2011-07-20",8.26,8.54,8.19,8.19,8680800,7.44
"2011-07-21",8.28,8.39,8.26,8.33,3735800,7.56
"2011-07-22",8.35,8.35,8.18,8.33,3124800,7.56
"2011-07-25",8.23,8.32,8.1,8.3,5959000,7.54
"2011-07-26",8.28,8.36,8.19,8.3,4240500,7.54
"2011-07-27",8.31,8.38,8.18,8.2,6974100,7.45
"2011-07-28",8.21,8.32,8.2,8.27,5933800,7.51
"2011-07-29",8.21,8.31,8.11,8.25,7487500,7.49
"2011-08-01",8.28,8.33,8.08,8.12,3763500,7.37
"2011-08-02",8.05,8.11,7.83,7.83,7034800,7.11
"2011-08-03",7.74,7.83,7.6,7.65,6862400,7.02
"2011-08-04",7.58,7.75,7.54,7.54,8335200,6.92
"2011-08-05",7.63,7.71,7.31,7.36,7190200,6.75
"2011-08-08",7.15,7.23,6.59,6.61,14595400,6.06
"2011-08-09",6.68,6.83,6.36,6.83,8245000,6.27
"2011-08-10",6.67,6.71,6.1,6.1,10905900,5.6
"2011-08-11",6.11,6.46,6.06,6.4,7008100,5.87
"2011-08-12",6.47,6.55,6.2,6.23,4575100,5.71
"2011-08-15",6.25,6.43,6.25,6.41,5161300,5.88
"2011-08-16",6.31,6.37,6.11,6.17,7615900,5.66
"2011-08-17",6.22,6.27,6,6.08,11536200,5.58
"2011-08-18",5.93,5.97,5.79,5.86,7704900,5.38
"2011-08-19",5.79,5.93,5.65,5.65,7232200,5.18
"2011-08-22",5.73,5.77,5.45,5.5,4986700,5.05
"2011-08-23",5.51,5.66,5.38,5.66,5466600,5.19
"2011-08-24",5.65,6.04,5.57,6.02,7451300,5.52
"2011-08-25",6.24,6.5,5.74,5.82,11842400,5.34
"2011-08-26",5.79,5.95,5.65,5.92,5580600,5.43
"2011-08-29",5.94,6.21,5.9,6.21,3687600,5.7
"2011-08-30",6.19,6.23,6.07,6.18,4533500,5.67
"2011-08-31",6.21,6.29,6.13,6.21,5186000,5.7
"2011-09-01",6.22,6.23,6,6.01,4588300,5.51
"2011-09-02",5.89,5.91,5.71,5.77,4858700,5.29
"2011-09-06",5.6,5.72,5.52,5.63,4215400,5.16
"2011-09-07",5.72,6.01,5.72,5.93,5780200,5.44
"2011-09-08",5.86,5.89,5.65,5.68,7058900,5.21
"2011-09-09",5.64,5.67,5.47,5.53,6107600,5.07
"2011-09-12",5.46,5.77,5.46,5.76,6281400,5.28
"2011-09-13",5.78,5.87,5.75,5.84,4567900,5.36
"2011-09-14",5.91,6.07,5.79,6,5560500,5.5
"2011-09-15",6.07,6.17,5.94,6.16,4952000,5.65
"2011-09-16",6.17,6.17,5.86,6.03,6717500,5.53
"2011-09-19",5.92,5.96,5.76,5.82,4065700,5.34
"2011-09-20",5.86,6.01,5.81,5.94,5750900,5.45
"2011-09-21",5.85,5.97,5.46,5.46,7760400,5.01
"2011-09-22",5.4,5.6,5.33,5.51,9324700,5.05
"2011-09-23",5.48,5.66,5.41,5.62,5186800,5.16
"2011-09-26",5.68,5.81,5.59,5.81,5155800,5.33
"2011-09-27",5.95,6.03,5.69,5.76,5713600,5.28
"2011-09-28",5.79,5.82,5.49,5.5,6103300,5.05
"2011-09-29",5.64,5.86,5.62,5.86,8668500,5.38
"2011-09-30",5.78,5.84,5.66,5.66,6120700,5.19
"2011-10-03",5.66,5.72,5.3,5.31,5987500,4.87
"2011-10-04",5.25,5.6,5.15,5.59,6910400,5.13
"2011-10-05",5.58,5.65,5.44,5.61,4163800,5.15
"2011-10-06",5.59,5.85,5.51,5.85,4258200,5.37
"2011-10-07",5.89,5.91,5.42,5.44,6345500,4.99
"2011-10-10",5.55,5.77,5.51,5.77,4979800,5.29
"2011-10-11",5.73,5.96,5.7,5.93,3714500,5.44
"2011-10-12",6,6.15,5.92,6.05,4995000,5.55
"2011-10-13",6,6.01,5.76,5.81,5030400,5.33
"2011-10-14",5.91,5.98,5.73,5.85,3640400,5.37
"2011-10-17",5.82,5.86,5.57,5.6,2855500,5.14
"2011-10-18",5.61,5.99,5.61,5.96,5170400,5.47
"2011-10-19",5.96,6.07,5.88,5.96,6123400,5.47
"2011-10-20",6.01,6.07,5.75,6.05,6934900,5.55
"2011-10-21",6.14,6.24,6.03,6.18,26828800,5.67
"2011-10-24",6.2,6.22,6.07,6.16,12873000,5.65
"2011-10-25",6.15,6.16,6,6.03,5302500,5.53
"2011-10-26",6.18,6.18,5.69,5.8,9115000,5.32
"2011-10-27",6.03,6.25,5.85,6.2,9111900,5.69
"2011-10-28",6.19,6.33,6.12,6.29,5152500,5.77
"2011-10-31",6.2,6.31,6.13,6.25,7969300,5.73
"2011-11-01",6.01,6.18,5.64,5.67,10880500,5.2
"2011-11-02",5.68,5.79,5.58,5.73,6193700,5.33
"2011-11-03",5.83,5.93,5.67,5.91,5405600,5.5
"2011-11-04",5.84,5.86,5.61,5.75,6817500,5.35
"2011-11-07",5.75,5.8,5.61,5.77,4446400,5.37
"2011-11-08",5.82,5.94,5.72,5.91,3912100,5.5
"2011-11-09",5.74,5.82,5.6,5.6,6064900,5.21
"2011-11-10",5.73,5.81,5.67,5.72,4197000,5.32
"2011-11-11",5.75,5.81,5.73,5.75,3889500,5.35
"2011-11-14",5.72,5.77,5.56,5.62,6024900,5.23
"2011-11-15",5.59,5.74,5.56,5.68,3685100,5.28
"2011-11-16",5.61,5.77,5.6,5.63,3846900,5.24
"2011-11-17",5.61,5.7,5.47,5.51,3697400,5.13
"2011-11-18",5.56,5.61,5.46,5.48,3295500,5.1
"2011-11-21",5.42,5.44,5.26,5.35,3803400,4.98
"2011-11-22",5.34,5.37,5.18,5.28,3460600,4.91
"2011-11-23",5.23,5.26,5.09,5.09,3834400,4.74
"2011-11-25",5.1,5.25,5.09,5.13,1498000,4.77
"2011-11-28",5.3,5.34,5.17,5.2,4866700,4.84
"2011-11-29",5.21,5.23,5.12,5.15,3545200,4.79
"2011-11-30",5.36,5.6,5.3,5.59,6291800,5.2
"2011-12-01",5.59,5.7,5.44,5.61,6162800,5.22
"2011-12-02",5.69,5.92,5.67,5.84,5927100,5.43
"2011-12-05",5.97,6.08,5.88,5.93,7738400,5.52
"2011-12-06",5.92,5.99,5.87,5.92,4303500,5.51
"2011-12-07",5.89,6.04,5.84,6.03,3272800,5.61
"2011-12-08",6,6.03,5.72,5.74,4993800,5.34
"2011-12-09",5.79,5.99,5.77,5.93,3669300,5.52
"2011-12-12",5.85,5.9,5.7,5.83,4189800,5.42
"2011-12-13",5.84,5.95,5.67,5.74,5133800,5.34
"2011-12-14",5.71,5.94,5.69,5.78,4983800,5.38
"2011-12-15",5.85,5.91,5.77,5.78,4201700,5.38
"2011-12-16",5.92,6.23,5.92,6,13304800,5.58
"2011-12-19",6.07,6.11,5.88,5.96,5883300,5.55
"2011-12-20",6.08,6.15,6.03,6.1,3609200,5.68
"2011-12-21",6.1,6.19,6.04,6.19,4091700,5.76
"2011-12-22",6.18,6.33,6.18,6.3,5506100,5.86
"2011-12-23",6.35,6.36,6.23,6.29,1969900,5.85
"2011-12-27",6.24,6.34,6.21,6.33,3111400,5.89
"2011-12-28",6.33,6.33,6.15,6.24,3124100,5.81
"2011-12-29",6.25,6.3,6.2,6.27,3068800,5.83
"2011-12-30",6.26,6.28,6.23,6.25,2577800,5.82
"2012-01-03",6.36,6.48,6.34,6.45,3445300,6
"2012-01-04",6.42,6.7,6.41,6.7,6145700,6.23
"2012-01-05",6.66,6.78,6.59,6.67,6973400,6.21
"2012-01-06",6.71,6.87,6.53,6.83,5972300,6.35
"2012-01-09",6.87,6.99,6.85,6.98,9022700,6.49
"2012-01-10",7.11,7.29,6.97,7.24,17051100,6.74
"2012-01-11",7.2,7.26,6.99,7.26,8122600,6.76
"2012-01-12",7.19,7.2,6.76,7.12,11269700,6.62
"2012-01-13",7.03,7.09,6.92,7.01,4789600,6.52
"2012-01-17",7.08,7.1,6.75,6.87,8640300,6.39
"2012-01-18",6.75,6.92,6.64,6.88,7128800,6.4
"2012-01-19",6.91,6.97,6.81,6.82,4296300,6.35
"2012-01-20",6.85,7.21,6.75,7.1,10267700,6.61
"2012-01-23",7.06,7.16,6.93,6.98,4428000,6.49
"2012-01-24",6.95,7.13,6.89,7.1,5714400,6.61
"2012-01-25",6.85,7.46,6.85,7.24,11340800,6.74
"2012-01-26",7.26,7.3,6.9,7.02,14026000,6.53
"2012-01-27",6.98,6.99,6.78,6.83,13817500,6.35
"2012-01-30",6.75,6.91,6.69,6.86,12849900,6.38
"2012-01-31",6.91,6.96,6.71,6.73,9023800,6.26
"2012-02-01",6.84,6.94,6.77,6.89,6446700,6.41
"2012-02-02",6.86,6.96,6.82,6.91,4185600,6.43
"2012-02-03",7.04,7.2,6.97,7.19,5691100,6.69
"2012-02-06",7.11,7.17,7.02,7.09,3421600,6.6
"2012-02-07",7.06,7.15,6.96,7.03,6486200,6.54
"2012-02-08",6.96,7.06,6.86,7.01,4975000,6.6
"2012-02-09",7.05,7.09,6.93,6.96,3814500,6.55
"2012-02-10",6.92,7.17,6.91,7.02,6988100,6.61
"2012-02-13",7.09,7.1,6.93,6.97,4811900,6.56
"2012-02-14",6.94,6.95,6.8,6.88,3669600,6.48
"2012-02-15",6.89,6.95,6.82,6.88,4393700,6.48
"2012-02-16",6.87,7.05,6.82,7.02,4185800,6.61
"2012-02-17",7.06,7.07,6.99,7.01,3098000,6.6
"2012-02-21",7.02,7.03,6.91,6.94,3319400,6.53
"2012-02-22",6.92,6.96,6.78,6.78,4249800,6.38
"2012-02-23",6.81,6.95,6.74,6.93,3213700,6.52
"2012-02-24",6.94,6.97,6.86,6.89,6229000,6.48
"2012-02-27",6.87,7.09,6.79,7.01,5016400,6.6
"2012-02-28",7.05,7.08,6.95,7.03,2738100,6.62
"2012-02-29",7.06,7.1,6.82,6.85,5231300,6.45
"2012-03-01",6.91,6.91,6.8,6.83,3424000,6.43
"2012-03-02",6.83,6.9,6.71,6.82,4660300,6.42
"2012-03-05",6.79,6.82,6.65,6.69,3084700,6.3
"2012-03-06",6.62,6.63,6.49,6.5,5637700,6.12
"2012-03-07",6.54,6.7,6.52,6.62,3640200,6.23
"2012-03-08",6.65,6.7,6.53,6.61,2676300,6.22
"2012-03-09",6.63,6.79,6.61,6.79,3120700,6.39
"2012-03-12",6.78,6.8,6.63,6.73,2800500,6.33
"2012-03-13",6.76,7.28,6.75,7.18,9962400,6.76
"2012-03-14",7.2,7.2,6.97,7.12,5506800,6.7
"2012-03-15",7.13,7.44,7.07,7.42,7181900,6.98
"2012-03-16",7.42,7.6,7.36,7.49,6147400,7.05
"2012-03-19",7.45,7.61,7.38,7.44,6425300,7
"2012-03-20",7.4,7.6,7.37,7.54,4955500,7.1
"2012-03-21",7.61,7.62,7.36,7.4,3691200,6.96
"2012-03-22",7.34,7.41,7.17,7.21,5530600,6.79
"2012-03-23",7.2,7.33,7.18,7.3,3560600,6.87
"2012-03-26",7.39,7.39,7.22,7.34,3908100,6.91
"2012-03-27",7.34,7.35,7.26,7.27,2609300,6.84
"2012-03-28",7.27,7.46,7.26,7.46,5560800,7.02
"2012-03-29",7.47,7.48,7.26,7.38,4094900,6.95
"2012-03-30",7.42,7.44,7.3,7.32,3186300,6.89
"2012-04-02",7.28,7.41,7.23,7.35,2764900,6.92
"2012-04-03",7.32,7.37,7.17,7.29,5060900,6.86
"2012-04-04",7.23,7.27,7.11,7.11,3545500,6.69
"2012-04-05",7.09,7.17,7.05,7.11,2535300,6.69
"2012-04-09",6.99,7.04,6.94,6.95,2386900,6.54
"2012-04-10",6.93,6.99,6.66,6.69,6634200,6.3
"2012-04-11",6.75,6.78,6.69,6.75,5783400,6.35
"2012-04-12",6.77,6.89,6.72,6.88,4029400,6.48
"2012-04-13",6.85,6.88,6.64,6.64,2636900,6.25
"2012-04-16",6.71,6.75,6.61,6.67,5721600,6.28
"2012-04-17",6.73,6.81,6.68,6.81,3127700,6.41
"2012-04-18",6.76,6.78,6.65,6.7,2339400,6.31
"2012-04-19",6.7,6.75,6.61,6.65,2348200,6.26
"2012-04-20",6.64,6.76,6.61,6.66,2928900,6.27
"2012-04-23",6.57,6.76,6.56,6.67,3724800,6.28
"2012-04-24",6.67,6.9,6.66,6.87,5847400,6.47
"2012-04-25",6.87,7.14,6.87,6.97,6532500,6.56
"2012-04-26",6.92,7.08,6.89,7.07,5607700,6.65
"2012-04-27",7.11,7.18,7.01,7.16,5257900,6.74
"2012-04-30",7.13,7.19,6.97,7.06,4976300,6.64
"2012-05-01",7.01,7.11,6.99,7,3663700,6.59
"2012-05-02",6.97,6.99,6.86,6.88,5134400,6.48
"2012-05-03",6.88,6.97,6.85,6.87,3228500,6.47
"2012-05-04",6.79,6.84,6.7,6.77,3193500,6.37
"2012-05-07",6.75,7,6.74,6.92,4956100,6.51
"2012-05-08",6.8,6.86,6.72,6.79,5288800,6.47
"2012-05-09",6.7,6.73,6.55,6.64,4586500,6.32
"2012-05-10",6.72,6.76,6.64,6.67,3140300,6.35
"2012-05-11",6.63,6.63,6.39,6.47,6306000,6.16
"2012-05-14",6.33,6.45,6.26,6.26,5301800,5.96
"2012-05-15",6.22,6.32,6.19,6.23,4306600,5.93
"2012-05-16",6.25,6.35,6.13,6.13,3139900,5.84
"2012-05-17",6.13,6.25,6.06,6.12,3939200,5.83
"2012-05-18",6.14,6.17,6.04,6.08,3015100,5.79
"2012-05-21",6.06,6.16,6.02,6.12,2373700,5.83
"2012-05-22",6.14,6.31,6.13,6.24,5229600,5.94
"2012-05-23",6.19,6.35,6.1,6.31,4456100,6.01
"2012-05-24",6.32,6.35,6.18,6.27,2737800,5.97
"2012-05-25",6.3,6.43,6.28,6.33,2987100,6.03
"2012-05-29",6.42,6.42,6.27,6.36,1769000,6.06
"2012-05-30",6.28,6.32,6.12,6.15,2929800,5.86
"2012-05-31",6.14,6.27,6.07,6.2,3679700,5.9
"2012-06-01",6.07,6.11,5.87,5.88,4346200,5.6
"2012-06-04",5.88,5.96,5.75,5.88,3458000,5.6
"2012-06-05",5.85,5.97,5.85,5.94,3832800,5.66
"2012-06-06",6.02,6.08,5.94,6.01,9026600,5.72
"2012-06-07",6.09,6.13,5.99,6.02,4519000,5.73
"2012-06-08",6.01,6.14,5.95,6.04,5758400,5.75
"2012-06-11",6.11,6.11,5.79,5.81,5143200,5.53
"2012-06-12",5.81,5.95,5.77,5.93,4441500,5.65
"2012-06-13",5.89,6.08,5.89,5.94,8633500,5.66
"2012-06-14",5.95,6.1,5.93,6.1,5346000,5.81
"2012-06-15",6.05,6.18,5.99,6.16,8534000,5.87
"2012-06-18",6.18,6.18,6.06,6.13,3614100,5.84
"2012-06-19",6.17,6.27,6.14,6.25,3194100,5.95
"2012-06-20",6.26,6.39,6.18,6.38,6655400,6.07
"2012-06-21",6.38,6.43,6.19,6.25,4541300,5.95
"2012-06-22",6.27,6.36,6.22,6.34,6210900,6.04
"2012-06-25",6.25,6.25,6.02,6.02,4633000,5.73
"2012-06-26",6.05,6.23,6.01,6.15,3944300,5.86
"2012-06-27",6.18,6.39,6.11,6.36,4049900,6.06
"2012-06-28",6.31,6.37,6.08,6.24,6051600,5.94
"2012-06-29",6.41,6.42,6.31,6.37,3621700,6.07
"2012-07-02",6.44,6.45,6.28,6.33,3094400,6.03
"2012-07-03",6.35,6.4,6.3,6.39,1199000,6.08
"2012-07-05",6.38,6.38,6.25,6.31,2673900,6.01
"2012-07-06",6.25,6.29,6.21,6.24,2276100,5.94
"2012-07-09",6.25,6.27,6.06,6.07,2997000,5.78
"2012-07-10",6.13,6.14,6,6.05,2776100,5.76
"2012-07-11",6.05,6.16,5.97,6.12,3695700,5.83
"2012-07-12",6.05,6.06,5.93,5.93,3327400,5.65
"2012-07-13",5.94,6.16,5.93,6.15,4010800,5.86
"2012-07-16",6.12,6.14,6.07,6.1,2183000,5.81
"2012-07-17",6.11,6.18,6.01,6.16,1727100,5.87
"2012-07-18",6.12,6.21,6.09,6.14,2426200,5.85
"2012-07-19",6.17,6.25,5.94,6.02,4577800,5.73
"2012-07-20",5.97,5.98,5.81,5.87,4621000,5.59
"2012-07-23",5.78,5.82,5.75,5.77,2492300,5.49
"2012-07-24",5.77,5.8,5.69,5.74,3485500,5.47
"2012-07-25",5.81,5.97,5.7,5.85,9905600,5.57
"2012-07-26",5.95,5.97,5.81,5.9,3713000,5.62
"2012-07-27",5.96,6.08,5.89,6.02,3235400,5.73
"2012-07-30",6.03,6.07,5.97,6.05,2e+06,5.76
"2012-07-31",6.17,6.38,6.11,6.35,8440600,6.05
"2012-08-01",6.4,6.43,6.25,6.28,8775900,5.98
"2012-08-02",6.21,6.26,6.07,6.14,3931400,5.85
"2012-08-03",6.64,6.64,6.23,6.34,4565400,6.04
"2012-08-06",6.28,6.36,6.22,6.32,2904500,6.09
"2012-08-07",6.36,6.56,6.28,6.48,5914900,6.25
"2012-08-08",6.43,6.61,6.38,6.54,3310900,6.31
"2012-08-09",6.55,6.64,6.49,6.57,3746800,6.34
"2012-08-10",6.56,6.66,6.5,6.61,3201600,6.37
"2012-08-13",6.6,6.63,6.49,6.58,3137700,6.35
"2012-08-14",6.6,6.67,6.52,6.55,2694900,6.32
"2012-08-15",6.55,6.67,6.54,6.64,3404400,6.4
"2012-08-16",6.65,6.74,6.6,6.68,4946400,6.44
"2012-08-17",6.68,6.69,6.6,6.65,2222600,6.41
"2012-08-20",6.62,6.71,6.59,6.66,2491500,6.42
"2012-08-21",6.66,6.72,6.53,6.57,3221600,6.34
"2012-08-22",6.51,6.63,6.47,6.57,3464900,6.34
"2012-08-23",6.55,6.56,6.43,6.43,2115900,6.2
"2012-08-24",6.43,6.52,6.42,6.44,2799200,6.21
"2012-08-27",7.36,7.54,7.35,7.45,84799800,7.18
"2012-08-28",7.37,7.44,7.25,7.26,64759300,7
"2012-08-29",7.26,7.3,7.26,7.29,24985800,7.03
"2012-08-30",7.28,7.28,7.16,7.23,26365800,6.97
"2012-08-31",7.23,7.29,7.16,7.19,12316900,6.93
"2012-09-04",7.19,7.26,7.16,7.25,9707000,6.99
"2012-09-05",7.23,7.4,7.23,7.39,14980700,7.13
"2012-09-06",7.43,7.48,7.37,7.46,10705100,7.19
"2012-09-07",7.48,7.55,7.45,7.55,9912100,7.28
"2012-09-10",7.55,7.56,7.48,7.54,7927500,7.27
"2012-09-11",7.51,7.69,7.49,7.68,8003300,7.41
"2012-09-12",7.65,7.72,7.6,7.67,4382200,7.4
"2012-09-13",7.66,7.86,7.62,7.82,7564800,7.54
"2012-09-14",7.79,7.95,7.78,7.94,9595700,7.66
"2012-09-17",7.91,7.94,7.84,7.88,13524800,7.6
"2012-09-18",7.86,7.9,7.83,7.86,3874400,7.58
"2012-09-19",7.84,7.89,7.82,7.85,3202600,7.57
"2012-09-20",7.76,7.85,7.71,7.85,3757400,7.57
"2012-09-21",7.9,7.95,7.86,7.91,10615400,7.63
"2012-09-24",7.87,7.98,7.82,7.97,4790900,7.69
"2012-09-25",8,8,7.89,7.92,7616700,7.64
"2012-09-26",7.93,7.93,7.78,7.82,3609200,7.54
"2012-09-27",7.86,7.9,7.79,7.86,4449200,7.58
"2012-09-28",7.8,8,7.79,7.95,8431500,7.67
"2012-10-01",7.95,8.08,7.93,7.96,4029400,7.68
"2012-10-02",7.95,8,7.89,7.96,3119500,7.68
"2012-10-03",7.97,8.08,7.93,8.05,13302400,7.76
"2012-10-04",8.05,8.18,8.03,8.16,5217200,7.87
"2012-10-05",8.16,8.23,8.14,8.19,2852700,7.9
"2012-10-08",8.17,8.18,8.1,8.13,1750400,7.84
"2012-10-09",8.14,8.15,8.04,8.06,3554500,7.77
"2012-10-10",8.1,8.22,8.08,8.19,2974400,7.9
"2012-10-11",8.24,8.24,8.17,8.18,1988400,7.89
"2012-10-12",8.19,8.19,7.93,8,9168700,7.71
"2012-10-15",7.99,8.17,7.99,8.09,3364800,7.8
"2012-10-16",8.13,8.16,8.05,8.09,9213100,7.8
"2012-10-17",8.17,8.62,8.17,8.56,9171000,8.25
"2012-10-18",8.55,8.79,8.51,8.75,8549600,8.44
"2012-10-19",8.73,8.75,8.57,8.64,4186300,8.33
"2012-10-22",8.69,8.71,8.57,8.7,3143400,8.39
"2012-10-23",8.55,8.65,8.55,8.62,8835900,8.31
"2012-10-24",8.54,8.74,8.36,8.66,3905800,8.35
"2012-10-25",8.63,8.74,8.61,8.69,2873600,8.38
"2012-10-26",8.71,8.71,8.56,8.62,3589800,8.31
"2012-10-31",8.65,8.69,8.29,8.49,19985600,8.19
"2012-11-01",8.41,8.66,8.41,8.62,7109100,8.31
"2012-11-02",8.66,8.7,8.51,8.57,11226100,8.26
"2012-11-05",8.48,8.54,8.38,8.51,2791500,8.21
"2012-11-06",8.53,8.67,8.5,8.64,3180500,8.33
"2012-11-07",8.47,8.49,8.19,8.25,4805500,8.03
"2012-11-08",8.25,8.34,8.21,8.21,4859000,7.99
"2012-11-09",8.2,8.21,8,8.03,10692500,7.82
"2012-11-12",8.09,8.17,8.03,8.11,4428000,7.89
"2012-11-13",8.07,8.12,7.94,7.94,5749500,7.73
"2012-11-14",7.96,8.04,7.83,7.85,9580800,7.64
"2012-11-15",7.89,7.92,7.79,7.86,8170300,7.65
"2012-11-16",7.87,7.96,7.81,7.95,5554900,7.74
"2012-11-19",8.03,8.11,7.96,8.03,4286000,7.82
"2012-11-20",8.03,8.1,7.95,8.05,2691200,7.84
"2012-11-21",8.05,8.06,7.97,8.03,2134500,7.82
"2012-11-23",8.05,8.16,8.01,8.16,597900,7.94
"2012-11-26",8.09,8.15,8.05,8.07,2444300,7.85
"2012-11-27",8.05,8.12,7.99,8.06,2505800,7.85
"2012-11-28",8.03,8.1,7.93,8.04,4082100,7.83
"2012-11-29",8.06,8.09,7.94,7.95,3222800,7.74
"2012-11-30",7.98,8.08,7.88,8.06,4601000,7.85
"2012-12-03",8.1,8.12,7.99,8.01,3698300,7.8
"2012-12-04",8.01,8.06,7.91,7.91,4027700,7.7
"2012-12-05",7.95,8,7.91,7.98,2152200,7.77
"2012-12-06",7.98,8.05,7.94,7.99,3761800,7.78
"2012-12-07",7.98,8.09,7.97,7.99,3606100,7.78
"2012-12-10",7.97,8.14,7.96,8.06,2534500,7.85
"2012-12-11",8.1,8.14,7.96,8.04,3668400,7.83
"2012-12-12",8.03,8.1,8,8.02,3439400,7.81
"2012-12-13",8,8.1,8,8.04,3045100,7.83
"2012-12-14",8.04,8.04,7.97,7.99,5961800,7.78
"2012-12-17",8.01,8.18,7.99,8.15,8754100,7.93
"2012-12-18",8.14,8.24,8.14,8.24,20490300,8.02
"2012-12-19",8.22,8.3,8.18,8.22,4885000,8
"2012-12-20",8.2,8.28,8.19,8.27,5947800,8.05
"2012-12-21",8.19,8.21,8.09,8.16,10858100,7.94
"2012-12-24",8.14,8.16,8.05,8.09,1124200,7.87
"2012-12-26",8.1,8.16,8.06,8.1,1944800,7.88
"2012-12-27",8.09,8.13,7.97,8.07,4025200,7.85
"2012-12-28",8.03,8.1,8.01,8.04,3751000,7.83
"2012-12-31",7.98,8.13,7.98,8.13,5203600,7.91
"2013-01-02",8.26,8.35,8.21,8.35,5703000,8.13
"2013-01-03",8.31,8.4,8.26,8.39,4838900,8.17
"2013-01-04",8.42,8.55,8.35,8.53,5763500,8.3
"2013-01-07",8.48,8.51,8.41,8.5,3792400,8.27
"2013-01-08",8.46,8.51,8.39,8.5,5618900,8.27
"2013-01-09",8.53,8.55,8.48,8.53,3575200,8.3
"2013-01-10",8.54,8.63,8.53,8.61,4169300,8.38
"2013-01-11",8.58,8.62,8.5,8.58,5652100,8.35
"2013-01-14",8.59,8.59,8.45,8.54,2804000,8.31
"2013-01-15",8.49,8.6,8.45,8.57,4194200,8.34
"2013-01-16",8.6,8.64,8.5,8.55,2269600,8.32
"2013-01-17",8.55,8.61,8.52,8.58,4327500,8.35
"2013-01-18",8.58,8.62,8.53,8.59,3649800,8.36
"2013-01-22",8.55,8.7,8.55,8.7,4151000,8.47
"2013-01-23",8.71,8.71,8.62,8.65,2267200,8.42
"2013-01-24",8.63,8.71,8.6,8.65,2445600,8.42
"2013-01-25",8.69,8.7,8.57,8.64,2352300,8.41
"2013-01-28",8.66,8.66,8.56,8.57,3576100,8.34
"2013-01-29",8.52,8.61,8.52,8.6,2497300,8.37
"2013-01-30",8.52,8.62,8.52,8.62,4289400,8.39
"2013-01-31",8.62,8.62,8.5,8.55,2722100,8.32
"2013-02-01",8.59,8.69,8.55,8.68,3749700,8.45
"2013-02-04",8.61,8.63,8.55,8.58,1693700,8.35
"2013-02-05",8.59,8.74,8.57,8.72,2120600,8.49
"2013-02-06",8.68,8.71,8.59,8.69,8173600,8.46
"2013-02-07",8.62,8.68,8.52,8.6,1666500,8.45
"2013-02-08",8.61,8.65,8.59,8.62,1367000,8.47
"2013-02-11",8.6,8.64,8.59,8.63,1639000,8.48
"2013-02-12",8.65,8.76,8.6,8.74,2173800,8.59
"2013-02-13",8.78,8.79,8.65,8.69,1721600,8.54
"2013-02-14",8.66,8.72,8.63,8.68,2418600,8.53
"2013-02-15",8.65,8.72,8.63,8.7,2718100,8.55
"2013-02-19",8.71,8.79,8.69,8.77,7122200,8.62
"2013-02-20",8.75,8.76,8.66,8.68,2742600,8.53
"2013-02-21",8.49,8.69,8.29,8.55,3441900,8.4
"2013-02-22",8.56,8.68,8.55,8.68,1717300,8.53
"2013-02-25",8.75,8.76,8.41,8.41,6310100,8.26
"2013-02-26",8.41,8.5,8.33,8.44,2233100,8.29
"2013-02-27",8.42,8.53,7.67,8.5,1634400,8.35
"2013-02-28",8.51,8.58,8.45,8.53,3940500,8.38
"2013-03-01",8.55,8.59,8.41,8.58,3486900,8.43
"2013-03-04",8.57,8.63,8.53,8.63,1553500,8.48
"2013-03-05",8.58,8.76,8.58,8.65,3130400,8.5
"2013-03-06",8.66,8.71,8.62,8.67,2100700,8.52
"2013-03-07",8.67,8.71,8.64,8.69,1479000,8.54
"2013-03-08",8.74,8.74,8.65,8.7,1450800,8.55
"2013-03-11",8.68,8.72,8.67,8.72,1456100,8.57
"2013-03-12",8.71,8.72,8.66,8.7,5753700,8.55
"2013-03-13",8.7,8.72,8.67,8.71,2242300,8.56
"2013-03-14",8.72,8.75,8.71,8.75,1233400,8.6
"2013-03-15",8.7,8.77,8.69,8.73,2665400,8.58
"2013-03-18",8.66,8.7,8.58,8.62,1912600,8.47
"2013-03-19",8.62,8.69,8.58,8.6,1907500,8.45
"2013-03-20",8.65,8.66,8.58,8.64,1904600,8.49
"2013-03-21",8.57,8.64,8.57,8.58,2125500,8.43
"2013-03-22",8.63,8.64,8.56,8.63,1488700,8.48
"2013-03-25",8.64,8.65,8.56,8.57,2706800,8.42
"2013-03-26",8.64,8.64,8.55,8.58,1894400,8.43
"2013-03-27",8.52,8.63,8.51,8.62,2063300,8.47
"2013-03-28",8.65,8.65,8.58,8.64,2392100,8.49
"2013-04-01",8.6,8.64,8.53,8.57,2232100,8.42
"2013-04-02",8.62,8.62,8.51,8.53,1683000,8.38
"2013-04-03",8.52,8.54,8.4,8.43,2527300,8.28
"2013-04-04",8.49,8.53,8.42,8.51,1869200,8.36
"2013-04-05",8.44,8.49,8.36,8.47,3024700,8.32
"2013-04-08",8.46,8.48,8.4,8.47,1559400,8.32
"2013-04-09",8.46,8.61,8.44,8.61,1862500,8.46
"2013-04-10",8.65,8.77,8.6,8.77,2571600,8.62
"2013-04-11",8.76,8.82,8.74,8.77,1893700,8.62
"2013-04-12",8.34,8.55,8.2,8.29,15711800,8.14
"2013-04-15",8.27,8.32,8.12,8.12,4444700,7.98
"2013-04-16",8.17,8.2,8.08,8.18,4543700,8.04
"2013-04-17",8.12,8.13,7.95,7.97,2431900,7.83
"2013-04-18",7.97,8.08,7.89,8.04,2517000,7.9
"2013-04-19",8.08,8.17,7.9,8.08,2978200,7.94
"2013-04-22",8.1,8.14,8.04,8.14,1197000,8
"2013-04-23",8.19,8.22,8.12,8.22,1597000,8.08
"2013-04-24",8.24,8.28,8.17,8.27,1450300,8.12
"2013-04-25",8.32,8.32,8.2,8.28,1583600,8.13
"2013-04-26",8.28,8.3,8.22,8.22,1676600,8.08
"2013-04-29",8.27,8.28,8.2,8.2,1766800,8.06
"2013-04-30",8.18,8.32,8.17,8.29,2760600,8.14
"2013-05-01",8.22,8.29,8.13,8.16,4316000,8.02
"2013-05-02",8.15,8.28,8,8.26,2492800,8.11
"2013-05-03",8.34,8.34,8.2,8.29,1457300,8.14
"2013-05-06",8.31,8.35,8.26,8.35,1350600,8.2
"2013-05-07",8.39,8.46,8.35,8.43,2399500,8.28
"2013-05-08",8.41,8.54,8.41,8.53,5817100,8.38
"2013-05-09",8.53,8.56,8.46,8.52,3972900,8.37
"2013-05-10",8.51,8.54,8.47,8.53,4700600,8.42
"2013-05-13",8.48,8.56,8.46,8.53,2049100,8.42
"2013-05-14",8.52,8.56,8.35,8.56,2343500,8.45
"2013-05-15",8.55,8.69,8.5,8.62,1621100,8.51
"2013-05-16",8.56,8.64,8.55,8.58,2629300,8.47
"2013-05-17",8.58,8.68,8.57,8.65,1354600,8.54
"2013-05-20",8.59,8.64,8.56,8.64,2828900,8.53
"2013-05-21",8.64,8.69,8.62,8.66,3011100,8.55
"2013-05-22",8.65,8.75,8.5,8.51,2503300,8.4
"2013-05-23",8.47,8.55,8.46,8.49,5091300,8.38
"2013-05-24",8.46,8.54,8.43,8.52,4738700,8.41
"2013-05-28",8.64,8.7,8.59,8.66,2033300,8.55
"2013-05-29",8.62,8.7,8.55,8.58,4726100,8.47
"2013-05-30",8.58,8.7,8.51,8.64,2000600,8.53
"2013-05-31",8.62,8.65,8.49,8.5,4458900,8.39
"2013-06-03",8.52,8.62,8.45,8.61,2780500,8.5
"2013-06-04",8.62,8.62,8.46,8.51,2066000,8.4
"2013-06-05",8.47,8.47,8.33,8.33,3452800,8.22
"2013-06-06",8.29,8.34,8.18,8.34,8367400,8.23
"2013-06-07",8.41,8.46,8.32,8.41,4139200,8.3
"2013-06-10",8.41,8.47,8.38,8.42,7286000,8.31
"2013-06-11",8.34,8.42,8.29,8.33,8200700,8.22
"2013-06-12",8.38,8.41,8.27,8.27,8600600,8.16
"2013-06-13",8.26,8.4,8.23,8.4,4430100,8.29
"2013-06-14",8.42,8.47,8.28,8.29,3252800,8.18
"2013-06-17",8.32,8.42,8.3,8.37,2600900,8.26
"2013-06-18",8.39,8.62,8.31,8.57,13247000,8.46
"2013-06-19",8.59,8.59,8.47,8.48,2496500,8.37
"2013-06-20",8.38,8.57,8.31,8.5,3481200,8.39
"2013-06-21",8.54,8.71,8.5,8.64,6630800,8.53
"2013-06-24",8.59,8.65,8.49,8.62,3619300,8.51
"2013-06-25",8.71,8.82,8.61,8.81,2733400,8.7
"2013-06-26",8.94,9.04,8.85,9,2620400,8.88
"2013-06-27",9.08,9.2,9.05,9.16,2278200,9.04
"2013-06-28",9.15,9.2,9.1,9.18,2427300,9.06
"2013-07-01",9.15,9.38,9.14,9.29,2241200,9.17
"2013-07-02",9.26,9.38,9.26,9.36,2955800,9.24
"2013-07-03",9.31,9.37,9.27,9.35,714700,9.23
"2013-07-05",9.43,9.57,9.39,9.57,2505700,9.45
"2013-07-08",9.55,9.67,9.55,9.66,3051900,9.53
"2013-07-09",9.74,9.77,9.61,9.72,1753200,9.59
"2013-07-10",9.74,9.75,9.6,9.7,2150800,9.57
"2013-07-11",9.76,9.78,9.58,9.65,1398300,9.52
"2013-07-12",9.66,9.73,9.6,9.73,2398200,9.6
"2013-07-15",9.76,9.78,9.69,9.76,1716600,9.63
"2013-07-16",9.74,9.76,9.57,9.67,2601800,9.54
"2013-07-17",9.73,9.78,9.58,9.61,5578000,9.49
"2013-07-18",9.54,9.79,9.54,9.77,10318900,9.64
"2013-07-19",9.79,9.79,9.61,9.66,7031800,9.53
"2013-07-22",9.73,9.77,9.66,9.74,5255900,9.61
"2013-07-23",9.77,9.77,9.67,9.7,2552000,9.57
"2013-07-24",9.7,9.76,9.64,9.68,3537500,9.55
"2013-07-25",9.66,9.69,9.56,9.61,3258000,9.49
"2013-07-26",9.56,9.6,9.49,9.58,1789700,9.46
"2013-07-29",9.56,9.58,9.45,9.47,1569200,9.35
"2013-07-30",9.52,9.58,9.51,9.55,2022400,9.43
"2013-07-31",9.55,9.7,9.53,9.56,3350500,9.44
"2013-08-01",9.61,9.76,9.58,9.74,2588800,9.61
"2013-08-02",9.7,9.77,9.66,9.77,4146700,9.64
"2013-08-05",9.71,9.77,9.67,9.72,3803200,9.59
"2013-08-06",9.68,9.72,9.62,9.67,4112900,9.54
"2013-08-07",9.63,9.64,9.54,9.58,4374500,9.46
"2013-08-08",9.61,9.68,9.54,9.62,1843000,9.54
"2013-08-09",9.58,9.62,9.51,9.6,1503300,9.52
"2013-08-12",9.54,9.63,9.52,9.58,2867100,9.5
"2013-08-13",9.58,9.6,9.5,9.56,1932400,9.48
"2013-08-14",9.55,9.61,9.51,9.54,1828900,9.46
"2013-08-15",9.5,9.53,9.46,9.5,2759500,9.42
"2013-08-16",9.45,9.55,9.44,9.55,3308100,9.47
"2013-08-19",9.51,9.52,9.4,9.41,2931800,9.33
"2013-08-20",9.39,9.53,9.39,9.46,1925700,9.38
"2013-08-21",9.42,9.49,9.35,9.42,3502000,9.34
"2013-08-22",9.42,9.69,9.42,9.64,2389600,9.55
"2013-08-23",9.62,9.65,9.54,9.62,3247900,9.54
"2013-08-26",9.62,9.65,9.55,9.62,4303800,9.54
"2013-08-27",9.55,9.55,9.23,9.23,6743000,9.15
"2013-08-28",9.21,9.33,9.18,9.29,3501600,9.21
"2013-08-29",9.24,9.3,9.16,9.19,3533400,9.11
"2013-08-30",9.23,9.28,9.1,9.19,3587400,9.11
"2013-09-03",9.3,9.36,9.15,9.24,5998600,9.16
"2013-09-04",9.25,9.36,9.24,9.34,4714000,9.26
"2013-09-05",9.31,9.39,9.3,9.35,2817200,9.27
"2013-09-06",9.35,9.39,9.11,9.25,4141600,9.17
"2013-09-09",9.24,9.27,9.13,9.15,2629000,9.07
"2013-09-10",9.24,9.24,9.11,9.15,3021000,9.07
"2013-09-11",9.13,9.16,9.03,9.12,3266000,9.04
"2013-09-12",9.15,9.15,9.02,9.03,2506400,8.95
"2013-09-13",9.04,9.1,9,9.03,3114500,8.95
"2013-09-16",9.14,9.14,9.02,9.06,2612400,8.98
"2013-09-17",9.04,9.19,9.04,9.18,1117100,9.1
"2013-09-18",9.14,9.33,9.1,9.25,3982800,9.17
"2013-09-19",9.25,9.26,9.02,9.15,2964300,9.07
"2013-09-20",9.17,9.18,9.05,9.05,4381200,8.97
"2013-09-23",9.04,9.04,8.89,8.98,3221600,8.9
"2013-09-24",9.01,9.05,8.95,8.98,3147200,8.9
"2013-09-25",8.97,9.05,8.93,9.03,3942500,8.95
"2013-09-26",9.03,9.12,9.01,9.1,3884900,9.02
"2013-09-27",9.01,9.14,9.01,9.12,4226300,9.04
"2013-09-30",9.01,9.13,8.97,9.04,2496100,8.96
"2013-10-01",9.06,9.17,9.02,9.17,3236800,9.09
"2013-10-02",9.11,9.14,9.06,9.14,3061700,9.06
"2013-10-03",9.11,9.12,9,9.06,4625600,8.98
"2013-10-04",9.03,9.26,9.03,9.25,3152200,9.17
"2013-10-07",9.16,9.16,8.99,8.99,2748400,8.91
"2013-10-08",9.02,9.06,8.94,8.97,3547500,8.89
"2013-10-09",9,9.05,8.91,9.04,3677600,8.96
"2013-10-10",9.12,9.27,9.07,9.27,3858200,9.19
"2013-10-11",9.22,9.39,9.16,9.34,5883100,9.26
"2013-10-14",9.28,9.41,9.28,9.4,2613100,9.32
"2013-10-15",9.35,9.4,9.28,9.29,3026400,9.21
"2013-10-16",9.36,9.5,9.32,9.49,2430800,9.41
"2013-10-17",9.43,9.44,9.08,9.15,9964500,9.07
"2013-10-18",9,9.32,8.96,9.3,8181900,9.22
"2013-10-21",9.29,9.33,9.18,9.19,3943600,9.11
"2013-10-22",9.21,9.22,9.09,9.12,3893100,9.04
"2013-10-23",9.06,9.11,9.01,9.07,10150000,8.99
"2013-10-24",9.11,9.2,9,9.03,7519000,8.95
"2013-10-25",9.02,9.07,8.94,8.99,7870800,8.91
"2013-10-28",8.99,9.03,8.95,8.96,6353400,8.88
"2013-10-29",8.99,9.06,8.94,9.03,6596600,8.95
"2013-10-30",9.06,9.21,9,9.14,6954500,9.06
"2013-10-31",9.15,9.16,8.97,8.98,3991200,8.9
"2013-11-01",8.98,9.05,8.89,8.96,8834300,8.88
"2013-11-04",8.96,8.99,8.87,8.93,7079700,8.85
"2013-11-05",8.9,8.97,8.89,8.9,6617800,8.82
"2013-11-06",8.9,9,8.89,8.99,7863200,8.95
"2013-11-07",9.01,9.05,8.9,8.91,3051400,8.87
"2013-11-08",8.91,9.18,8.89,9.18,7871900,9.14
"2013-11-11",9.17,9.2,9.09,9.1,2206300,9.06
"2013-11-12",9.11,9.21,8.88,8.91,6867600,8.87
"2013-11-13",8.88,9.06,8.85,9.04,2135300,9
"2013-11-14",9.05,9.12,8.97,9.09,1950300,9.05
"2013-11-15",9.08,9.18,9.03,9.14,2108700,9.1
"2013-11-18",9.15,9.26,9.12,9.15,3811800,9.11
"2013-11-19",9.11,9.21,9.1,9.17,1169500,9.13
"2013-11-20",9.22,9.28,9.14,9.17,3127000,9.13
"2013-11-21",9.18,9.39,9.16,9.29,4667400,9.25
"2013-11-22",9.32,9.34,9.26,9.3,3736100,9.26
"2013-11-25",9.32,9.4,9.29,9.36,3996000,9.32
"2013-11-26",9.35,9.41,9.32,9.34,2777200,9.3
"2013-11-27",9.36,9.39,9.32,9.36,3849400,9.32
"2013-11-29",9.39,9.4,9.32,9.34,844900,9.3
"2013-12-02",9.33,9.42,9.21,9.23,3827500,9.19
"2013-12-03",9.19,9.31,9.05,9.19,3465400,9.15
"2013-12-04",9.16,9.24,9.06,9.13,2641700,9.09
"2013-12-05",9.13,9.15,9.03,9.08,3684200,9.04
"2013-12-06",9.16,9.27,9.11,9.23,5182200,9.19
"2013-12-09",9.25,9.32,9.22,9.29,3464700,9.25
"2013-12-10",9.27,9.29,9.19,9.22,2889000,9.18
"2013-12-11",9.21,9.24,9.15,9.16,2739400,9.12
"2013-12-12",9.14,9.21,9.11,9.16,4385600,9.12
"2013-12-13",9.17,9.25,9.13,9.16,2806000,9.12
"2013-12-16",9.15,9.29,9.14,9.23,5652500,9.19
"2013-12-17",9.25,9.25,8.99,9.16,21638800,9.12
"2013-12-18",9.15,9.21,8.95,9.21,11319300,9.17
"2013-12-19",9.19,9.19,9.1,9.14,6637700,9.1
"2013-12-20",9.26,9.26,9.12,9.2,11510800,9.16
"2013-12-23",9.22,9.31,9.2,9.26,6712400,9.22
"2013-12-24",9.25,9.35,9.25,9.34,1141200,9.3
"2013-12-26",9.33,9.39,9.12,9.36,1823900,9.32
"2013-12-27",9.38,9.39,9.31,9.38,1687900,9.34
"2013-12-30",9.36,9.4,9.33,9.39,1735800,9.35
"2013-12-31",9.43,9.47,9.38,9.43,1862800,9.39
"2014-01-02",9.44,9.44,9.31,9.31,4596000,9.27
"2014-01-03",9.35,9.38,9.32,9.36,3129000,9.32
"2014-01-06",9.35,9.42,9.28,9.29,3802400,9.25
"2014-01-07",9.3,9.39,9.27,9.36,6799800,9.32
"2014-01-08",9.37,9.42,9.35,9.39,3095900,9.35
"2014-01-09",9.38,9.47,9.38,9.47,3385300,9.43
"2014-01-10",9.47,9.47,9.37,9.4,2364700,9.36
"2014-01-13",9.38,9.4,9.22,9.25,1293700,9.21
"2014-01-14",9.29,9.33,9.22,9.3,2762900,9.26
"2014-01-15",9.3,9.38,9.28,9.31,3585200,9.27
"2014-01-16",9.3,9.31,9.22,9.28,1556200,9.24
"2014-01-17",9.17,9.27,8.9,9.08,9747800,9.04
"2014-01-21",9.1,9.1,8.87,9.07,7494200,9.03
"2014-01-22",9.09,9.15,9.05,9.14,3628000,9.1
"2014-01-23",9.09,9.13,9.03,9.12,4993200,9.08
"2014-01-24",9.03,9.1,9.01,9.05,4317700,9.01
"2014-01-27",9.03,9.13,8.99,9,2848200,8.96
"2014-01-28",8.99,9.05,8.95,9.04,2498800,9
"2014-01-29",8.95,9.15,8.94,9.08,3224500,9.04
"2014-01-30",9.12,9.21,9.03,9.15,3314800,9.11
"2014-01-31",9.04,9.12,9.02,9.04,2538300,9
"2014-02-03",9.02,9.07,8.81,8.81,7475300,8.77
"2014-02-04",8.84,9.03,8.82,9.02,4014500,8.98
"2014-02-05",9,9.09,8.97,9.05,3070900,9.01
"2014-02-06",9.03,9.15,8.99,9.14,1901000,9.1
"2014-02-07",9.17,9.27,9.14,9.18,2856200,9.14
"2014-02-10",9.17,9.23,9.1,9.16,1968000,9.16
"2014-02-11",9.14,9.27,9.12,9.26,1778500,9.26
"2014-02-12",9.25,9.32,9.15,9.2,5889800,9.2
"2014-02-13",9.17,9.21,9.03,9.21,3335000,9.21
"2014-02-14",9.23,9.27,9.19,9.27,1166200,9.27
"2014-02-18",9.29,9.33,9.21,9.22,1443800,9.22
"2014-02-19",9.18,9.22,9.08,9.1,2396300,9.1
"2014-02-20",9.11,9.17,9.03,9.13,3403000,9.13
"2014-02-21",9.11,9.22,9.08,9.22,3665300,9.22
"2014-02-24",9.21,9.39,9.18,9.34,2602800,9.34
"2014-02-25",9.35,9.35,9.24,9.29,2003300,9.29
"2014-02-26",9.32,9.44,9.27,9.37,2218100,9.37
"2014-02-27",9.35,9.39,9.25,9.38,1760700,9.38
"2014-02-28",9.4,9.56,9.38,9.5,2821000,9.5
"2014-03-03",9.4,9.42,9.33,9.39,2804800,9.39
"2014-03-04",9.44,9.6,9.44,9.57,3395500,9.57
"2014-03-05",9.56,9.59,9.49,9.59,1836900,9.59
"2014-03-06",9.61,9.7,9.57,9.66,2662700,9.66
"2014-03-07",9.69,9.8,9.66,9.7,2456600,9.7
"2014-03-10",9.68,9.74,9.64,9.7,1819200,9.7
"2014-03-11",9.71,9.74,9.55,9.61,2247600,9.61
"2014-03-12",9.56,9.65,9.51,9.65,3205700,9.65
"2014-03-13",9.64,9.68,9.47,9.48,4003100,9.48
"2014-03-14",9.48,9.6,9.47,9.56,2627400,9.56
"2014-03-17",9.58,9.62,9.51,9.57,1984100,9.57
