"","ISRG.Open","ISRG.High","ISRG.Low","ISRG.Close","ISRG.Volume","ISRG.Adjusted"
"2007-01-03",97.04,97.89,93.03,94.48,956400,94.48
"2007-01-04",94.17,95.89,94.15,95.2,720300,95.2
"2007-01-05",95.08,95.93,93.52,94.08,979000,94.08
"2007-01-08",93.67,93.91,90.81,91.2,1635600,91.2
"2007-01-09",91.04,92.04,88.79,89.37,1586800,89.37
"2007-01-10",89,89.31,86.68,87.11,1940600,87.11
"2007-01-11",86.8,91.51,86.2,91.24,1836500,91.24
"2007-01-12",91.92,94.79,91.92,94.03,1701900,94.03
"2007-01-16",94.72,94.72,92.81,93.11,800500,93.11
"2007-01-17",92.96,95,92.62,94.75,1027000,94.75
"2007-01-18",94.78,95.26,93.34,93.56,945200,93.56
"2007-01-19",93.3,93.99,92.76,93.41,674800,93.41
"2007-01-22",94.7,97.47,94.13,97.08,1192400,97.08
"2007-01-23",97.09,98.81,96.4,97.6,899500,97.6
"2007-01-24",97.8,98,96.47,96.86,521100,96.86
"2007-01-25",96.86,96.87,94.4,95.16,616900,95.16
"2007-01-26",95.33,95.82,93.73,94.98,564900,94.98
"2007-01-29",95.33,97.68,94.59,97.52,590000,97.52
"2007-01-30",97.06,98.45,95.44,98.2,1181900,98.2
"2007-01-31",98.24,99.19,96.65,98.41,790800,98.41
"2007-02-01",99.14,99.86,98.38,99.32,2220900,99.32
"2007-02-02",115,117.97,113.54,116.77,4981100,116.77
"2007-02-05",116.06,117,114.28,114.85,1266100,114.85
"2007-02-06",114.54,116.3,113.75,115.5,926500,115.5
"2007-02-07",115.14,116.71,113.37,114.53,954600,114.53
"2007-02-08",114.37,115.21,113.04,114.52,483800,114.52
"2007-02-09",114.16,115.5,110.85,112.06,951200,112.06
"2007-02-12",112.04,113.7,110.22,113.5,770100,113.5
"2007-02-13",113.15,114.45,112,113.2,597100,113.2
"2007-02-14",112.85,115,112.84,113.84,564900,113.84
"2007-02-15",113.79,114.29,112.18,112.66,631600,112.66
"2007-02-16",112.21,114.5,112.17,114.41,622100,114.41
"2007-02-20",114.47,115.65,113.75,115,615600,115
"2007-02-21",114.83,116.43,114.5,114.88,535800,114.88
"2007-02-22",115,115.12,112.7,113.69,428700,113.69
"2007-02-23",113.67,113.85,112.39,113.08,432800,113.08
"2007-02-26",113.91,114.4,111.5,113.25,432800,113.25
"2007-02-27",111.58,111.96,109.2,109.51,852400,109.51
"2007-02-28",109.58,111.63,107.2,111.1,984300,111.1
"2007-03-01",109.08,110,106.55,109,943600,109
"2007-03-02",108.99,109.49,107.3,107.52,573900,107.52
"2007-03-05",106.01,107.5,104.07,104.23,918300,104.23
"2007-03-06",105.96,109.83,105.32,108.52,1477000,108.52
"2007-03-07",108.56,109.27,107.5,108.24,600600,108.24
"2007-03-08",109.3,111.31,109.26,109.92,673400,109.92
"2007-03-09",111.41,113,110.4,110.75,520900,110.75
"2007-03-12",110.26,110.95,109.12,110.24,341500,110.24
"2007-03-13",109,110.44,107.85,107.9,568800,107.9
"2007-03-14",107.8,109.1,106.37,108.92,505700,108.92
"2007-03-15",109.02,112.5,108.99,111.59,783300,111.59
"2007-03-16",111.38,113.25,110.85,111.67,1003800,111.67
"2007-03-19",112.56,116.25,111.67,114.23,1154400,114.23
"2007-03-20",114.66,116.18,114.24,115.63,547800,115.63
"2007-03-21",115.92,116.33,115.1,116.2,694200,116.2
"2007-03-22",116.36,122.71,116.36,120.66,1930200,120.66
"2007-03-23",119.81,122.43,119.64,121.67,766500,121.67
"2007-03-26",121.76,123.4,120.19,123.38,862800,123.38
"2007-03-27",123.38,125,122.51,123.31,828300,123.31
"2007-03-28",122.5,124.49,121.76,122.37,692500,122.37
"2007-03-29",124.34,124.44,121.23,123.01,427000,123.01
"2007-03-30",123.35,123.49,120.6,121.57,461400,121.57
"2007-04-02",121.48,122.76,121.12,121.94,376000,121.94
"2007-04-03",122.21,124.41,122.07,123.27,604700,123.27
"2007-04-04",123.63,125.67,123,125.12,690900,125.12
"2007-04-05",125.39,125.51,123.33,124.52,452000,124.52
"2007-04-09",124.3,125.45,123.5,123.77,440300,123.77
"2007-04-10",123.56,124,122.36,122.82,458900,122.82
"2007-04-11",123,124.05,121.46,123.01,690500,123.01
"2007-04-12",122.52,123.82,121.67,123.19,385100,123.19
"2007-04-13",123.44,125.37,123.09,124.74,608800,124.74
"2007-04-16",125.77,127.77,125.2,125.49,750000,125.49
"2007-04-17",126.01,126.43,124.87,125.25,555600,125.25
"2007-04-18",125.85,126.65,121.61,122.51,946700,122.51
"2007-04-19",122.29,122.69,120.54,121.19,1481100,121.19
"2007-04-20",127.99,134.6,127.99,131.75,4373200,131.75
"2007-04-23",131.77,135.56,131.23,134.25,1516400,134.25
"2007-04-24",132.83,133.99,130.97,133.41,992300,133.41
"2007-04-25",133.3,135.7,132,133.73,899000,133.73
"2007-04-26",133.37,134.32,132.45,133.94,509500,133.94
"2007-04-27",133.12,133.46,131.8,133.31,576200,133.31
"2007-04-30",132.6,133.3,129.25,129.66,720000,129.66
"2007-05-01",130.78,131.16,127.74,131.07,768100,131.07
"2007-05-02",131.1,134.16,130.58,134.08,666200,134.08
"2007-05-03",134.65,136.21,133,135.45,904800,135.45
"2007-05-04",135.19,135.5,132.68,133.94,748000,133.94
"2007-05-07",133.62,135.31,133,134.45,581400,134.45
"2007-05-08",133.44,134.75,132.42,134.47,637000,134.47
"2007-05-09",133.6,135.9,133.3,135.01,563200,135.01
"2007-05-10",134.96,135,130.07,130.81,937800,130.81
"2007-05-11",131.35,132.66,129.03,130.9,554600,130.9
"2007-05-14",131,132.24,129.56,130.22,335400,130.22
"2007-05-15",130.25,131.47,129.92,130.18,521600,130.18
"2007-05-16",131.27,131.78,127.66,129.35,678200,129.35
"2007-05-17",129.46,130.11,128.05,129.27,386100,129.27
"2007-05-18",131,132.98,129.67,132.64,821800,132.64
"2007-05-21",132.38,133.6,131.7,132.92,591700,132.92
"2007-05-22",132.69,134.59,131.65,133.59,542100,133.59
"2007-05-23",133.98,139.81,133.34,137.09,1480400,137.09
"2007-05-24",136.5,140.68,135,136.56,893100,136.56
"2007-05-25",136.82,138.2,136.01,136.99,541600,136.99
"2007-05-29",137,137.61,136.25,136.7,376000,136.7
"2007-05-30",136.36,137.7,134.64,137.69,395400,137.69
"2007-05-31",137.77,141.8,136.79,137.63,730900,137.63
"2007-06-01",138.4,139.7,137.6,139.03,434400,139.03
"2007-06-04",140.82,143.98,139.9,143.39,1006300,143.39
"2007-06-05",143.18,146.2,142.39,142.69,916000,142.69
"2007-06-06",142.58,143.37,140.7,140.71,577400,140.71
"2007-06-07",140.61,141.53,137.01,137.33,682200,137.33
"2007-06-08",136.7,140.25,136.11,139,780800,139
"2007-06-11",139.72,141.61,139.05,140.31,414100,140.31
"2007-06-12",140.32,140.5,137.1,137.94,546300,137.94
"2007-06-13",139.02,140.52,137.84,140.08,745400,140.08
"2007-06-14",139.95,142.11,139.8,141.26,1144500,141.26
"2007-06-15",142.69,142.75,139.94,140.56,746400,140.56
"2007-06-18",140.57,141.72,140.04,140.84,381000,140.84
"2007-06-19",139.8,142.75,139.7,140.84,452500,140.84
"2007-06-20",142.07,142.48,138.41,138.76,575100,138.76
"2007-06-21",138.57,140.2,137.45,138.98,407500,138.98
"2007-06-22",138.5,139.73,137.01,137.55,481100,137.55
"2007-06-25",138.52,139.42,135.95,136.5,482100,136.5
"2007-06-26",136.51,138.01,135.04,135.73,614000,135.73
"2007-06-27",135.05,139.1,135.04,139.02,402100,139.02
"2007-06-28",139.02,140.21,138.04,138.5,375700,138.5
"2007-06-29",138.45,140.2,137.87,138.77,385800,138.77
"2007-07-02",139,142.43,138.31,141.95,651100,141.95
"2007-07-03",141.9,143.13,141.53,141.91,314100,141.91
"2007-07-05",141.51,143.14,140.64,142.74,481800,142.74
"2007-07-06",143.21,145.63,142.66,144.9,476800,144.9
"2007-07-09",145,148.48,144.66,147.4,670300,147.4
"2007-07-10",146.93,149.3,144,146.51,682900,146.51
"2007-07-11",146.53,148.17,145.31,147.4,325400,147.4
"2007-07-12",147.74,149,146.35,148.9,554500,148.9
"2007-07-13",148.91,149.98,147.18,148.37,544400,148.37
"2007-07-16",148.5,148.55,146.05,146.83,567200,146.83
"2007-07-17",148.38,150.75,146,148.94,717600,148.94
"2007-07-18",148.17,149.37,147.49,148.42,753700,148.42
"2007-07-19",149.61,150.97,148.12,150.08,1348900,150.08
"2007-07-20",175.58,199.84,175.58,198.59,8903700,198.59
"2007-07-23",203.87,214.76,202.66,208.03,4790400,208.03
"2007-07-24",202,204.94,200.22,203.15,2401400,203.15
"2007-07-25",205.03,205.31,195.15,200.17,1616100,200.17
"2007-07-26",196.2,204.78,195.15,201.3,1226300,201.3
"2007-07-27",201,208.25,198.81,202.55,1043900,202.55
"2007-07-30",202.78,216.98,200.06,215.18,2069000,215.18
"2007-07-31",215.88,225.02,212.33,212.61,2185800,212.61
"2007-08-01",212.38,214.27,206.28,211.56,1246800,211.56
"2007-08-02",212.98,213,207.77,211.95,869800,211.95
"2007-08-03",212.95,214.79,204.38,204.38,1019500,204.38
"2007-08-06",205.95,209.9,199.23,208.53,1109600,208.53
"2007-08-07",209.24,211.3,204.87,210.25,826100,210.25
"2007-08-08",211.76,215.39,207.5,211.25,779900,211.25
"2007-08-09",207,213.5,200.37,201.3,1074000,201.3
"2007-08-10",198.5,203.82,196.06,197.1,1289900,197.1
"2007-08-13",202.42,203.88,197.41,201.2,725800,201.2
"2007-08-14",199.31,201.9,196.57,196.8,495000,196.8
"2007-08-15",196.5,201.81,193.34,194.61,813800,194.61
"2007-08-16",192.4,198.37,185.1,189.63,1349300,189.63
"2007-08-17",193.36,199.19,188.46,199.13,910600,199.13
"2007-08-20",200.27,201.18,197.62,198.5,650900,198.5
"2007-08-21",197.7,207.3,197.7,205.59,711300,205.59
"2007-08-22",207.97,212.2,206.54,210.93,868500,210.93
"2007-08-23",212,212.11,205.06,205.5,480600,205.5
"2007-08-24",205.8,212.16,204.12,211.46,483800,211.46
"2007-08-27",211,213.36,206.6,209.4,577000,209.4
"2007-08-28",207.5,210.75,204.11,205.98,642000,205.98
"2007-08-29",207.6,216.23,206.32,215.58,720200,215.58
"2007-08-30",214.48,220.42,212.6,217.06,935700,217.06
"2007-08-31",220,224.27,216.03,221.28,777900,221.28
"2007-09-04",223.57,228.12,221,226.68,719600,226.68
"2007-09-05",225.95,228.73,220.8,224.05,580800,224.05
"2007-09-06",225.85,229.99,222.7,229.97,703800,229.97
"2007-09-07",226.03,227.34,220.25,221.97,1030700,221.97
"2007-09-10",223.95,225.8,218.63,223.15,883100,223.15
"2007-09-11",225.34,225.5,217.16,219.32,736300,219.32
"2007-09-12",220,225.79,219.65,222.26,704200,222.26
"2007-09-13",223.61,225.44,221.14,221.14,520200,221.14
"2007-09-14",220,221.84,212.94,214,1052700,214
"2007-09-17",213.8,216.99,209.7,212.5,960200,212.5
"2007-09-18",215.99,225.48,213.15,225.05,899200,225.05
"2007-09-19",229.26,233.6,222.55,226.92,1364000,226.92
"2007-09-20",229.42,229.84,224.2,224.84,467200,224.84
"2007-09-21",225.29,226.95,220.03,221.91,904300,221.91
"2007-09-24",225,227.77,220.05,223.88,655600,223.88
"2007-09-25",221.13,227.96,221.13,227.65,498700,227.65
"2007-09-26",229.61,235.4,228.67,231.31,1336200,231.31
"2007-09-27",233.95,234,228.61,231,600100,231
"2007-09-28",231.52,233.58,229.28,230,591300,230
"2007-10-01",233.39,233.5,229.7,231.4,865000,231.4
"2007-10-02",232.64,237.99,231.5,233.12,619600,233.12
"2007-10-03",237,245.38,232.77,239.62,1133800,239.62
"2007-10-04",240,242.97,235.05,239.53,628700,239.53
"2007-10-05",243.56,247.36,241.25,247.03,718500,247.03
"2007-10-08",247.9,256.99,247.28,256.76,1277600,256.76
"2007-10-09",258.36,261.99,253.55,258.48,988000,258.48
"2007-10-10",258.94,264.51,256.38,258.87,825400,258.87
"2007-10-11",261.01,263.49,242.03,247.65,1728900,247.65
"2007-10-12",249.45,253.29,245.55,249.39,872100,249.39
"2007-10-15",250.6,254.25,246.11,250.73,685600,250.73
"2007-10-16",246.54,251.73,240.58,244.6,1148900,244.6
"2007-10-17",248.2,248.4,234.08,236.72,1584600,236.72
"2007-10-18",239.36,258.47,237.82,256.44,2566900,256.44
"2007-10-19",268.74,279.52,265.9,269.34,5358500,269.34
"2007-10-22",267.82,287.1,265,285.86,2134300,285.86
"2007-10-23",296.5,304.35,290.5,304.3,2668900,304.3
"2007-10-24",302.8,317.58,298.25,317.37,2719400,317.37
"2007-10-25",323.91,334.88,318.62,329.45,3667100,329.45
"2007-10-26",333.33,339.63,328,329.09,2222700,329.09
"2007-10-29",332.48,332.64,316.16,321.29,2152700,321.29
"2007-10-30",317.42,330.27,316,323.59,1821400,323.59
"2007-10-31",324.5,329.49,321.09,326.87,1153300,326.87
"2007-11-01",322.24,329.4,318.98,322.02,1379500,322.02
"2007-11-02",323.52,325.88,303.86,311.8,1661400,311.8
"2007-11-05",304.21,313.77,300.06,309.41,1119400,309.41
"2007-11-06",313.78,319.38,307.25,317.07,1027600,317.07
"2007-11-07",310.53,320.5,306.53,309.46,1377800,309.46
"2007-11-08",310.56,313.86,284,293.88,1782900,293.88
"2007-11-09",284,292,280,282.27,1299200,282.27
"2007-11-12",276.06,284.9,264,266.46,1656800,266.46
"2007-11-13",268.56,277.32,264,275.55,1387100,275.55
"2007-11-14",282.45,291.92,277.57,281.24,1522300,281.24
"2007-11-15",279.35,288.73,279.18,282.92,1131200,282.92
"2007-11-16",285.21,286.86,274.4,280.65,1107800,280.65
"2007-11-19",278.91,287.67,277.04,284.23,1016600,284.23
"2007-11-20",286.03,297.93,280,287.9,1187800,287.9
"2007-11-21",285,288.9,278.05,279.87,769700,279.87
"2007-11-23",281.83,286.5,279.5,283.71,271900,283.71
"2007-11-26",286.87,295,282.5,283.41,780500,283.41
"2007-11-27",288.72,297.39,284,296.48,1048600,296.48
"2007-11-28",301.5,325.99,301,324.5,1994400,324.5
"2007-11-29",325,331.99,318.7,321.98,1288300,321.98
"2007-11-30",330.72,330.97,315.36,327.68,1804300,327.68
"2007-12-03",329.68,334.75,323.02,328.2,1172800,328.2
"2007-12-04",324.87,332.88,320.02,325.65,910000,325.65
"2007-12-05",330,333.8,325.71,332.93,925900,332.93
"2007-12-06",332.9,347.58,330.51,344.79,1708400,344.79
"2007-12-07",347,354.74,345,353,1146400,353
"2007-12-10",358.29,359.59,346.36,347.58,1386200,347.58
"2007-12-11",350.2,354.48,333.14,336.1,1267600,336.1
"2007-12-12",345.02,346.5,325.83,335.24,1531200,335.24
"2007-12-13",330.45,335.24,321.01,328.6,1288600,328.6
"2007-12-14",324.16,334.42,321.3,324.89,870600,324.89
"2007-12-17",324.58,329,303.77,305.55,1298700,305.55
"2007-12-18",310.03,311.99,289.53,307.6,1890200,307.6
"2007-12-19",306.53,318.86,305.11,312.95,1238700,312.95
"2007-12-20",315.22,322.32,315.21,321.63,811600,321.63
"2007-12-21",328,328.5,319.6,325.44,1561400,325.44
"2007-12-24",324.23,333.99,323.27,333.8,402500,333.8
"2007-12-26",334.27,337.9,329.17,335.24,553700,335.24
"2007-12-27",334.01,338.81,327.41,329.56,611100,329.56
"2007-12-28",331.25,333.3,322.03,325.14,531700,325.14
"2007-12-31",322.73,329.24,322.61,323,588000,323
"2008-01-02",323.64,330.47,315,323.95,835600,323.95
"2008-01-03",323.81,325.98,320.75,321.75,710200,321.75
"2008-01-04",315.55,318.33,302.27,305,1028400,305
"2008-01-07",306.32,312.67,296.45,299.98,1171100,299.98
"2008-01-08",286,292.63,270.65,271.73,2180300,271.73
"2008-01-09",265.65,274.55,253.21,263.64,2362200,263.64
"2008-01-10",257.47,270.78,254.32,267.63,1773900,267.63
"2008-01-11",264.2,270.72,258.99,262.19,1172800,262.19
"2008-01-14",266.59,268.74,262.32,265.69,891800,265.69
"2008-01-15",259.06,264.4,250.5,256.22,1309400,256.22
"2008-01-16",250.55,269.99,249.22,265.05,1803500,265.05
"2008-01-17",266.99,270.91,254.92,261.34,1122400,261.34
"2008-01-18",261.01,266.09,256.01,262.07,1113300,262.07
"2008-01-22",240.13,265,235.53,261.84,1115000,261.84
"2008-01-23",254.98,271.14,245.08,270.86,1244500,270.86
"2008-01-24",273,279.58,265.11,270,1059400,270
"2008-01-25",274.97,278.52,268.22,269,755300,269
"2008-01-28",270,277.86,262.09,277.57,833100,277.57
"2008-01-29",273.95,273.95,243.99,244.3,1859200,244.3
"2008-01-30",244.6,248.66,233.56,235,1939100,235
"2008-01-31",229.05,255,227.26,254,2124700,254
"2008-02-01",292.73,314.43,291,305.61,3992700,305.61
"2008-02-04",306.94,315.8,303.51,307.5,1583700,307.5
"2008-02-05",306.92,314.99,305.18,307.88,1437500,307.88
"2008-02-06",309.81,312,293,293.78,1230600,293.78
"2008-02-07",290,304.64,287.98,298.65,1295400,298.65
"2008-02-08",300,303.36,295.2,300.68,658600,300.68
"2008-02-11",299.53,303.88,297,301.82,706200,301.82
"2008-02-12",303.99,304,293.29,296.68,866900,296.68
"2008-02-13",299,308.98,297.52,308.54,1103800,308.54
"2008-02-14",310,312.9,300.08,300.08,912700,300.08
"2008-02-15",298.75,307.46,296.01,303.27,1168800,303.27
"2008-02-19",308.31,309.44,287.12,290.5,1189300,290.5
"2008-02-20",288.52,294.11,281.84,291.43,860700,291.43
"2008-02-21",293.5,294.99,285.03,286.26,497100,286.26
"2008-02-22",287.14,292.04,283.44,291.57,516900,291.57
"2008-02-25",291.02,294.49,285.57,293.58,553300,293.58
"2008-02-26",292.84,300,287.09,296.23,534800,296.23
"2008-02-27",294.75,297.4,290.04,294.92,546700,294.92
"2008-02-28",287.5,294.48,287.17,289.91,534000,289.91
"2008-02-29",286,288.51,280.41,281.92,767100,281.92
"2008-03-03",281,284.98,275.25,283.71,836700,283.71
"2008-03-04",281.88,286.88,273.36,280.08,630300,280.08
"2008-03-05",282.17,288.91,280.19,286.32,597400,286.32
"2008-03-06",283.33,288.65,269.82,270.76,1429700,270.76
"2008-03-07",265.28,274.54,260,264.75,933500,264.75
"2008-03-10",262.81,269.08,254.37,255.58,1103300,255.58
"2008-03-11",266.03,269.52,260.86,267.17,1232200,267.17
"2008-03-12",266.99,279.99,265.01,274.38,1073900,274.38
"2008-03-13",269.9,286.28,265.25,284.98,1092300,284.98
"2008-03-14",290,291.1,275.77,283.07,994600,283.07
"2008-03-17",271.51,286.82,271.5,279.87,803200,279.87
"2008-03-18",287.3,297.18,283.56,294.75,769800,294.75
"2008-03-19",293.11,301.88,290,291.66,697300,291.66
"2008-03-20",291.45,301.42,288.45,300.69,809100,300.69
"2008-03-24",302.74,335,301.8,327.24,1486900,327.24
"2008-03-25",329.91,330.88,321.79,325.93,846000,325.93
"2008-03-26",325.77,326.25,317,323.97,532600,323.97
"2008-03-27",325.01,327.92,321.02,321.86,560100,321.86
"2008-03-28",324.43,332,322.16,322.71,653100,322.71
"2008-03-31",325.95,331,320.29,324.35,737600,324.35
"2008-04-01",329,347.93,326,346.94,1473800,346.94
"2008-04-02",346.34,349.89,338,340.02,860000,340.02
"2008-04-03",340.53,341.52,334.06,336.99,752600,336.99
"2008-04-04",340.56,341.99,332.21,338.44,828500,338.44
"2008-04-07",342.99,357.89,341.18,345.14,1354100,345.14
"2008-04-08",344.93,351.42,341.25,347.1,730600,347.1
"2008-04-09",348.9,349.21,331.89,336.07,1294800,336.07
"2008-04-10",342.84,357.98,339.76,353.88,1563800,353.88
"2008-04-11",346.25,347.21,330.23,333.58,1993900,333.58
"2008-04-14",332.25,332.99,315.78,324.84,1373300,324.84
"2008-04-15",327.99,339.8,325.35,339.8,1441900,339.8
"2008-04-16",343.4,346.55,339.13,345.99,1032200,345.99
"2008-04-17",346.1,355.98,343.16,348.5,2085900,348.5
"2008-04-18",310.54,311.95,285.2,288.5,5100200,288.5
"2008-04-21",289.08,293,275.62,291.48,2337900,291.48
"2008-04-22",285.02,286.98,275,275.52,1408200,275.52
"2008-04-23",276.96,284.47,271.86,282.95,1329000,282.95
"2008-04-24",281.01,287.5,274.07,278.6,1004400,278.6
"2008-04-25",279.89,281.81,275.04,279.78,845600,279.78
"2008-04-28",282.95,289.69,282.17,285.5,1136100,285.5
"2008-04-29",285,293.21,283,291.01,1107500,291.01
"2008-04-30",289.1,295.85,286.28,289.26,1011400,289.26
"2008-05-01",291.9,295.85,287.4,294.45,689500,294.45
"2008-05-02",297.03,298.5,288.66,290.03,558600,290.03
"2008-05-05",290,297.7,288,294.75,761700,294.75
"2008-05-06",293.57,294.92,286.61,293.34,559100,293.34
"2008-05-07",292.62,294.99,287.72,288.79,772600,288.79
"2008-05-08",289.78,290.72,282.75,287.57,715500,287.57
"2008-05-09",284.44,289.83,282.28,289.1,454500,289.1
"2008-05-12",288.5,291.6,285.56,291.24,432500,291.24
"2008-05-13",291.61,291.61,286.25,290.39,367800,290.39
"2008-05-14",290.35,293.89,285.68,285.85,548800,285.85
"2008-05-15",285.69,293.8,285.62,292.98,782800,292.98
"2008-05-16",292.98,304.28,292.3,299.75,1322800,299.75
"2008-05-19",301.42,308.73,297.61,298.5,938300,298.5
"2008-05-20",298.01,299.67,293.91,298.34,481400,298.34
"2008-05-21",297.15,300.93,288.26,288.65,648400,288.65
"2008-05-22",283.11,284.79,272.81,274.75,1598200,274.75
"2008-05-23",282.76,287.46,279.37,284.77,1069100,284.77
"2008-05-27",286,286.44,281.26,286.08,446500,286.08
"2008-05-28",288.5,288.85,284.18,288.85,367200,288.85
"2008-05-29",286.25,295,286.25,291.47,569500,291.47
"2008-05-30",292.97,297,290.1,293.59,6212900,293.59
"2008-06-02",293.35,296.55,286,288.58,991400,288.58
"2008-06-03",289.75,289.79,279.19,283.75,1005700,283.75
"2008-06-04",284.39,289.54,282.16,286.07,815800,286.07
"2008-06-05",287.02,291.44,283.39,291.41,666900,291.41
"2008-06-06",289,289.74,278.67,280.91,777800,280.91
"2008-06-09",282.59,282.59,271.62,275.09,815300,275.09
"2008-06-10",271.27,271.48,263.27,270.26,1165000,270.26
"2008-06-11",273.98,274,265.29,265.92,614700,265.92
"2008-06-12",267,274.55,263.51,269.66,729100,269.66
"2008-06-13",272.51,281,270,281,728200,281
"2008-06-16",277.04,281.15,274.56,280.5,643700,280.5
"2008-06-17",281.58,283.86,279.28,282.03,527500,282.03
"2008-06-18",279.51,284.77,279.06,283.12,729000,283.12
"2008-06-19",284.84,287.78,280.9,287.14,591300,287.14
"2008-06-20",282.98,284.67,280.72,282.51,810200,282.51
"2008-06-23",286.98,286.98,276.01,279.93,986500,279.93
"2008-06-24",276.15,278.7,270.11,275.33,810800,275.33
"2008-06-25",279.86,280.93,273.5,278.85,701000,278.85
"2008-06-26",273.05,276.48,270.05,270.78,838000,270.78
"2008-06-27",270.03,272.94,267.03,269.59,784400,269.59
"2008-06-30",268.51,274.83,268,269.4,494700,269.4
"2008-07-01",264.59,264.62,252.98,259.98,1036100,259.98
"2008-07-02",261.26,265.98,249.84,250.16,777100,250.16
"2008-07-03",251,255.8,249.01,250.34,492800,250.34
"2008-07-07",257,260.77,247.76,253.2,821400,253.2
"2008-07-08",250.63,264.63,250.63,264.15,716300,264.15
"2008-07-09",264.15,275,262.11,262.51,916200,262.51
"2008-07-10",263.05,267.89,260,265.57,622900,265.57
"2008-07-11",263.45,273.33,262.3,269.98,677100,269.98
"2008-07-14",273.32,275,268.91,271.79,547500,271.79
"2008-07-15",269.4,274.29,264.55,270.49,673800,270.49
"2008-07-16",271.32,283.01,271.32,280.79,660700,280.79
"2008-07-17",284.63,284.63,277.58,282.25,613900,282.25
"2008-07-18",281.04,289.68,280,288.49,763100,288.49
"2008-07-21",288.03,289.72,282.8,284.71,553600,284.71
"2008-07-22",278.52,285.56,277,280.23,1457100,280.23
"2008-07-23",313.49,333.25,313,331.13,2645200,331.13
"2008-07-24",330.1,332.8,320.03,323.67,1084000,323.67
"2008-07-25",319.56,325.84,318.71,322.07,787600,322.07
"2008-07-28",314.33,319.8,307.54,308.23,1102200,308.23
"2008-07-29",310,314.86,308.42,311.94,7e+05,311.94
"2008-07-30",308.36,316,307.32,312.86,519900,312.86
"2008-07-31",309.51,316,308.51,311.29,525300,311.29
"2008-08-01",310.35,312.67,299.28,300.43,697900,300.43
"2008-08-04",299.84,305.79,295,299.88,749100,299.88
"2008-08-05",303.4,308.33,300.76,308.06,585200,308.06
"2008-08-06",305.42,314.63,302.55,310.79,798400,310.79
"2008-08-07",309.33,309.33,301.6,303,704000,303
"2008-08-08",303.2,309.75,301.85,308.26,483500,308.26
"2008-08-11",302.21,309.93,301.96,308.25,433000,308.25
"2008-08-12",309.06,309.2,304.56,305.99,351800,305.99
"2008-08-13",306.94,307.96,300.24,304.37,407300,304.37
"2008-08-14",302.57,307.7,301.35,304.26,425300,304.26
"2008-08-15",303.81,304.24,296.33,299.17,534000,299.17
"2008-08-18",300.94,301,288.53,293.01,586600,293.01
"2008-08-19",292.86,305.19,292.51,301.33,744800,301.33
"2008-08-20",301.49,302.42,297.14,301.07,395700,301.07
"2008-08-21",299.84,306.38,298.51,300.72,322000,300.72
"2008-08-22",302.55,306.99,301.22,303.32,398900,303.32
"2008-08-25",300.38,302.98,296.92,298.41,325800,298.41
"2008-08-26",298,301.34,294.67,297.75,329300,297.75
"2008-08-27",296.8,301.87,295.53,298.62,315800,298.62
"2008-08-28",297.56,302.52,297.45,299.42,324900,299.42
"2008-08-29",296.69,300.24,294.81,295.27,377100,295.27
"2008-09-02",299.33,304,293.33,293.58,789800,293.58
"2008-09-03",291.88,294.7,286.34,290.44,581900,290.44
"2008-09-04",288.27,289.99,273.24,273.49,870400,273.49
"2008-09-05",268.46,271.29,259.5,268.86,911700,268.86
"2008-09-08",278.97,280.47,267.96,271.48,636700,271.48
"2008-09-09",271.48,279.69,268.11,268.11,751000,268.11
"2008-09-10",272.99,277.8,267.81,273.94,766200,273.94
"2008-09-11",269,278,264.33,277.67,589500,277.67
"2008-09-12",275.03,279.3,274.73,278.19,436600,278.19
"2008-09-15",270.85,277.98,268.1,269.67,784600,269.67
"2008-09-16",265.13,278.69,265.13,277.77,615500,277.77
"2008-09-17",272.67,282.56,269.83,273.02,739400,273.02
"2008-09-18",277.85,281.77,265.72,275.53,1016900,275.53
"2008-09-19",284.99,293.01,278.56,290.71,1125900,290.71
"2008-09-22",287.38,290.2,280.05,280.5,485100,280.5
"2008-09-23",281.06,285.28,277.29,278.58,521700,278.58
"2008-09-24",279.97,283.96,276.5,282.46,285300,282.46
"2008-09-25",284,287,276.82,281.53,534200,281.53
"2008-09-26",274.5,277.97,269,275.01,809000,275.01
"2008-09-29",270.09,271.9,250,251.4,817900,251.4
"2008-09-30",256.1,259.47,226.17,240.98,1700000,240.98
"2008-10-01",237.96,246.25,233.73,236.55,939800,236.55
"2008-10-02",234.26,238.5,227.82,228.65,904400,228.65
"2008-10-03",232.94,242.74,222.53,225.7,799400,225.7
"2008-10-06",216.95,216.95,186.55,197.12,1993600,197.12
"2008-10-07",200.51,201.27,183.63,184.26,1442200,184.26
"2008-10-08",179,195.69,170.61,190.63,1403300,190.63
"2008-10-09",195.98,197,170.06,172.85,1056300,172.85
"2008-10-10",157.98,186.26,153.3,175.01,1967400,175.01
"2008-10-13",194,213.26,190.19,212.34,1189100,212.34
"2008-10-14",228.27,231.66,218.54,224.32,1832500,224.32
"2008-10-15",213.11,223.71,190,190.12,1606200,190.12
"2008-10-16",195.28,215.05,186.37,214.8,1935300,214.8
"2008-10-17",193.9,199.99,173.14,189.13,3613300,189.13
"2008-10-20",193.5,195.41,186.8,194.12,883800,194.12
"2008-10-21",189.4,191.99,180,180.22,1109800,180.22
"2008-10-22",175.01,179,168.59,173.09,1023300,173.09
"2008-10-23",174.07,177.12,165.12,173.69,1130400,173.69
"2008-10-24",155.22,169.93,154.45,158.68,2201000,158.68
"2008-10-27",155.03,164.45,154.1,155.01,1207100,155.01
"2008-10-28",160.16,166.4,154.5,165.54,1752800,165.54
"2008-10-29",166.44,175.87,160.75,169.35,1244700,169.35
"2008-10-30",173,175,165.37,170.15,997800,170.15
"2008-10-31",166.76,176,165.29,172.79,677400,172.79
"2008-11-03",176.48,188.35,170.25,183.38,918700,183.38
"2008-11-04",188.97,204.84,185.62,202.92,1590100,202.92
"2008-11-05",199.9,200.87,186.2,186.72,1175900,186.72
"2008-11-06",183.02,188.87,172.01,174.36,873500,174.36
"2008-11-07",178.04,185.93,175.29,182.47,804900,182.47
"2008-11-10",188.1,188.98,173.62,176.02,564200,176.02
"2008-11-11",169.18,173,165.66,169.37,719500,169.37
"2008-11-12",167.9,169.2,161.23,161.94,634300,161.94
"2008-11-13",162.47,166.35,144.31,159.64,2866000,159.64
"2008-11-14",157.69,164.49,148.14,148.41,1422900,148.41
"2008-11-17",144.87,148.44,123.02,123.34,2600900,123.34
"2008-11-18",124.2,129.94,118.62,123.51,1909900,123.51
"2008-11-19",124.39,129.9,120.91,121.09,2090500,121.09
"2008-11-20",116.56,123.81,110.71,111.74,1816000,111.74
"2008-11-21",116.49,118.45,110.35,118.26,1890800,118.26
"2008-11-24",121.08,126.36,118.26,124.94,1254700,124.94
"2008-11-25",127.99,128,118.85,124.39,1276300,124.39
"2008-11-26",120.25,134.89,120.25,134.67,1169400,134.67
"2008-11-28",132.94,134.65,130.51,132.53,497200,132.53
"2008-12-01",129.46,130.19,118.92,119.23,958500,119.23
"2008-12-02",121.06,122.3,114.25,117.95,1295500,117.95
"2008-12-03",120.03,133.72,118.09,133.07,2210300,133.07
"2008-12-04",129.03,135.48,123.24,126.07,1215800,126.07
"2008-12-05",123,137.46,123,137.46,1072600,137.46
"2008-12-08",142.24,144.54,138.61,140.38,1014900,140.38
"2008-12-09",140,140.33,130.02,133.05,1079300,133.05
"2008-12-10",134.99,140.95,134.99,139.12,982400,139.12
"2008-12-11",137.94,143.25,135.83,137,821800,137
"2008-12-12",130.85,137.95,130.08,134.38,829500,134.38
"2008-12-15",140.26,140.26,126.78,128.13,883100,128.13
"2008-12-16",130.08,136.87,128.01,136.85,1058900,136.85
"2008-12-17",132.46,135.83,131.07,132.08,818600,132.08
"2008-12-18",133.27,136.49,130.03,131.32,725200,131.32
"2008-12-19",129,132.99,123.64,125.51,1115400,125.51
"2008-12-22",125.64,127.8,118.76,121.83,736000,121.83
"2008-12-23",120.2,124.14,119.13,120.23,598200,120.23
"2008-12-24",120.24,122.19,118.88,121.72,181700,121.72
"2008-12-26",122.13,122.31,119.33,121.8,238300,121.8
"2008-12-29",120.74,122.57,118.21,120.01,622500,120.01
"2008-12-30",122.5,126.56,120.22,124.34,702700,124.34
"2008-12-31",125.11,127.75,124.79,126.99,503100,126.99
"2009-01-02",126.38,132.7,126.38,132.41,694100,132.41
"2009-01-05",128.59,131.45,125.03,125.54,1045100,125.54
"2009-01-06",126.28,127.21,120.26,122.19,1123300,122.19
"2009-01-07",120.5,123.48,116.5,117.88,1904200,117.88
"2009-01-08",100.51,113.2,99.75,110.54,7318900,110.54
"2009-01-09",109.97,110,101.05,101.8,2425200,101.8
"2009-01-12",103.83,105.9,100.2,100.75,1801100,100.75
"2009-01-13",99.76,104.27,98.42,102.65,1478400,102.65
"2009-01-14",100.15,101.49,98.65,99.34,1911900,99.34
"2009-01-15",99.84,102.5,96.17,100.68,1311100,100.68
"2009-01-16",102.69,103.94,97.65,99.97,1334000,99.97
"2009-01-20",100.48,101.89,94.22,94.65,1423400,94.65
"2009-01-21",96.39,98.55,94.93,97,1426900,97
"2009-01-22",97.99,97.99,91.57,96.01,2517300,96.01
"2009-01-23",88.08,96.23,87.14,93.29,3194100,93.29
"2009-01-26",94.79,101.5,93.31,99.05,2699300,99.05
"2009-01-27",99.98,101.99,98.85,101.5,1295900,101.5
"2009-01-28",102.68,106.92,100.3,104.96,2103900,104.96
"2009-01-29",104.83,104.83,101.38,102.01,1039600,102.01
"2009-01-30",102.06,106.8,101.08,103.23,1911300,103.23
"2009-02-02",101.97,104.67,100.42,102.91,1376300,102.91
"2009-02-03",103.95,114.58,101.35,112.53,4059200,112.53
"2009-02-04",112.97,114.12,107.17,108.01,2316300,108.01
"2009-02-05",107.38,112,105.51,110.68,1640000,110.68
"2009-02-06",111.71,116,109.89,114.62,1218200,114.62
"2009-02-09",114.51,115.5,110.39,114.19,1157100,114.19
"2009-02-10",112.83,116,107.1,107.85,1226000,107.85
"2009-02-11",108.23,109.55,103.74,108.16,1334500,108.16
"2009-02-12",106.39,112.25,105.55,112.23,1178900,112.23
"2009-02-13",111.99,113.44,110.56,112.09,780200,112.09
"2009-02-17",106.2,108.99,105.73,107.27,1092300,107.27
"2009-02-18",108.5,108.96,103.65,106.81,1012800,106.81
"2009-02-19",109.98,109.98,106.99,107,983900,107
"2009-02-20",106.17,108.1,103.09,106.01,1550800,106.01
"2009-02-23",107.16,108.76,99.88,100.47,1149500,100.47
"2009-02-24",99.27,104.24,97.65,103.67,1489600,103.67
"2009-02-25",103.15,103.97,99.46,101.22,1153000,101.22
"2009-02-26",102.78,103.8,95.67,96.24,1219900,96.24
"2009-02-27",95,96,90.96,90.96,2089100,90.96
"2009-03-02",89.42,90.6,84.86,85.33,2524100,85.33
"2009-03-03",86.14,88.85,85.09,87.37,1460600,87.37
"2009-03-04",90,93.7,88.97,91.69,1728200,91.69
"2009-03-05",92.71,93.3,89.79,90.2,1933300,90.2
"2009-03-06",91.5,95.94,91.01,95.89,1736600,95.89
"2009-03-09",95.01,100.44,95.01,96.87,1270000,96.87
"2009-03-10",98.05,101.5,96.56,101.12,1114400,101.12
"2009-03-11",101.38,101.6,96.31,97.55,1396300,97.55
"2009-03-12",96.93,103.79,95.07,103.24,2192800,103.24
"2009-03-13",103.4,103.72,100.91,103.03,1101300,103.03
"2009-03-16",103.25,104.97,100.63,100.81,1068500,100.81
"2009-03-17",103.74,105.11,100.11,105.11,1038500,105.11
"2009-03-18",101.75,104.2,99.11,101.81,1955600,101.81
"2009-03-19",102.88,102.9,96,97.18,1396900,97.18
"2009-03-20",98.09,98.31,92.67,93.68,1694300,93.68
"2009-03-23",96.26,97.33,93.5,97.22,1395300,97.22
"2009-03-24",95.21,96.74,94.29,95.07,1285500,95.07
"2009-03-25",95.75,98.7,93.54,96.21,1018800,96.21
"2009-03-26",97.99,97.99,94.52,97.32,1207200,97.32
"2009-03-27",96.69,96.92,94.6,96.42,727100,96.42
"2009-03-30",94.54,95.33,92.86,93.9,757900,93.9
"2009-03-31",95,97.52,93.51,95.36,878000,95.36
"2009-04-01",93.11,94.92,91.52,94.33,1293400,94.33
"2009-04-02",95.75,99.19,94.75,98.31,1861400,98.31
"2009-04-03",98.5,99.67,96,96.73,1182500,96.73
"2009-04-06",96.5,99.09,95.81,98.88,1052200,98.88
"2009-04-07",94,97.89,94,96.78,1614900,96.78
"2009-04-08",96.46,101.58,95.49,101.47,1513800,101.47
"2009-04-09",103.95,112.9,103.75,112.24,2313900,112.24
"2009-04-13",109.88,117.45,109.88,114.72,1775500,114.72
"2009-04-14",117,120.89,114.3,118.07,2233000,118.07
"2009-04-15",117.6,119.48,115.2,117.41,1357000,117.41
"2009-04-16",122.81,127.32,113.2,118,5844700,118
"2009-04-17",116.87,132.45,114.1,130.35,4329000,130.35
"2009-04-20",127.17,132.95,125.5,125.98,1675700,125.98
"2009-04-21",124.18,129.46,123.98,128.96,976600,128.96
"2009-04-22",126.24,139,126,135.39,1924200,135.39
"2009-04-23",136.22,138.35,131.46,136.51,1189000,136.51
"2009-04-24",136.51,154.71,136.03,150.24,3245900,150.24
"2009-04-27",146,150.29,143.02,144.92,1435800,144.92
"2009-04-28",140.56,143.98,139,139.09,1821200,139.09
"2009-04-29",141,147.54,140.71,146.36,1207900,146.36
"2009-04-30",150.96,150.96,141.76,143.73,1502300,143.73
"2009-05-01",143.24,144.9,140.08,142.8,854300,142.8
"2009-05-04",145,149.38,143.09,148.75,1514400,148.75
"2009-05-05",148.86,154.19,148.86,152.64,1739800,152.64
"2009-05-06",154.6,158.93,153.57,157.75,1534900,157.75
"2009-05-07",160.22,164.5,157.01,159.08,1656300,159.08
"2009-05-08",160.21,163.89,155.47,158.77,1127500,158.77
"2009-05-11",156.45,161.5,153.56,158.83,1026400,158.83
"2009-05-12",159.22,159.27,153.39,156.98,1092700,156.98
"2009-05-13",155.43,155.43,151,151.72,1233700,151.72
"2009-05-14",151.6,154.81,149.31,153.53,954300,153.53
"2009-05-15",153.51,153.69,149.57,149.92,1139300,149.92
"2009-05-18",151.96,153.61,150.05,153.59,1049700,153.59
"2009-05-19",152.57,156.95,152.4,154.93,879200,154.93
"2009-05-20",156.01,156.01,150,150.66,842100,150.66
"2009-05-21",149.39,150.91,140.89,142.43,1800200,142.43
"2009-05-22",143.53,145.63,140.9,142.2,1126200,142.2
"2009-05-26",140.31,148.37,140.01,147.3,830800,147.3
"2009-05-27",146.57,148.24,141.97,142.68,874700,142.68
"2009-05-28",144.45,144.86,138.35,140.54,1016500,140.54
"2009-05-29",142.73,149.72,142.73,149.68,1462500,149.68
"2009-06-01",151.99,156.46,148.39,149.28,1367300,149.28
"2009-06-02",152.73,160.59,150.06,159.05,1794800,159.05
"2009-06-03",157,157,152.52,156.61,1449600,156.61
"2009-06-04",156.3,158.66,152.49,155.5,1092500,155.5
"2009-06-05",154,156.63,150.61,156.01,1725900,156.01
"2009-06-08",155.89,155.89,151.05,152.49,1059200,152.49
"2009-06-09",152.14,159,152.14,156.76,1432500,156.76
"2009-06-10",159.99,161.78,156,159.72,1065200,159.72
"2009-06-11",159.9,170.66,159.9,166.52,1917700,166.52
"2009-06-12",166.68,169.65,164.03,166.51,1040400,166.51
"2009-06-15",164.01,164.01,158.61,159.28,816600,159.28
"2009-06-16",162,162.65,157.34,158.22,871400,158.22
"2009-06-17",157.99,161.4,156.8,157.99,772500,157.99
"2009-06-18",157.66,158.93,154.9,156.58,778100,156.58
"2009-06-19",158.06,163.51,157.39,161.15,1171600,161.15
"2009-06-22",159.99,161.5,153.67,154.25,726000,154.25
"2009-06-23",153,155.87,153,153.65,602000,153.65
"2009-06-24",153.9,157.15,152,154.75,728600,154.75
"2009-06-25",154.04,160.14,152.42,158.45,618600,158.45
"2009-06-26",158.3,160.27,156.46,159.72,539200,159.72
"2009-06-29",159.71,165.49,159.66,163.32,731000,163.32
"2009-06-30",166.3,166.3,162.01,163.66,657100,163.66
"2009-07-01",165,166.85,162.72,163.1,534900,163.1
"2009-07-02",160,163.1,157.17,158.71,627300,158.71
"2009-07-06",156.74,158.33,153.7,156.09,677800,156.09
"2009-07-07",153,153.4,147.66,148,1253600,148
"2009-07-08",147.27,148.89,143.01,145.18,1243300,145.18
"2009-07-09",146.34,146.71,143.05,143.5,700400,143.5
"2009-07-10",142.29,144.35,141.25,142.6,666100,142.6
"2009-07-13",142.99,150.6,142.99,149.65,1050500,149.65
"2009-07-14",148.75,152.19,147.25,151.26,957200,151.26
"2009-07-15",154.52,156.66,153.02,153.57,1125900,153.57
"2009-07-16",153.94,158.29,152.25,156.82,961200,156.82
"2009-07-17",157.47,158.28,154.75,155.54,739800,155.54
"2009-07-20",159.73,165.19,159.72,164.42,1229100,164.42
"2009-07-21",166.96,169.89,164.62,167.41,1379200,167.41
"2009-07-22",171,171.42,165.28,169.79,3160800,169.79
"2009-07-23",198.88,215.95,197.25,215.37,5898800,215.37
"2009-07-24",211.78,223.42,211.5,222.53,1798900,222.53
"2009-07-27",216.43,222.53,213.87,218.7,1295500,218.7
"2009-07-28",214,224.55,213.11,223.62,1324800,223.62
"2009-07-29",221.12,227.4,220.15,224.67,807400,224.67
"2009-07-30",228.09,232.54,225.55,226.95,981200,226.95
"2009-07-31",226.5,229.78,224.86,227.32,993300,227.32
"2009-08-03",231.89,234.7,230.49,234.69,1023700,234.69
"2009-08-04",231.84,238.85,231.5,238.79,1068700,238.79
"2009-08-05",238.63,239.49,231.78,235.42,851100,235.42
"2009-08-06",236,237.33,226.56,227.03,884500,227.03
"2009-08-07",233.12,233.97,228.6,230.1,709800,230.1
"2009-08-10",228.56,232.38,227.4,230.17,528200,230.17
"2009-08-11",228.14,232.4,223.9,225.97,499900,225.97
"2009-08-12",225.5,231.88,224.4,229.68,565900,229.68
"2009-08-13",231.3,232.35,226.14,228.15,401600,228.15
"2009-08-14",226.51,229.04,221.03,223.8,517000,223.8
"2009-08-17",216.87,219.18,215.51,217.37,545400,217.37
"2009-08-18",219.2,221.09,214.51,220.17,385500,220.17
"2009-08-19",216,223.3,216,222.51,267800,222.51
"2009-08-20",223.03,225.57,221.24,225.22,300200,225.22
"2009-08-21",228.65,231.51,226.17,230.74,514100,230.74
"2009-08-24",234.2,236.2,229.81,230.87,570100,230.87
"2009-08-25",231.24,234.29,228.52,229.42,385300,229.42
"2009-08-26",231.5,233.08,227.77,228.75,315600,228.75
"2009-08-27",228.75,230,222.42,225.81,630600,225.81
"2009-08-28",227.81,228.95,221.96,224.9,399300,224.9
"2009-08-31",219.56,223.74,219.51,222.71,488700,222.71
"2009-09-01",221.15,225.89,214.8,215.39,827000,215.39
"2009-09-02",213.12,216.16,211,215.89,716700,215.89
"2009-09-03",217.81,222.26,214.81,221.82,560300,221.82
"2009-09-04",221.39,229.55,220.1,227.41,825700,227.41
"2009-09-08",229.57,231.45,228.77,230.44,533800,230.44
"2009-09-09",230.5,244.74,229.69,242.46,1345900,242.46
"2009-09-10",244.15,247.33,240.13,245.63,899000,245.63
"2009-09-11",246.37,248.63,238.98,240.4,882500,240.4
"2009-09-14",238.84,242.66,237.81,242.66,417800,242.66
"2009-09-15",242.06,245.85,241,243.47,652000,243.47
"2009-09-16",243.5,247.58,240.65,247.12,484400,247.12
"2009-09-17",247.61,253.94,243.82,244.69,726300,244.69
"2009-09-18",245.9,249.4,242.65,247.92,706900,247.92
"2009-09-21",246.44,250.45,245.04,246.53,459600,246.53
"2009-09-22",248.2,250.14,243.24,246.51,319100,246.51
"2009-09-23",247.5,250,244.81,244.83,480700,244.83
"2009-09-24",245.5,247.51,236.86,242,535400,242
"2009-09-25",241.23,258.98,238.43,257.5,2010100,257.5
"2009-09-28",256.22,263.49,255.97,259,950600,259
"2009-09-29",259.43,260.01,254.92,256.59,428200,256.59
"2009-09-30",256.63,265.49,253.22,262.25,840000,262.25
"2009-10-01",260.06,263,252.36,252.42,888900,252.42
"2009-10-02",249,253.77,248.7,252.14,381200,252.14
"2009-10-05",253,255.89,250.15,255.07,538800,255.07
"2009-10-06",256.47,256.98,252,254.66,734600,254.66
"2009-10-07",254.77,255.3,252.21,255.25,368500,255.25
"2009-10-08",258.08,259.4,248.87,250.38,1164700,250.38
"2009-10-09",250.64,255.81,249.19,253.99,738000,253.99
"2009-10-12",257,257,251.01,254,324600,254
"2009-10-13",253.85,258.17,241.6,249.64,1642600,249.64
"2009-10-14",250.02,258.1,245.15,257.49,1094600,257.49
"2009-10-15",255.55,260.26,252.5,259.33,669100,259.33
"2009-10-16",257.64,257.75,253.26,255.43,571100,255.43
"2009-10-19",257.4,265.41,254.82,264.4,842000,264.4
"2009-10-20",268.26,269.27,264,267.45,1785800,267.45
"2009-10-21",245.6,256.73,241.27,252.31,3477400,252.31
"2009-10-22",249.63,260.4,248.5,259.12,1118000,259.12
"2009-10-23",258.11,265,254,262.96,1059800,262.96
"2009-10-26",258.61,263.35,257.81,260.47,852400,260.47
"2009-10-27",259.76,260.66,255.56,258,536000,258
"2009-10-28",256.25,258,247.1,247.51,434600,247.51
"2009-10-29",248.26,256.56,248.25,253.55,443800,253.55
"2009-10-30",255.98,255.98,246.03,246.35,603400,246.35
"2009-11-02",248.33,249.45,243.1,246.38,449800,246.38
"2009-11-03",245.86,249,243.82,247.99,365700,247.99
"2009-11-04",249.52,254.36,246.87,251.32,611100,251.32
"2009-11-05",253.18,260.25,252.39,259.91,556900,259.91
"2009-11-06",258.23,260.91,254.86,256,451800,256
"2009-11-09",256.27,264.44,256.22,264.11,467900,264.11
"2009-11-10",263,267.28,262.31,266.6,323700,266.6
"2009-11-11",268.41,273.7,266.48,272.45,731600,272.45
"2009-11-12",272.45,274.02,268.57,269.69,376100,269.69
"2009-11-13",270.9,275,269.86,274.52,364400,274.52
"2009-11-16",275,281.45,274.27,280.07,680800,280.07
"2009-11-17",278.02,281.69,276.07,281.58,388500,281.58
"2009-11-18",279.8,283,276.37,279.63,507000,279.63
"2009-11-19",277.01,279.91,275.69,278.68,480700,278.68
"2009-11-20",277.05,281.68,273.15,276.44,791700,276.44
"2009-11-23",278.08,283.06,277.23,280.8,467400,280.8
"2009-11-24",281.4,281.4,277.76,278.85,344500,278.85
"2009-11-25",280.05,283.09,278.24,282.65,349900,282.65
"2009-11-27",274.34,281.86,274,280.11,306500,280.11
"2009-11-30",279.37,281.14,276.82,280.54,379400,280.54
"2009-12-01",282,285.21,281.51,284.9,427900,284.9
"2009-12-02",283.67,289.52,283.57,287.64,337900,287.64
"2009-12-03",287.44,294.2,286,288.66,637200,288.66
"2009-12-04",293,294.73,286.87,292,524600,292
"2009-12-07",289,293.35,286.59,288.55,302100,288.55
"2009-12-08",285.22,288.02,283.89,287.03,966600,287.03
"2009-12-09",287.5,288.34,282.27,287.16,372300,287.16
"2009-12-10",287.16,292.89,287,291.89,400800,291.89
"2009-12-11",292.7,294.47,290.21,292.29,294000,292.29
"2009-12-14",291.81,295.78,291.81,292.91,398300,292.91
"2009-12-15",290.22,295.27,290.07,292.12,330000,292.12
"2009-12-16",293.77,295.86,293.62,294.22,333800,294.22
"2009-12-17",293.39,295.72,290.48,292.26,296400,292.26
"2009-12-18",293.64,294.84,287.62,289.17,642800,289.17
"2009-12-21",289.62,291.38,284.46,290.57,570100,290.57
"2009-12-22",291.71,298,290.3,297.52,439700,297.52
"2009-12-23",298.5,303.25,295.5,302.18,539500,302.18
"2009-12-24",302.18,305.91,300.35,305.87,153100,305.87
"2009-12-28",305.87,309.09,305.5,306.51,243600,306.51
"2009-12-29",308.29,308.5,306.14,306.58,269800,306.58
"2009-12-30",306.36,308,305.5,305.94,252500,305.94
"2009-12-31",307.64,307.83,303.32,303.43,217500,303.43
"2010-01-04",307.2,309.09,305.8,308.77,337100,308.77
"2010-01-05",308.01,309.92,304,307.38,410100,307.38
"2010-01-06",305.45,312.79,305.45,311.84,555100,311.84
"2010-01-07",310.72,314,309.42,310.67,294600,310.67
"2010-01-08",310.67,312.7,308.49,308.96,295300,308.96
"2010-01-11",308.96,312.5,307.4,311.29,317200,311.29
"2010-01-12",309.37,309.66,302.78,304.39,443500,304.39
"2010-01-13",305.6,308.17,301.29,306.04,435800,306.04
"2010-01-14",305.76,309.75,305.46,308,306700,308
"2010-01-15",308.9,310,305.29,308.58,547600,308.58
"2010-01-19",307,317.2,307,310.81,694300,310.81
"2010-01-20",312.1,312.54,302.89,308.99,865900,308.99
"2010-01-21",308.8,311.99,301.65,304.49,1202800,304.49
"2010-01-22",328.75,346.29,328.51,340.35,2665800,340.35
"2010-01-25",340.64,342.63,337,338.51,658100,338.51
"2010-01-26",334.66,340,333.11,335.45,703100,335.45
"2010-01-27",333.62,339.94,333.52,339.21,549600,339.21
"2010-01-28",337.42,340.95,333.34,335.01,549300,335.01
"2010-01-29",335.08,337,326.87,328.06,644400,328.06
"2010-02-01",328.36,331.21,323.73,328.65,480000,328.65
"2010-02-02",328.46,337.88,326.63,335.59,475300,335.59
"2010-02-03",334,337.09,331.11,332.24,505700,332.24
"2010-02-04",332.24,333.71,321.2,321.2,567400,321.2
"2010-02-05",321.75,326.45,315.52,325.41,772700,325.41
"2010-02-08",325.5,328.69,321.96,323.95,373000,323.95
"2010-02-09",328,329.74,324.14,326.84,329300,326.84
"2010-02-10",326.84,327.41,318.11,321.95,373500,321.95
"2010-02-11",320.79,330,320.66,329.77,422500,329.77
"2010-02-12",326.01,332.95,324.5,331.82,421500,331.82
"2010-02-16",333.48,335.29,330.4,334.3,375600,334.3
"2010-02-17",336.77,341.18,335.51,341.15,619700,341.15
"2010-02-18",340.95,344.9,339.16,344.75,435000,344.75
"2010-02-19",342.18,349.5,342.18,346.52,605700,346.52
"2010-02-22",348.99,349.24,344.02,346.99,383500,346.99
"2010-02-23",347.49,349,341.66,342.68,381900,342.68
"2010-02-24",343.29,345.27,341.01,344.21,331400,344.21
"2010-02-25",339.7,344.14,335.47,343.81,373600,343.81
"2010-02-26",345.18,349,341.68,347.14,346800,347.14
"2010-03-01",349.98,359.15,349.08,358.63,547400,358.63
"2010-03-02",357.8,366.5,355.77,361.3,654700,361.3
"2010-03-03",363.37,367,361.02,362.8,454000,362.8
"2010-03-04",358.36,359.48,350.5,354.49,581000,354.49
"2010-03-05",353.1,359.64,352.51,358.4,341100,358.4
"2010-03-08",356.62,359.25,355.62,355.97,220900,355.97
"2010-03-09",353.66,358.88,352.25,355.66,255000,355.66
"2010-03-10",356,360,354.58,357.44,302800,357.44
"2010-03-11",357,358.68,354,357.8,239100,357.8
"2010-03-12",357.92,362.3,355.76,358.9,398900,358.9
"2010-03-15",357.5,361.99,353.74,356,315200,356
"2010-03-16",357.69,358.55,354.15,355.51,288800,355.51
"2010-03-17",356.5,359,354.23,356.18,402400,356.18
"2010-03-18",356.68,357.49,352.69,353.59,299200,353.59
"2010-03-19",356.7,360,347.19,349.18,875000,349.18
"2010-03-22",346,349.98,340.68,347.8,580500,347.8
"2010-03-23",348.53,349.77,344.22,348.97,443700,348.97
"2010-03-24",349.11,349.31,343.43,346.12,457100,346.12
"2010-03-25",347.37,347.69,341.48,342.06,517100,342.06
"2010-03-26",342.06,345.2,338.52,342,464200,342
"2010-03-29",342.1,348.5,340.2,347.79,443800,347.79
"2010-03-30",349.43,351,341.9,348.91,369400,348.91
"2010-03-31",348.8,350,345.05,348.13,270300,348.13
"2010-04-01",351.79,352.34,345.97,349.6,277300,349.6
"2010-04-05",352.5,353.99,344.5,345.8,483700,345.8
"2010-04-06",344.84,346,342.9,343.3,458000,343.3
"2010-04-07",344,344.5,331.8,333.37,845600,333.37
"2010-04-08",331.26,340.66,330.05,340.1,669200,340.1
"2010-04-09",342,351.14,340.26,350.62,680400,350.62
"2010-04-12",352.75,354.5,350.59,354.21,549700,354.21
"2010-04-13",354.38,369.8,354.01,367.43,1576400,367.43
"2010-04-14",370,384.55,369.02,383.95,1248600,383.95
"2010-04-15",385.09,393.92,378.81,388.01,1610400,388.01
"2010-04-16",379,392.99,359.87,360.39,2466200,360.39
"2010-04-19",360.59,369.69,355.2,361.98,1028800,361.98
"2010-04-20",363.98,368.74,362.71,366.68,597200,366.68
"2010-04-21",364.78,370.71,362,365.98,802300,365.98
"2010-04-22",364,373.66,360.5,368.73,687900,368.73
"2010-04-23",369.33,370.89,363.76,364.98,481700,364.98
"2010-04-26",364.89,366.94,358.48,362.17,421900,362.17
"2010-04-27",360,367.25,356.2,357.8,472900,357.8
"2010-04-28",360.02,362.71,359,360.09,356600,360.09
"2010-04-29",361.51,371.66,361,368.38,388100,368.38
"2010-04-30",368.01,371.53,360.56,360.56,363200,360.56
"2010-05-03",363,373.06,362.3,372.22,531900,372.22
"2010-05-04",368.91,369.5,359.01,361.72,459200,361.72
"2010-05-05",351.7,353.98,341.1,346.94,886500,346.94
"2010-05-06",345.97,349.66,314.15,337.29,997300,337.29
"2010-05-07",336.01,337.99,311.39,324.32,1287100,324.32
"2010-05-10",341,345.96,338.06,344.44,737000,344.44
"2010-05-11",341.19,347.5,338,344.79,361400,344.79
"2010-05-12",348,356.31,347.01,354.5,428600,354.5
"2010-05-13",355.9,358.88,350,350.81,266500,350.81
"2010-05-14",348.52,349.71,336.16,340.12,408400,340.12
"2010-05-17",342.98,343.89,334.37,341.1,398600,341.1
"2010-05-18",344.58,345.81,331.8,332.48,397000,332.48
"2010-05-19",330.35,335.8,322.39,328.77,567700,328.77
"2010-05-20",321.19,322.85,310.64,311.9,675100,311.9
"2010-05-21",305.01,321.8,301.05,321.08,1101500,321.08
"2010-05-24",323.55,325.05,315.27,316.36,542500,316.36
"2010-05-25",310.9,320.25,304.61,319.16,865400,319.16
"2010-05-26",322.06,333.83,306.6,317.47,1282800,317.47
"2010-05-27",324.63,330.76,321,330.45,531900,330.45
"2010-05-28",330.6,331.11,320.6,322.77,437800,322.77
"2010-06-01",330.5,330.5,317.57,324.17,558100,324.17
"2010-06-02",325.47,334.12,323.26,334.12,574500,334.12
"2010-06-03",334.34,340,334.13,337.38,389600,337.38
"2010-06-04",331.73,333.46,324.09,324.67,487100,324.67
"2010-06-07",326.3,327.65,320.27,321.03,479400,321.03
"2010-06-08",321.36,324.46,316.49,322.63,463900,322.63
"2010-06-09",325.42,328.43,320.47,321.22,338400,321.22
"2010-06-10",327.16,331.38,322.14,330.95,391200,330.95
"2010-06-11",326.59,337.74,326.59,337.11,407000,337.11
"2010-06-14",332,333.58,325.81,327.4,518500,327.4
"2010-06-15",327.7,333.81,324.92,333.41,420500,333.41
"2010-06-16",331.6,336.55,330.59,334.43,252000,334.43
"2010-06-17",337.79,341.07,334,340.33,378000,340.33
"2010-06-18",340.43,350.82,338.01,349.9,732400,349.9
"2010-06-21",356.12,358.89,349.14,351.29,453100,351.29
"2010-06-22",352.98,356.89,343.77,345.09,555700,345.09
"2010-06-23",344.7,344.94,336,338.42,649600,338.42
"2010-06-24",335.82,339.38,330.71,331.91,362200,331.91
"2010-06-25",332.44,337.83,330.01,337.42,500300,337.42
"2010-06-28",338.45,339.97,331.05,335.6,219600,335.6
"2010-06-29",330,330.17,317.81,324.85,575100,324.85
"2010-06-30",325.54,328.83,315.05,315.62,606300,315.62
"2010-07-01",315.75,317.98,301.66,312.07,963400,312.07
"2010-07-02",312.53,314.34,306.46,309.9,427800,309.9
"2010-07-06",313.35,321.15,312.3,314.94,436700,314.94
"2010-07-07",315.95,322.97,314.71,322.22,506200,322.22
"2010-07-08",326.33,328.45,318,321.25,456400,321.25
"2010-07-09",322,323.15,316.73,318.89,630100,318.89
"2010-07-12",317.73,319.73,315.75,317.47,469100,317.47
"2010-07-13",320.05,331.75,319.01,329.62,535600,329.62
"2010-07-14",330.03,341.05,330.03,337.77,659600,337.77
"2010-07-15",338.7,340.12,332.23,335.67,493400,335.67
"2010-07-16",335.46,336.58,323.96,324.61,562200,324.61
"2010-07-19",326,327.48,320.65,323.08,610600,323.08
"2010-07-20",318.75,326.96,318,326.09,677600,326.09
"2010-07-21",327.3,329.94,314,316.1,1264200,316.1
"2010-07-22",308.24,324.2,306.81,316.98,2146400,316.98
"2010-07-23",315.95,334.86,315.93,334.37,860300,334.37
"2010-07-26",333.34,344.59,333.2,340.51,770200,340.51
"2010-07-27",343,344.72,332.1,335.46,522700,335.46
"2010-07-28",336.12,337.92,328.35,330.07,448900,330.07
"2010-07-29",333,334.02,322.28,327.25,388200,327.25
"2010-07-30",323.15,333.44,322.7,328.37,420300,328.37
"2010-08-02",333.29,338.12,332,336.81,631800,336.81
"2010-08-03",336.04,337.74,332.95,334.64,315500,334.64
"2010-08-04",335.02,337.56,333.92,335.35,322500,335.35
"2010-08-05",334.31,335.63,330.41,334.92,332300,334.92
"2010-08-06",332.88,334.4,326.13,332.16,333800,332.16
"2010-08-09",333.03,334.72,329.18,331.42,324100,331.42
"2010-08-10",327.25,329.68,322.82,327.63,358400,327.63
"2010-08-11",321.23,325.29,314.52,317,473000,317
"2010-08-12",312.08,320.12,311,317,369200,317
"2010-08-13",316.67,318.61,314.1,315.7,284300,315.7
"2010-08-16",311.27,316.72,308.69,309.35,429400,309.35
"2010-08-17",313.25,317.71,309.69,316.92,507800,316.92
"2010-08-18",315.49,317.52,312.03,314.05,322900,314.05
"2010-08-19",312.03,313.01,303.93,306.5,501100,306.5
"2010-08-20",304.84,306.9,292,293.5,1078400,293.5
"2010-08-23",294.25,298.75,282.04,282.94,1023100,282.94
"2010-08-24",275.49,277.78,265.56,269.12,1398200,269.12
"2010-08-25",271.61,278.86,269.55,276.4,1205800,276.4
"2010-08-26",278.25,280,267.96,267.96,890700,267.96
"2010-08-27",269,273.33,262.01,273.07,845100,273.07
"2010-08-30",271.25,273.66,266.64,268.35,597600,268.35
"2010-08-31",265.52,269.65,262.62,265.03,673000,265.03
"2010-09-01",271.21,275.99,265.75,274.06,651900,274.06
"2010-09-02",273.99,277.65,271.25,277.32,411200,277.32
"2010-09-03",280,284.93,278,281.18,462600,281.18
"2010-09-07",279.04,282.42,277.14,278.02,350800,278.02
"2010-09-08",278.84,283.65,278.7,280.22,463000,280.22
"2010-09-09",284,285.98,280.22,282.86,548600,282.86
"2010-09-10",283.81,283.81,278.5,280.03,438100,280.03
"2010-09-13",282.37,283.61,278.04,279.36,503700,279.36
"2010-09-14",277.79,287.65,276.1,285.91,612100,285.91
"2010-09-15",281.41,295.32,281.41,293.74,821500,293.74
"2010-09-16",293.46,294.19,289.26,292.25,415700,292.25
"2010-09-17",294.53,301.42,293.03,295.77,863600,295.77
"2010-09-20",297.4,307.44,297,306.34,667600,306.34
"2010-09-21",309.04,310.81,303.86,305.14,652100,305.14
"2010-09-22",304.67,310.43,300.66,301.2,409500,301.2
"2010-09-23",298.17,303.8,297.13,299.05,333000,299.05
"2010-09-24",303.68,306.2,300.57,305.58,363800,305.58
"2010-09-27",298.35,298.62,288.22,290.26,985700,290.26
"2010-09-28",290.3,292.66,284.41,290.03,878700,290.03
"2010-09-29",288.71,293.87,285.54,286.98,575900,286.98
"2010-09-30",292,292,282,283.74,578500,283.74
"2010-10-01",286.51,291.07,284.27,289.61,535300,289.61
"2010-10-04",288.6,289.55,280.35,283.25,537700,283.25
"2010-10-05",286.22,293.76,283.07,292.89,497200,292.89
"2010-10-06",291.89,294.99,288.74,292.88,456600,292.88
"2010-10-07",293.5,293.55,285.69,287.16,449900,287.16
"2010-10-08",288.1,291.14,285.27,289.82,301300,289.82
"2010-10-11",288.02,293.45,288.02,290.5,421800,290.5
"2010-10-12",290.29,292,286,286.63,522400,286.63
"2010-10-13",288.01,289.41,275.66,275.7,1098000,275.7
"2010-10-14",276.03,276.4,270.48,274.17,1058000,274.17
"2010-10-15",277.03,281.59,271.25,279.81,905300,279.81
"2010-10-18",280,286.91,278.45,285.59,995500,285.59
"2010-10-19",283.14,283.14,275.16,279.04,1450900,279.04
"2010-10-20",263.31,263.31,255.1,259.45,2662500,259.45
"2010-10-21",262.48,262.48,255.21,256.84,1136900,256.84
"2010-10-22",256.84,268.38,255.75,265.84,905400,265.84
"2010-10-25",269.31,269.5,263.76,265.8,622000,265.8
"2010-10-26",262.14,266.79,260.57,263.93,493200,263.93
"2010-10-27",261,262,256.2,260.89,731700,260.89
"2010-10-28",261.38,264.36,260.24,262.77,363300,262.77
"2010-10-29",261.88,264.7,261.09,262.95,356400,262.95
"2010-11-01",264.24,266.74,260.43,262.01,348100,262.01
"2010-11-02",262.44,267.25,262.08,266.26,333500,266.26
"2010-11-03",266.75,270.21,264.57,269.98,420400,269.98
"2010-11-04",274.77,276.75,274,275.8,557700,275.8
"2010-11-05",276.9,279,275.77,278.27,304800,278.27
"2010-11-08",276.76,278.75,275.95,277.1,287100,277.1
"2010-11-09",278.08,280.74,276.03,277.96,382200,277.96
"2010-11-10",278.1,279.86,272.5,277.07,444400,277.07
"2010-11-11",274.62,275.77,270.01,273.21,544600,273.21
"2010-11-12",272.12,272.33,265.15,267.68,449700,267.68
"2010-11-15",269.37,270.35,265,268.2,350000,268.2
"2010-11-16",265.7,269.44,260.12,262.56,339300,262.56
"2010-11-17",263.19,266,261.4,262.42,245900,262.42
"2010-11-18",264.87,266.75,259.51,260.14,620200,260.14
"2010-11-19",259.49,260.12,246.05,247.5,1478000,247.5
"2010-11-22",247.51,256.47,247.12,254.99,974100,254.99
"2010-11-23",251.74,254.05,250.29,251.28,360500,251.28
"2010-11-24",253,259.5,252.13,257.08,433100,257.08
"2010-11-26",255,258.11,252.76,254.84,160900,254.84
"2010-11-29",253.23,256.16,250.4,254.45,302200,254.45
"2010-11-30",251.61,262.39,250.59,260.29,708500,260.29
"2010-12-01",261.44,267.76,261.23,266.31,566600,266.31
"2010-12-02",267.57,269.73,267.04,268.43,458200,268.43
"2010-12-03",267.2,272,267.2,271.32,400300,271.32
"2010-12-06",271,271.97,267.79,270.19,464100,270.19
"2010-12-07",273,273.97,260.3,260.65,1021800,260.65
"2010-12-08",261.05,263.67,257.85,260.05,938500,260.05
"2010-12-09",260.6,262.34,259.37,260.5,479200,260.5
"2010-12-10",260.89,261.99,258.17,260.07,551100,260.07
"2010-12-13",260,261.4,253.25,254.7,649800,254.7
"2010-12-14",254.99,261.33,254.78,260,552300,260
"2010-12-15",258.69,260.49,254,256.26,491400,256.26
"2010-12-16",256.5,263.54,255.08,263.25,517200,263.25
"2010-12-17",264.5,269.05,263.71,265.76,1018200,265.76
"2010-12-20",266.32,270.88,265.86,270.55,598400,270.55
"2010-12-21",271.31,271.99,264.25,266.86,475300,266.86
"2010-12-22",267.7,269.49,265.25,266.01,212200,266.01
"2010-12-23",265.27,266.74,262.32,263.22,171500,263.22
"2010-12-27",262.95,264,260.64,262.34,174500,262.34
"2010-12-28",262.14,262.97,260.17,260.6,147200,260.6
"2010-12-29",260.5,262.5,258.3,259.39,193400,259.39
"2010-12-30",258.84,258.98,256.59,256.96,194000,256.96
"2010-12-31",256.91,259.15,255.02,257.75,259000,257.75
"2011-01-03",261.8,271.42,261.8,269,687100,269
"2011-01-04",271.42,272.91,270.12,271.7,493400,271.7
"2011-01-05",270.12,275,268.02,273.63,385500,273.63
"2011-01-06",274.86,274.86,267.5,268.68,340400,268.68
"2011-01-07",268.33,269.97,265.13,267.4,327000,267.4
"2011-01-10",266.57,272.22,265.55,271.58,257100,271.58
"2011-01-11",272.58,284.38,272.03,280.99,723200,280.99
"2011-01-12",283.93,284.8,278.49,282.21,485600,282.21
"2011-01-13",281.99,281.99,277.5,279.11,248000,279.11
"2011-01-14",279.54,288.95,279.1,288.28,759000,288.28
"2011-01-18",289,297.01,288.46,296.32,718400,296.32
"2011-01-19",296.59,296.59,288.91,290.45,695400,290.45
"2011-01-20",288.06,290.92,282.32,289.83,1122300,289.83
"2011-01-21",323.18,334.39,321.68,326.58,3200200,326.58
"2011-01-24",326.48,334,324.12,327.99,856000,327.99
"2011-01-25",324.48,331.85,322.25,330.93,1020100,330.93
"2011-01-26",327.53,338.86,327.35,338.06,848100,338.06
"2011-01-27",337.75,337.85,333.75,334.17,614300,334.17
"2011-01-28",335.39,335.94,325.95,327.93,571100,327.93
"2011-01-31",327.38,329.37,322.03,322.91,600100,322.91
"2011-02-01",324.98,337.9,324.33,332.58,606900,332.58
"2011-02-02",331.33,332.55,326.57,327.79,395700,327.79
"2011-02-03",326.6,331.28,325,330.48,268000,330.48
"2011-02-04",330.07,332.7,327.03,331.26,346900,331.26
"2011-02-07",329.92,334.86,329,333.42,327800,333.42
"2011-02-08",334.1,337.97,332.51,333.93,259200,333.93
"2011-02-09",335.7,337.41,332.22,333.55,276200,333.55
"2011-02-10",330.57,338,329.07,337.2,261900,337.2
"2011-02-11",335.54,346.79,334.03,345.27,417400,345.27
"2011-02-14",344.86,344.97,340.63,344.31,225700,344.31
"2011-02-15",341.63,344.26,339.77,341.19,219400,341.19
"2011-02-16",341.19,344.89,338.43,339.99,242600,339.99
"2011-02-17",339.99,341.91,335,340.99,315300,340.99
"2011-02-18",340.98,343.41,339.07,340.92,332600,340.92
"2011-02-22",337.65,340.58,328.75,331.11,445600,331.11
"2011-02-23",329.19,331.93,321.96,327.14,335400,327.14
"2011-02-24",325.77,328.51,324.58,328.01,347200,328.01
"2011-02-25",328.64,338,328.21,334.93,286400,334.93
"2011-02-28",335.53,337.75,325.99,327.95,325200,327.95
"2011-03-01",330.61,330.79,318.6,319.81,533900,319.81
"2011-03-02",318.91,323.76,316.63,322.81,331700,322.81
"2011-03-03",327.51,332.5,325.45,331.72,332700,331.72
"2011-03-04",329.63,332.55,325.64,332.04,349500,332.04
"2011-03-07",332.49,333.52,325.69,329.59,532900,329.59
"2011-03-08",328.66,333.38,325.85,331.73,348400,331.73
"2011-03-09",330.8,333.26,326.4,330.21,343600,330.21
"2011-03-10",327.28,332.07,323.56,324.91,464500,324.91
"2011-03-11",323.54,327.41,321.01,325.43,262800,325.43
"2011-03-14",322.45,328.97,321.76,327.79,457000,327.79
"2011-03-15",323.52,327.5,317.56,326.2,565500,326.2
"2011-03-16",324.14,326.22,315.01,319.24,556800,319.24
"2011-03-17",323.42,326,319.55,321.04,286100,321.04
"2011-03-18",322.64,324.93,315.86,316.9,478700,316.9
"2011-03-21",320.87,326,319.81,325.1,370700,325.1
"2011-03-22",326,328.56,322.31,323.91,291100,323.91
"2011-03-23",322.85,325,317.01,320.93,303100,320.93
"2011-03-24",323.19,330.55,321.55,330.5,345700,330.5
"2011-03-25",331.96,334.56,328.42,329.82,275800,329.82
"2011-03-28",331.4,333.72,330.23,330.38,174100,330.38
"2011-03-29",330.25,336.15,327.35,335.29,266400,335.29
"2011-03-30",337.59,338.8,334.9,338.21,214700,338.21
"2011-03-31",338.15,339.56,333.46,333.46,258300,333.46
"2011-04-01",336.02,350.97,336.02,344.84,565700,344.84
"2011-04-04",346.16,351.48,345.02,346.75,277300,346.75
"2011-04-05",345.47,358.95,345.47,351.74,879200,351.74
"2011-04-06",355.73,369.99,355.72,365.23,1153100,365.23
"2011-04-07",367.22,375.98,364.39,372.08,843800,372.08
"2011-04-08",374.79,377.84,364.06,367.67,512600,367.67
"2011-04-11",367.53,372.6,366.66,371.16,376800,371.16
"2011-04-12",371.5,372.04,364.18,366.39,541200,366.39
"2011-04-13",368.8,370.74,357,362.43,637200,362.43
"2011-04-14",360.47,364.91,357.25,363.32,427400,363.32
"2011-04-15",363.99,365.7,360.32,360.36,520200,360.36
"2011-04-18",354.77,358,350.05,356.58,485600,356.58
"2011-04-19",357.35,366.6,355.05,364.69,783700,364.69
"2011-04-20",356.24,364,355.33,362.95,1009500,362.95
"2011-04-21",363.03,363.42,356.5,357.19,569200,357.19
"2011-04-25",354.38,356.57,347.52,352.04,536100,352.04
"2011-04-26",352.79,356.5,350.14,352.82,474100,352.82
"2011-04-27",352.49,356.36,351,355.49,276000,355.49
"2011-04-28",354,357.27,351.92,355.99,239000,355.99
"2011-04-29",355.67,356.27,349.7,349.7,551000,349.7
"2011-05-02",351.7,356.4,351.18,354.18,307200,354.18
"2011-05-03",353.19,356.4,350.7,352.01,277000,352.01
"2011-05-04",350.38,352.36,344.14,345.4,327600,345.4
"2011-05-05",343.01,351.35,341.43,346.94,260900,346.94
"2011-05-06",350.41,355.3,348.01,348.38,276000,348.38
"2011-05-09",348.88,356.47,346.03,355.9,241000,355.9
"2011-05-10",356,363.3,355.33,360.69,339500,360.69
"2011-05-11",360.46,362.99,352.21,354.69,211200,354.69
"2011-05-12",353.38,362,350.96,361.04,252700,361.04
"2011-05-13",359.89,362.98,355,356,220000,356
"2011-05-16",354.54,357.81,348.69,349.12,275600,349.12
"2011-05-17",348.43,349.92,342.44,349.92,285300,349.92
"2011-05-18",349.07,353.87,346,352.78,238400,352.78
"2011-05-19",354.48,354.89,348.25,352.85,178300,352.85
"2011-05-20",352,352,348.23,348.26,261300,348.26
"2011-05-23",340.8,344.58,337.75,343.13,252700,343.13
"2011-05-24",343.17,345,341.18,341.84,171500,341.84
"2011-05-25",342.56,347.08,341.77,345,187600,345
"2011-05-26",343.2,346.43,340.06,345.21,167200,345.21
"2011-05-27",343.57,347.07,342.93,344.26,137400,344.26
"2011-05-31",347.4,349,342.1,349,246500,349
"2011-06-01",348.47,351.08,344.56,345.09,240000,345.09
"2011-06-02",344.4,347.82,342.19,344.68,180600,344.68
"2011-06-03",341.5,345.76,340.67,342.24,235000,342.24
"2011-06-06",340.66,343.33,338.88,339.62,162100,339.62
"2011-06-07",340.68,346,338.53,343.83,210000,343.83
"2011-06-08",342.5,345.52,339.4,343.78,252500,343.78
"2011-06-09",342.64,345.66,341,341.98,231100,341.98
"2011-06-10",341.39,342.88,336.06,338.23,286200,338.23
"2011-06-13",340.97,344.13,337.26,340.97,211100,340.97
"2011-06-14",342.98,347.79,342.42,346.55,216400,346.55
"2011-06-15",342.59,345.84,340,340.63,247300,340.63
"2011-06-16",339.55,344.05,338.42,340.56,228000,340.56
"2011-06-17",346.5,350.27,343.65,344.46,535300,344.46
"2011-06-20",347.5,353.46,345.66,351.71,293900,351.71
"2011-06-21",351.79,353.99,350.09,351.9,254000,351.9
"2011-06-22",352.73,360,351.25,352.52,325100,352.52
"2011-06-23",347.8,354.4,345.02,353.47,301600,353.47
"2011-06-24",352.02,352.51,346.28,347.4,258500,347.4
"2011-06-27",347.08,358.48,344.6,356.63,261300,356.63
"2011-06-28",357,366.93,356.37,365.75,333600,365.75
"2011-06-29",367.06,370.7,366.74,368.4,289000,368.4
"2011-06-30",369.12,376.17,368.74,372.11,308700,372.11
"2011-07-01",373.25,379.4,371.44,378.65,230000,378.65
"2011-07-05",379,382.96,376,381.37,283000,381.37
"2011-07-06",381.02,384.49,379.91,380.87,242600,380.87
"2011-07-07",376,378.13,367.62,368.25,683600,368.25
"2011-07-08",365.91,368.98,362.32,368.7,457400,368.7
"2011-07-11",365.41,368.14,361.05,361.83,262800,361.83
"2011-07-12",363.44,366.38,356.54,357.08,401800,357.08
"2011-07-13",360.03,365.37,358.05,359.4,254200,359.4
"2011-07-14",360.15,361.95,354.23,355.96,258000,355.96
"2011-07-15",357.24,360.94,356.2,358.79,250100,358.79
"2011-07-18",357.23,362.99,353.39,362.28,268700,362.28
"2011-07-19",365.91,375.99,365.05,374.9,676100,374.9
"2011-07-20",392.12,407,392.12,397.47,1325800,397.47
"2011-07-21",397.9,415.19,397.9,413.73,899900,413.73
"2011-07-22",407.1,409.45,401.33,405.1,811400,405.1
"2011-07-25",401.02,403.49,397.67,400.99,382600,400.99
"2011-07-26",400.99,402.47,395.03,399.07,276500,399.07
"2011-07-27",395.95,404.51,392.59,393.58,442400,393.58
"2011-07-28",392.33,397.81,388.55,389.86,467100,389.86
"2011-07-29",387.31,404,384.74,400.55,670300,400.55
"2011-08-01",403.57,408,390,394.12,769800,394.12
"2011-08-02",391.77,397.41,382.22,382.78,501100,382.78
"2011-08-03",385.99,386,367.22,379.38,625500,379.38
"2011-08-04",376.31,376.88,358.28,358.84,483900,358.84
"2011-08-05",361.73,364.5,348.89,358.57,739400,358.57
"2011-08-08",348.13,353.89,331.06,331.77,935600,331.77
"2011-08-09",338.7,342.96,322.38,342.57,925700,342.57
"2011-08-10",334.08,339.99,326.32,328,660000,328
"2011-08-11",331.83,345.69,330.01,342.01,437300,342.01
"2011-08-12",344.74,350.45,342.5,346.83,446900,346.83
"2011-08-15",347.96,351.45,342.01,351.09,312600,351.09
"2011-08-16",348.82,354.25,343.67,349,391300,349
"2011-08-17",342.9,357.44,342.9,347.51,301500,347.51
"2011-08-18",338.5,341.46,331.15,334.35,512700,334.35
"2011-08-19",329.58,339.62,329.06,329.49,499600,329.49
"2011-08-22",335.5,336.96,320,321.45,588100,321.45
"2011-08-23",323.33,340,322.55,339.97,496100,339.97
"2011-08-24",336.45,350,336,349.72,541300,349.72
"2011-08-25",352,353.43,342.25,346.87,482500,346.87
"2011-08-26",344.36,357.58,339.65,356.93,532000,356.93
"2011-08-29",361.02,383.71,358.93,375.86,847100,375.86
"2011-08-30",374.08,380.89,371.73,378.55,386400,378.55
"2011-08-31",381.77,388.59,376.99,381.35,603500,381.35
"2011-09-01",382.4,389,377.04,379.43,522300,379.43
"2011-09-02",371.4,377.7,368.31,370.63,399200,370.63
"2011-09-06",357.6,377.73,355,376.81,415000,376.81
"2011-09-07",380.9,389,379.74,389,379500,389
"2011-09-08",386.35,389,379.83,380.85,362200,380.85
"2011-09-09",376.66,383.55,366.16,369.22,563600,369.22
"2011-09-12",363.07,372.7,363.01,371.81,397700,371.81
"2011-09-13",373.76,380.78,371.99,379.39,385000,379.39
"2011-09-14",382.19,390,376.53,386,424100,386
"2011-09-15",388.04,395.85,383.56,395.07,450000,395.07
"2011-09-16",397.36,397.94,389.15,390.54,468000,390.54
"2011-09-19",386.38,396.15,384,393.55,337500,393.55
"2011-09-20",396.92,402.35,388.01,388.69,432700,388.69
"2011-09-21",389.38,394.71,379.99,380.29,312200,380.29
"2011-09-22",366.32,376,360.33,368.56,650300,368.56
"2011-09-23",365.5,379.69,363.55,375.01,377900,375.01
"2011-09-26",375.45,379.38,362.92,376.76,312300,376.76
"2011-09-27",384.36,394,381.51,388.09,390900,388.09
"2011-09-28",388.71,390.87,376.49,377.74,296300,377.74
"2011-09-29",384.04,387.2,366.15,373.22,379400,373.22
"2011-09-30",368.25,370,363.31,364.28,341200,364.28
"2011-10-03",360.32,365.53,348.53,348.76,388800,348.76
"2011-10-04",342.2,364.22,341.21,364.03,609800,364.03
"2011-10-05",365.15,367.33,355.23,367,427400,367
"2011-10-06",369.32,375.18,364.75,372.9,465500,372.9
"2011-10-07",375.03,375.11,363.3,364.45,320500,364.45
"2011-10-10",369.59,380.22,369.28,379.37,302400,379.37
"2011-10-11",376.97,388.68,376,385.35,332100,385.35
"2011-10-12",387.6,389.99,380.79,382.16,304800,382.16
"2011-10-13",381.78,388.49,381.63,387.25,205100,387.25
"2011-10-14",391.31,395.42,389.25,393.38,269700,393.38
"2011-10-17",393.18,394.2,386.02,388.03,310200,388.03
"2011-10-18",389.78,391.94,380,382.76,688900,382.76
"2011-10-19",413.79,425.49,410,417.62,1442500,417.62
"2011-10-20",422.11,422.5,413,418.41,442800,418.41
"2011-10-21",412.87,420,408.16,415.63,542300,415.63
"2011-10-24",412.72,429.44,412.5,422.39,562600,422.39
"2011-10-25",422,428.2,417.56,419.37,357200,419.37
"2011-10-26",426.95,427.86,417.42,420.54,270100,420.54
"2011-10-27",428.2,440.68,426.28,435.31,600700,435.31
"2011-10-28",434,443,432.01,436.53,370000,436.53
"2011-10-31",434,441.49,433.86,433.86,288500,433.86
"2011-11-01",425.46,431.45,420.42,426.17,412300,426.17
"2011-11-02",428.97,431.72,422.87,427.1,240700,427.1
"2011-11-03",431.44,438.21,426.6,437.35,269900,437.35
"2011-11-04",436.48,437.25,428.23,432.23,222600,432.23
"2011-11-07",428.53,434.99,428,432.37,270200,432.37
"2011-11-08",432.97,442,432.37,441.19,220300,441.19
"2011-11-09",431.97,437.27,426.61,429.28,291500,429.28
"2011-11-10",432.52,435.02,425,429.54,229000,429.54
"2011-11-11",432.39,441.89,432.05,439.99,221700,439.99
"2011-11-14",439.55,447.5,438.23,440.48,203500,440.48
"2011-11-15",440.83,449.06,439.13,448.77,224500,448.77
"2011-11-16",442.82,447,438,438.46,421500,438.46
"2011-11-17",441.81,441.81,423.41,428.89,369600,428.89
"2011-11-18",426.5,430.35,415.2,423.06,342700,423.06
"2011-11-21",418.33,423.31,414.1,420.82,309400,420.82
"2011-11-22",419.24,423.2,415,418.68,282900,418.68
"2011-11-23",415.21,422.41,410.37,416.93,233800,416.93
"2011-11-25",412.03,419.98,412,413.26,156400,413.26
"2011-11-28",423,427.5,420.06,424.96,366500,424.96
"2011-11-29",423.18,425.81,420.95,422.62,299000,422.62
"2011-11-30",434.52,437.98,428.76,434.21,485400,434.21
"2011-12-01",424.67,438.56,424.55,435.59,421200,435.59
"2011-12-02",440,445.7,429.07,433.85,515000,433.85
"2011-12-05",439.19,444.82,433.9,436.43,296800,436.43
"2011-12-06",438,440.43,433.45,439.95,422000,439.95
"2011-12-07",435.52,441.54,432.43,439.88,240600,439.88
"2011-12-08",438.52,440.57,429.68,430,194400,430
"2011-12-09",433.34,441.1,431.94,440.4,236400,440.4
"2011-12-12",438.35,438.54,431.76,433.71,204500,433.71
"2011-12-13",437.35,443.99,431.52,434.39,287700,434.39
"2011-12-14",431.72,433.93,421.73,423.52,381900,423.52
"2011-12-15",426.46,429.61,420.84,428.35,350900,428.35
"2011-12-16",431.11,434.14,426.56,432.12,333900,432.12
"2011-12-19",434.99,436.95,431.07,432.19,196600,432.19
"2011-12-20",438.07,445.38,435.67,443.58,323900,443.58
"2011-12-21",445.22,445.25,438.78,440.73,248300,440.73
"2011-12-22",443.63,450,442.81,447.86,260400,447.86
"2011-12-23",450,458.74,449,457.66,265100,457.66
"2011-12-27",458.5,465.65,455.57,463.47,261700,463.47
"2011-12-28",464.99,465,456.54,457.7,163400,457.7
"2011-12-29",457.63,466.04,455.74,466.03,211000,466.03
"2011-12-30",466.32,469.25,463.01,463.01,181400,463.01
"2012-01-03",470.95,473.93,467.17,471.71,344600,471.71
"2012-01-04",472.03,474.5,466,466.94,290700,466.94
"2012-01-05",467.92,472.63,464.06,472.36,523300,472.36
"2012-01-06",470.99,472.97,458.89,460.46,507500,460.46
"2012-01-09",458.81,459.76,450.25,451.5,466200,451.5
"2012-01-10",453.58,456.44,446.55,450.19,435300,450.19
"2012-01-11",448.37,457.76,446.1,456.95,319200,456.95
"2012-01-12",457.49,460.85,455.05,458.13,215300,458.13
"2012-01-13",457.44,460.99,454,459.44,203400,459.44
"2012-01-17",464.29,467,462.15,465.36,312400,465.36
"2012-01-18",465.57,471.2,465.41,470.86,295200,470.86
"2012-01-19",473.72,476.49,467.5,474.65,589100,474.65
"2012-01-20",445,449.78,429.26,445.68,1613700,445.68
"2012-01-23",447.36,457.86,441,444.39,766200,444.39
"2012-01-24",441.5,446.09,437.5,440,422600,440
"2012-01-25",436.64,455.66,436.64,455.66,524200,455.66
"2012-01-26",456.96,458.72,452,456.38,422400,456.38
"2012-01-27",454.57,461.59,453.02,459,209300,459
"2012-01-30",455,458,451.35,456.52,341400,456.52
"2012-01-31",459.5,460.5,453.9,459.91,226100,459.91
"2012-02-01",461.47,464.94,458.9,462.94,204800,462.94
"2012-02-02",464,488.84,463.5,483,1072800,483
"2012-02-03",486.35,495.53,483.5,492.01,675800,492.01
"2012-02-06",489.66,494.26,483.13,491.39,357900,491.39
"2012-02-07",489.14,494.57,488.39,494,227300,494
"2012-02-08",492.58,493.28,485,491.92,280100,491.92
"2012-02-09",493.47,493.52,487.77,492.41,243800,492.41
"2012-02-10",488.98,493.5,486.4,490.83,294700,490.83
"2012-02-13",492.58,506.01,492.1,503.07,476700,503.07
"2012-02-14",502.71,514.55,500.62,510.4,481700,510.4
"2012-02-15",515.18,515.61,504.72,505.23,407300,505.23
"2012-02-16",505.48,513.25,503.5,507.54,364900,507.54
"2012-02-17",507.32,511.9,505,505.99,252900,505.99
"2012-02-21",506.51,508.97,500,504.91,175200,504.91
"2012-02-22",503.61,508.07,501.02,504.08,183000,504.08
"2012-02-23",505.3,509.71,503.02,506.36,161300,506.36
"2012-02-24",508.46,513.63,505.83,512.76,206900,512.76
"2012-02-27",510.12,518.47,507.47,514.23,282900,514.23
"2012-02-28",515.88,517.49,511.75,515.69,205300,515.69
"2012-02-29",514.46,516.13,511.04,511.62,219800,511.62
"2012-03-01",510.12,521.5,509.5,521.33,310200,521.33
"2012-03-02",521.83,523.1,515.31,516.91,240300,516.91
"2012-03-05",514.42,519.59,511.3,513.43,241200,513.43
"2012-03-06",510.67,511.5,503.27,506.64,271600,506.64
"2012-03-07",509.69,511.49,507.15,508.25,152200,508.25
"2012-03-08",511.1,519.7,510.25,516.86,196500,516.86
"2012-03-09",518.1,526.51,518.1,523.83,323000,523.83
"2012-03-12",524.6,529.7,522.42,526.47,298700,526.47
"2012-03-13",530,531.98,527,531.32,215600,531.32
"2012-03-14",530.81,533,525.85,528.2,253000,528.2
"2012-03-15",527.07,528.68,523.89,528.2,215500,528.2
"2012-03-16",525.94,531.11,525.94,529.74,388200,529.74
"2012-03-19",528.51,530.04,525.14,529.54,198300,529.54
"2012-03-20",526.22,531.92,525,531.63,148400,531.63
"2012-03-21",531.45,535.85,530.37,532.92,136900,532.92
"2012-03-22",530.76,538.02,529,534.81,193100,534.81
"2012-03-23",536.7,536.7,530.61,533.4,133400,533.4
"2012-03-26",537.4,542.38,533.91,541.96,189200,541.96
"2012-03-27",543,550.47,539.53,546.31,313300,546.31
"2012-03-28",548.59,549.59,538.64,544.63,184200,544.63
"2012-03-29",544.4,549.22,536.2,543.68,260200,543.68
"2012-03-30",545.58,547.41,538.14,541.75,372600,541.75
"2012-04-02",536.82,547,536.81,545.82,255000,545.82
"2012-04-03",544.44,549.1,543.53,548.39,202900,548.39
"2012-04-04",545.34,547.51,540,543.97,161200,543.97
"2012-04-05",541.99,545.64,541,545.24,160100,545.24
"2012-04-09",540,542.39,533.51,539.07,194600,539.07
"2012-04-10",537.17,538.97,528.3,535.24,347100,535.24
"2012-04-11",538.68,541.74,536.88,540.01,340900,540.01
"2012-04-12",543.82,554.13,542.28,551.59,413300,551.59
"2012-04-13",551.95,552.68,544.02,546.56,206200,546.56
"2012-04-16",551.55,551.99,534.32,541.09,324300,541.09
"2012-04-17",546.47,549.83,537.47,545.53,487100,545.53
"2012-04-18",574.07,594.89,569.6,584.52,1413300,584.52
"2012-04-19",586.51,589.85,575.32,579.22,478000,579.22
"2012-04-20",577.52,582.1,569.21,576.57,578000,576.57
"2012-04-23",566.72,570.59,560.31,567.44,341700,567.44
"2012-04-24",567,570.6,555.72,560.11,244300,560.11
"2012-04-25",566.24,578.36,566.24,575.5,276400,575.5
"2012-04-26",571.55,578.75,567.72,576.64,179000,576.64
"2012-04-27",580,586.36,574.08,585.82,252400,585.82
"2012-04-30",585.99,589.99,577.59,578.2,171000,578.2
"2012-05-01",578.1,590.11,576.2,588.28,256000,588.28
"2012-05-02",583.58,591.64,582.56,586.16,179400,586.16
"2012-05-03",589.43,590.78,576.63,578.37,186900,578.37
"2012-05-04",575.01,577.79,560.2,565.16,313200,565.16
"2012-05-07",561.93,568.47,558,564,264000,564
"2012-05-08",560,560,548.76,557,350800,557
"2012-05-09",550.64,556.45,545.6,549.59,438600,549.59
"2012-05-10",553.17,557.95,550.54,556.75,237000,556.75
"2012-05-11",555.19,564.27,550,558.95,235300,558.95
"2012-05-14",553.71,557.73,547.95,550.56,205700,550.56
"2012-05-15",555.8,558.89,544.66,546.85,285000,546.85
"2012-05-16",545.82,548.48,534.1,537.18,420500,537.18
"2012-05-17",534,535.55,518.01,519.09,379600,519.09
"2012-05-18",519.18,521,509.08,511.24,350600,511.24
"2012-05-21",511.14,528,507.44,527.07,333000,527.07
"2012-05-22",527.35,536.6,522.16,525.08,263000,525.08
"2012-05-23",522.62,532.53,518,530.89,238000,530.89
"2012-05-24",532.52,534.66,522.97,531.5,202600,531.5
"2012-05-25",529.69,531.07,525,526.55,191200,526.55
"2012-05-29",528.89,533.32,523.69,527.9,209200,527.9
"2012-05-30",526.43,533.13,519.73,531.55,244000,531.55
"2012-05-31",530.17,532.74,522.01,523.1,318200,523.1
"2012-06-01",511.78,517.07,498.21,503.01,379300,503.01
"2012-06-04",503.01,516.74,498.01,516.21,282700,516.21
"2012-06-05",513.12,525,511.64,522.38,272100,522.38
"2012-06-06",526.6,537,523,533.44,352200,533.44
"2012-06-07",539.5,542.76,528.79,529.51,278400,529.51
"2012-06-08",525.54,538.29,525.13,536.7,197900,536.7
"2012-06-11",540.54,543.6,519.06,520.89,310200,520.89
"2012-06-12",526.54,532.43,519.21,530.89,223800,530.89
"2012-06-13",526.72,536.75,525,525.97,143900,525.97
"2012-06-14",525.51,536.7,525.51,527.98,214600,527.98
"2012-06-15",528.25,534.6,524.57,531.66,474000,531.66
"2012-06-18",530.91,547.38,527.91,545.24,285700,545.24
"2012-06-19",549.08,553.69,544.63,548.58,225200,548.58
"2012-06-20",550.26,552.05,543.04,548.22,173700,548.22
"2012-06-21",550.31,556.77,536.83,537.03,269500,537.03
"2012-06-22",539.56,550.86,539.56,550.12,705800,550.12
"2012-06-25",543.68,546.9,537.27,539.81,254700,539.81
"2012-06-26",541.59,545.19,536.07,544.31,176900,544.31
"2012-06-27",547.23,550.63,543.48,544.24,125400,544.24
"2012-06-28",540.69,541.57,531.13,536.29,267900,536.29
"2012-06-29",545,553.96,542.98,553.79,333300,553.79
"2012-07-02",556.47,567.14,555.62,565.97,331900,565.97
"2012-07-03",563.75,569.95,562.4,566.61,124500,566.61
"2012-07-05",565.21,566.99,560.22,563.41,185300,563.41
"2012-07-06",561.25,562.45,550,551.47,289100,551.47
"2012-07-09",552.35,555,547.66,551.39,136600,551.39
"2012-07-10",545.61,547.85,527.44,531.77,643700,531.77
"2012-07-11",532.61,538.45,529.7,535.01,249500,535.01
"2012-07-12",531.24,537.32,521.25,534.59,257600,534.59
"2012-07-13",535,542.46,533.25,540.04,304100,540.04
"2012-07-16",540.55,542.03,534,536.52,163600,536.52
"2012-07-17",542.47,546.92,535.07,544.11,323900,544.11
"2012-07-18",547.55,554.77,544.5,549.36,255900,549.36
"2012-07-19",553,553.58,540.01,544.21,498500,544.21
"2012-07-20",516,518,494.55,498.5,1532000,498.5
"2012-07-23",483,485.64,467.26,477.47,946500,477.47
"2012-07-24",481.35,481.9,470,472.48,481300,472.48
"2012-07-25",478.58,485.95,475.03,483.59,484600,483.59
"2012-07-26",490,493.4,486.16,489.2,463900,489.2
"2012-07-27",493.98,501.69,490.2,498.94,302900,498.94
"2012-07-30",489.83,497.07,484.07,491.61,359800,491.61
"2012-07-31",487.35,491.75,480.5,481.5,355900,481.5
"2012-08-01",485,488.77,476.79,476.79,285500,476.79
"2012-08-02",472.91,478.59,471.04,477.79,357600,477.79
"2012-08-03",485,495.98,482.24,492.85,336100,492.85
"2012-08-06",493.45,496.15,489.77,490.8,185200,490.8
"2012-08-07",491.12,499.76,491.12,496.76,172400,496.76
"2012-08-08",494.1,502.18,494.03,501.22,219600,501.22
"2012-08-09",503.11,503.11,494.43,497.56,228900,497.56
"2012-08-10",496.44,498.98,492.01,498.58,229600,498.58
"2012-08-13",498.16,512.63,498.16,508.31,351900,508.31
"2012-08-14",512.46,512.46,504.23,509.86,219300,509.86
"2012-08-15",507.5,517.5,506.9,517.31,258400,517.31
"2012-08-16",517.89,518.37,512,514.95,194400,514.95
"2012-08-17",516.98,516.98,509.06,511.73,238900,511.73
"2012-08-20",510.18,513.7,507.45,510.32,206700,510.32
"2012-08-21",511,515.98,505.01,507.5,292200,507.5
"2012-08-22",506.42,509.4,503.01,507.76,154400,507.76
"2012-08-23",505.88,507.88,501.12,503.21,154200,503.21
"2012-08-24",503.78,507.92,500,505.52,149200,505.52
"2012-08-27",503.04,506.35,499,500.69,190800,500.69
"2012-08-28",499.51,500.56,496.3,498.01,231800,498.01
"2012-08-29",498,500.14,496.04,496.54,164900,496.54
"2012-08-30",493.31,495.95,486.61,491.66,146500,491.66
"2012-08-31",492.39,497.97,488.48,491.79,204100,491.79
"2012-09-04",490.25,496.18,488.22,491.09,243500,491.09
"2012-09-05",489.96,492.68,486.01,487.7,224100,487.7
"2012-09-06",490.01,496.55,489.16,495.92,322400,495.92
"2012-09-07",497.61,501.84,492.85,500.74,220800,500.74
"2012-09-10",497.38,501.92,494.31,495.19,259200,495.19
"2012-09-11",494.43,494.71,486.52,487.41,303900,487.41
"2012-09-12",489.7,493.05,485.01,486.08,211400,486.08
"2012-09-13",486,493.03,481.26,489.72,344000,489.72
"2012-09-14",490.6,502.42,487.3,501.65,372800,501.65
"2012-09-17",500.57,513.94,499.76,510.31,349400,510.31
"2012-09-18",513.18,517.82,509.55,512.36,298300,512.36
"2012-09-19",512.54,514,507.44,509.39,183800,509.39
"2012-09-20",508.5,508.5,501.32,506.34,328900,506.34
"2012-09-21",508,518.55,508,517.76,697000,517.76
"2012-09-24",515,519.45,510.6,517.5,236100,517.5
"2012-09-25",517.57,521.63,511.12,511.47,255900,511.47
"2012-09-26",510.93,512.75,494.24,495.62,396200,495.62
"2012-09-27",498.41,501,494.01,499.66,308800,499.66
"2012-09-28",498.21,498.51,491.53,495.63,268300,495.63
"2012-10-01",499.03,506.4,496.51,499.8,238000,499.8
"2012-10-02",499,502.15,494.4,500.75,352800,500.75
"2012-10-03",503.14,511.32,500.08,511.03,328900,511.03
"2012-10-04",512.76,520,508.71,516.49,368100,516.49
"2012-10-05",519.7,520,509.48,511.31,309800,511.31
"2012-10-08",508.63,510.79,507.03,509.32,255500,509.32
"2012-10-09",502.78,506,489.04,495.16,624700,495.16
"2012-10-10",496.52,498.48,489.6,494.63,402500,494.63
"2012-10-11",499.46,500.68,492.96,494.64,265300,494.64
"2012-10-12",494.65,500.65,493.24,494.58,335100,494.58
"2012-10-15",507.08,513.4,505,512.53,473000,512.53
"2012-10-16",515.23,534.78,514.98,533.13,1430100,533.13
"2012-10-17",510.05,544.21,510,532.41,1654800,532.41
"2012-10-18",531.64,536.44,526.41,535.82,446900,535.82
"2012-10-19",538.23,546.07,536,538.35,673700,538.35
"2012-10-22",540,551.93,540,551.19,648000,551.19
"2012-10-23",545.2,551.6,539.13,546.61,482500,546.61
"2012-10-24",549.28,549.82,541.56,543.01,278600,543.01
"2012-10-25",545.13,548.27,540.52,545.63,250300,545.63
"2012-10-26",538.7,544.79,535,535.84,365800,535.84
"2012-10-31",536,545.1,532.55,542.22,342800,542.22
"2012-11-01",545,549.49,533.83,540.96,457300,540.96
"2012-11-02",539.01,551.15,537.21,541.47,334600,541.47
"2012-11-05",540.5,543.24,537.38,540.82,288500,540.82
"2012-11-06",542.46,549.98,541.16,543.9,193800,543.9
"2012-11-07",537.06,540.99,531,537.7,346100,537.7
"2012-11-08",536.14,538.24,530.74,531.5,263200,531.5
"2012-11-09",528.87,535.84,526.99,529.6,333600,529.6
"2012-11-12",529.92,537.5,529,533.64,260600,533.64
"2012-11-13",532.6,539.75,530,536.17,235100,536.17
"2012-11-14",536.68,538.96,524.74,526.46,276000,526.46
"2012-11-15",526.5,529,520.3,524.29,275300,524.29
"2012-11-16",523.87,536.78,523.52,533.92,374500,533.92
"2012-11-19",540,549.98,538.16,542.49,278400,542.49
"2012-11-20",541.32,543.99,533.88,536.48,214100,536.48
"2012-11-21",535.71,539.25,532.2,534.46,119500,534.46
"2012-11-23",538.63,538.63,534.75,537.5,44900,537.5
"2012-11-26",535.25,540,531.33,534.25,223100,534.25
"2012-11-27",532.21,534.63,524.47,525,284100,525
"2012-11-28",524,531.29,522,530.49,332600,530.49
"2012-11-29",532.4,539.1,531.23,534.95,170200,534.95
"2012-11-30",533.39,534.09,527,529,217900,529
"2012-12-03",528.75,532.89,524.08,525.41,208300,525.41
"2012-12-04",524.96,528.76,520.59,527.17,234000,527.17
"2012-12-05",527.76,527.76,515.59,516.77,299700,516.77
"2012-12-06",515.25,520.81,510,519.78,246700,519.78
"2012-12-07",520.53,521.34,513.25,518.29,190100,518.29
"2012-12-10",517.15,526.9,517.15,526.85,250000,526.85
"2012-12-11",526.97,540.78,526.57,536.3,427600,536.3
"2012-12-12",537.16,545.13,536.74,539.57,244800,539.57
"2012-12-13",535.75,540,533,537.95,213300,537.95
"2012-12-14",536.29,538.4,531.94,533.11,214600,533.11
"2012-12-17",535.39,552.98,535.09,551,685200,551
"2012-12-18",553,553.96,545,546.52,428600,546.52
"2012-12-19",547.33,547.44,508.08,515.45,2419000,515.45
"2012-12-20",508.82,511.2,487.89,488.31,1703100,488.31
"2012-12-21",481.86,505,476.25,496.79,1337500,496.79
"2012-12-24",495.22,495.86,487.78,489.73,240000,489.73
"2012-12-26",491.74,493.1,479.58,480.14,359500,480.14
"2012-12-27",481,488.66,480.81,487.17,323100,487.17
"2012-12-28",484.71,486.24,479.5,479.5,213000,479.5
"2012-12-31",480.85,490.69,479.6,490.37,292900,490.37
"2013-01-02",506.5,507.89,490.02,497.52,418500,497.52
"2013-01-03",495.88,506.47,495.04,503.67,318800,503.67
"2013-01-04",505.7,505.7,498.81,500.28,235500,500.28
"2013-01-07",498.28,504.4,497.58,502,195600,502
"2013-01-08",500.52,507.02,500.52,504.43,239400,504.43
"2013-01-09",506.64,510.37,504.33,506.73,144300,506.73
"2013-01-10",510.8,510.8,505,508.87,134500,508.87
"2013-01-11",506.74,507.76,502.6,506,295400,506
"2013-01-14",512.4,513,505.28,512.72,308000,512.72
"2013-01-15",504.84,509.56,500,503.59,642200,503.59
"2013-01-16",502,504.06,497.35,498.5,400700,498.5
"2013-01-17",501.6,517.46,485.8,514.2,1537700,514.2
"2013-01-18",511.99,515.77,507.07,508.33,593000,508.33
"2013-01-22",505.15,521.19,505.02,518.49,1001900,518.49
"2013-01-23",565.61,577.27,561,567.06,1756900,567.06
"2013-01-24",568.19,583.45,568.01,581,749200,581
"2013-01-25",576.57,580.8,572.27,577.82,498100,577.82
"2013-01-28",575,580.71,572.57,577.93,332800,577.93
"2013-01-29",577.93,577.93,570.75,574.43,203800,574.43
"2013-01-30",573.11,576.05,570,573,233500,573
"2013-01-31",572.5,575.72,571.31,574.38,259500,574.38
"2013-02-01",577.15,585.67,576,583.67,407200,583.67
"2013-02-04",578.38,580.9,572.12,573.61,308100,573.61
"2013-02-05",575.5,577.83,570.64,573.61,237500,573.61
"2013-02-06",572.2,577.4,568.26,571.88,191400,571.88
"2013-02-07",570.19,574.92,563.44,570.33,181500,570.33
"2013-02-08",572.02,579.65,570.55,578.75,169900,578.75
"2013-02-11",576.36,577.94,568.4,571.52,257000,571.52
"2013-02-12",573.41,573.71,568.53,571.39,141100,571.39
"2013-02-13",570.65,577.25,570.37,573.7,112600,573.7
"2013-02-14",569.22,573.59,567.07,571.26,194200,571.26
"2013-02-15",570.01,571.88,567.93,569.21,244700,569.21
"2013-02-19",567.15,583,566.53,582.27,295600,582.27
"2013-02-20",576.01,577.69,552.5,556.83,733400,556.83
"2013-02-21",551.34,563.69,546.76,561.25,542500,561.25
"2013-02-22",573.9,579.43,570,574.05,294000,574.05
"2013-02-25",576.48,578.96,566.34,566.34,219900,566.34
"2013-02-26",567.21,573.18,563.65,568.76,202100,568.76
"2013-02-27",567.78,578.78,567.78,573.52,168700,573.52
"2013-02-28",573.44,576.86,492.35,509.89,915900,509.89
"2013-03-01",553,558,546.56,553.4,1139000,553.4
"2013-03-04",551.02,552.86,530.25,541.32,630100,541.32
"2013-03-05",533.27,535.51,514,525.72,1083300,525.72
"2013-03-06",526.5,535.41,517.09,519.78,576800,519.78
"2013-03-07",519.82,522.97,505.66,513.18,746300,513.18
"2013-03-08",514.22,518.94,507.36,514.63,367300,514.63
"2013-03-11",511.78,523.75,511.78,516.76,251300,516.76
"2013-03-12",516.31,518.34,507.14,512.92,357600,512.92
"2013-03-13",512.24,514.4,507,509.33,300400,509.33
"2013-03-14",514.23,517.44,483.38,489.89,1568300,489.89
"2013-03-15",485.96,488.77,455.18,459.44,2541500,459.44
"2013-03-18",465.2,486.99,465.2,485.52,1178300,485.52
"2013-03-19",484.97,486.06,471.27,482.68,707500,482.68
"2013-03-20",483.86,496.88,483,495.87,782800,495.87
"2013-03-21",510,512,486.34,486.79,738100,486.79
"2013-03-22",488.59,492.93,482.05,489.39,559600,489.39
"2013-03-25",490.01,493.62,484.11,488.4,403400,488.4
"2013-03-26",487.9,497.58,482.19,497.25,710700,497.25
"2013-03-27",495.29,499.63,489.17,490.53,410600,490.53
"2013-03-28",489.99,494.94,488.34,491.19,296300,491.19
"2013-04-01",492.87,494,483.41,484.58,328100,484.58
"2013-04-02",485.83,495.73,485.83,490.8,362400,490.8
"2013-04-03",494,503.6,490.94,498.49,454400,498.49
"2013-04-04",499,504,490.01,496.64,436800,496.64
"2013-04-05",489.81,492.99,486.04,489.97,274900,489.97
"2013-04-08",492.19,501.6,491.61,494,332400,494
"2013-04-09",496.5,499.28,490.79,496.53,284000,496.53
"2013-04-10",497.03,502.5,494.91,498.83,305800,498.83
"2013-04-11",500,513.91,500,512.57,345800,512.57
"2013-04-12",512.03,514.99,506.12,512.05,373200,512.05
"2013-04-15",511.15,515.73,508,509.99,392600,509.99
"2013-04-16",511.85,515,505.43,510.38,324500,510.38
"2013-04-17",505.64,512.64,501.56,507.64,395500,507.64
"2013-04-18",507,510.32,488.57,493.37,716100,493.37
"2013-04-19",469,485.22,465.72,484.75,1528100,484.75
"2013-04-22",484.52,489.26,470,474.87,655900,474.87
"2013-04-23",474.98,481.99,467.69,471.07,502900,471.07
"2013-04-24",469.25,479.58,469.25,476.88,269400,476.88
"2013-04-25",478.6,488.24,476.23,483.8,315700,483.8
"2013-04-26",482.53,488.24,479.02,486.76,347200,486.76
"2013-04-29",488.2,491.25,480.45,489.16,319500,489.16
"2013-04-30",488.38,493.46,487.6,492.29,210900,492.29
"2013-05-01",491.59,496.88,489.03,490.16,161800,490.16
"2013-05-02",489.86,494.79,489.01,491.86,178100,491.86
"2013-05-03",497.44,504.55,495.35,503.82,319300,503.82
"2013-05-06",503,504.5,501.12,501.58,195700,501.58
"2013-05-07",501.55,502.8,489.43,490.07,281200,490.07
"2013-05-08",489.3,490.77,480.65,489.31,375200,489.31
"2013-05-09",490.22,511.79,490,505.8,395900,505.8
"2013-05-10",493,500.65,488.91,499.57,849300,499.57
"2013-05-13",497.24,500.72,485,485.69,442600,485.69
"2013-05-14",485.8,491.09,485.5,487.73,220500,487.73
"2013-05-15",489.09,489.33,483.6,484.4,172900,484.4
"2013-05-16",482.1,485.23,474.18,476.22,289000,476.22
"2013-05-17",479.58,484.83,479,484,390900,484
"2013-05-20",482.37,487.29,478.4,479.42,201200,479.42
"2013-05-21",478.7,489.25,478.7,485.88,206900,485.88
"2013-05-22",486.14,489.45,468.6,470.3,427600,470.3
"2013-05-23",466.31,481.96,465.11,478.46,493400,478.46
"2013-05-24",492,508,490.71,501.53,915000,501.53
"2013-05-28",505.22,507.99,499.04,501.64,277800,501.64
"2013-05-29",498,502.79,493.57,498.5,171700,498.5
"2013-05-30",499.01,507.39,496.01,504.68,270100,504.68
"2013-05-31",503.15,503.76,497.53,497.53,270500,497.53
"2013-06-03",499.36,500.57,495.01,500.23,224500,500.23
"2013-06-04",499.19,500.9,496.26,498.59,202000,498.59
"2013-06-05",498.54,505.34,497.85,500.54,249600,500.54
"2013-06-06",501.87,507.89,499.36,507.41,205800,507.41
"2013-06-07",508.43,513.49,507.41,513.49,278200,513.49
"2013-06-10",510.84,514.25,509.4,510.21,134200,510.21
"2013-06-11",506.53,507.45,499.14,499.57,173700,499.57
"2013-06-12",501.18,503.53,494.07,495.44,148500,495.44
"2013-06-13",492.7,505.34,491.89,504.5,196400,504.5
"2013-06-14",504.5,505.72,497.97,498.31,210900,498.31
"2013-06-17",503.23,504.94,498.04,499.32,265200,499.32
"2013-06-18",503,510.88,500.43,509.61,541800,509.61
"2013-06-19",510.5,516.07,508.51,510,281000,510
"2013-06-20",506.82,509.18,496.45,497.51,309400,497.51
"2013-06-21",500.25,505.09,498,502.88,325200,502.88
"2013-06-24",498.5,508.65,495.34,504.17,267000,504.17
"2013-06-25",506.83,508.4,498.66,501.7,163200,501.7
"2013-06-26",497.95,510.54,497.5,503.9,241400,503.9
"2013-06-27",506.42,507.61,500.99,502.19,156700,502.19
"2013-06-28",500,508.94,498.65,506.13,288800,506.13
"2013-07-01",509.2,509.2,500.67,501.55,275400,501.55
"2013-07-02",499.79,507.23,499.01,501.19,277100,501.19
"2013-07-03",500.3,503.78,499.31,499.72,116700,499.72
"2013-07-05",504.45,506.62,500.92,504.01,158000,504.01
"2013-07-08",503.9,505.66,498.39,500.08,398900,500.08
"2013-07-09",428,429.88,406.69,419.3,5576300,419.3
"2013-07-10",417.54,428.39,416.99,422.68,1191100,422.68
"2013-07-11",424.25,430.5,422.12,430,600800,430
"2013-07-12",429.62,432.5,423.15,429.04,660500,429.04
"2013-07-15",427.56,428.4,417.8,426.78,899900,426.78
"2013-07-16",426.5,427.81,418.36,422.13,429200,422.13
"2013-07-17",423,425,413.07,415.54,769800,415.54
"2013-07-18",415.58,425.4,415,421.47,766300,421.47
"2013-07-19",366,393.17,357.02,392.67,4673500,392.67
"2013-07-22",393.33,399.87,392.18,395.91,830800,395.91
"2013-07-23",396.21,398.97,391.4,394.62,670400,394.62
"2013-07-24",393.6,395.75,382.12,383.96,703900,383.96
"2013-07-25",380.75,383.95,370.59,375.33,940100,375.33
"2013-07-26",374,383.89,369.31,382.29,495100,382.29
"2013-07-29",397.3,401,386.19,391,1409500,391
"2013-07-30",391.46,393.76,384,385.82,924400,385.82
"2013-07-31",386.83,392.39,384.08,388,866800,388
"2013-08-01",389.09,395.79,388.5,392.46,641900,392.46
"2013-08-02",390.39,394.16,389,393.65,490100,393.65
"2013-08-05",391.81,394,389.19,393.63,252000,393.63
"2013-08-06",393.49,394.76,392.27,392.93,333700,392.93
"2013-08-07",393.41,393.72,386.2,389.94,368600,389.94
"2013-08-08",390.75,394.96,389.55,394.62,249100,394.62
"2013-08-09",394.78,395.73,388,391.87,263300,391.87
"2013-08-12",391.7,393.96,387.77,388.58,240600,388.58
"2013-08-13",389.5,390.5,378.59,385.6,439300,385.6
"2013-08-14",386.41,387.94,383.43,385.94,206600,385.94
"2013-08-15",383.62,385.04,380.93,383.73,253300,383.73
"2013-08-16",383.03,384.38,377.31,378.33,423100,378.33
"2013-08-19",379.33,386.98,375.54,384.95,650600,384.95
"2013-08-20",385.82,391.76,384.48,385.45,324500,385.45
"2013-08-21",385.11,388.7,383.5,386.9,197600,386.9
"2013-08-22",386.49,390.8,384.05,390.14,126400,390.14
"2013-08-23",391.95,391.95,388.09,390.09,205000,390.09
"2013-08-26",391.05,394,389.27,391.69,225800,391.69
"2013-08-27",390.04,390.04,384.71,386.22,310200,386.22
"2013-08-28",387.14,390.68,385.42,387.44,461700,387.44
"2013-08-29",385.62,389.68,383.34,384.6,246600,384.6
"2013-08-30",384.01,390.11,381.93,386.52,285400,386.52
"2013-09-03",388.19,390.49,384.53,385.17,301000,385.17
"2013-09-04",383.34,388.48,383.34,387.32,538200,387.32
"2013-09-05",388.17,388.76,383.72,384.44,275800,384.44
"2013-09-06",384.89,386.6,381,384.69,318300,384.69
"2013-09-09",384.33,387.62,383.81,384.9,395400,384.9
"2013-09-10",385,387.14,376.88,376.97,717600,376.97
"2013-09-11",377.76,378.49,374.34,376.5,562000,376.5
"2013-09-12",375.51,378.67,370.36,372.68,1020400,372.68
"2013-09-13",373.47,376.78,370.68,375,715400,375
"2013-09-16",377.01,379.7,374.73,375.07,253900,375.07
"2013-09-17",374,374.79,373.01,373.96,839400,373.96
"2013-09-18",374.82,375,370.31,372.5,416000,372.5
"2013-09-19",372.63,375.5,369.11,369.98,472100,369.98
"2013-09-20",371.43,375.74,368.46,374.69,1069300,374.69
"2013-09-23",373.31,375.37,370.03,370.83,280100,370.83
"2013-09-24",370.63,370.82,363.45,363.89,475800,363.89
"2013-09-25",378.17,379.99,365.54,367.31,669100,367.31
"2013-09-26",367.67,371.32,365,368.39,408700,368.39
"2013-09-27",366.34,371.4,365.97,367.46,406000,367.46
"2013-09-30",366.35,377.99,364.29,376.27,587100,376.27
"2013-10-01",375.45,377.02,370.57,372.4,425400,372.4
"2013-10-02",371.59,375.45,368.61,369.6,303600,369.6
"2013-10-03",370.32,370.45,358.02,360.94,829100,360.94
"2013-10-04",360.92,365.87,360.28,364.28,368100,364.28
"2013-10-07",362.76,382.31,362.29,380.99,769500,380.99
"2013-10-08",381.29,401.3,380.96,381.23,1284300,381.23
"2013-10-09",383.45,391.63,382.9,389.16,751200,389.16
"2013-10-10",392.38,392.43,384.41,387.21,399000,387.21
"2013-10-11",385.21,392.19,383.77,390.18,192500,390.18
"2013-10-14",388.14,405.45,385.21,401.68,485200,401.68
"2013-10-15",401.16,403.77,389.68,390.21,418700,390.21
"2013-10-16",393.05,403.46,392.86,401.33,420200,401.33
"2013-10-17",401,408.89,395.24,399.13,1032900,399.13
"2013-10-18",370.22,385.5,369.99,376.52,2123400,376.52
"2013-10-21",376.57,376.57,366,372.02,877200,372.02
"2013-10-22",371.41,373.88,367.46,368.3,560700,368.3
"2013-10-23",366.79,376.88,365.57,374.98,495900,374.98
"2013-10-24",377.26,378.77,366,370.29,324800,370.29
"2013-10-25",369.89,371.21,365.08,369.13,389200,369.13
"2013-10-28",370,377.63,367.71,375.6,535300,375.6
"2013-10-29",374.88,381.21,372.61,377.67,664800,377.67
"2013-10-30",379,379,373.6,374.71,350700,374.71
"2013-10-31",375,378.38,370.24,371.5,495300,371.5
"2013-11-01",373.85,374.11,368.75,372.03,432100,372.03
"2013-11-04",372.84,384.68,372.25,382.23,546500,382.23
"2013-11-05",380.42,381.89,374.73,374.88,408000,374.88
"2013-11-06",376.01,378.27,374.14,377.17,194300,377.17
"2013-11-07",379.85,380.16,375.83,379.58,310000,379.58
"2013-11-08",378.64,390.66,377.1,389.83,398400,389.83
"2013-11-11",390.83,398,387.61,395.38,545800,395.38
"2013-11-12",392.07,398.55,391.5,396.04,455500,396.04
"2013-11-13",396,397.73,391.71,396.25,247100,396.25
"2013-11-14",397.03,398,395.14,397.27,141600,397.27
"2013-11-15",393.5,396.81,387.67,394.44,351500,394.44
"2013-11-18",394.49,398.79,389.88,392.97,296000,392.97
"2013-11-19",393.35,398.35,391.25,394.58,142900,394.58
"2013-11-20",395.66,397.97,393.07,394.51,139300,394.51
"2013-11-21",394.27,395.11,388.22,390.52,214000,390.52
"2013-11-22",389.1,391.83,387.02,389.71,141800,389.71
"2013-11-25",388.93,390.34,383.11,384.5,197100,384.5
"2013-11-26",381.54,383.78,373.34,374.51,474400,374.51
"2013-11-27",376.45,378.6,374.1,378.01,217400,378.01
"2013-11-29",378.42,378.99,374.28,376.9,138600,376.9
"2013-12-02",378.22,378.5,374.38,375.48,195300,375.48
"2013-12-03",373.98,375.51,372.12,372.81,273300,372.81
"2013-12-04",367.49,372.48,362.22,370.68,776100,370.68
"2013-12-05",370.88,371.95,365.35,367.84,269800,367.84
"2013-12-06",380.74,381.6,373.69,377.38,511200,377.38
"2013-12-09",376.39,377.59,372.5,376.59,360300,376.59
"2013-12-10",376.59,381.52,375.1,379.52,319400,379.52
"2013-12-11",378.62,378.62,364.72,366.62,567900,366.62
"2013-12-12",365.44,370.86,365.03,368.3,483200,368.3
"2013-12-13",366.77,371.03,362.54,362.94,423600,362.94
"2013-12-16",363.97,369.65,362,362.28,511300,362.28
"2013-12-17",360.86,364,351.14,355.93,750700,355.93
"2013-12-18",356.52,362.81,354.5,361.24,552600,361.24
"2013-12-19",359.41,361.54,355.25,359.1,409900,359.1
"2013-12-20",359.17,364.97,357,364.35,1054700,364.35
"2013-12-23",365.01,373.09,363.62,371.21,478100,371.21
"2013-12-24",371.22,374.5,369.14,370.96,185600,370.96
"2013-12-26",372.35,375.75,370,374.78,397200,374.78
"2013-12-27",374.26,383.54,373.47,379.99,420600,379.99
"2013-12-30",379.94,383.55,377.93,383.07,326500,383.07
"2013-12-31",382.2,384.39,378.09,384.08,353600,384.08
"2014-01-02",383.64,383.64,378.27,380.01,460900,380.01
"2014-01-03",380.35,382.67,372.74,373.46,345000,373.46
"2014-01-06",372.96,377.26,370.03,370.94,394600,370.94
"2014-01-07",371.39,376.89,370.75,373.76,388100,373.76
"2014-01-08",374.41,380.63,374.07,380.46,498400,380.46
"2014-01-09",380.87,389.85,379.71,386.78,558800,386.78
"2014-01-10",386.47,424.58,385.27,420.15,1496200,420.15
"2014-01-13",412.07,414.75,392.02,393.07,1090800,393.07
"2014-01-14",440.53,443.99,415.94,419.88,1979000,419.88
"2014-01-15",420.56,421.08,402.18,412.8,972800,412.8
"2014-01-16",414.48,418.31,408.49,414.39,284000,414.39
"2014-01-17",415.78,431.24,413.99,430.14,937000,430.14
"2014-01-21",444.94,447.5,433,439.38,783400,439.38
"2014-01-22",438.16,439.5,433,439.12,393600,439.12
"2014-01-23",439,443.39,434.55,439,794000,439
"2014-01-24",412.35,426.52,406.25,410.76,1495400,410.76
"2014-01-27",411.2,416.4,408.24,408.63,542200,408.63
"2014-01-28",406.87,414.87,406.43,409.54,404800,409.54
"2014-01-29",405.02,419.56,405.02,415.2,612200,415.2
"2014-01-30",416.49,422.03,415.39,416.35,422600,416.35
"2014-01-31",409.92,413.42,406.04,407.58,548700,407.58
"2014-02-03",405.37,408.99,396.66,401.17,666100,401.17
"2014-02-04",403.31,413.96,402.47,409.1,481200,409.1
"2014-02-05",408.7,417.58,406.74,415.1,399300,415.1
"2014-02-06",413.53,420,413.53,414.79,463000,414.79
"2014-02-07",414,418,408.99,417.68,403300,417.68
"2014-02-10",416.07,432.84,415.07,429.66,443200,429.66
"2014-02-11",424.12,431.47,421.23,426.45,384900,426.45
"2014-02-12",428.73,438.68,427.2,438.37,393800,438.37
"2014-02-13",437.83,442.93,433.49,442.54,445100,442.54
"2014-02-14",432.08,441.96,431.26,438.83,574600,438.83
"2014-02-18",440.31,444.99,434.25,444.09,317100,444.09
"2014-02-19",440.18,447.75,438.85,439.96,246400,439.96
"2014-02-20",440.98,442.03,433.32,438.04,252800,438.04
"2014-02-21",439.15,441.5,434.75,435.19,274900,435.19
"2014-02-24",435.19,441.69,434.18,438.54,363800,438.54
"2014-02-25",437.14,438.99,433,434.87,291900,434.87
"2014-02-26",438.42,442.25,434.77,438.35,274900,438.35
"2014-02-27",438.17,445.71,436,444.15,344400,444.15
"2014-02-28",444.2,454.97,439.81,444.83,615900,444.83
"2014-03-03",442.3,462.47,440.05,453.84,687300,453.84
"2014-03-04",455.9,455.9,443.48,449.51,742500,449.51
"2014-03-05",448.54,452,443.54,446.92,260100,446.92
"2014-03-06",447,449.75,442.12,444.35,259100,444.35
"2014-03-07",446.6,450.47,441.78,443.98,227200,443.98
"2014-03-10",443.07,444.49,436.04,438.59,366300,438.59
"2014-03-11",439.65,442.05,433.91,435.19,278800,435.19
"2014-03-12",432.83,441.91,429.07,433.14,358100,433.14
"2014-03-13",434,438.99,428.57,429.67,265700,429.67
"2014-03-14",426.81,431.74,422.19,423.07,305000,423.07
"2014-03-17",424.02,430.32,423.07,426.61,250200,426.61
