"","KEY.Open","KEY.High","KEY.Low","KEY.Close","KEY.Volume","KEY.Adjusted"
"2007-01-03",37.79,38.29,37.79,38.03,1951900,31.77
"2007-01-04",37.96,38.02,37.72,37.75,1610500,31.53
"2007-01-05",37.76,37.76,37.2,37.32,1561100,31.18
"2007-01-08",37.31,37.67,37.13,37.62,1587500,31.43
"2007-01-09",37.82,37.96,37.48,37.81,1874100,31.58
"2007-01-10",37.6,37.8,37.53,37.6,1261100,31.41
"2007-01-11",37.73,37.78,37.45,37.64,1030200,31.44
"2007-01-12",37.64,37.75,37.52,37.59,900300,31.4
"2007-01-16",37.55,37.63,37.35,37.53,1061600,31.35
"2007-01-17",37.59,37.64,37.38,37.49,1113600,31.32
"2007-01-18",37.03,37.86,37,37.46,1820900,31.29
"2007-01-19",37.75,38.18,37.44,37.88,1999800,31.64
"2007-01-22",37.77,37.98,37.41,37.6,1299400,31.41
"2007-01-23",37.57,37.85,37.39,37.78,1885700,31.56
"2007-01-24",37.8,38.02,37.71,37.97,1507100,31.72
"2007-01-25",37.97,38.05,37.78,37.85,1795800,31.62
"2007-01-26",37.82,38.1,37.7,38,1101600,31.74
"2007-01-29",38.01,38.1,37.75,37.75,1662600,31.53
"2007-01-30",37.76,38.04,37.62,38.04,1604200,31.78
"2007-01-31",37.9,38.3,37.8,38.17,1141200,31.89
"2007-02-01",38.17,38.42,38.1,38.38,1627700,32.06
"2007-02-02",38.4,38.88,38.4,38.77,1949900,32.39
"2007-02-05",38.76,38.97,38.54,38.77,1497100,32.39
"2007-02-06",38.79,39.26,38.74,39.1,1427000,32.66
"2007-02-07",39.01,39.5,38.97,39.38,1405800,32.9
"2007-02-08",39.23,39.37,38.96,39.31,2294300,32.84
"2007-02-09",39.17,39.39,38.83,39.05,1314300,32.62
"2007-02-12",39.16,39.25,38.87,38.89,1817200,32.49
"2007-02-13",38.89,39.1,38.55,38.97,2162500,32.55
"2007-02-14",39,39.49,38.93,39.37,1500200,32.89
"2007-02-15",39.31,39.62,39.19,39.29,1591200,32.82
"2007-02-16",39.21,39.6,39.2,39.5,1725100,33
"2007-02-20",39.38,39.85,39.3,39.75,1472700,33.21
"2007-02-21",39.57,39.83,39.56,39.78,1398500,33.23
"2007-02-22",39.75,39.9,39.55,39.79,1646900,33.24
"2007-02-23",39.77,39.78,38.85,39.08,1918700,32.95
"2007-02-26",39.1,39.15,38.83,38.87,1657000,32.77
"2007-02-27",38.87,38.88,37.42,37.82,2483800,31.89
"2007-02-28",37.83,38.04,37.43,37.72,2783900,31.8
"2007-03-01",37.24,37.9,36.77,37.67,2460400,31.76
"2007-03-02",37.66,37.9,37.42,37.6,1719400,31.7
"2007-03-05",37.54,37.65,36.97,36.97,2286500,31.17
"2007-03-06",37.16,37.54,36.97,37.45,2522100,31.57
"2007-03-07",37.31,37.44,37.07,37.07,1606600,31.25
"2007-03-08",37.26,37.64,37.07,37.63,1857700,31.73
"2007-03-09",37.75,38,37.66,37.94,2250200,31.99
"2007-03-12",37.94,37.94,37.51,37.67,1174500,31.76
"2007-03-13",37.47,37.47,36.66,36.67,2397500,30.92
"2007-03-14",36.69,36.86,35.94,36.67,3112500,30.92
"2007-03-15",36.66,37.24,36.65,36.86,1932200,31.08
"2007-03-16",36.97,37.2,36.78,36.89,2074400,31.1
"2007-03-19",37.09,37.51,36.96,37.46,1482800,31.58
"2007-03-20",37.52,38.09,37.4,38.03,2320800,32.06
"2007-03-21",37.93,38.97,37.7,38.82,2069400,32.73
"2007-03-22",38.78,38.84,38.37,38.44,1365800,32.41
"2007-03-23",38.45,38.65,38.33,38.55,1205600,32.5
"2007-03-26",38.45,38.5,37.94,38.38,1353500,32.36
"2007-03-27",38.2,38.35,38.05,38.15,1420900,32.16
"2007-03-28",38.15,38.15,37.41,37.42,2044700,31.55
"2007-03-29",37.67,37.87,37.6,37.72,1938900,31.8
"2007-03-30",37.72,37.8,37.22,37.47,1545900,31.59
"2007-04-02",37.46,37.46,37.05,37.18,1757500,31.35
"2007-04-03",37.28,37.78,37.27,37.77,1809600,31.84
"2007-04-04",37.7,37.85,37.47,37.54,976100,31.65
"2007-04-05",37.51,37.65,37.32,37.61,907100,31.71
"2007-04-09",37.62,37.62,37.07,37.54,1640300,31.65
"2007-04-10",37.47,37.85,37.44,37.73,1692200,31.81
"2007-04-11",37.73,37.8,37.26,37.45,2347700,31.57
"2007-04-12",37.45,37.45,37.03,37.35,2112300,31.49
"2007-04-13",37.31,37.6,37.18,37.55,2011200,31.66
"2007-04-16",37.9,38.96,37.8,38.58,3869100,32.53
"2007-04-17",37.66,37.66,36.05,36.36,7516600,30.65
"2007-04-18",36.38,36.83,36.34,36.54,3225400,30.81
"2007-04-19",36.35,36.49,36.14,36.24,2784400,30.55
"2007-04-20",36.53,36.89,36.3,36.74,3424800,30.98
"2007-04-23",36.78,36.97,36.59,36.74,2024700,30.98
"2007-04-24",36.73,36.76,36.19,36.37,3216100,30.66
"2007-04-25",36.37,36.53,36.21,36.46,3352200,30.74
"2007-04-26",36.23,36.45,35.89,36.08,5715500,30.42
"2007-04-27",35.7,36.33,35.51,36.1,3204700,30.44
"2007-04-30",36.05,36.13,35.57,35.68,3624800,30.08
"2007-05-01",35.52,35.8,35.24,35.71,2804600,30.11
"2007-05-02",35.62,36.11,35.6,36.09,2486400,30.43
"2007-05-03",36.23,36.45,35.83,36.25,2608400,30.56
"2007-05-04",36.42,36.48,36.26,36.34,1895300,30.64
"2007-05-07",36.34,36.59,36.26,36.55,1560000,30.82
"2007-05-08",36.41,36.64,36.37,36.54,1403300,30.81
"2007-05-09",36.43,36.97,36.33,36.83,2310000,31.05
"2007-05-10",36.83,36.93,36.48,36.48,2694400,30.76
"2007-05-11",36.66,36.79,36.32,36.64,2359800,30.89
"2007-05-14",36.55,36.64,36.16,36.24,2050600,30.55
"2007-05-15",36.38,36.55,36.04,36.12,2701000,30.45
"2007-05-16",36.17,36.56,36.17,36.53,1489200,30.8
"2007-05-17",36.7,37,36.68,36.71,1931900,30.95
"2007-05-18",36.9,36.94,36.76,36.83,1816600,31.05
"2007-05-21",36.65,36.8,36.5,36.59,2284600,30.85
"2007-05-22",36.55,36.56,36.12,36.47,2628700,30.75
"2007-05-23",36.49,36.55,36.31,36.31,2239200,30.61
"2007-05-24",35.91,36.06,35.61,35.65,2357500,30.36
"2007-05-25",35.67,35.81,35.45,35.72,1602300,30.42
"2007-05-29",35.77,35.82,35.61,35.71,2096900,30.41
"2007-05-30",35.58,35.83,35.44,35.73,1878100,30.43
"2007-05-31",35.81,35.87,35.51,35.61,2319700,30.33
"2007-06-01",35.61,36.5,35.61,36.23,3244400,30.86
"2007-06-04",36.2,36.2,35.97,36.09,2339500,30.74
"2007-06-05",36.1,36.24,35.78,35.87,2460500,30.55
"2007-06-06",35.87,35.87,35.48,35.51,2794700,30.24
"2007-06-07",35.51,35.51,35.11,35.11,3019900,29.9
"2007-06-08",35.12,35.46,35.02,35.44,2118700,30.18
"2007-06-11",35.44,35.62,35.24,35.56,2190300,30.28
"2007-06-12",35.56,35.68,35.11,35.16,2605400,29.94
"2007-06-13",35.27,35.79,35.19,35.75,2061500,30.45
"2007-06-14",35.71,35.97,35.56,35.79,1743600,30.48
"2007-06-15",35.91,36.3,35.91,36.06,2335600,30.71
"2007-06-18",36.06,36.27,36.04,36.17,1226400,30.8
"2007-06-19",36.07,36.36,35.97,36.21,1666800,30.84
"2007-06-20",36.35,36.35,35.58,35.63,2264300,30.34
"2007-06-21",35.57,35.68,35.21,35.56,1526100,30.28
"2007-06-22",35.55,35.55,34.93,34.99,2501900,29.8
"2007-06-25",35.05,35.42,34.7,34.83,1669800,29.66
"2007-06-26",35.01,35.17,34.75,34.91,1887800,29.73
"2007-06-27",34.74,35.08,34.52,35.05,1907900,29.85
"2007-06-28",34.91,35.15,34.59,34.94,2429100,29.76
"2007-06-29",34.95,34.99,34.15,34.33,3044100,29.24
"2007-07-02",34.54,35.09,34.53,35.09,2843000,29.88
"2007-07-03",35.09,35.38,34.96,35.14,743600,29.93
"2007-07-05",35.26,35.26,34.81,34.99,1727400,29.8
"2007-07-06",35.05,35.07,34.72,34.93,1472700,29.75
"2007-07-09",34.78,34.85,34.5,34.57,2945100,29.44
"2007-07-10",34.42,34.45,33.87,33.88,2834100,28.85
"2007-07-11",33.88,34.15,33.7,34.11,2713200,29.05
"2007-07-12",34.31,35.11,34.11,35.07,2294100,29.87
"2007-07-13",34.99,35.6,34.87,35.29,2736900,30.05
"2007-07-16",35.11,35.45,35.03,35.1,2152500,29.89
"2007-07-17",36.4,37.07,35.72,36.71,6370500,31.26
"2007-07-18",36.5,37.09,36.12,36.6,5409000,31.17
"2007-07-19",36.85,37.06,36.57,36.78,4808100,31.32
"2007-07-20",36.73,36.87,35.97,36.2,4037500,30.83
"2007-07-23",36.46,36.64,36.18,36.22,3096700,30.85
"2007-07-24",36.18,36.75,35.43,35.65,7276000,30.36
"2007-07-25",35.93,36.48,35.53,36.15,4592800,30.79
"2007-07-26",35.27,35.8,34.71,35.21,5465500,29.99
"2007-07-27",35.17,35.47,34.72,34.99,6775700,29.8
"2007-07-30",35.04,35.62,34.61,35.41,3754100,30.16
"2007-07-31",35.81,35.99,34.63,34.69,3758000,29.54
"2007-08-01",34.5,34.99,34.1,34.89,4466400,29.71
"2007-08-02",34.89,35.47,34.61,35.01,3446900,29.82
"2007-08-03",35.57,35.57,33.29,33.34,4582900,28.39
"2007-08-06",33.5,35.69,33.25,35.67,5552600,30.38
"2007-08-07",35.66,36.81,35.19,36.32,5607000,30.93
"2007-08-08",36.36,37.01,33.77,35.65,6308200,30.36
"2007-08-09",33.8,35.08,32.79,33.44,7151200,28.48
"2007-08-10",33.35,34.09,32.84,33.29,5699400,28.35
"2007-08-13",33.66,33.89,32.98,33.1,4629400,28.19
"2007-08-14",33.16,33.34,32.12,32.12,4017500,27.36
"2007-08-15",32.19,32.94,31.57,31.7,4158300,27
"2007-08-16",31.45,34.32,31.38,33.88,5432600,28.85
"2007-08-17",34.48,35.91,33.99,34.43,5389800,29.32
"2007-08-20",34.46,34.79,33.2,33.71,2810100,28.71
"2007-08-21",33.46,34.78,33.44,34.49,2143400,29.37
"2007-08-22",34.77,34.89,33.84,34.32,2641200,29.23
"2007-08-23",34.47,34.58,33.95,34.53,2395500,29.41
"2007-08-24",34.1,34.44,33.7,34.39,1698800,29.6
"2007-08-27",34.25,34.38,33.98,33.98,1465200,29.25
"2007-08-28",33.62,33.72,32.84,32.92,2044800,28.34
"2007-08-29",33.15,33.68,32.52,33.65,1986100,28.96
"2007-08-30",33.36,33.62,32.93,33.22,1789000,28.59
"2007-08-31",33.58,33.79,32.96,33.3,2134000,28.66
"2007-09-04",33.07,33.58,33.02,33.37,1830500,28.72
"2007-09-05",33.01,33.13,32.53,32.83,1746600,28.26
"2007-09-06",32.88,33,32.42,32.8,1919300,28.23
"2007-09-07",32.78,32.78,32.21,32.31,2018500,27.81
"2007-09-10",32.5,32.74,31.88,32.36,2253000,27.85
"2007-09-11",32.61,33.35,32.4,32.67,2403900,28.12
"2007-09-12",32.61,32.78,32.31,32.57,1844000,28.03
"2007-09-13",32.85,32.91,32.6,32.76,1857900,28.2
"2007-09-14",32.66,33.11,32.37,32.85,1905700,28.28
"2007-09-17",32.8,33.14,32.46,32.94,2349000,28.35
"2007-09-18",33.04,34.94,32.71,34.89,4519700,30.03
"2007-09-19",35,35.59,34.68,35.04,2819500,30.16
"2007-09-20",35.11,35.11,34.05,34.18,2172600,29.42
"2007-09-21",34.29,34.3,33.48,33.7,3167800,29.01
"2007-09-24",33.56,33.57,32.83,32.88,2464800,28.3
"2007-09-25",32.46,32.99,32.46,32.7,1819400,28.15
"2007-09-26",32.84,33,32.51,32.61,1825500,28.07
"2007-09-27",32.72,32.84,32.32,32.74,1900700,28.18
"2007-09-28",32.61,32.7,32.17,32.33,2555400,27.83
"2007-10-01",33.06,33.06,32.18,32.81,2093300,28.24
"2007-10-02",32.83,33.27,32.68,32.97,3030400,28.38
"2007-10-03",33,33.77,32.89,33.42,2443400,28.77
"2007-10-04",33.45,33.68,33.32,33.48,1285400,28.82
"2007-10-05",33.52,34.05,33.52,33.77,1800300,29.07
"2007-10-08",33.64,33.82,33.28,33.38,1167000,28.73
"2007-10-09",33.53,33.62,33.13,33.62,1486400,28.94
"2007-10-10",33.5,33.56,33.19,33.36,1742200,28.71
"2007-10-11",33.52,33.94,33.06,33.23,2421500,28.6
"2007-10-12",33.13,33.37,32.93,33.04,1803300,28.44
"2007-10-15",32.6,32.97,32.08,32.35,3873100,27.85
"2007-10-16",31.27,31.63,30.36,30.44,6797400,26.2
"2007-10-17",30.68,30.68,29.3,29.45,5050100,25.35
"2007-10-18",28.85,29.94,28.56,29.54,4621200,25.43
"2007-10-19",29.48,29.88,28.63,28.69,4680000,24.69
"2007-10-22",28.54,29.26,28.37,28.79,3743100,24.78
"2007-10-23",28.83,29.07,28.35,28.88,2842200,24.86
"2007-10-24",28.89,28.89,27.76,28.41,3886500,24.45
"2007-10-25",28.38,29,27.9,28.15,2958700,24.23
"2007-10-26",29.06,29.2,28.07,28.55,3925800,24.57
"2007-10-29",28.71,28.74,28.21,28.41,2476100,24.45
"2007-10-30",28.41,28.64,28.23,28.34,1727300,24.39
"2007-10-31",28.51,28.78,27.9,28.45,3852400,24.49
"2007-11-01",28.07,28.23,27.05,27.12,4264700,23.34
"2007-11-02",27.15,27.23,26.1,26.27,5175100,22.61
"2007-11-05",25.7,26.59,25.7,26.31,4359100,22.65
"2007-11-06",26.33,27.36,26.32,27.25,4470300,23.46
"2007-11-07",26.67,26.89,25.63,25.71,4614100,22.13
"2007-11-08",25.74,26.42,25.45,26.34,5997800,22.67
"2007-11-09",26,27.15,25.63,26.5,4991700,22.81
"2007-11-12",26.51,27.77,26.39,26.75,3544200,23.03
"2007-11-13",26.96,27.97,26.91,27.92,3685500,24.03
"2007-11-14",28.03,28.52,27.1,27.15,2744800,23.37
"2007-11-15",27.1,27.13,25.66,25.88,4388000,22.28
"2007-11-16",26.11,26.11,25.32,25.5,3868900,21.95
"2007-11-19",25.29,25.45,24.43,25.02,4103900,21.54
"2007-11-20",25,25.55,23.83,24.67,5024000,21.23
"2007-11-21",24.42,25.13,23.88,24.58,4088500,21.16
"2007-11-23",25.02,25.29,24.5,25.05,1524500,21.89
"2007-11-26",25.1,25.11,23.42,23.47,3444200,20.51
"2007-11-27",23.8,24.6,23.73,24.41,4937300,21.33
"2007-11-28",24.64,26.03,24.48,25.97,4620100,22.69
"2007-11-29",25.94,25.94,25,25.43,3255000,22.22
"2007-11-30",26.19,26.97,26.05,26.34,5057300,23.01
"2007-12-03",26.46,26.46,25.61,25.67,4296900,22.43
"2007-12-04",25.51,25.68,24.93,24.95,3679200,21.8
"2007-12-05",25.13,25.54,24.81,25.19,4112200,22.01
"2007-12-06",25.18,25.84,24.88,25.77,5024200,22.52
"2007-12-07",25.77,26,25.15,25.28,4173100,22.09
"2007-12-10",25.3,26.21,25.28,25.89,2960000,22.62
"2007-12-11",25.88,25.88,24.05,24.11,5881000,21.07
"2007-12-12",24.77,25.32,22.71,23.21,7980400,20.28
"2007-12-13",23.08,23.32,22.37,23.21,5473600,20.28
"2007-12-14",23.06,23.23,22.57,22.67,4138700,19.81
"2007-12-17",22.53,22.9,22.27,22.48,5407700,19.64
"2007-12-18",22.69,22.85,21.85,22.48,4437400,19.64
"2007-12-19",22.61,22.77,22.14,22.31,4525200,19.49
"2007-12-20",22.52,22.52,21.56,21.91,5488000,19.14
"2007-12-21",21.04,23.46,21.04,23.46,10594900,20.5
"2007-12-24",23.31,23.78,23.31,23.74,2550000,20.74
"2007-12-26",23.62,24.25,23.36,23.92,3756700,20.9
"2007-12-27",23.9,23.94,23.6,23.66,3829000,20.67
"2007-12-28",23.92,24.03,23.55,23.65,2927900,20.66
"2007-12-31",23.53,23.75,23,23.45,3107800,20.49
"2008-01-02",23.53,23.56,22.73,22.8,5610200,19.92
"2008-01-03",22.85,23.04,22.61,22.67,4097300,19.81
"2008-01-04",22.51,22.51,21.71,21.84,5323600,19.08
"2008-01-07",21.93,22.6,21.77,22.23,4522000,19.42
"2008-01-08",22.38,22.43,21.47,21.51,8084800,18.79
"2008-01-09",21.5,22.47,21.3,22.41,6411500,19.58
"2008-01-10",22.18,23.54,21.72,23.05,7125100,20.14
"2008-01-11",22.82,23.82,22.5,23.23,5370800,20.3
"2008-01-14",23.47,23.61,23,23.6,4815400,20.62
"2008-01-15",23.34,23.34,21.84,21.99,6632500,19.21
"2008-01-16",21.92,22.82,21.79,22.49,7271400,19.65
"2008-01-17",22.6,22.65,21.28,21.37,5680400,18.67
"2008-01-18",21.56,21.92,20.71,21.1,8092400,18.44
"2008-01-22",19.5,24.49,19,23.75,13231100,20.75
"2008-01-23",22.88,26.37,22.58,25.48,11991900,22.26
"2008-01-24",25.57,25.79,24.65,25.12,6579800,21.95
"2008-01-25",25.41,26.98,24.51,25.03,6415300,21.87
"2008-01-28",25.01,25.71,24.41,25.58,4763700,22.35
"2008-01-29",25.85,25.88,25.17,25.7,4579700,22.45
"2008-01-30",25.64,26.41,25.32,25.61,7135900,22.38
"2008-01-31",25.16,26.4,24.68,26.14,8012700,22.84
"2008-02-01",26.11,26.49,25.28,26.42,5567400,23.08
"2008-02-04",26.39,27.23,25.93,26.04,5566900,22.75
"2008-02-05",25.6,26.12,25.17,25.4,5763600,22.19
"2008-02-06",25.54,25.79,24.9,24.99,4388600,21.83
"2008-02-07",24.9,25.59,24.63,25.31,3607600,22.11
"2008-02-08",25.22,25.22,24.2,24.65,3451800,21.54
"2008-02-11",24.43,24.52,23.78,24.07,3508600,21.03
"2008-02-12",24.17,25.11,24.17,25.05,5631900,21.89
"2008-02-13",25.21,25.53,24.42,24.8,2972400,21.67
"2008-02-14",24.76,24.85,24.09,24.11,3904300,21.07
"2008-02-15",24.14,24.37,23.64,24.34,3423500,21.27
"2008-02-19",24.57,24.74,23.56,23.69,5080900,20.7
"2008-02-20",22.6,23.65,22.03,23.42,6427100,20.46
"2008-02-21",23.34,23.69,22.95,23.03,3796400,20.12
"2008-02-22",23.19,24,22.8,23.95,4413100,20.93
"2008-02-25",23.92,24.33,23.32,24.26,4652100,21.2
"2008-02-26",24.12,24.64,23.87,24.23,3768900,21.17
"2008-02-27",24.03,24.89,23.91,24.48,4040900,21.39
"2008-02-28",24.26,24.31,23.4,23.51,5490600,20.54
"2008-02-29",22.8,23.2,21.88,22.05,6147300,19.58
"2008-03-03",21.9,21.96,21.37,21.62,3249000,19.2
"2008-03-04",21.38,21.55,20.72,21.38,5140300,18.98
"2008-03-05",21.58,21.95,21.05,21.24,4891900,18.86
"2008-03-06",21.03,21.17,20.5,20.5,3501300,18.2
"2008-03-07",20.38,21.39,20.2,20.94,4702800,18.59
"2008-03-10",20.94,21.34,20.41,20.88,6696900,18.54
"2008-03-11",21.41,22.81,21.41,22.78,6609500,20.23
"2008-03-12",22.56,23.65,21.85,21.86,4998700,19.41
"2008-03-13",21.59,22.53,20.98,22.39,4818200,19.88
"2008-03-14",22.56,22.93,20.91,21.24,7899900,18.86
"2008-03-17",20.68,21.6,20.19,21.31,7482900,18.92
"2008-03-18",21.76,23.07,21.36,22.35,5499100,19.84
"2008-03-19",22.77,23.11,21.89,22.01,5534500,19.54
"2008-03-20",22.03,23.55,21.62,23.47,7523000,20.84
"2008-03-24",23.55,24.73,23.51,24.07,6363200,21.37
"2008-03-25",24.1,24.14,23.45,24.01,3960000,21.32
"2008-03-26",23.79,23.79,22.59,22.76,4151500,20.21
"2008-03-27",22.78,22.9,21.64,22.12,7824300,19.64
"2008-03-28",22.29,22.43,21.76,21.88,5175400,19.43
"2008-03-31",21.91,22.57,21.75,21.95,4400500,19.49
"2008-04-01",22.81,23.56,22.51,23.49,4812300,20.86
"2008-04-02",23.51,24.9,23.51,24.34,7777900,21.61
"2008-04-03",24.23,24.66,23.81,24.42,4549700,21.68
"2008-04-04",24.52,24.61,23.63,23.72,2985500,21.06
"2008-04-07",24.02,24.43,23.8,24.04,2476200,21.34
"2008-04-08",23.92,24.01,23.41,23.77,4134300,21.11
"2008-04-09",24.01,24.14,23.43,23.43,3042000,20.8
"2008-04-10",23.38,24.33,23.21,23.98,4018200,21.29
"2008-04-11",23.64,24.15,23.36,23.61,4473500,20.96
"2008-04-14",23.34,23.49,22.18,22.22,6054100,19.73
"2008-04-15",22.28,23.03,22.24,22.73,4284900,20.18
"2008-04-16",23.22,24.34,23.22,24.2,6059600,21.49
"2008-04-17",24.49,24.49,22.51,23.71,7286300,21.05
"2008-04-18",24.38,25.23,24.38,24.68,5131500,21.91
"2008-04-21",24.52,24.7,22.79,23.17,6579400,20.57
"2008-04-22",23.02,23.35,22.7,23.12,4436800,20.53
"2008-04-23",23.14,23.35,22.72,22.95,3567400,20.38
"2008-04-24",23.01,24,23.01,23.75,5474300,21.09
"2008-04-25",23.98,24.45,23.4,24.34,3726100,21.61
"2008-04-28",24.5,24.5,23.98,24.21,2912500,21.5
"2008-04-29",24.28,24.4,23.96,24.15,1757500,21.44
"2008-04-30",24.25,24.78,24.05,24.13,3263900,21.42
"2008-05-01",24.1,25.77,24.1,25.61,3835400,22.74
"2008-05-02",25.91,26.12,25.31,25.48,3409200,22.62
"2008-05-05",25.43,25.67,25.03,25.31,2338100,22.47
"2008-05-06",25.04,25.63,24.63,25.39,3011800,22.54
"2008-05-07",25.35,25.56,24.26,24.36,3383900,21.63
"2008-05-08",24.5,24.51,23.74,23.98,3531400,21.29
"2008-05-09",23.67,24.54,23.5,23.99,2702500,21.3
"2008-05-12",24.1,24.6,24.06,24.58,2293400,21.82
"2008-05-13",24.73,24.73,24.14,24.2,2364100,21.49
"2008-05-14",24.4,24.85,24.2,24.65,2810900,21.89
"2008-05-15",24.71,25.16,24.45,25.09,2851900,22.28
"2008-05-16",24.73,24.76,23.55,23.72,4678200,21.06
"2008-05-19",23.75,24.13,23.59,23.67,2855900,21.02
"2008-05-20",23.59,23.59,22.89,23.02,3981000,20.44
"2008-05-21",23.04,23.27,22.53,22.56,4723900,20.03
"2008-05-22",22.44,22.94,22.2,22.56,3222400,20.37
"2008-05-23",22.41,22.43,21.84,21.87,3461100,19.75
"2008-05-27",21.92,22.19,21.58,21.95,3417800,19.82
"2008-05-28",20.45,20.53,19.21,19.66,14199700,17.75
"2008-05-29",19.29,20.12,19.29,20,8016300,18.06
"2008-05-30",20.15,20.15,19.34,19.47,4917600,17.58
"2008-06-02",19.43,19.45,18.89,19.22,6182700,17.35
"2008-06-03",19.39,19.51,18.53,18.74,5679400,16.92
"2008-06-04",18.72,18.74,18.03,18.28,8037400,16.5
"2008-06-05",18.38,18.46,18.01,18.35,5160200,16.57
"2008-06-06",17.82,17.96,17.24,17.3,6745200,15.62
"2008-06-09",17.52,17.52,16.55,16.65,8669800,15.03
"2008-06-10",16.5,17.25,16.44,16.86,6236700,15.22
"2008-06-11",16.86,16.96,15.67,15.71,7619100,14.18
"2008-06-12",14.02,14.45,11.64,11.98,39924100,10.82
"2008-06-13",11.67,11.9,11.46,11.73,98914200,10.59
"2008-06-16",11.72,12.06,11.67,11.8,25066400,10.65
"2008-06-17",11.99,12.13,11.35,11.4,29334100,10.29
"2008-06-18",11.13,11.84,10.79,11.13,23316700,10.05
"2008-06-19",11.08,11.42,11.02,11.35,15204300,10.25
"2008-06-20",10.95,11.74,10,11.53,25999200,10.41
"2008-06-23",11.6,11.6,11,11,12574800,9.93
"2008-06-24",11.08,11.57,10.84,11.38,19030800,10.27
"2008-06-25",11.43,11.86,11.2,11.33,16913600,10.23
"2008-06-26",11.18,11.59,11.07,11.21,11510600,10.12
"2008-06-27",11.27,11.41,11.01,11.14,10165900,10.06
"2008-06-30",11.12,11.36,10.91,10.98,14424100,9.91
"2008-07-01",10.87,11.4,10.8,11.37,13912500,10.27
"2008-07-02",11.37,11.76,11.09,11.12,11511600,10.04
"2008-07-03",11.42,11.49,11.04,11.1,5480800,10.02
"2008-07-07",11.13,11.33,10.4,10.58,20377100,9.55
"2008-07-08",10.7,11.59,10.5,11.51,14579900,10.39
"2008-07-09",11.5,11.61,10.49,10.53,11570900,9.51
"2008-07-10",10.42,10.54,9.9,10.23,18860500,9.24
"2008-07-11",9.91,10.11,9.45,9.84,18024100,8.88
"2008-07-14",10.21,10.24,8.52,8.77,19238600,7.92
"2008-07-15",8.66,9.03,7.93,8.37,22110100,7.56
"2008-07-16",8.87,9.89,8.52,9.74,15737000,8.79
"2008-07-17",10.3,11.44,9.61,10.77,21726700,9.72
"2008-07-18",10.62,11.94,10.62,11.36,18809600,10.26
"2008-07-21",11.99,12.1,11.4,11.5,15351100,10.38
"2008-07-22",10.51,12.09,9.83,11.99,24327000,10.83
"2008-07-23",12,12.8,11.16,12.11,27519300,10.93
"2008-07-24",12.04,12.5,11.03,11.19,12236500,10.1
"2008-07-25",11.1,12.1,10.73,11.16,10202400,10.08
"2008-07-28",11.02,11.56,10.5,10.61,7791300,9.58
"2008-07-29",10.62,11.45,10.48,11.45,9864500,10.34
"2008-07-30",11.99,12.12,10.73,11.22,18418800,10.13
"2008-07-31",10.7,10.87,10.41,10.55,22343300,9.53
"2008-08-01",10.56,11.2,10.31,10.97,11032300,9.9
"2008-08-04",10.91,10.91,10.12,10.49,10853000,9.47
"2008-08-05",10.87,10.99,10.55,10.92,12415500,9.86
"2008-08-06",10.9,11.79,10.64,11.5,15484100,10.38
"2008-08-07",11.33,11.58,10.62,10.81,13132300,9.76
"2008-08-08",11.11,12.09,11,11.94,16541000,10.78
"2008-08-11",12.05,13.12,11.71,12.56,13660600,11.34
"2008-08-12",12.33,12.58,11.65,11.75,14078500,10.61
"2008-08-13",11.7,11.81,10.74,11.07,13843200,10
"2008-08-14",11.07,11.73,10.86,11.42,8725800,10.31
"2008-08-15",11.62,12.05,11.53,11.73,7486800,10.59
"2008-08-18",11.82,11.82,11.05,11.15,7901400,10.07
"2008-08-19",10.93,11,10.34,10.66,11483400,9.62
"2008-08-20",10.6,11.03,10.3,10.91,11380600,9.85
"2008-08-21",10.65,10.84,10.48,10.53,7322400,9.51
"2008-08-22",10.9,11.66,10.9,11.47,10014900,10.36
"2008-08-25",11.36,11.36,10.79,10.88,8112900,9.82
"2008-08-26",10.92,11.13,10.8,11.11,7428800,10.03
"2008-08-27",11.11,11.43,10.78,11.26,6880400,10.17
"2008-08-28",11.25,11.71,11.18,11.71,7261600,10.75
"2008-08-29",11.43,12.31,11.25,12.01,7363700,11.03
"2008-09-02",12.55,12.99,12.38,12.6,9035400,11.57
"2008-09-03",12.6,12.83,12.27,12.71,8803000,11.67
"2008-09-04",12.65,12.71,11.83,11.92,7138600,10.95
"2008-09-05",11.84,13,11.69,12.97,11896300,11.91
"2008-09-08",14.21,14.33,12.94,13.74,17566800,12.62
"2008-09-09",13.52,14.04,13.12,13.15,14573500,12.07
"2008-09-10",13.35,13.4,11.96,12.56,14691200,11.53
"2008-09-11",12,12.87,11.96,12.8,9004000,11.75
"2008-09-12",12.23,13.45,12.13,13.37,11638200,12.28
"2008-09-15",12.34,13.62,12.34,12.39,17588300,11.38
"2008-09-16",11.8,12.87,11.05,12.63,19703300,11.6
"2008-09-17",12.04,12.67,11.1,12.02,18105300,11.04
"2008-09-18",12.42,13.65,8.69,13.19,36021700,12.11
"2008-09-19",14.88,14.88,12.51,14.88,23990900,13.66
"2008-09-22",15.24,15.25,13.06,13.5,10204400,12.4
"2008-09-23",13.35,14.24,12.92,13.12,8356200,12.05
"2008-09-24",13.4,13.95,13.25,13.25,7335500,12.17
"2008-09-25",13.55,15,12.62,14,7698300,12.86
"2008-09-26",12.86,15.05,12.86,14.7,9195500,13.5
"2008-09-29",13.01,14.23,9.65,9.8,13548200,9
"2008-09-30",11.07,12.26,10.24,11.94,6651500,10.96
"2008-10-01",11.94,14.5,11.51,13.73,10644900,12.61
"2008-10-02",13.54,14.1,12.51,13.21,5167900,12.13
"2008-10-03",14.02,15.2,11.05,12.55,9565500,11.52
"2008-10-06",11.25,12.56,10.41,11.79,8260200,10.83
"2008-10-07",11.64,12.1,10.45,10.61,6882500,9.74
"2008-10-08",11,11.07,8.84,9,13417900,8.26
"2008-10-09",9.18,10.11,6.35,6.42,25303200,5.9
"2008-10-10",6.73,7.79,5.75,6.79,26480900,6.23
"2008-10-13",8.14,8.5,6.89,7.76,10528400,7.13
"2008-10-14",9.25,12.54,9.19,11.97,39305300,10.99
"2008-10-15",10.51,11.89,10.18,10.41,12927400,9.56
"2008-10-16",10.43,11.31,9.75,10.55,9035100,9.69
"2008-10-17",9.85,10.79,9.85,10.08,9801800,9.26
"2008-10-20",10.85,10.85,9.02,9.74,10449400,8.94
"2008-10-21",9.43,11.69,9.43,10.95,15047500,10.05
"2008-10-22",10.22,11.63,10.05,10.75,12694000,9.87
"2008-10-23",11.08,11.08,9.68,10.07,11095300,9.25
"2008-10-24",8.28,10.74,8.28,10.12,10389500,9.29
"2008-10-27",10.12,11.3,9.92,9.92,9612900,9.11
"2008-10-28",10.5,11.88,10.13,11.86,10987600,10.89
"2008-10-29",11.69,12.46,11.44,12.15,10354600,11.16
"2008-10-30",12.73,13.25,11.59,12.3,8277000,11.29
"2008-10-31",12.36,13,11.99,12.41,10484900,11.4
"2008-11-03",12.4,12.79,12,12.76,6004200,11.72
"2008-11-04",13,13.85,12.81,13.59,9980900,12.48
"2008-11-05",13.35,13.48,12.45,12.54,9744600,11.51
"2008-11-06",12.65,13.3,11.48,11.6,11931100,10.65
"2008-11-07",11.7,12.04,10.87,11.24,9022800,10.32
"2008-11-10",11.68,11.79,10.6,10.9,5218300,10.01
"2008-11-11",10.35,11.19,10.35,11,5437000,10.1
"2008-11-12",10.75,10.92,9.55,9.61,11841300,8.82
"2008-11-13",9.6,10.71,8.71,10.69,13262000,9.82
"2008-11-14",10.21,10.69,9.56,9.6,8280200,8.81
"2008-11-17",9.6,9.91,9.05,9.35,6572800,8.59
"2008-11-18",9.1,9.87,8.84,9.49,9625600,8.71
"2008-11-19",9.25,9.5,7.43,7.7,12765600,7.07
"2008-11-20",7.53,7.83,6.77,6.91,19204500,6.34
"2008-11-21",7.98,7.98,4.99,6.27,22961000,5.76
"2008-11-24",7,8.22,6.42,8.11,15566800,7.45
"2008-11-25",8.61,8.84,7.75,8.68,9950000,7.97
"2008-11-26",8.26,9.01,8.2,9.01,4335000,8.27
"2008-11-28",9.08,9.44,8.74,9.38,2654500,8.67
"2008-12-01",8.87,9,7.2,7.25,7030700,6.7
"2008-12-02",8.3,8.3,7.35,7.95,8782100,7.35
"2008-12-03",7.54,8.33,7.44,8.18,8078000,7.56
"2008-12-04",7.74,8.6,7.74,8.01,8337700,7.41
"2008-12-05",7.83,8.67,7.7,8.39,9674500,7.76
"2008-12-08",8.96,9.12,8.13,8.83,10275300,8.17
"2008-12-09",8.6,9.05,8.37,8.42,6441100,7.79
"2008-12-10",8.59,8.75,8.18,8.64,5277300,7.99
"2008-12-11",8.46,8.68,7.82,7.97,7313700,7.37
"2008-12-12",7.53,8.25,7.52,8,6878800,7.4
"2008-12-15",8.01,8.11,7.36,7.72,5357300,7.14
"2008-12-16",7.97,8.68,7.87,8.68,6271100,8.03
"2008-12-17",8.66,8.75,8.27,8.33,6463300,7.7
"2008-12-18",8.24,8.66,8.04,8.2,5767700,7.58
"2008-12-19",8.28,8.61,7.9,8.07,9476900,7.46
"2008-12-22",7.9,8.12,7.36,7.47,6787200,6.91
"2008-12-23",7.55,7.63,7.29,7.52,4141200,6.95
"2008-12-24",7.8,7.92,7.54,7.92,1638900,7.32
"2008-12-26",7.8,7.87,7.54,7.7,1955000,7.12
"2008-12-29",7.56,7.74,7.29,7.64,3866000,7.06
"2008-12-30",7.68,8.17,7.58,8.14,3242400,7.53
"2008-12-31",8.05,8.57,8.05,8.52,4678200,7.88
"2009-01-02",8.49,8.93,8.18,8.87,4548500,8.2
"2009-01-05",8.64,8.87,8.33,8.48,5005500,7.84
"2009-01-06",8.6,8.96,8.41,8.69,6803900,8.04
"2009-01-07",8.43,8.52,7.84,7.95,7882600,7.35
"2009-01-08",7.9,8.12,7.84,8.03,4277200,7.43
"2009-01-09",8.06,8.26,7.52,7.58,6845000,7.01
"2009-01-12",7.58,7.73,6.71,6.97,10309300,6.45
"2009-01-13",6.93,7.53,6.82,7.4,9130400,6.84
"2009-01-14",7.05,7.28,6.8,6.93,7281900,6.41
"2009-01-15",6.92,6.92,5.71,6.22,16782200,5.75
"2009-01-16",6.7,6.7,5.72,6.31,12963300,5.83
"2009-01-20",6.49,6.58,5.81,5.83,16647600,5.39
"2009-01-21",6.22,6.72,5.77,6.69,17947600,6.19
"2009-01-22",6.51,7.97,6.28,7.04,22567700,6.51
"2009-01-23",6.8,7.69,6.5,7.62,13347700,7.05
"2009-01-26",7.63,8,7.21,7.5,10631900,6.94
"2009-01-27",7.72,7.99,7.4,7.87,9633500,7.28
"2009-01-28",8.56,8.88,8.25,8.73,15606300,8.07
"2009-01-29",8.49,8.57,7.75,7.82,10453500,7.23
"2009-01-30",7.65,8.15,7.18,7.28,9303400,6.73
"2009-02-02",7.04,7.27,6.82,7.12,8550400,6.58
"2009-02-03",7.23,7.24,6.49,6.73,11389800,6.22
"2009-02-04",6.82,7.11,6.59,6.93,12575400,6.41
"2009-02-05",6.98,7.55,6.25,7.27,14976100,6.72
"2009-02-06",7.39,8.74,7.38,8.47,19724500,7.83
"2009-02-09",8.56,9.31,8.44,9.03,12958800,8.35
"2009-02-10",8.71,9.03,6.57,6.63,23249800,6.13
"2009-02-11",6.87,7.34,6.43,7.15,19228200,6.61
"2009-02-12",6.8,7.46,6.8,7.42,13171300,6.86
"2009-02-13",7.26,7.71,6.9,7.05,9931600,6.52
"2009-02-17",6.58,6.71,6.07,6.07,12573000,5.61
"2009-02-18",6.39,6.39,5.75,6.18,10173600,5.71
"2009-02-19",6.3,6.38,5.34,5.36,12743600,4.96
"2009-02-20",5.07,6.29,4.83,6.07,25181800,5.61
"2009-02-23",6.21,6.31,5.65,6.14,17573000,5.68
"2009-02-24",6.23,7.27,5.9,7.2,17231000,6.66
"2009-02-25",6.93,8.15,6.77,7.75,29416400,7.17
"2009-02-26",7.95,8.39,7.75,8.05,20717800,7.44
"2009-02-27",7.45,7.92,7,7.01,12848100,6.53
"2009-03-02",6.78,7.17,6.37,6.65,13241100,6.2
"2009-03-03",6.95,7,6.22,6.46,10737700,6.02
"2009-03-04",6.75,6.85,6.01,6.49,11308500,6.05
"2009-03-05",6.23,6.32,5.43,5.6,11406400,5.22
"2009-03-06",5.71,5.97,5.07,5.36,13741400,5
"2009-03-09",5.27,6.23,5.26,6.06,13885400,5.65
"2009-03-10",6.28,6.91,6.18,6.91,14617300,6.44
"2009-03-11",6.98,7.63,6.63,7.03,12399500,6.55
"2009-03-12",6.99,8,6.86,7.96,14938300,7.42
"2009-03-13",8.1,8.19,6.91,7.7,15166800,7.18
"2009-03-16",8.03,8.59,7.78,7.89,18669700,7.35
"2009-03-17",7.94,8.3,7.52,8.28,8485200,7.72
"2009-03-18",8.01,9.2,7.6,8.99,16273200,8.38
"2009-03-19",9.1,9.35,8.07,8.19,14464600,7.63
"2009-03-20",8.27,8.27,7.45,7.47,11715400,6.96
"2009-03-23",8.61,9.17,8.12,9.14,14552800,8.52
"2009-03-24",8.56,9.14,8.36,8.6,11798300,8.02
"2009-03-25",9.18,9.18,7.85,8.56,13639100,7.98
"2009-03-26",8.7,8.83,8.28,8.71,10194800,8.12
"2009-03-27",8.45,8.95,8.18,8.32,8747600,7.75
"2009-03-30",8.11,8.21,7.2,7.28,10219300,6.78
"2009-03-31",7.6,8.06,7.29,7.87,9482800,7.33
"2009-04-01",7.54,8.4,7.51,8.35,12532400,7.78
"2009-04-02",8.68,8.95,8.35,8.46,14787500,7.88
"2009-04-03",8.57,8.57,8.01,8.54,8853100,7.96
"2009-04-06",8.38,8.38,7.75,7.94,10002000,7.4
"2009-04-07",7.71,7.75,7.43,7.45,8766900,6.94
"2009-04-08",7.64,7.64,6.48,6.57,29760900,6.12
"2009-04-09",7.5,17.3,7.26,8.25,22025300,7.69
"2009-04-13",8.21,9.27,8.03,9.23,17944100,8.6
"2009-04-14",9.01,9.82,8.09,8.2,20579000,7.64
"2009-04-15",8.08,8.43,7.74,8.35,12110600,7.78
"2009-04-16",8.42,8.94,7.91,8.61,13755600,8.02
"2009-04-17",8.55,9.75,8.45,9.05,17450600,8.43
"2009-04-20",8.56,8.56,7.26,7.4,19757900,6.9
"2009-04-21",6.86,7.48,5.73,7.05,39941500,6.57
"2009-04-22",6.49,6.67,6,6.15,35407900,5.73
"2009-04-23",6.33,6.41,5.76,6.14,25579100,5.72
"2009-04-24",6.17,7.1,5.76,7,33591600,6.52
"2009-04-27",6.66,6.9,6.08,6.16,17551200,5.74
"2009-04-28",6.13,6.53,5.88,6.07,14370400,5.66
"2009-04-29",6.18,6.74,6.15,6.26,16473800,5.83
"2009-04-30",6.56,6.62,6.11,6.15,14723800,5.73
"2009-05-01",6.19,6.26,5.81,5.88,11362700,5.48
"2009-05-04",6,7.02,6,7.02,19441600,6.54
"2009-05-05",6.82,7.01,6.53,6.59,12984000,6.14
"2009-05-06",7,8.03,6.93,7.69,31818500,7.17
"2009-05-07",8.1,8.27,6.43,6.78,30502900,6.32
"2009-05-08",7.28,7.71,5.77,6.97,45272100,6.5
"2009-05-11",6.8,6.81,6.25,6.28,31790300,5.85
"2009-05-12",6.41,6.44,5.82,6,36702200,5.59
"2009-05-13",5.94,6.09,5.55,5.65,27301900,5.27
"2009-05-14",5.58,6.1,5.55,5.93,25536900,5.53
"2009-05-15",6.04,6.08,5.73,5.8,16259300,5.41
"2009-05-18",6.03,6.08,5.8,6.05,21304700,5.64
"2009-05-19",5.95,6.05,5.61,5.7,18169800,5.31
"2009-05-20",5.82,5.91,5.54,5.64,16528700,5.26
"2009-05-21",5.63,5.68,5.3,5.44,15723300,5.07
"2009-05-22",5.53,5.54,5.22,5.26,11529500,4.9
"2009-05-26",5.33,5.35,5.12,5.2,12014000,4.85
"2009-05-27",5.02,5.15,4.72,4.76,28013400,4.44
"2009-05-28",4.93,5.06,4.72,5.03,20706800,4.69
"2009-05-29",5.08,5.1,4.92,5,22999200,4.67
"2009-06-01",5.1,5.21,4.65,4.74,42752600,4.43
"2009-06-02",4.6,4.95,4.4,4.82,93025600,4.5
"2009-06-03",4.99,5.02,4.52,4.6,58231000,4.3
"2009-06-04",4.81,5.59,4.79,5.5,89970600,5.14
"2009-06-05",5.74,5.77,5.3,5.43,45789800,5.07
"2009-06-08",5.37,5.56,5.3,5.46,19775300,5.1
"2009-06-09",5.51,5.66,5.39,5.64,22067500,5.27
"2009-06-10",5.75,5.75,5.45,5.6,21319900,5.23
"2009-06-11",5.59,6.11,5.55,5.97,41977600,5.58
"2009-06-12",5.97,6.17,5.92,6.12,24963600,5.72
"2009-06-15",5.98,6.11,5.73,5.95,18831400,5.56
"2009-06-16",5.95,6.02,5.76,5.92,15932500,5.53
"2009-06-17",5.87,5.89,5.13,5.46,38123300,5.1
"2009-06-18",5.49,5.91,5.46,5.87,21246100,5.48
"2009-06-19",5.96,6.22,5.87,6.07,70575800,5.67
"2009-06-22",5.88,5.98,5.46,5.5,37193500,5.14
"2009-06-23",5.63,5.66,5.1,5.27,39143200,4.92
"2009-06-24",5.35,5.53,5.11,5.16,30433900,4.82
"2009-06-25",5.07,5.28,4.98,5.12,35624900,4.78
"2009-06-26",5.11,5.31,5.06,5.2,30335400,4.86
"2009-06-29",5.23,5.46,5.06,5.32,22464700,4.97
"2009-06-30",5.45,5.45,5.11,5.24,18927100,4.89
"2009-07-01",5.17,5.37,5.12,5.16,19516100,4.82
"2009-07-02",5.07,5.33,4.97,5.12,30271900,4.78
"2009-07-06",5.05,5.22,5,5.08,18956300,4.74
"2009-07-07",5.28,5.42,5.2,5.29,39660200,4.94
"2009-07-08",5.38,5.4,4.95,5.08,53602500,4.74
"2009-07-09",5.16,5.35,5.09,5.16,26143300,4.82
"2009-07-10",5.14,5.17,5.05,5.12,11073400,4.78
"2009-07-13",5.22,5.4,5.16,5.38,20225100,5.02
"2009-07-14",5.39,5.42,5.16,5.2,17879600,4.86
"2009-07-15",5.27,5.37,5.18,5.3,34090200,4.95
"2009-07-16",5.24,5.33,5.13,5.21,14475700,4.87
"2009-07-17",5.23,5.3,5.07,5.11,20265500,4.77
"2009-07-20",5.15,5.17,5.02,5.08,13709800,4.74
"2009-07-21",5.06,5.08,4.63,4.82,28919500,4.5
"2009-07-22",4.5,5.27,4.4,5.16,53586500,4.82
"2009-07-23",5.11,5.53,5.11,5.4,42274400,5.04
"2009-07-24",5.33,5.4,5.08,5.26,30043900,4.91
"2009-07-27",5.26,5.65,5.15,5.55,40322000,5.18
"2009-07-28",5.49,5.58,5.2,5.25,36088600,4.9
"2009-07-29",5.23,5.27,5.09,5.16,37162400,4.82
"2009-07-30",5.24,5.61,5.24,5.5,54186700,5.14
"2009-07-31",5.49,5.93,5.35,5.78,64108300,5.4
"2009-08-03",6,6.55,5.81,6.43,50263900,6
"2009-08-04",6.37,6.62,6.15,6.5,35724800,6.07
"2009-08-05",6.42,6.64,6.27,6.41,47649000,5.99
"2009-08-06",6.59,6.95,6.27,6.57,44603500,6.14
"2009-08-07",6.87,7,6.65,6.78,30433800,6.33
"2009-08-10",6.82,6.82,6.51,6.55,24567100,6.12
"2009-08-11",6.57,6.57,6.1,6.14,29886000,5.73
"2009-08-12",6.16,6.6,6.15,6.42,42343800,6
"2009-08-13",6.64,6.78,6.38,6.65,24372200,6.21
"2009-08-14",6.63,6.7,6.46,6.65,16194200,6.21
"2009-08-17",6.37,6.46,6.17,6.25,18354700,5.84
"2009-08-18",6.31,6.56,6.3,6.44,18188900,6.01
"2009-08-19",6.31,6.46,6.25,6.33,13625200,5.91
"2009-08-20",6.38,6.5,6.32,6.44,11740200,6.01
"2009-08-21",6.52,6.85,6.45,6.73,27379800,6.28
"2009-08-24",6.77,6.97,6.35,6.41,25805400,5.99
"2009-08-25",6.56,6.64,6.42,6.48,13677300,6.05
"2009-08-26",6.51,6.58,6.27,6.4,14279900,5.98
"2009-08-27",6.44,6.6,6.31,6.58,20640200,6.14
"2009-08-28",6.75,6.77,6.5,6.68,14538300,6.25
"2009-08-31",6.54,6.68,6.45,6.66,17872100,6.23
"2009-09-01",6.61,6.74,6.1,6.15,29230600,5.75
"2009-09-02",6.07,6.14,5.8,5.82,22192700,5.44
"2009-09-03",5.97,6.03,5.85,5.95,14678900,5.56
"2009-09-04",5.98,6.32,5.86,6.22,25463500,5.82
"2009-09-08",6.34,6.37,6.1,6.17,12973300,5.77
"2009-09-09",6.17,6.22,6,6.21,16547900,5.81
"2009-09-10",6.17,6.23,6.02,6.18,17817700,5.78
"2009-09-11",6.19,6.19,5.92,5.93,21601500,5.55
"2009-09-14",5.85,6.05,5.76,6.01,18352100,5.62
"2009-09-15",6.01,6.53,5.98,6.46,31591100,6.04
"2009-09-16",6.45,7.07,6.44,7.02,44378500,6.57
"2009-09-17",6.99,7,6.48,6.55,31170600,6.13
"2009-09-18",6.57,6.72,6.5,6.63,25661200,6.2
"2009-09-21",6.57,6.71,6.4,6.63,17187800,6.2
"2009-09-22",6.78,6.87,6.56,6.85,16718500,6.41
"2009-09-23",6.86,6.93,6.69,6.7,17656600,6.27
"2009-09-24",6.76,6.76,6.26,6.39,21821400,5.98
"2009-09-25",6.34,6.4,6.18,6.24,15225800,5.84
"2009-09-28",6.36,6.49,6.25,6.49,10635900,6.07
"2009-09-29",6.52,6.68,6.5,6.55,12002900,6.13
"2009-09-30",6.6,6.73,6.49,6.5,25675300,6.08
"2009-10-01",6.45,6.5,6.11,6.14,22532000,5.74
"2009-10-02",6,6.45,5.93,6.17,22630500,5.77
"2009-10-05",6.28,6.32,6.14,6.23,12953900,5.83
"2009-10-06",6.32,6.48,6.08,6.23,14516600,5.83
"2009-10-07",6.23,6.35,6.08,6.28,10182000,5.87
"2009-10-08",6.34,6.35,6.18,6.22,14366100,5.82
"2009-10-09",6.18,6.22,6.1,6.19,14602600,5.79
"2009-10-12",6.21,6.32,6.19,6.31,10052100,5.9
"2009-10-13",6.28,6.46,6.26,6.43,17666700,6.01
"2009-10-14",6.58,6.74,6.44,6.68,20267000,6.25
"2009-10-15",6.58,6.73,6.54,6.65,16536700,6.22
"2009-10-16",6.54,6.6,6.31,6.45,21379100,6.03
"2009-10-19",6.47,6.52,6.25,6.35,10298600,5.94
"2009-10-20",6.29,6.57,6.18,6.54,25427700,6.12
"2009-10-21",6.38,6.85,6.26,6.28,43371700,5.87
"2009-10-22",6.3,6.82,6.22,6.63,34309400,6.2
"2009-10-23",6.72,6.72,6.36,6.48,14958800,6.06
"2009-10-26",6.46,6.47,6.06,6.11,26761600,5.71
"2009-10-27",6.11,6.13,5.79,5.83,28159300,5.45
"2009-10-28",5.83,5.88,5.46,5.5,29669000,5.14
"2009-10-29",5.73,5.9,5.59,5.66,32441200,5.29
"2009-10-30",5.61,5.63,5.29,5.39,21510300,5.04
"2009-11-02",5.38,5.64,5.36,5.55,21605100,5.19
"2009-11-03",5.42,5.61,5.35,5.54,18908300,5.18
"2009-11-04",5.7,5.71,5.31,5.32,15672000,4.98
"2009-11-05",5.37,5.57,5.31,5.52,17351600,5.16
"2009-11-06",5.4,5.77,5.39,5.73,21975700,5.36
"2009-11-09",5.84,5.88,5.73,5.84,15132600,5.46
"2009-11-10",5.72,5.82,5.61,5.69,13271100,5.32
"2009-11-11",5.73,5.8,5.68,5.76,11472100,5.39
"2009-11-12",5.74,5.86,5.67,5.72,12679000,5.35
"2009-11-13",5.74,5.82,5.52,5.59,15097400,5.23
"2009-11-16",5.69,5.8,5.54,5.59,13250700,5.23
"2009-11-17",5.6,5.79,5.55,5.75,9612800,5.38
"2009-11-18",5.76,6.01,5.67,5.94,18455200,5.56
"2009-11-19",5.88,5.92,5.67,5.82,15841700,5.44
"2009-11-20",5.77,5.9,5.69,5.73,10922900,5.36
"2009-11-23",5.86,5.99,5.83,5.95,7998200,5.56
"2009-11-24",5.9,5.96,5.77,5.94,8860000,5.56
"2009-11-25",5.95,6,5.84,5.88,8147700,5.5
"2009-11-27",5.62,5.78,5.57,5.57,7316900,5.22
"2009-11-30",5.58,5.88,5.58,5.86,20808000,5.49
"2009-12-01",5.93,5.96,5.71,5.95,19314800,5.57
"2009-12-02",5.95,6.13,5.89,6.11,14987700,5.72
"2009-12-03",6.18,6.29,5.85,5.86,17143700,5.49
"2009-12-04",6.01,6.2,5.86,6.16,19158600,5.77
"2009-12-07",5.93,6.12,5.83,5.89,18287900,5.52
"2009-12-08",5.84,5.9,5.75,5.83,14013800,5.46
"2009-12-09",5.86,6,5.77,5.95,12494100,5.57
"2009-12-10",5.84,6.02,5.83,5.88,7515800,5.51
"2009-12-11",5.91,6.12,5.8,6.07,13290700,5.69
"2009-12-14",6.07,6.12,6.03,6.1,9659300,5.71
"2009-12-15",6.02,6.09,5.8,5.82,12410500,5.45
"2009-12-16",5.83,5.98,5.71,5.74,12209500,5.38
"2009-12-17",5.71,5.74,5.5,5.52,21514100,5.17
"2009-12-18",5.58,5.61,5.37,5.56,15781400,5.21
"2009-12-21",5.64,5.79,5.55,5.72,18031600,5.36
"2009-12-22",5.68,5.78,5.68,5.71,12499500,5.35
"2009-12-23",5.72,5.75,5.58,5.66,8307000,5.3
"2009-12-24",5.63,5.76,5.63,5.76,3062700,5.4
"2009-12-28",5.78,5.8,5.61,5.64,6163500,5.28
"2009-12-29",5.64,5.73,5.6,5.7,5236400,5.34
"2009-12-30",5.65,5.68,5.6,5.65,3547300,5.29
"2009-12-31",5.64,5.7,5.55,5.55,5793100,5.2
"2010-01-04",5.66,5.97,5.65,5.94,14901600,5.56
"2010-01-05",5.88,6.19,5.88,6.17,16660800,5.78
"2010-01-06",6.17,6.2,6.06,6.13,11785800,5.74
"2010-01-07",6.07,6.48,6.04,6.39,25554700,5.99
"2010-01-08",6.35,6.56,6.34,6.5,16513200,6.09
"2010-01-11",6.5,6.6,6.39,6.53,14836600,6.12
"2010-01-12",6.46,6.55,6.36,6.41,20207300,6.01
"2010-01-13",6.44,6.63,6.29,6.49,16226500,6.08
"2010-01-14",6.44,6.89,6.44,6.85,24101200,6.42
"2010-01-15",6.79,6.94,6.51,6.88,29510700,6.45
"2010-01-19",6.82,6.87,6.69,6.76,17897800,6.33
"2010-01-20",6.68,6.99,6.68,6.96,20676700,6.52
"2010-01-21",7.36,7.75,7.3,7.34,57005100,6.88
"2010-01-22",7.16,7.49,6.74,7.25,27104500,6.79
"2010-01-25",7.43,7.48,6.88,7.06,29787100,6.61
"2010-01-26",7.1,7.21,6.88,6.89,36998500,6.45
"2010-01-27",6.87,7.26,6.84,7.15,23381300,6.7
"2010-01-28",7.26,7.48,7.2,7.27,27513800,6.81
"2010-01-29",7.33,7.49,7.14,7.18,17818300,6.73
"2010-02-01",7.23,7.37,7.13,7.34,17914300,6.88
"2010-02-02",7.28,7.54,7.28,7.52,29768900,7.05
"2010-02-03",7.47,7.47,7.24,7.41,30732000,6.94
"2010-02-04",7.29,7.35,6.94,6.95,30016100,6.51
"2010-02-05",6.94,7.04,6.63,6.89,35451500,6.45
"2010-02-08",6.91,6.99,6.66,6.82,25541600,6.39
"2010-02-09",6.93,7.03,6.84,6.92,12635000,6.48
"2010-02-10",6.79,7,6.74,6.88,24267300,6.45
"2010-02-11",6.88,6.93,6.8,6.87,9413300,6.44
"2010-02-12",6.78,6.82,6.68,6.79,9090700,6.36
"2010-02-16",6.86,6.96,6.85,6.92,9443500,6.48
"2010-02-17",6.96,6.97,6.78,6.83,12498800,6.4
"2010-02-18",6.8,6.82,6.68,6.74,14011800,6.31
"2010-02-19",6.7,6.83,6.7,6.79,10628800,6.36
"2010-02-22",6.78,6.99,6.78,6.97,20247300,6.53
"2010-02-23",6.93,6.95,6.71,6.74,11928800,6.31
"2010-02-24",6.77,7.12,6.76,7.11,19088100,6.66
"2010-02-25",6.95,7.02,6.78,6.99,15527600,6.55
"2010-02-26",7,7.18,6.96,7.15,14077600,6.71
"2010-03-01",7.16,7.21,6.9,6.97,9943000,6.54
"2010-03-02",6.97,7.14,6.97,7.04,7789700,6.6
"2010-03-03",7.04,7.13,6.98,7.04,9324200,6.6
"2010-03-04",7.07,7.17,7,7.1,6691200,6.66
"2010-03-05",7.17,7.26,7.11,7.25,10951200,6.8
"2010-03-08",7.21,7.35,7.19,7.27,8176000,6.82
"2010-03-09",7.22,7.34,7.08,7.26,12701800,6.81
"2010-03-10",7.35,7.69,7.3,7.56,20269700,7.09
"2010-03-11",7.6,7.9,7.54,7.88,17572600,7.39
"2010-03-12",8.06,8.19,7.47,7.55,31948000,7.08
"2010-03-15",7.54,7.57,7.3,7.57,25890100,7.1
"2010-03-16",7.61,7.72,7.47,7.7,17002300,7.22
"2010-03-17",7.76,8.02,7.72,7.9,17953400,7.41
"2010-03-18",7.82,7.82,7.5,7.56,19632900,7.09
"2010-03-19",7.58,7.67,7.47,7.6,15160100,7.13
"2010-03-22",7.5,7.73,7.41,7.64,14027000,7.17
"2010-03-23",7.64,7.71,7.59,7.69,11010000,7.21
"2010-03-24",7.67,8,7.66,7.9,20819900,7.41
"2010-03-25",8.03,8.12,7.89,7.93,23956200,7.44
"2010-03-26",7.98,8.02,7.71,7.86,17553600,7.37
"2010-03-29",7.89,7.93,7.59,7.72,17037000,7.24
"2010-03-30",7.72,7.8,7.65,7.76,11073300,7.28
"2010-03-31",7.68,7.85,7.67,7.75,6360200,7.27
"2010-04-01",7.81,7.88,7.72,7.8,10153600,7.32
"2010-04-05",7.88,8.17,7.79,8.16,16163200,7.66
"2010-04-06",8.13,8.6,8.1,8.47,30550000,7.95
"2010-04-07",8.97,8.97,8.51,8.52,51481600,7.99
"2010-04-08",8.27,8.4,8.02,8.34,37575600,7.82
"2010-04-09",8.42,8.44,8.25,8.35,13399100,7.83
"2010-04-12",8.41,8.42,8.27,8.34,11614600,7.82
"2010-04-13",8.09,8.24,7.89,8.14,31228500,7.64
"2010-04-14",8.24,8.57,8.22,8.52,20911200,7.99
"2010-04-15",8.54,8.57,8.28,8.35,17960900,7.83
"2010-04-16",8.32,8.33,7.85,8,36335700,7.51
"2010-04-19",7.94,8.21,7.89,8.13,30415000,7.63
"2010-04-20",8.19,8.74,8.14,8.58,33602000,8.05
"2010-04-21",8.81,9.84,8.78,8.94,75415100,8.39
"2010-04-22",8.68,9.18,8.57,9.12,30510000,8.56
"2010-04-23",9.16,9.27,8.78,9.19,30169000,8.62
"2010-04-26",9.23,9.25,8.75,8.8,24597600,8.26
"2010-04-27",8.74,8.85,8.46,8.62,28290200,8.09
"2010-04-28",8.81,8.98,8.61,8.71,28467800,8.17
"2010-04-29",8.82,9.12,8.77,8.96,17909200,8.41
"2010-04-30",8.98,9.1,8.82,9.02,23067400,8.46
"2010-05-03",9.09,9.18,8.81,8.99,15413300,8.43
"2010-05-04",8.96,8.96,8.55,8.64,21842800,8.11
"2010-05-05",8.5,8.79,8.35,8.54,18498000,8.01
"2010-05-06",8.52,8.57,7.47,7.97,42021000,7.48
"2010-05-07",7.96,8.2,7.79,7.88,33996000,7.39
"2010-05-10",8.29,8.48,8.06,8.35,24683700,7.83
"2010-05-11",8.15,8.76,8.13,8.58,29700300,8.05
"2010-05-12",8.71,8.78,8.56,8.73,13109900,8.19
"2010-05-13",8.7,8.91,8.63,8.68,16611700,8.14
"2010-05-14",8.54,8.56,8.22,8.43,23588900,7.91
"2010-05-17",8.44,8.5,7.95,8.26,19949000,7.75
"2010-05-18",8.4,8.42,7.76,7.87,21731700,7.38
"2010-05-19",7.81,7.98,7.63,7.79,16610200,7.31
"2010-05-20",7.63,7.74,7.31,7.47,22706800,7.01
"2010-05-21",7.35,7.92,7.27,7.87,20656500,7.38
"2010-05-24",7.89,7.9,7.47,7.5,11821500,7.04
"2010-05-25",7.26,7.84,7.17,7.79,24621000,7.31
"2010-05-26",7.96,8,7.65,7.71,10349700,7.23
"2010-05-27",7.88,8.2,7.73,8.2,18403500,7.7
"2010-05-28",8.19,8.23,7.94,8.02,10934300,7.53
"2010-06-01",8.05,8.19,7.89,7.89,15975300,7.41
"2010-06-02",7.95,8.24,7.9,8.24,13023900,7.74
"2010-06-03",8.37,8.45,8.12,8.17,11643400,7.68
"2010-06-04",7.93,8.05,7.72,7.77,16323800,7.3
"2010-06-07",7.81,7.9,7.49,7.54,12617000,7.08
"2010-06-08",7.6,7.83,7.47,7.81,16319600,7.34
"2010-06-09",7.86,8.12,7.84,7.91,22418500,7.43
"2010-06-10",8.03,8.23,7.92,8.23,16826700,7.73
"2010-06-11",8.1,8.25,8,8.24,7502500,7.74
"2010-06-14",8.3,8.4,8.1,8.12,8943300,7.63
"2010-06-15",8.24,8.35,8.07,8.31,11333000,7.81
"2010-06-16",8.22,8.55,8.22,8.39,14260000,7.88
"2010-06-17",8.47,8.49,8.18,8.31,8704800,7.81
"2010-06-18",8.32,8.44,8.24,8.37,7666100,7.86
"2010-06-21",8.5,8.56,8.37,8.44,9056600,7.93
"2010-06-22",8.43,8.44,8.16,8.17,8858300,7.68
"2010-06-23",8.22,8.35,8.13,8.22,12692100,7.72
"2010-06-24",8.16,8.29,8,8.05,8801400,7.56
"2010-06-25",8.19,8.35,8.08,8.27,11397600,7.77
"2010-06-28",8.27,8.37,8.2,8.22,5369000,7.72
"2010-06-29",8.1,8.19,7.74,7.81,18671000,7.34
"2010-06-30",7.81,8.04,7.67,7.69,15115900,7.22
"2010-07-01",7.62,7.77,7.17,7.37,24890700,6.92
"2010-07-02",7.42,7.54,7.14,7.22,9705500,6.78
"2010-07-06",7.36,7.54,7.31,7.41,11233000,6.96
"2010-07-07",7.46,8.02,7.41,8,14346600,7.52
"2010-07-08",8.07,8.2,7.97,8.13,12587900,7.64
"2010-07-09",8.12,8.43,8.11,8.35,8916200,7.84
"2010-07-12",8.32,8.41,8.19,8.23,10676000,7.73
"2010-07-13",8.37,8.45,8.28,8.37,12389600,7.86
"2010-07-14",8.29,8.33,8.1,8.24,11869500,7.74
"2010-07-15",8.25,8.3,7.95,8.21,12039500,7.71
"2010-07-16",8.18,8.18,7.64,7.75,15607200,7.28
"2010-07-19",7.75,7.89,7.6,7.77,14706900,7.3
"2010-07-20",7.59,7.82,7.5,7.74,17312800,7.27
"2010-07-21",7.89,7.92,7.53,7.54,16968200,7.08
"2010-07-22",7.98,8.12,7.71,7.95,24758800,7.47
"2010-07-23",7.95,8.08,7.75,8.03,11070900,7.54
"2010-07-26",8.02,8.35,7.95,8.31,11077000,7.81
"2010-07-27",8.48,8.64,8.34,8.42,14070300,7.91
"2010-07-28",8.39,8.53,8.33,8.46,10058900,7.95
"2010-07-29",8.55,8.59,8.31,8.44,9067300,7.93
"2010-07-30",8.32,8.5,8.28,8.46,10527600,7.95
"2010-08-02",8.57,8.91,8.51,8.91,16960200,8.37
"2010-08-03",8.83,8.88,8.44,8.51,14725200,7.99
"2010-08-04",8.54,8.64,8.43,8.48,11573500,7.97
"2010-08-05",8.42,8.49,8.33,8.46,7393200,7.95
"2010-08-06",8.38,8.38,8.1,8.17,9083300,7.68
"2010-08-09",8.23,8.38,7.98,8.37,12228400,7.86
"2010-08-10",8.27,8.52,8.22,8.49,15850700,7.98
"2010-08-11",8.3,8.35,7.89,7.91,16213800,7.43
"2010-08-12",7.8,7.96,7.7,7.8,12817300,7.33
"2010-08-13",7.79,8.02,7.78,7.82,10133500,7.35
"2010-08-16",7.77,7.8,7.67,7.79,7878800,7.32
"2010-08-17",7.86,7.89,7.73,7.85,13939500,7.37
"2010-08-18",7.85,7.95,7.75,7.78,11652200,7.31
"2010-08-19",7.75,7.87,7.54,7.6,13589200,7.14
"2010-08-20",7.55,7.68,7.42,7.64,10328100,7.18
"2010-08-23",7.75,7.89,7.61,7.64,9726200,7.18
"2010-08-24",7.51,7.64,7.32,7.35,16254000,6.9
"2010-08-25",7.32,7.43,7.13,7.27,14801000,6.83
"2010-08-26",7.33,7.54,7.31,7.34,13228100,6.9
"2010-08-27",7.42,7.61,7.27,7.58,13767000,7.13
"2010-08-30",7.51,7.51,7.26,7.27,8290200,6.84
"2010-08-31",7.26,7.43,7.21,7.37,11098500,6.93
"2010-09-01",7.49,7.86,7.45,7.85,12997800,7.38
"2010-09-02",7.83,7.94,7.77,7.93,8315800,7.46
"2010-09-03",8.06,8.14,7.87,8.03,7914800,7.55
"2010-09-07",7.88,7.93,7.61,7.72,12040900,7.26
"2010-09-08",7.73,8.12,7.72,7.98,20136600,7.51
"2010-09-09",8.17,8.31,8.02,8.12,15243300,7.64
"2010-09-10",8.09,8.23,8.05,8.22,9951400,7.73
"2010-09-13",8.39,8.5,8.24,8.31,15439200,7.82
"2010-09-14",8.3,8.32,8.01,8.07,12255700,7.59
"2010-09-15",8.02,8.27,7.96,8.21,10027100,7.72
"2010-09-16",8.1,8.18,8.05,8.18,8169300,7.69
"2010-09-17",8.22,8.29,8.07,8.23,9031500,7.74
"2010-09-20",8.25,8.41,8.15,8.36,9180200,7.86
"2010-09-21",8.38,8.49,8.14,8.16,11143700,7.68
"2010-09-22",8.15,8.23,7.86,7.88,12612000,7.41
"2010-09-23",7.8,8,7.62,7.65,15417800,7.2
"2010-09-24",7.83,8,7.73,7.9,13200600,7.43
"2010-09-27",7.87,8.03,7.83,7.84,11022200,7.38
"2010-09-28",7.87,7.94,7.77,7.91,12568200,7.44
"2010-09-29",7.86,8.07,7.8,7.95,11133500,7.48
"2010-09-30",7.97,8.2,7.94,7.96,12230900,7.49
"2010-10-01",8.15,8.25,8.07,8.11,17373200,7.63
"2010-10-04",8.1,8.25,8.05,8.07,12287400,7.59
"2010-10-05",8.16,8.51,8.06,8.46,18295000,7.96
"2010-10-06",8.45,8.54,8.27,8.33,14261000,7.84
"2010-10-07",8.45,8.54,8.26,8.48,11069900,7.98
"2010-10-08",8.47,8.53,8.35,8.4,8889100,7.9
"2010-10-11",8.44,8.5,8.35,8.48,6761800,7.98
"2010-10-12",8.45,8.55,8.38,8.5,13446100,8
"2010-10-13",8.47,8.51,8.26,8.29,10350700,7.8
"2010-10-14",8.27,8.27,7.98,8.18,13226700,7.69
"2010-10-15",8.2,8.23,7.93,8.03,9722200,7.55
"2010-10-18",8.01,8.41,7.97,8.3,12405400,7.81
"2010-10-19",8.16,8.46,8.16,8.3,15546000,7.81
"2010-10-20",8.23,8.24,7.98,8.08,18559200,7.6
"2010-10-21",8.15,8.35,8.1,8.34,24579900,7.85
"2010-10-22",8.71,8.73,8.18,8.3,32991900,7.81
"2010-10-25",8.4,8.42,8.03,8.08,13397400,7.6
"2010-10-26",8.03,8.15,8,8.05,9368000,7.57
"2010-10-27",7.99,8.22,7.96,8.18,9978400,7.69
"2010-10-28",8.25,8.27,8.11,8.21,6368100,7.72
"2010-10-29",8.2,8.26,8.17,8.2,9139700,7.71
"2010-11-01",8.24,8.29,8.05,8.23,11184200,7.74
"2010-11-02",8.32,8.4,8.24,8.39,11050200,7.89
"2010-11-03",8.41,8.52,8.33,8.5,12385800,8
"2010-11-04",8.54,8.69,8.42,8.61,21008800,8.1
"2010-11-05",8.54,8.76,8.3,8.4,34332100,7.9
"2010-11-08",8.39,8.45,8.27,8.33,12738100,7.84
"2010-11-09",8.39,8.43,8.2,8.24,14752300,7.75
"2010-11-10",8.26,8.42,8.11,8.42,18397400,7.92
"2010-11-11",8.33,8.4,8.22,8.27,9895400,7.78
"2010-11-12",8.2,8.26,7.99,8.02,13479100,7.54
"2010-11-15",8.08,8.22,8.08,8.11,9071600,7.63
"2010-11-16",8.04,8.08,7.76,7.98,17368700,7.51
"2010-11-17",7.91,7.91,7.58,7.68,23453600,7.22
"2010-11-18",7.84,7.91,7.74,7.85,13428900,7.38
"2010-11-19",7.55,7.76,7.48,7.66,22410300,7.21
"2010-11-22",7.63,7.77,7.57,7.74,9131500,7.28
"2010-11-23",7.63,7.73,7.52,7.57,9628000,7.12
"2010-11-24",7.62,7.69,7.55,7.61,6019800,7.16
"2010-11-26",7.51,7.63,7.47,7.48,2272000,7.05
"2010-11-29",7.46,7.71,7.45,7.7,9670500,7.25
"2010-11-30",7.6,7.64,7.52,7.53,9702600,7.09
"2010-12-01",7.67,7.77,7.6,7.77,11415600,7.32
"2010-12-02",7.81,8.16,7.77,8.12,17611600,7.65
"2010-12-03",8.09,8.23,7.95,8.2,10930800,7.72
"2010-12-06",8.16,8.24,8.05,8.18,10162200,7.71
"2010-12-07",8.23,8.3,7.89,7.95,17431300,7.49
"2010-12-08",7.92,8.25,7.91,8.18,14518900,7.71
"2010-12-09",8.27,8.4,8.15,8.37,12590800,7.88
"2010-12-10",8.37,8.44,8.28,8.38,8741600,7.89
"2010-12-13",8.38,8.4,8.13,8.3,19094400,7.82
"2010-12-14",8.26,8.41,8.09,8.16,12848200,7.69
"2010-12-15",8.15,8.29,8.01,8.01,9089900,7.54
"2010-12-16",8.06,8.26,8,8.09,11707400,7.62
"2010-12-17",8.24,8.48,8.22,8.42,17728500,7.93
"2010-12-20",8.43,8.5,8.34,8.41,10943500,7.92
"2010-12-21",8.41,8.53,8.41,8.49,10465700,8
"2010-12-22",8.52,8.74,8.51,8.64,17830100,8.14
"2010-12-23",8.64,8.73,8.52,8.53,9297100,8.03
"2010-12-27",8.49,8.63,8.42,8.54,7281200,8.04
"2010-12-28",8.56,8.92,8.5,8.85,11135200,8.34
"2010-12-29",8.89,8.92,8.82,8.85,5100600,8.34
"2010-12-30",8.84,8.9,8.79,8.85,5769400,8.34
"2010-12-31",8.82,8.9,8.78,8.85,4061300,8.34
"2011-01-03",8.96,9.14,8.89,9.06,12148200,8.53
"2011-01-04",9.05,9.14,8.85,8.96,13052600,8.44
"2011-01-05",8.92,9.07,8.84,9.02,12409000,8.5
"2011-01-06",9.01,9.04,8.7,8.71,14609600,8.2
"2011-01-07",8.76,8.85,8.47,8.73,14645600,8.22
"2011-01-10",8.83,8.83,8.53,8.66,11052700,8.16
"2011-01-11",8.73,8.8,8.64,8.68,6021400,8.18
"2011-01-12",8.79,8.85,8.66,8.77,16862100,8.26
"2011-01-13",8.78,8.79,8.55,8.57,10725600,8.07
"2011-01-14",8.53,8.83,8.53,8.77,14009900,8.26
"2011-01-18",8.8,8.91,8.77,8.87,14014600,8.36
"2011-01-19",8.79,8.8,8.5,8.54,14449900,8.04
"2011-01-20",8.51,8.53,8.31,8.4,14786800,7.91
"2011-01-21",8.61,8.79,8.55,8.78,18509300,8.27
"2011-01-24",8.79,8.83,8.54,8.61,17598600,8.11
"2011-01-25",8.81,9.01,8.65,8.91,31692400,8.39
"2011-01-26",8.88,9.06,8.78,8.89,15303600,8.37
"2011-01-27",8.89,9.07,8.81,8.93,14723600,8.41
"2011-01-28",8.94,9.06,8.79,8.79,12050700,8.28
"2011-01-31",8.84,9.02,8.82,8.9,9324900,8.38
"2011-02-01",9,9.27,8.95,9.26,11691100,8.72
"2011-02-02",9.21,9.38,9.14,9.31,14173900,8.77
"2011-02-03",9.22,9.47,9.21,9.47,12202000,8.92
"2011-02-04",9.45,9.69,9.34,9.45,11036400,8.9
"2011-02-07",9.5,9.64,9.46,9.58,10689300,9.02
"2011-02-08",9.62,9.77,9.53,9.71,11271600,9.15
"2011-02-09",9.55,9.58,9.38,9.57,16123100,9.01
"2011-02-10",9.43,9.48,9.29,9.3,16178000,8.76
"2011-02-11",9.26,9.64,9.21,9.54,12921700,8.99
"2011-02-14",9.55,9.63,9.46,9.6,7797900,9.04
"2011-02-15",9.57,9.77,9.56,9.65,14452800,9.09
"2011-02-16",9.63,9.7,9.52,9.55,10678500,9
"2011-02-17",9.54,9.57,9.41,9.44,9128700,8.89
"2011-02-18",9.44,9.69,9.41,9.53,21286000,8.98
"2011-02-22",9.39,9.44,9.15,9.21,15346200,8.68
"2011-02-23",9.18,9.35,9.06,9.19,17125600,8.66
"2011-02-24",9.17,9.31,8.96,9.04,24449700,8.52
"2011-02-25",9.18,9.38,9.14,9.29,9977400,8.76
"2011-02-28",9.33,9.39,9.09,9.14,11718600,8.62
"2011-03-01",9.2,9.2,8.9,8.95,11754600,8.44
"2011-03-02",8.94,9.16,8.91,9.04,13236900,8.52
"2011-03-03",9.32,9.43,9.24,9.34,17595100,8.81
"2011-03-04",9.28,9.32,9.06,9.26,18027900,8.73
"2011-03-07",9.24,9.32,9.17,9.27,13006300,8.74
"2011-03-08",9.3,9.43,9.25,9.31,13051400,8.78
"2011-03-09",9.31,9.5,9.3,9.38,11637700,8.85
"2011-03-10",9.28,9.28,8.96,9,18543400,8.49
"2011-03-11",8.96,9.22,8.96,9.08,15346000,8.56
"2011-03-14",9.01,9.08,8.84,8.97,11644400,8.46
"2011-03-15",8.66,8.89,8.62,8.82,12656400,8.32
"2011-03-16",8.8,8.91,8.63,8.65,14936500,8.16
"2011-03-17",8.78,8.86,8.58,8.85,11210700,8.35
"2011-03-18",8.99,9.43,8.86,8.92,39288800,8.41
"2011-03-21",8.98,9.04,8.67,8.7,88248000,8.2
"2011-03-22",8.81,8.81,8.61,8.69,26516600,8.19
"2011-03-23",8.66,8.69,8.48,8.59,17392500,8.1
"2011-03-24",8.7,8.7,8.46,8.66,17017100,8.17
"2011-03-25",8.69,8.76,8.57,8.72,14829100,8.22
"2011-03-28",8.72,8.78,8.6,8.76,12613200,8.26
"2011-03-29",8.72,8.78,8.67,8.74,11297100,8.24
"2011-03-30",8.79,8.96,8.76,8.93,25105700,8.42
"2011-03-31",8.84,8.93,8.82,8.88,15658400,8.37
"2011-04-01",8.9,9.05,8.9,8.95,13351100,8.44
"2011-04-04",9,9.1,8.86,8.92,12624700,8.41
"2011-04-05",8.93,8.95,8.83,8.86,8452900,8.35
"2011-04-06",8.93,9,8.81,8.98,11180900,8.47
"2011-04-07",8.96,9.04,8.88,8.93,12259200,8.42
"2011-04-08",9.01,9.03,8.81,8.87,10888000,8.36
"2011-04-11",8.86,8.94,8.79,8.83,11657500,8.33
"2011-04-12",8.73,8.83,8.71,8.77,13532800,8.27
"2011-04-13",8.83,8.9,8.8,8.85,20871200,8.35
"2011-04-14",8.81,8.84,8.72,8.75,9732700,8.25
"2011-04-15",8.83,8.89,8.74,8.82,12947300,8.32
"2011-04-18",8.6,8.75,8.36,8.59,24904800,8.1
"2011-04-19",8.63,8.63,8.35,8.39,16652500,7.91
"2011-04-20",8.52,8.56,8.28,8.35,13788400,7.87
"2011-04-21",8.42,8.42,8.27,8.35,14341700,7.87
"2011-04-25",8.37,8.45,8.37,8.41,6540100,7.93
"2011-04-26",8.46,8.58,8.37,8.54,10800000,8.05
"2011-04-27",8.51,8.71,8.51,8.65,20093100,8.16
"2011-04-28",8.62,8.72,8.6,8.68,10696500,8.19
"2011-04-29",8.67,8.79,8.67,8.67,11969700,8.18
"2011-05-02",8.74,8.81,8.66,8.71,9355100,8.21
"2011-05-03",8.73,8.84,8.62,8.82,17263900,8.32
"2011-05-04",8.8,8.8,8.6,8.63,14554000,8.14
"2011-05-05",8.58,8.64,8.47,8.5,7368500,8.02
"2011-05-06",8.63,8.66,8.41,8.53,12789000,8.04
"2011-05-09",8.52,8.56,8.48,8.48,11325400,8
"2011-05-10",8.51,8.64,8.48,8.59,9856300,8.1
"2011-05-11",8.54,8.63,8.5,8.54,8938900,8.05
"2011-05-12",8.54,8.58,8.4,8.53,12579000,8.04
"2011-05-13",8.47,8.53,8.25,8.27,18118700,7.8
"2011-05-16",8.27,8.52,8.26,8.42,14616400,7.94
"2011-05-17",8.37,8.54,8.37,8.52,12383700,8.03
"2011-05-18",8.51,8.57,8.45,8.56,8591800,8.07
"2011-05-19",8.6,8.64,8.51,8.59,7481800,8.1
"2011-05-20",8.59,8.61,8.39,8.4,11048200,7.92
"2011-05-23",8.29,8.36,8.25,8.27,9275000,7.8
"2011-05-24",8.29,8.35,8.25,8.31,8493600,7.84
"2011-05-25",8.34,8.43,8.28,8.34,7521000,7.86
"2011-05-26",8.32,8.35,8.25,8.3,6931600,7.86
"2011-05-27",8.34,8.47,8.32,8.45,6065100,8
"2011-05-31",8.54,8.56,8.37,8.47,9224000,8.02
"2011-06-01",8.41,8.45,8.16,8.18,11035800,7.74
"2011-06-02",8.16,8.28,8.08,8.23,13190100,7.79
"2011-06-03",8.09,8.21,8.02,8.06,11740700,7.63
"2011-06-06",8.06,8.09,7.9,7.93,13466600,7.5
"2011-06-07",8.07,8.16,7.94,7.94,12512500,7.51
"2011-06-08",7.89,8.08,7.88,7.98,10606100,7.55
"2011-06-09",8,8.19,7.95,8.13,12096300,7.69
"2011-06-10",8.07,8.12,7.86,8.01,17083800,7.58
"2011-06-13",8,8.08,7.93,8,15778300,7.57
"2011-06-14",8.1,8.2,8.04,8.11,15663200,7.68
"2011-06-15",8.03,8.11,7.98,8.05,15294500,7.62
"2011-06-16",8.05,8.16,8,8.08,11769400,7.65
"2011-06-17",8.15,8.31,8.11,8.3,18515700,7.86
"2011-06-20",8.29,8.34,8.16,8.2,11255300,7.76
"2011-06-21",8.27,8.35,8.19,8.26,9177800,7.82
"2011-06-22",8.25,8.35,8.18,8.18,10074300,7.74
"2011-06-23",8.06,8.16,8.01,8.09,11991900,7.66
"2011-06-24",8.09,8.12,7.82,7.93,15199600,7.5
"2011-06-27",7.97,8.12,7.89,8.08,8860000,7.65
"2011-06-28",8.11,8.11,7.98,8.1,8815200,7.67
"2011-06-29",8.16,8.31,8.07,8.29,9708700,7.85
"2011-06-30",8.31,8.39,8.27,8.33,9712700,7.88
"2011-07-01",8.34,8.48,8.33,8.44,10214000,7.99
"2011-07-05",8.37,8.37,8.21,8.3,9708700,7.86
"2011-07-06",8.27,8.27,8.16,8.24,8991800,7.8
"2011-07-07",8.33,8.46,8.3,8.38,9029600,7.93
"2011-07-08",8.23,8.35,8.19,8.26,11636600,7.82
"2011-07-11",8.1,8.17,7.99,8.01,11969600,7.58
"2011-07-12",8.02,8.18,7.97,8.01,12539900,7.58
"2011-07-13",8.06,8.23,8.04,8.09,12198200,7.66
"2011-07-14",8.15,8.16,7.95,7.96,9757100,7.53
"2011-07-15",8.02,8.03,7.86,7.93,9825600,7.5
"2011-07-18",7.94,7.95,7.69,7.73,11347100,7.32
"2011-07-19",7.93,8.16,7.8,8.06,22634400,7.63
"2011-07-20",8.18,8.38,8.13,8.27,20254100,7.83
"2011-07-21",8.31,8.47,8.24,8.4,17079400,7.95
"2011-07-22",8.37,8.46,8.23,8.41,11323600,7.96
"2011-07-25",8.27,8.48,8.27,8.41,14112500,7.96
"2011-07-26",8.4,8.42,8.23,8.31,9742900,7.86
"2011-07-27",8.27,8.37,8.09,8.1,16635900,7.67
"2011-07-28",8.1,8.29,8.06,8.07,14207700,7.64
"2011-07-29",7.96,8.12,7.87,8.04,15966900,7.61
"2011-08-01",8.17,8.2,7.95,8.11,14687600,7.68
"2011-08-02",8.03,8.1,7.85,7.86,16214700,7.44
"2011-08-03",7.85,7.97,7.66,7.92,19350100,7.5
"2011-08-04",7.78,7.87,7.49,7.5,17087800,7.1
"2011-08-05",7.64,7.65,7.19,7.25,22406900,6.86
"2011-08-08",6.93,7.23,6.45,6.5,24029700,6.15
"2011-08-09",6.65,6.93,6.37,6.92,19024700,6.55
"2011-08-10",6.77,6.77,6.16,6.2,31809600,5.87
"2011-08-11",6.35,6.79,6.26,6.7,19721600,6.34
"2011-08-12",6.82,6.91,6.38,6.43,19683300,6.09
"2011-08-15",6.52,6.84,6.52,6.81,11357400,6.44
"2011-08-16",6.71,6.8,6.57,6.68,12701700,6.32
"2011-08-17",6.76,6.87,6.56,6.69,13070200,6.33
"2011-08-18",6.48,6.49,6.19,6.25,19379500,5.91
"2011-08-19",6.12,6.29,5.98,6.01,15743600,5.69
"2011-08-22",6.2,6.24,5.98,6.05,14278200,5.73
"2011-08-23",6.06,6.35,5.94,6.35,14464000,6.01
"2011-08-24",6.33,6.54,6.27,6.46,15785100,6.11
"2011-08-25",6.67,6.83,6.27,6.35,20240900,6.01
"2011-08-26",6.3,6.51,6.14,6.42,13453000,6.1
"2011-08-29",6.51,6.76,6.51,6.75,10154200,6.42
"2011-08-30",6.71,6.72,6.5,6.57,12427100,6.25
"2011-08-31",6.62,6.74,6.53,6.64,8562800,6.31
"2011-09-01",6.61,6.69,6.39,6.44,12729900,6.12
"2011-09-02",6.28,6.39,6.22,6.24,12077500,5.93
"2011-09-06",6.07,6.23,6,6.11,13264600,5.81
"2011-09-07",6.24,6.64,6.21,6.64,12068100,6.31
"2011-09-08",6.58,6.67,6.31,6.42,14350500,6.1
"2011-09-09",6.33,6.39,6.1,6.12,14449800,5.82
"2011-09-12",6.03,6.38,6.02,6.3,17678600,5.99
"2011-09-13",6.34,6.54,6.29,6.35,9706700,6.04
"2011-09-14",6.4,6.53,6.25,6.47,14467400,6.15
"2011-09-15",6.55,6.6,6.45,6.54,13321400,6.22
"2011-09-16",6.55,6.59,6.4,6.53,12762500,6.21
"2011-09-19",6.37,6.4,6.23,6.32,10666900,6.01
"2011-09-20",6.36,6.47,6.29,6.34,8163500,6.03
"2011-09-21",6.32,6.38,5.91,5.93,17835500,5.64
"2011-09-22",5.72,5.86,5.63,5.79,19665600,5.51
"2011-09-23",5.74,5.89,5.63,5.71,17633100,5.43
"2011-09-26",5.83,6.08,5.78,6.07,17237800,5.77
"2011-09-27",6.32,6.36,5.97,6.02,24198600,5.72
"2011-09-28",6.03,6.07,5.79,5.79,15508300,5.51
"2011-09-29",5.97,6.23,5.87,6.23,27304300,5.92
"2011-09-30",6.14,6.22,5.92,5.93,15382600,5.64
"2011-10-03",5.73,6,5.72,5.72,17436300,5.44
"2011-10-04",5.6,6.03,5.59,6,22600000,5.71
"2011-10-05",5.93,6.18,5.89,6.09,14476500,5.79
"2011-10-06",6.12,6.56,6.04,6.55,27887200,6.23
"2011-10-07",6.57,6.59,6.11,6.16,14028700,5.86
"2011-10-10",6.32,6.47,6.27,6.47,12210500,6.15
"2011-10-11",6.43,6.66,6.3,6.6,14982000,6.28
"2011-10-12",6.66,6.97,6.63,6.76,17273500,6.43
"2011-10-13",6.64,6.69,6.37,6.56,21175500,6.24
"2011-10-14",6.65,6.7,6.3,6.51,17918800,6.19
"2011-10-17",6.42,6.52,6.21,6.23,12037500,5.92
"2011-10-18",6.29,6.75,6.24,6.64,17532200,6.31
"2011-10-19",6.65,6.76,6.31,6.37,22547300,6.06
"2011-10-20",6.43,6.89,6.34,6.81,24403800,6.48
"2011-10-21",6.92,7.05,6.87,6.95,23756700,6.61
"2011-10-24",7.07,7.23,6.98,7.17,16513100,6.82
"2011-10-25",7.04,7.15,6.91,6.94,16649900,6.6
"2011-10-26",7.13,7.31,7,7.28,21490000,6.92
"2011-10-27",7.63,7.74,7.24,7.48,30110700,7.11
"2011-10-28",7.53,7.53,7.19,7.33,18417300,6.97
"2011-10-31",7.15,7.36,7.06,7.06,15204000,6.71
"2011-11-01",6.77,7.12,6.63,6.83,24577300,6.49
"2011-11-02",7.02,7.19,6.95,7.15,15131100,6.8
"2011-11-03",7.25,7.44,7.03,7.36,17243600,7
"2011-11-04",7.27,7.36,7.09,7.33,16912500,6.97
"2011-11-07",7.3,7.53,7.28,7.39,12917000,7.03
"2011-11-08",7.44,7.57,7.35,7.54,13649600,7.17
"2011-11-09",7.3,7.35,7.07,7.09,16232100,6.74
"2011-11-10",7.22,7.32,7.1,7.25,13867700,6.89
"2011-11-11",7.37,7.52,7.35,7.47,9471300,7.1
"2011-11-14",7.39,7.41,7.16,7.22,10225800,6.87
"2011-11-15",7.17,7.4,7.15,7.3,9869000,6.94
"2011-11-16",7.27,7.51,7.22,7.24,12841300,6.88
"2011-11-17",7.22,7.45,7.1,7.14,15750800,6.79
"2011-11-18",7.22,7.24,7.07,7.08,14769300,6.73
"2011-11-21",6.97,7.07,6.85,6.85,20786700,6.51
"2011-11-22",6.82,6.88,6.67,6.77,17352500,6.44
"2011-11-23",6.68,6.86,6.64,6.67,17836400,6.34
"2011-11-25",6.62,6.85,6.6,6.67,3190500,6.37
"2011-11-28",6.92,6.97,6.7,6.82,10976100,6.51
"2011-11-29",6.85,7.05,6.77,6.96,14282300,6.65
"2011-11-30",7.19,7.32,7.08,7.29,20501200,6.96
"2011-12-01",7.21,7.31,7.1,7.22,9156300,6.9
"2011-12-02",7.3,7.41,7.16,7.2,17069100,6.88
"2011-12-05",7.32,7.49,7.28,7.41,12917400,7.08
"2011-12-06",7.35,7.39,7.21,7.33,9799000,7
"2011-12-07",7.27,7.46,7.2,7.41,7941500,7.08
"2011-12-08",7.35,7.35,7.16,7.19,14423100,6.87
"2011-12-09",7.27,7.42,7.22,7.38,8341400,7.05
"2011-12-12",7.28,7.31,7.1,7.22,9314000,6.9
"2011-12-13",7.3,7.35,7.05,7.14,10645400,6.82
"2011-12-14",7.07,7.22,7,7.11,11340300,6.79
"2011-12-15",7.21,7.26,7.11,7.12,9312600,6.8
"2011-12-16",7.17,7.3,7.14,7.18,11375000,6.86
"2011-12-19",7.17,7.21,7.03,7.14,12787300,6.82
"2011-12-20",7.25,7.44,7.21,7.37,11561400,7.04
"2011-12-21",7.38,7.54,7.31,7.54,14784400,7.2
"2011-12-22",7.58,7.78,7.56,7.73,11136300,7.38
"2011-12-23",7.8,7.89,7.65,7.78,9703500,7.43
"2011-12-27",7.79,7.79,7.67,7.73,4790000,7.38
"2011-12-28",7.73,7.74,7.59,7.63,5925000,7.29
"2011-12-29",7.64,7.79,7.61,7.77,6155600,7.42
"2011-12-30",7.78,7.78,7.67,7.69,6660400,7.35
"2012-01-03",7.84,8.02,7.75,7.77,13876100,7.42
"2012-01-04",7.74,7.89,7.67,7.81,10573300,7.46
"2012-01-05",7.77,8.08,7.68,8,14540500,7.64
"2012-01-06",7.99,8.04,7.83,7.98,10008900,7.62
"2012-01-09",8.03,8.04,7.91,7.99,11261700,7.63
"2012-01-10",8.11,8.15,7.97,8.14,14201400,7.78
"2012-01-11",8.08,8.23,7.97,8.2,13276200,7.83
"2012-01-12",8.23,8.28,8.06,8.22,16502200,7.85
"2012-01-13",8.12,8.34,7.98,8.32,13491400,7.95
"2012-01-17",8.38,8.44,8.16,8.21,13296100,7.84
"2012-01-18",8.19,8.37,8.12,8.31,12361400,7.94
"2012-01-19",8.35,8.36,8.19,8.3,16548200,7.93
"2012-01-20",8.24,8.3,8.07,8.3,13494200,7.93
"2012-01-23",8.32,8.36,8.04,8.11,16149600,7.75
"2012-01-24",8.06,8.27,7.99,8.13,26938700,7.77
"2012-01-25",8,8.27,7.98,8.24,19679800,7.87
"2012-01-26",8.25,8.27,7.78,7.88,23334400,7.53
"2012-01-27",7.82,8.05,7.79,8.01,19237000,7.65
"2012-01-30",7.92,7.94,7.77,7.85,12041700,7.5
"2012-01-31",7.88,7.92,7.74,7.77,19537000,7.42
"2012-02-01",7.94,7.96,7.78,7.85,17363200,7.5
"2012-02-02",7.87,7.98,7.81,7.94,10533800,7.58
"2012-02-03",8.04,8.25,8.03,8.24,14362100,7.87
"2012-02-06",8.21,8.24,8.12,8.13,7217600,7.77
"2012-02-07",8.1,8.14,8.07,8.07,15586400,7.71
"2012-02-08",8.12,8.2,8.03,8.17,8396100,7.8
"2012-02-09",8.2,8.2,8.05,8.09,8942200,7.73
"2012-02-10",7.99,8,7.9,7.94,10513300,7.58
"2012-02-13",8.05,8.1,8.01,8.09,9211700,7.73
"2012-02-14",8.06,8.09,7.9,7.96,10060200,7.6
"2012-02-15",7.97,8.03,7.86,7.88,11782900,7.53
"2012-02-16",7.87,8.01,7.83,7.99,12253400,7.63
"2012-02-17",8.03,8.13,8,8.12,9493700,7.76
"2012-02-21",8.16,8.17,8.01,8.07,7900200,7.71
"2012-02-22",8.06,8.07,7.87,7.89,9042700,7.54
"2012-02-23",7.87,8.06,7.8,8.06,13767600,7.7
"2012-02-24",8.06,8.16,8,8.06,10666800,7.73
"2012-02-27",8.02,8.2,7.97,8.13,13013200,7.79
"2012-02-28",8.16,8.28,8.09,8.27,15964500,7.93
"2012-02-29",8.28,8.3,8.02,8.1,23850800,7.77
"2012-03-01",8.15,8.24,8.06,8.09,16594700,7.76
"2012-03-02",8.08,8.13,7.94,7.98,12707700,7.65
"2012-03-05",7.95,8,7.77,7.81,14688000,7.49
"2012-03-06",7.7,7.74,7.6,7.62,12985700,7.31
"2012-03-07",7.7,7.86,7.67,7.79,9837100,7.47
"2012-03-08",7.87,7.95,7.74,7.94,9619200,7.61
"2012-03-09",7.94,8.11,7.91,8.02,9031400,7.69
"2012-03-12",8.02,8.03,7.83,7.88,10369600,7.55
"2012-03-13",7.98,8.36,7.93,8.26,24052000,7.92
"2012-03-14",8.32,8.55,8.26,8.49,27116600,8.14
"2012-03-15",8.55,8.64,8.45,8.54,17341700,8.19
"2012-03-16",8.59,8.68,8.4,8.54,19411100,8.19
"2012-03-19",8.62,8.82,8.55,8.66,15967900,8.3
"2012-03-20",8.59,8.72,8.51,8.69,13015400,8.33
"2012-03-21",8.69,8.71,8.53,8.57,11048000,8.22
"2012-03-22",8.46,8.49,8.26,8.35,16299200,8.01
"2012-03-23",8.32,8.38,8.21,8.36,11902100,8.02
"2012-03-26",8.44,8.5,8.37,8.46,12698100,8.11
"2012-03-27",8.47,8.48,8.33,8.36,15442000,8.02
"2012-03-28",8.36,8.49,8.32,8.48,12229400,8.13
"2012-03-29",8.4,8.49,8.34,8.48,12725500,8.13
"2012-03-30",8.53,8.53,8.31,8.5,12436000,8.15
"2012-04-02",8.39,8.54,8.29,8.48,12752300,8.13
"2012-04-03",8.46,8.49,8.25,8.38,19650400,8.03
"2012-04-04",8.28,8.35,8.18,8.28,18742200,7.94
"2012-04-05",8.32,8.42,8.24,8.27,11612800,7.93
"2012-04-09",8.13,8.17,8.05,8.15,9433900,7.81
"2012-04-10",8.12,8.18,8,8.02,16867600,7.69
"2012-04-11",8.12,8.29,8.07,8.29,14480400,7.95
"2012-04-12",8.29,8.44,8.22,8.35,18329200,8.01
"2012-04-13",8.33,8.33,7.97,7.97,25648000,7.64
"2012-04-16",8.03,8.17,7.96,8.04,18766000,7.71
"2012-04-17",8.15,8.23,8.09,8.16,18579100,7.82
"2012-04-18",8.11,8.22,7.96,7.99,24827700,7.66
"2012-04-19",8.04,8.12,7.82,7.91,36897100,7.58
"2012-04-20",8,8.01,7.76,7.87,22236300,7.55
"2012-04-23",7.75,7.97,7.72,7.88,13339000,7.55
"2012-04-24",7.9,8.08,7.89,8.03,16692700,7.7
"2012-04-25",8.14,8.19,7.99,8.09,11718900,7.76
"2012-04-26",8.06,8.17,8,8.16,11719700,7.82
"2012-04-27",8.17,8.2,8.05,8.11,11339400,7.78
"2012-04-30",8.05,8.1,7.96,8.04,9965500,7.71
"2012-05-01",8.02,8.25,8.02,8.16,12998200,7.82
"2012-05-02",8.11,8.11,8.01,8.02,10171000,7.69
"2012-05-03",8.04,8.09,7.96,7.99,16969400,7.66
"2012-05-04",7.98,7.99,7.77,7.82,11751600,7.5
"2012-05-07",7.77,7.97,7.77,7.92,8489300,7.59
"2012-05-08",7.85,7.96,7.8,7.91,11353800,7.58
"2012-05-09",7.8,7.91,7.74,7.87,16088900,7.55
"2012-05-10",7.97,8.09,7.87,7.89,11415000,7.56
"2012-05-11",7.8,7.95,7.71,7.89,10342100,7.56
"2012-05-14",7.76,7.83,7.64,7.67,13102200,7.35
"2012-05-15",7.66,7.75,7.56,7.6,12196500,7.29
"2012-05-16",7.63,7.72,7.51,7.51,10473100,7.2
"2012-05-17",7.51,7.59,7.38,7.4,13457400,7.09
"2012-05-18",7.49,7.52,7.36,7.41,14205200,7.1
"2012-05-21",7.42,7.54,7.38,7.45,11242700,7.14
"2012-05-22",7.46,7.63,7.45,7.51,10174000,7.2
"2012-05-23",7.46,7.61,7.41,7.58,11900000,7.27
"2012-05-24",7.59,7.62,7.45,7.54,11338300,7.28
"2012-05-25",7.56,7.61,7.46,7.5,12783200,7.24
"2012-05-29",7.64,7.65,7.53,7.61,7880800,7.34
"2012-05-30",7.55,7.56,7.4,7.43,11006000,7.17
"2012-05-31",7.41,7.58,7.36,7.5,10192200,7.24
"2012-06-01",7.34,7.35,7.06,7.14,17087300,6.89
"2012-06-04",7.15,7.16,6.8,6.89,23251800,6.65
"2012-06-05",6.86,7.02,6.83,6.9,17146300,6.66
"2012-06-06",6.98,7.16,6.93,7.13,13423700,6.88
"2012-06-07",7.25,7.31,7.13,7.15,12874000,6.9
"2012-06-08",7.13,7.29,7.06,7.28,8452400,7.03
"2012-06-11",7.36,7.39,7.03,7.06,11627500,6.81
"2012-06-12",7.08,7.18,7,7.17,10209000,6.92
"2012-06-13",7.14,7.26,7.1,7.15,11522300,6.9
"2012-06-14",7.15,7.3,7.14,7.28,12213000,7.03
"2012-06-15",7.31,7.43,7.24,7.43,10001100,7.17
"2012-06-18",7.45,7.53,7.35,7.4,15034600,7.14
"2012-06-19",7.46,7.7,7.42,7.62,17007200,7.35
"2012-06-20",7.64,7.69,7.49,7.64,12898600,7.37
"2012-06-21",7.69,7.71,7.41,7.47,13898800,7.21
"2012-06-22",7.5,7.62,7.47,7.62,8945200,7.35
"2012-06-25",7.47,7.51,7.38,7.46,14324200,7.2
"2012-06-26",7.44,7.62,7.4,7.57,11737100,7.31
"2012-06-27",7.6,7.62,7.49,7.62,14798000,7.35
"2012-06-28",7.56,7.57,7.38,7.54,12843200,7.28
"2012-06-29",7.9,7.92,7.65,7.74,11135500,7.47
"2012-07-02",7.8,7.8,7.6,7.72,12227300,7.45
"2012-07-03",7.72,7.84,7.7,7.8,4752900,7.53
"2012-07-05",7.75,7.8,7.65,7.69,8112300,7.42
"2012-07-06",7.61,7.75,7.55,7.7,7807600,7.43
"2012-07-09",7.67,7.71,7.61,7.64,6468700,7.37
"2012-07-10",7.7,7.75,7.5,7.56,8505500,7.3
"2012-07-11",7.53,7.68,7.49,7.65,10500900,7.38
"2012-07-12",7.59,7.63,7.46,7.58,19349900,7.32
"2012-07-13",7.61,7.87,7.59,7.85,13519000,7.58
"2012-07-16",7.83,7.96,7.8,7.85,9806400,7.58
"2012-07-17",7.95,7.98,7.85,7.96,12787800,7.68
"2012-07-18",7.91,7.95,7.77,7.83,10146500,7.56
"2012-07-19",7.9,8.07,7.8,7.91,27236800,7.63
"2012-07-20",7.91,8.03,7.84,7.89,17636100,7.61
"2012-07-23",7.73,7.83,7.71,7.77,13219800,7.5
"2012-07-24",7.77,7.86,7.71,7.85,20140000,7.58
"2012-07-25",7.9,7.96,7.85,7.89,10897800,7.61
"2012-07-26",8.04,8.09,7.93,8.06,12694200,7.78
"2012-07-27",8.14,8.23,8.05,8.18,11201800,7.89
"2012-07-30",8.15,8.18,8.05,8.06,6212200,7.78
"2012-07-31",8.09,8.1,7.97,7.98,7453100,7.7
"2012-08-01",8.03,8.09,7.96,7.97,9524800,7.69
"2012-08-02",7.94,8,7.82,7.93,15144600,7.65
"2012-08-03",8.05,8.26,8.03,8.24,14986000,7.95
"2012-08-06",8.25,8.3,8.22,8.23,11693200,7.94
"2012-08-07",8.26,8.33,8.23,8.25,7974600,7.96
"2012-08-08",8.2,8.36,8.19,8.34,8601600,8.05
"2012-08-09",8.29,8.35,8.27,8.33,8974300,8.04
"2012-08-10",8.26,8.34,8.25,8.34,7344400,8.05
"2012-08-13",8.31,8.34,8.23,8.25,6098900,7.96
"2012-08-14",8.35,8.38,8.19,8.22,9118000,7.93
"2012-08-15",8.23,8.28,8.16,8.23,8014900,7.94
"2012-08-16",8.23,8.37,8.23,8.33,14958500,8.04
"2012-08-17",8.38,8.4,8.34,8.36,14007500,8.07
"2012-08-20",8.32,8.39,8.3,8.35,18473700,8.06
"2012-08-21",8.36,8.45,8.32,8.33,9013900,8.04
"2012-08-22",8.32,8.42,8.3,8.34,8831500,8.05
"2012-08-23",8.33,8.4,8.3,8.34,11541000,8.05
"2012-08-24",8.28,8.38,8.24,8.35,6453900,8.11
"2012-08-27",8.4,8.4,8.28,8.31,9038200,8.07
"2012-08-28",8.29,8.35,8.27,8.31,9655000,8.07
"2012-08-29",8.31,8.39,8.3,8.36,6197500,8.12
"2012-08-30",8.31,8.43,8.28,8.4,8580700,8.16
"2012-08-31",8.44,8.45,8.35,8.43,10818800,8.18
"2012-09-04",8.4,8.45,8.33,8.4,8779600,8.16
"2012-09-05",8.38,8.4,8.3,8.31,8585900,8.07
"2012-09-06",8.39,8.56,8.37,8.51,18833500,8.26
"2012-09-07",8.57,8.73,8.54,8.61,17869100,8.36
"2012-09-10",8.57,8.72,8.55,8.63,12866600,8.38
"2012-09-11",8.63,8.69,8.58,8.65,9666500,8.4
"2012-09-12",8.68,8.74,8.63,8.69,8673900,8.44
"2012-09-13",8.69,8.87,8.6,8.83,14060200,8.57
"2012-09-14",8.87,9.08,8.87,9.04,27297000,8.78
"2012-09-17",9.05,9.06,8.9,8.91,14593200,8.65
"2012-09-18",8.9,8.92,8.85,8.89,12330400,8.63
"2012-09-19",8.94,9.09,8.89,9.04,15124400,8.78
"2012-09-20",8.99,9,8.86,8.98,12817700,8.72
"2012-09-21",9.1,9.12,8.91,8.91,10001400,8.65
"2012-09-24",8.9,9,8.85,8.92,11983200,8.66
"2012-09-25",8.96,8.99,8.77,8.77,11660700,8.52
"2012-09-26",8.8,8.83,8.7,8.7,9969300,8.45
"2012-09-27",8.77,8.89,8.72,8.81,6868100,8.55
"2012-09-28",8.78,8.82,8.72,8.74,13587300,8.49
"2012-10-01",8.78,8.88,8.7,8.71,10037500,8.46
"2012-10-02",8.77,8.8,8.65,8.69,12329700,8.44
"2012-10-03",8.73,8.8,8.68,8.75,20500200,8.5
"2012-10-04",8.78,8.91,8.77,8.91,13375400,8.65
"2012-10-05",8.98,9.01,8.85,8.88,9677100,8.62
"2012-10-08",8.79,8.85,8.68,8.75,13095000,8.5
"2012-10-09",8.76,8.77,8.61,8.61,11486600,8.36
"2012-10-10",8.64,8.68,8.52,8.59,11191000,8.34
"2012-10-11",8.68,8.7,8.61,8.63,13164500,8.38
"2012-10-12",8.58,8.58,8.25,8.33,23431200,8.09
"2012-10-15",8.41,8.42,8.27,8.35,17542400,8.11
"2012-10-16",8.37,8.4,8.18,8.26,19459100,8.02
"2012-10-17",8.29,8.45,8.26,8.41,21036600,8.17
"2012-10-18",8.85,8.97,8.71,8.78,41255800,8.52
"2012-10-19",8.76,8.8,8.67,8.74,13559500,8.49
"2012-10-22",8.66,8.75,8.44,8.6,16501000,8.35
"2012-10-23",8.49,8.57,8.42,8.43,20077800,8.18
"2012-10-24",8.5,8.56,8.4,8.41,8345400,8.17
"2012-10-25",8.48,8.55,8.38,8.53,10599000,8.28
"2012-10-26",8.51,8.54,8.35,8.39,12780000,8.15
"2012-10-31",8.42,8.51,8.35,8.42,8046800,8.18
"2012-11-01",8.42,8.51,8.37,8.5,7366100,8.25
"2012-11-02",8.56,8.57,8.35,8.37,14143300,8.13
"2012-11-05",8.33,8.47,8.24,8.46,15334600,8.21
"2012-11-06",8.49,8.64,8.45,8.59,12223600,8.34
"2012-11-07",8.45,8.5,8.25,8.29,19228100,8.05
"2012-11-08",8.3,8.44,8.25,8.25,10803100,8.01
"2012-11-09",8.23,8.41,8.21,8.29,10897100,8.05
"2012-11-12",8.31,8.36,8.27,8.29,5536000,8.05
"2012-11-13",8.24,8.38,8.16,8.17,11135900,7.93
"2012-11-14",8.2,8.26,8.01,8.04,10836500,7.81
"2012-11-15",8,8.13,7.97,8.01,10455700,7.78
"2012-11-16",8.04,8.12,7.96,8.03,14468300,7.8
"2012-11-19",8.18,8.27,8.15,8.17,11547100,7.93
"2012-11-20",8.2,8.36,8.14,8.36,10555700,8.12
"2012-11-21",8.37,8.38,8.28,8.34,6875800,8.1
"2012-11-23",8.33,8.45,8.3,8.45,2214700,8.25
"2012-11-26",8.39,8.48,8.3,8.48,9714800,8.28
"2012-11-27",8.43,8.46,8.23,8.23,13689000,8.04
"2012-11-28",8.19,8.22,8.05,8.18,22054400,7.99
"2012-11-29",8.23,8.28,8.08,8.12,14010700,7.93
"2012-11-30",8.14,8.16,8.03,8.08,13364400,7.89
"2012-12-03",8.15,8.16,7.98,7.99,17218500,7.8
"2012-12-04",8,8.04,7.81,7.9,17498200,7.72
"2012-12-05",7.94,7.98,7.82,7.92,14298100,7.74
"2012-12-06",7.9,7.96,7.86,7.93,17072600,7.75
"2012-12-07",7.95,8.12,7.93,8.11,13095000,7.92
"2012-12-10",8.06,8.19,8.03,8.15,13956600,7.96
"2012-12-11",8.19,8.26,8.18,8.23,10442400,8.04
"2012-12-12",8.26,8.38,8.15,8.2,22134400,8.01
"2012-12-13",8.21,8.23,8.1,8.14,12977600,7.95
"2012-12-14",8.15,8.18,8.11,8.14,6573600,7.95
"2012-12-17",8.18,8.4,8.16,8.39,10725500,8.2
"2012-12-18",8.49,8.55,8.41,8.53,16314900,8.33
"2012-12-19",8.56,8.57,8.45,8.45,8763100,8.25
"2012-12-20",8.45,8.56,8.45,8.56,8435700,8.36
"2012-12-21",8.44,8.5,8.37,8.44,12458400,8.24
"2012-12-24",8.48,8.48,8.39,8.44,2053300,8.24
"2012-12-26",8.45,8.52,8.41,8.45,5225300,8.25
"2012-12-27",8.47,8.51,8.27,8.42,7912200,8.22
"2012-12-28",8.34,8.43,8.32,8.35,5320900,8.16
"2012-12-31",8.29,8.44,8.29,8.42,6170000,8.22
"2013-01-02",8.62,8.79,8.57,8.78,12731000,8.58
"2013-01-03",8.75,8.86,8.72,8.84,14056000,8.63
"2013-01-04",8.69,8.97,8.63,8.95,21197200,8.74
"2013-01-07",8.91,8.99,8.86,8.97,20213100,8.76
"2013-01-08",9,9,8.9,8.96,36449200,8.75
"2013-01-09",9.03,9.1,8.85,8.9,23183500,8.69
"2013-01-10",8.94,8.98,8.87,8.94,19681300,8.73
"2013-01-11",8.92,8.94,8.78,8.84,13687000,8.63
"2013-01-14",8.94,8.95,8.82,8.87,12311200,8.66
"2013-01-15",8.85,8.99,8.82,8.97,12164600,8.76
"2013-01-16",8.98,9.15,8.95,9.15,17903400,8.94
"2013-01-17",9.15,9.36,9.13,9.34,28365100,9.12
"2013-01-18",9.39,9.4,9.23,9.28,20243400,9.06
"2013-01-22",9.28,9.37,9.23,9.36,15889700,9.14
"2013-01-23",9.44,9.5,9.21,9.3,24965500,9.08
"2013-01-24",9.04,9.33,8.99,9.24,45937200,9.03
"2013-01-25",9.26,9.3,9.14,9.29,16194800,9.07
"2013-01-28",9.27,9.27,9.16,9.2,8380600,8.99
"2013-01-29",9.16,9.28,9.16,9.26,11519200,9.05
"2013-01-30",9.27,9.43,9.23,9.38,13746600,9.16
"2013-01-31",9.27,9.41,9.25,9.4,16540200,9.18
"2013-02-01",9.47,9.57,9.38,9.47,14309600,9.25
"2013-02-04",9.38,9.43,9.32,9.37,8851700,9.15
"2013-02-05",9.41,9.55,9.38,9.49,14566500,9.27
"2013-02-06",9.4,9.55,9.38,9.53,9842500,9.31
"2013-02-07",9.53,9.56,9.44,9.5,7877600,9.28
"2013-02-08",9.5,9.6,9.48,9.57,7594400,9.35
"2013-02-11",9.51,9.56,9.46,9.48,10758400,9.26
"2013-02-12",9.52,9.55,9.45,9.53,8900700,9.31
"2013-02-13",9.55,9.55,9.45,9.45,11420000,9.23
"2013-02-14",9.45,9.53,9.44,9.48,9224800,9.26
"2013-02-15",9.53,9.56,9.39,9.48,9585900,9.26
"2013-02-19",9.5,9.64,9.47,9.58,11510500,9.36
"2013-02-20",9.54,9.56,9.34,9.35,11414200,9.13
"2013-02-21",9.35,9.41,9.26,9.34,15916100,9.12
"2013-02-22",9.4,9.52,9.39,9.51,8584700,9.29
"2013-02-25",9.55,9.6,9.22,9.24,20192300,9.03
"2013-02-26",9.31,9.33,9.14,9.24,20370900,9.03
"2013-02-27",9.24,9.39,9.23,9.38,12618000,9.16
"2013-02-28",9.39,9.48,9.3,9.39,11901200,9.17
"2013-03-01",9.26,9.4,9.2,9.33,10548200,9.16
"2013-03-04",9.32,9.5,9.3,9.49,15460700,9.32
"2013-03-05",9.53,9.63,9.49,9.52,15312000,9.35
"2013-03-06",9.58,9.75,9.56,9.66,16675800,9.49
"2013-03-07",9.79,9.95,9.76,9.92,28278900,9.74
"2013-03-08",10.03,10.03,9.8,9.86,23450900,9.68
"2013-03-11",9.88,9.95,9.83,9.91,14516700,9.73
"2013-03-12",9.91,9.91,9.79,9.86,11780200,9.68
"2013-03-13",9.86,10.02,9.84,10,13891800,9.82
"2013-03-14",10.04,10.05,9.89,10,11158200,9.82
"2013-03-15",9.99,10.14,9.92,10.11,19671800,9.93
"2013-03-18",9.96,10.15,9.94,10.11,11376800,9.93
"2013-03-19",10.15,10.16,9.97,10.07,14949200,9.89
"2013-03-20",10.14,10.19,10.11,10.15,10090200,9.97
"2013-03-21",10.11,10.14,10,10.02,8109400,9.84
"2013-03-22",10.06,10.07,10,10.05,6755700,9.87
"2013-03-25",10.1,10.11,9.95,9.97,8408000,9.79
"2013-03-26",10.01,10.1,9.95,10.09,9170300,9.91
"2013-03-27",10.02,10.04,9.94,10.04,6768700,9.86
"2013-03-28",10.01,10.1,9.88,9.96,11449300,9.78
"2013-04-01",9.92,9.94,9.75,9.82,9236100,9.64
"2013-04-02",9.85,9.85,9.71,9.75,7406800,9.57
"2013-04-03",9.74,9.75,9.54,9.59,10510100,9.42
"2013-04-04",9.59,9.72,9.57,9.71,9830700,9.54
"2013-04-05",9.57,9.69,9.44,9.66,16508900,9.49
"2013-04-08",9.64,9.81,9.56,9.81,8160700,9.63
"2013-04-09",9.82,9.9,9.76,9.85,6669800,9.67
"2013-04-10",9.91,10.04,9.87,10.03,9333800,9.85
"2013-04-11",10.04,10.26,9.94,10.03,23954600,9.85
"2013-04-12",9.95,10.03,9.83,9.84,14374000,9.66
"2013-04-15",9.8,9.83,9.55,9.55,12563800,9.38
"2013-04-16",9.7,9.7,9.54,9.65,13121100,9.48
"2013-04-17",9.58,9.64,9.46,9.53,13926500,9.36
"2013-04-18",9.53,9.59,9.29,9.33,21239300,9.16
"2013-04-19",9.37,9.45,9.29,9.41,9342100,9.24
"2013-04-22",9.39,9.54,9.3,9.44,8021200,9.27
"2013-04-23",9.48,9.65,9.48,9.59,9836700,9.42
"2013-04-24",9.58,9.75,9.58,9.73,6476400,9.56
"2013-04-25",9.76,9.9,9.76,9.83,6502200,9.65
"2013-04-26",9.83,9.9,9.72,9.8,7818500,9.62
"2013-04-29",9.82,9.99,9.82,9.91,9326300,9.73
"2013-04-30",9.84,10,9.79,9.97,13377400,9.79
"2013-05-01",9.95,10,9.87,9.88,7669300,9.7
"2013-05-02",9.89,9.98,9.84,9.92,8496400,9.74
"2013-05-03",9.98,10.11,9.98,10.03,7671200,9.85
"2013-05-06",10.05,10.15,10.01,10.14,6755200,9.96
"2013-05-07",10.18,10.24,10.1,10.23,8867200,10.05
"2013-05-08",10.21,10.38,10.16,10.35,7821300,10.16
"2013-05-09",10.33,10.37,10.25,10.29,5453100,10.1
"2013-05-10",10.31,10.36,10.24,10.3,6029300,10.11
"2013-05-13",10.29,10.43,10.27,10.35,5657500,10.16
"2013-05-14",10.36,10.55,10.35,10.55,8534900,10.36
"2013-05-15",10.5,10.72,10.42,10.63,12296200,10.44
"2013-05-16",10.63,10.72,10.56,10.57,9375500,10.38
"2013-05-17",10.66,10.85,10.63,10.8,9686200,10.61
"2013-05-20",10.77,10.93,10.76,10.85,8770500,10.65
"2013-05-21",10.87,10.95,10.82,10.86,6393500,10.66
"2013-05-22",10.85,11,10.65,10.69,12546600,10.5
"2013-05-23",10.48,10.69,10.44,10.63,8596300,10.49
"2013-05-24",10.55,10.67,10.53,10.66,6965800,10.52
"2013-05-28",10.78,10.85,10.66,10.74,9827000,10.6
"2013-05-29",10.66,10.82,10.57,10.72,11826700,10.58
"2013-05-30",10.75,10.94,10.74,10.85,11078600,10.71
"2013-05-31",10.83,10.89,10.75,10.78,12452100,10.64
"2013-06-03",10.8,10.89,10.62,10.77,8357700,10.63
"2013-06-04",10.76,10.89,10.65,10.67,6664500,10.53
"2013-06-05",10.64,10.71,10.48,10.48,8710000,10.34
"2013-06-06",10.46,10.6,10.4,10.59,8491500,10.45
"2013-06-07",10.69,10.89,10.62,10.86,12458600,10.72
"2013-06-10",10.87,11.06,10.84,10.99,15392700,10.85
"2013-06-11",10.89,10.94,10.74,10.74,10677600,10.6
"2013-06-12",10.81,10.84,10.48,10.48,11838600,10.34
"2013-06-13",10.48,10.69,10.41,10.68,9976400,10.54
"2013-06-14",10.65,10.66,10.31,10.41,11455800,10.28
"2013-06-17",10.47,10.5,10.35,10.42,8790600,10.29
"2013-06-18",10.39,10.59,10.36,10.5,10058500,10.36
"2013-06-19",10.48,10.52,10.38,10.41,10232800,10.28
"2013-06-20",10.32,10.65,10.24,10.37,26917100,10.24
"2013-06-21",10.49,10.62,10.35,10.54,17504700,10.4
"2013-06-24",10.4,10.56,10.32,10.44,13526100,10.31
"2013-06-25",10.54,10.75,10.48,10.72,11264500,10.58
"2013-06-26",10.97,10.97,10.78,10.88,13099200,10.74
"2013-06-27",10.98,11.09,10.91,11.08,9505900,10.94
"2013-06-28",11.04,11.09,10.91,11.04,10049300,10.9
"2013-07-01",11.07,11.4,11.06,11.24,12289900,11.09
"2013-07-02",11.24,11.49,11.21,11.4,12127100,11.25
"2013-07-03",11.33,11.46,11.29,11.43,5205100,11.28
"2013-07-05",11.53,12,11.53,12,14123700,11.85
"2013-07-08",12.06,12.13,11.89,11.91,11242700,11.76
"2013-07-09",11.99,12.01,11.81,11.88,13754900,11.73
"2013-07-10",11.87,11.91,11.68,11.79,10235700,11.64
"2013-07-11",11.96,11.96,11.51,11.57,14680700,11.42
"2013-07-12",11.61,11.8,11.58,11.79,8326000,11.64
"2013-07-15",11.84,11.91,11.76,11.76,6755000,11.61
"2013-07-16",11.78,11.79,11.42,11.55,9893600,11.4
"2013-07-17",11.58,11.72,11.55,11.66,10480000,11.51
"2013-07-18",11.51,12,11.44,11.83,17963200,11.68
"2013-07-19",11.86,12.08,11.84,12.04,13276000,11.88
"2013-07-22",12.09,12.38,12.03,12.37,13419300,12.21
"2013-07-23",12.41,12.42,12.22,12.29,12564200,12.13
"2013-07-24",12.35,12.44,12.26,12.37,10783300,12.21
"2013-07-25",12.34,12.5,12.26,12.36,13390000,12.2
"2013-07-26",12.24,12.41,12.24,12.4,9504900,12.24
"2013-07-29",12.38,12.4,12.12,12.17,8190000,12.01
"2013-07-30",12.2,12.29,12.11,12.2,8846900,12.04
"2013-07-31",12.23,12.42,12.22,12.28,9988600,12.12
"2013-08-01",12.39,12.63,12.38,12.59,10958600,12.43
"2013-08-02",12.58,12.62,12.44,12.55,8399200,12.39
"2013-08-05",12.5,12.6,12.44,12.52,5512600,12.36
"2013-08-06",12.5,12.56,12.31,12.38,10914200,12.22
"2013-08-07",12.33,12.34,12.12,12.18,11202000,12.02
"2013-08-08",12.28,12.37,12.14,12.29,11611300,12.13
"2013-08-09",12.28,12.37,12.19,12.23,7821700,12.07
"2013-08-12",12.16,12.25,12.09,12.18,7037000,12.02
"2013-08-13",12.21,12.37,12.1,12.28,9871900,12.12
"2013-08-14",12.27,12.36,12.21,12.29,8684700,12.13
"2013-08-15",12.18,12.18,11.99,12.08,9610800,11.92
"2013-08-16",12.09,12.32,12.05,12.16,7813800,12
"2013-08-19",12.14,12.14,11.99,11.99,7898400,11.84
"2013-08-20",12.01,12.23,11.89,12.16,12509900,12
"2013-08-21",12.12,12.22,12,12.09,9717800,11.93
"2013-08-22",12.14,12.37,12.1,12.35,8280700,12.19
"2013-08-23",12.37,12.4,12.14,12.2,6664800,12.1
"2013-08-26",12.18,12.26,12.08,12.11,7981900,12.01
"2013-08-27",11.96,11.96,11.61,11.65,11644400,11.55
"2013-08-28",11.57,11.83,11.51,11.69,10637000,11.59
"2013-08-29",11.71,11.87,11.68,11.79,9339600,11.69
"2013-08-30",11.79,11.8,11.54,11.67,12161600,11.57
"2013-09-03",11.79,11.97,11.62,11.68,9695300,11.58
"2013-09-04",11.66,11.8,11.58,11.68,14743300,11.58
"2013-09-05",11.7,11.94,11.69,11.84,10870700,11.74
"2013-09-06",11.97,11.99,11.73,11.9,14096700,11.8
"2013-09-09",11.95,12,11.78,11.99,9090300,11.89
"2013-09-10",12.08,12.15,12.03,12.14,9438800,12.04
"2013-09-11",12.11,12.2,11.97,12.06,7270500,11.96
"2013-09-12",12.06,12.09,11.93,11.97,6762400,11.87
"2013-09-13",11.97,12.02,11.88,11.97,4549900,11.87
"2013-09-16",12.11,12.13,12,12.05,6656900,11.95
"2013-09-17",12.07,12.15,12.02,12.12,5503000,12.02
"2013-09-18",12.13,12.24,12.04,12.07,8736500,11.97
"2013-09-19",12.11,12.11,11.53,11.6,21310500,11.5
"2013-09-20",11.57,11.64,11.4,11.57,23121500,11.47
"2013-09-23",11.5,11.55,11.28,11.37,14450400,11.27
"2013-09-24",11.33,11.5,11.22,11.42,13479300,11.32
"2013-09-25",11.44,11.57,11.29,11.45,8266400,11.35
"2013-09-26",11.45,11.48,11.26,11.34,9182800,11.24
"2013-09-27",11.27,11.45,11.2,11.36,8777300,11.26
"2013-09-30",11.15,11.41,11.05,11.4,10269200,11.3
"2013-10-01",11.39,11.56,11.32,11.53,9437500,11.43
"2013-10-02",11.42,11.54,11.38,11.42,11051300,11.32
"2013-10-03",11.39,11.51,11.3,11.45,12828300,11.35
"2013-10-04",11.46,11.7,11.44,11.64,8576800,11.54
"2013-10-07",11.54,11.56,11.42,11.45,9129500,11.35
"2013-10-08",11.44,11.55,11.25,11.3,15804300,11.2
"2013-10-09",11.3,11.45,11.24,11.36,12837800,11.26
"2013-10-10",11.49,11.76,11.49,11.75,11410100,11.65
"2013-10-11",11.71,11.9,11.63,11.88,8228000,11.78
"2013-10-14",11.81,11.95,11.77,11.93,7848700,11.83
"2013-10-15",11.91,11.96,11.8,11.86,8655500,11.76
"2013-10-16",12.04,12.38,11.93,12.14,18312000,12.04
"2013-10-17",12.28,12.55,12.11,12.55,15742800,12.44
"2013-10-18",12.66,12.68,12.38,12.6,11807900,12.49
"2013-10-21",12.57,12.61,12.49,12.56,9270600,12.45
"2013-10-22",12.57,12.69,12.53,12.64,17891700,12.53
"2013-10-23",12.59,12.67,12.55,12.62,12569700,12.51
"2013-10-24",12.64,12.68,12.55,12.63,10623600,12.52
"2013-10-25",12.68,12.73,12.6,12.69,9771900,12.58
"2013-10-28",12.66,12.8,12.63,12.74,8856600,12.63
"2013-10-29",12.75,12.78,12.59,12.66,8936200,12.55
"2013-10-30",12.66,12.72,12.51,12.53,10594000,12.42
"2013-10-31",12.51,12.67,12.47,12.54,10740800,12.43
"2013-11-01",12.55,12.65,12.48,12.54,8735600,12.43
"2013-11-04",12.56,12.61,12.42,12.5,7881500,12.39
"2013-11-05",12.43,12.67,12.37,12.56,9539000,12.45
"2013-11-06",12.66,12.69,12.5,12.66,7547200,12.55
"2013-11-07",12.7,12.79,12.45,12.46,9429200,12.35
"2013-11-08",12.49,13.02,12.45,13.02,11085400,12.91
"2013-11-11",13.04,13.1,12.92,12.96,7800100,12.85
"2013-11-12",12.94,13.02,12.78,12.84,6170700,12.73
"2013-11-13",12.84,13,12.71,13,7876700,12.89
"2013-11-14",13.05,13.05,12.92,12.95,8046500,12.84
"2013-11-15",12.97,13,12.84,12.85,13326300,12.74
"2013-11-18",12.9,12.97,12.76,12.82,10672500,12.71
"2013-11-19",12.82,12.88,12.66,12.78,11454100,12.67
"2013-11-20",12.78,12.82,12.67,12.73,11582400,12.62
"2013-11-21",12.78,13.02,12.72,12.94,13325700,12.83
"2013-11-22",12.96,13.01,12.83,12.98,8200300,12.87
"2013-11-25",12.98,13.1,12.9,12.9,12891400,12.79
"2013-11-26",12.94,12.97,12.82,12.88,9086400,12.77
"2013-11-27",12.93,12.97,12.83,12.85,8167700,12.74
"2013-11-29",12.81,12.89,12.73,12.75,5186700,12.7
"2013-12-02",12.82,12.99,12.76,12.76,13154600,12.71
"2013-12-03",12.74,12.79,12.49,12.58,11969100,12.53
"2013-12-04",12.64,12.88,12.57,12.84,13335000,12.79
"2013-12-05",12.78,12.84,12.65,12.74,9917300,12.69
"2013-12-06",12.89,12.98,12.82,12.95,7483800,12.9
"2013-12-09",12.97,12.99,12.79,12.88,9458900,12.83
"2013-12-10",12.85,13.05,12.78,13,11700600,12.95
"2013-12-11",13.07,13.07,12.86,12.92,11461800,12.87
"2013-12-12",12.91,13.16,12.9,13.08,12911000,13.02
"2013-12-13",13.05,13.13,12.97,13.04,7091400,12.98
"2013-12-16",13.08,13.31,13.08,13.27,8312500,13.21
"2013-12-17",13.23,13.24,13.02,13.08,10929600,13.02
"2013-12-18",13.1,13.28,12.86,13.27,12504500,13.21
"2013-12-19",13.24,13.34,13.16,13.27,6718200,13.21
"2013-12-20",13.36,13.42,13.24,13.32,13165600,13.26
"2013-12-23",13.39,13.48,13.33,13.46,5040800,13.4
"2013-12-24",13.48,13.55,13.44,13.45,1957500,13.39
"2013-12-26",13.5,13.53,13.41,13.44,3039300,13.38
"2013-12-27",13.47,13.49,13.38,13.4,2506300,13.34
"2013-12-30",13.41,13.46,13.36,13.38,2991500,13.32
"2013-12-31",13.39,13.49,13.38,13.42,3652500,13.36
"2014-01-02",13.43,13.44,13.26,13.29,6353900,13.23
"2014-01-03",13.32,13.44,13.26,13.32,5570800,13.26
"2014-01-06",13.4,13.62,13.4,13.44,12965900,13.38
"2014-01-07",13.54,13.67,13.45,13.54,11581100,13.48
"2014-01-08",13.49,13.68,13.41,13.63,12565700,13.57
"2014-01-09",13.64,13.84,13.64,13.76,16899600,13.7
"2014-01-10",13.74,13.75,13.53,13.63,9479500,13.57
"2014-01-13",13.64,13.65,13.41,13.47,6563800,13.41
"2014-01-14",13.56,13.65,13.51,13.57,11503900,13.51
"2014-01-15",13.63,13.75,13.61,13.68,7548500,13.62
"2014-01-16",13.68,13.69,13.47,13.53,7824800,13.47
"2014-01-17",13.56,13.73,13.52,13.54,7584700,13.48
"2014-01-21",13.68,14.01,13.66,14.01,16871000,13.95
"2014-01-22",14.06,14.14,13.91,14.14,13922600,14.08
"2014-01-23",13.85,14,13.39,13.68,25810600,13.62
"2014-01-24",13.61,13.61,12.9,12.93,29808300,12.88
"2014-01-27",12.98,13.1,12.76,12.86,18336900,12.81
"2014-01-28",12.85,13.03,12.81,12.96,13179200,12.91
"2014-01-29",12.85,13.02,12.79,12.87,13728100,12.82
"2014-01-30",12.97,13,12.73,12.97,11891500,12.92
"2014-01-31",12.75,12.9,12.71,12.76,11633200,12.71
"2014-02-03",12.75,12.78,12.28,12.31,12920300,12.26
"2014-02-04",12.39,12.57,12.25,12.48,9689600,12.43
"2014-02-05",12.4,12.47,12.28,12.38,13708300,12.33
"2014-02-06",12.41,12.66,12.41,12.65,7244400,12.6
"2014-02-07",12.72,12.87,12.62,12.74,9321200,12.69
"2014-02-10",12.76,12.81,12.56,12.67,8234000,12.62
"2014-02-11",12.69,12.84,12.56,12.81,11112100,12.76
"2014-02-12",12.8,13.18,12.8,12.91,9327600,12.86
"2014-02-13",12.78,12.9,12.66,12.88,8505300,12.83
"2014-02-14",12.89,13.04,12.86,12.92,8688300,12.87
"2014-02-18",12.95,12.99,12.79,12.92,9199900,12.87
"2014-02-19",12.84,12.88,12.6,12.64,11036700,12.59
"2014-02-20",12.64,12.79,12.51,12.76,9387900,12.71
"2014-02-21",12.77,12.93,12.77,12.85,7328400,12.8
"2014-02-24",12.87,13.1,12.84,12.97,8096100,12.92
"2014-02-25",12.98,12.98,12.85,12.9,9095300,12.85
"2014-02-26",12.95,13.05,12.9,13.01,8020900,12.96
"2014-02-27",12.99,13.07,12.94,13.01,7004300,12.96
"2014-02-28",12.97,13.22,12.95,13.17,10416500,13.17
"2014-03-03",13.06,13.11,12.93,13.04,10157700,13.04
"2014-03-04",13.19,13.43,13.17,13.41,8153000,13.41
"2014-03-05",13.4,13.42,13.31,13.36,8694600,13.36
"2014-03-06",13.41,13.66,13.34,13.64,14969700,13.64
"2014-03-07",13.78,14.04,13.76,13.9,17784900,13.9
"2014-03-10",13.88,14.01,13.81,13.98,14354800,13.98
"2014-03-11",13.98,14.01,13.74,13.78,13018600,13.78
"2014-03-12",13.72,13.79,13.63,13.77,8601500,13.77
"2014-03-13",13.81,13.92,13.7,13.74,12366700,13.74
"2014-03-14",13.71,13.92,13.69,13.79,12983100,13.79
"2014-03-17",13.85,13.98,13.81,13.95,9095500,13.95
