"","LNC.Open","LNC.High","LNC.Low","LNC.Close","LNC.Volume","LNC.Adjusted"
"2007-01-03",66.65,67.25,66.15,66.5,1127200,59.39
"2007-01-04",66.05,66.29,65.7,65.96,946900,58.9
"2007-01-05",65.97,66.03,65,65.17,1523100,58.2
"2007-01-08",64.6,64.96,64.29,64.85,1041400,58.27
"2007-01-09",65.28,65.47,64.83,65.31,1011200,58.68
"2007-01-10",65.31,65.7,64.77,65.6,606800,58.94
"2007-01-11",65.8,66.42,65.78,66.18,1077400,59.46
"2007-01-12",65.98,66.28,65.54,65.9,960000,59.21
"2007-01-16",66.07,66.29,65.85,66.06,566100,59.35
"2007-01-17",66.99,66.99,66.21,66.6,1200800,59.84
"2007-01-18",66.71,67.13,66.36,66.41,1014400,59.67
"2007-01-19",66.71,67,66.35,66.35,887600,59.61
"2007-01-22",66.3,66.33,65.56,65.98,1197400,59.28
"2007-01-23",66,66.33,65.63,66.05,795300,59.34
"2007-01-24",66.03,66.95,65.98,66.76,1515800,59.98
"2007-01-25",66.76,66.76,65.32,65.42,838700,58.78
"2007-01-26",65.43,65.83,65.14,65.69,779100,59.02
"2007-01-29",65.69,66.27,65.26,65.86,737300,59.17
"2007-01-30",65.9,66.67,65.9,66.64,941900,59.88
"2007-01-31",66.8,67.51,66.36,67.14,1158400,60.32
"2007-02-01",67.18,68.11,67,68.01,1384600,61.11
"2007-02-02",68.33,68.58,68.11,68.29,1094400,61.36
"2007-02-05",68.34,68.53,68,68.11,657700,61.2
"2007-02-06",68.61,68.89,68.33,68.4,1091700,61.46
"2007-02-07",69.85,71.18,69.13,70.42,2221900,63.27
"2007-02-08",70.42,70.51,69.74,70,910300,62.89
"2007-02-09",70,70.38,68.71,69.05,1347500,62.04
"2007-02-12",69.15,69.55,68.26,68.95,1353000,61.95
"2007-02-13",68.99,70.25,68.95,70.25,1108400,63.12
"2007-02-14",70.04,70.89,70,70.86,831200,63.67
"2007-02-15",71.09,71.09,70.32,70.35,776200,63.21
"2007-02-16",70.1,70.94,70.1,70.79,863300,63.6
"2007-02-20",70.4,70.99,70.3,70.72,659000,63.54
"2007-02-21",70.73,70.77,70.07,70.3,840700,63.16
"2007-02-22",70.55,70.81,70.3,70.66,618500,63.49
"2007-02-23",70.66,71.18,69.79,70.47,1194800,63.32
"2007-02-26",70.95,70.95,69.79,70.18,647000,63.06
"2007-02-27",70,70,65.69,66.85,2104700,60.06
"2007-02-28",66.89,68.38,66.85,68.23,2069000,61.3
"2007-03-01",67.6,68.49,66.97,68.17,1816800,61.25
"2007-03-02",68.18,68.28,67.58,67.66,1192600,60.79
"2007-03-05",67.35,67.95,67.08,67.19,1288500,60.37
"2007-03-06",67.44,67.82,66.9,67.67,1464200,60.8
"2007-03-07",67.42,67.69,67.02,67.08,1571400,60.27
"2007-03-08",67.43,67.65,67.1,67.28,891300,60.45
"2007-03-09",67.56,68,67.37,67.86,1024500,60.97
"2007-03-12",67.6,67.88,67.06,67.67,999200,60.8
"2007-03-13",67.21,67.34,65.74,65.74,2107200,59.07
"2007-03-14",65.66,66.19,65.14,65.85,2766600,59.17
"2007-03-15",65.79,66.48,65.6,66.4,2141000,59.66
"2007-03-16",66.29,66.55,65.65,66.19,2342000,59.47
"2007-03-19",66.45,66.75,66.34,66.54,1273700,59.79
"2007-03-20",66.54,67.25,66.42,66.96,1261500,60.16
"2007-03-21",66.96,68.48,66.82,68.44,1241500,61.49
"2007-03-22",68.54,68.54,68.01,68.23,1248500,61.3
"2007-03-23",68.26,69.23,68.17,68.99,1784700,61.99
"2007-03-26",69.08,69.08,68.14,68.84,717400,61.85
"2007-03-27",68.45,68.71,68.15,68.3,742500,61.37
"2007-03-28",68.15,68.18,67.34,67.34,1282200,60.5
"2007-03-29",67.77,68.01,67.03,67.55,1784900,60.69
"2007-03-30",67.56,68.03,67.13,67.79,1153300,60.91
"2007-04-02",67.83,68.09,67.5,67.75,917400,60.87
"2007-04-03",68.03,68.5,67.88,68.45,1051900,61.5
"2007-04-04",68.04,68.04,67.19,67.56,1416800,61.05
"2007-04-05",67.76,68.15,67.43,68.08,802500,61.52
"2007-04-09",67.22,68.44,67.22,68.09,910900,61.53
"2007-04-10",68.92,68.92,68.08,68.15,699300,61.59
"2007-04-11",68.35,68.35,67.26,67.29,1288000,60.81
"2007-04-12",67.4,67.73,66.9,67.7,956200,61.18
"2007-04-13",67.65,68.02,67.5,67.85,813500,61.32
"2007-04-16",68.2,69.32,68.02,69.32,1198100,62.64
"2007-04-17",69.31,69.71,69.16,69.3,1455600,62.63
"2007-04-18",69.2,69.32,68.73,68.87,2023300,62.24
"2007-04-19",68.88,69.05,68.47,68.85,1317400,62.22
"2007-04-20",69.44,69.76,68.84,69.72,1704300,63.01
"2007-04-23",69.72,69.86,69.5,69.54,940900,62.84
"2007-04-24",69.53,69.77,69.22,69.43,843200,62.74
"2007-04-25",68.61,71.18,68.61,71.18,1425000,64.33
"2007-04-26",70.83,72.83,70.83,71.75,1744900,64.84
"2007-04-27",71.71,71.73,70.9,71.17,1278900,64.32
"2007-04-30",71.28,71.59,70.83,71.15,1011400,64.3
"2007-05-01",71.16,71.39,70.26,70.79,1328700,63.97
"2007-05-02",71.08,72.5,71.08,72.05,1236500,65.11
"2007-05-03",72,72.45,71.49,72.45,1182200,65.47
"2007-05-04",72.6,73.63,72.39,72.78,1254300,65.77
"2007-05-07",72.8,73.19,72.8,73.12,790500,66.08
"2007-05-08",73.02,73.46,72.51,73.22,1105300,66.17
"2007-05-09",72.9,73.37,72.53,73.18,999500,66.13
"2007-05-10",73.31,73.53,72.48,72.64,1024900,65.64
"2007-05-11",73.06,73.77,72.79,73.77,1415200,66.67
"2007-05-14",73.77,74.21,73.29,73.58,1301500,66.49
"2007-05-15",73.71,74.72,73.67,74.46,1624700,67.29
"2007-05-16",74.4,74.6,73.78,74.42,1242500,67.25
"2007-05-17",74.05,74.1,73.43,73.63,1009900,66.54
"2007-05-18",73.91,74.44,73.77,74,956200,66.87
"2007-05-21",74,74.12,73.62,73.77,930000,66.67
"2007-05-22",73.6,74.03,73.54,73.75,781700,66.65
"2007-05-23",73.8,74,73.07,73.1,1008500,66.06
"2007-05-24",73.21,73.41,72.06,72.15,1854000,65.2
"2007-05-25",72.4,72.61,72.13,72.59,835100,65.6
"2007-05-29",72.8,73.09,72.69,72.73,957900,65.73
"2007-05-30",72.29,72.53,71.8,72.25,2375100,65.29
"2007-05-31",71.4,72.85,71.4,72.5,1351600,65.52
"2007-06-01",72.5,73.28,72.5,73.07,1277300,66.03
"2007-06-04",73.02,73.08,72.72,73,994000,65.97
"2007-06-05",72.75,72.88,72.31,72.31,991800,65.35
"2007-06-06",72.3,72.33,71.52,71.55,1126500,64.66
"2007-06-07",71.35,71.57,70.64,70.74,1931600,63.93
"2007-06-08",71.5,71.66,70.5,71.62,1316500,64.72
"2007-06-11",71.62,73.01,71.62,72.31,1187200,65.35
"2007-06-12",72,72.23,71.24,71.24,1598400,64.38
"2007-06-13",71.43,72.16,71.24,72.16,925400,65.21
"2007-06-14",72.16,72.82,72.08,72.24,809000,65.28
"2007-06-15",72.55,73.21,72.16,72.24,1776500,65.28
"2007-06-18",72.49,72.49,71.98,72.2,666500,65.25
"2007-06-19",72.16,72.41,71.83,72.25,807700,65.29
"2007-06-20",72.5,72.69,71.05,71.05,891200,64.21
"2007-06-21",70.95,71.55,70.45,71.39,826400,64.52
"2007-06-22",71.25,71.25,70.5,70.7,2290000,63.89
"2007-06-25",70.95,71.69,70.24,70.55,933800,63.76
"2007-06-26",70.9,71.28,70.37,70.65,1176800,63.85
"2007-06-27",70.28,71.07,70.02,70.99,1187700,64.15
"2007-06-28",71.01,71.39,70.22,71.04,1596200,64.2
"2007-06-29",71.24,71.81,70.36,70.95,1351200,64.12
"2007-07-02",71.35,72,71.19,71.95,671200,65.02
"2007-07-03",71.97,72.28,71.72,71.72,514400,64.81
"2007-07-05",71.89,71.9,70.82,71.23,1166500,64.37
"2007-07-06",70.92,71.17,70.39,71.04,736900,64.56
"2007-07-09",71.4,71.54,70.27,70.35,1792600,63.93
"2007-07-10",70,70,68.79,68.79,2725500,62.51
"2007-07-11",68.99,70.25,68.77,70.18,2178400,63.78
"2007-07-12",70.49,70.49,69.88,70.25,2081900,63.84
"2007-07-13",69.95,70.06,69.47,69.77,1424000,63.4
"2007-07-16",69.47,70,69.38,69.47,885300,63.13
"2007-07-17",69.5,69.9,69.12,69.15,963400,62.84
"2007-07-18",68.55,68.97,67.3,68.01,1832600,61.8
"2007-07-19",68.5,68.65,67.41,67.45,2015000,61.29
"2007-07-20",66.85,67.45,65.57,65.76,3175900,59.76
"2007-07-23",64.99,67.02,64.99,66.46,2246600,60.39
"2007-07-24",66.01,66.3,64.51,64.52,2875200,58.63
"2007-07-25",65.1,65.39,63.14,64.25,3323100,58.39
"2007-07-26",63.81,63.85,61.87,62.57,3646100,56.86
"2007-07-27",62.48,62.63,60.56,60.62,4731700,55.09
"2007-07-30",60.95,61.5,59.96,61.24,3048300,55.65
"2007-07-31",61.29,62.77,60.11,60.32,3235800,54.82
"2007-08-01",57.83,62.93,56.99,60,5657700,54.52
"2007-08-02",60.49,61.03,59.76,60.76,3425900,55.22
"2007-08-03",61,61,57.17,57.3,3333900,52.07
"2007-08-06",57.7,60.08,56.59,59.97,3624900,54.5
"2007-08-07",60.63,61.23,59.11,60.51,3306600,54.99
"2007-08-08",60.5,62.32,59.81,61.33,3808000,55.73
"2007-08-09",60,60.8,56.26,57.17,4223100,51.95
"2007-08-10",56.51,60.72,55.56,60.51,4201200,54.99
"2007-08-13",61.6,61.94,59.81,60.04,2162800,54.56
"2007-08-14",60.25,60.64,57.48,57.48,2246500,52.23
"2007-08-15",57.58,59.03,56.78,57.02,2323000,51.82
"2007-08-16",56.03,56.9,54.4,56.57,4673600,51.41
"2007-08-17",60.06,60.74,57,60.28,3562700,54.78
"2007-08-20",60.33,61.13,58.54,59.26,2059100,53.85
"2007-08-21",59.26,59.78,58.62,58.84,2538500,53.47
"2007-08-22",59.1,61.39,59.01,61.04,2408700,55.47
"2007-08-23",61.59,61.97,60.6,61.25,2032900,55.66
"2007-08-24",61.35,62.84,60.86,62.65,1426800,56.93
"2007-08-27",62.5,62.86,61.94,62.25,1498000,56.57
"2007-08-28",61.94,62.06,59.11,59.23,1917300,53.82
"2007-08-29",59.83,61.01,59.07,60.85,1578900,55.3
"2007-08-30",60,60.71,59.5,59.88,1369100,54.42
"2007-08-31",60.65,61.38,60.37,60.88,1629900,55.32
"2007-09-04",61.1,61.82,60.75,61.62,1839500,56
"2007-09-05",61.1,61.18,60.05,60.54,1829800,55.02
"2007-09-06",60.54,61.3,60.4,60.82,2261700,55.27
"2007-09-07",59.95,60.69,59.62,59.79,1435800,54.33
"2007-09-10",60.09,60.19,58.41,59.35,1936600,53.93
"2007-09-11",59.92,60.8,59.81,60.8,1343700,55.25
"2007-09-12",60.68,61.34,60.1,61.26,1858700,55.67
"2007-09-13",61.75,63.03,61.35,62.82,1826400,57.09
"2007-09-14",62.53,63.26,62.41,63.1,1456700,57.34
"2007-09-17",62.76,62.94,62,62.55,1209900,56.84
"2007-09-18",62.75,65.71,62.43,65.5,2623900,59.52
"2007-09-19",65.75,66.79,65.75,66.32,2105500,60.27
"2007-09-20",66.33,66.87,64.88,64.88,1514900,58.96
"2007-09-21",65,65.12,64.43,64.67,2052900,58.77
"2007-09-24",64.6,65.1,64.03,64.1,1049000,58.25
"2007-09-25",63.78,64.41,63.72,64.33,1333700,58.46
"2007-09-26",64.73,65.19,64.2,64.74,1502500,58.83
"2007-09-27",64.92,65.6,64.7,65.48,1221400,59.5
"2007-09-28",65.51,66.38,65.28,65.97,1706200,59.95
"2007-10-01",66.25,67.59,65.97,67.35,1777900,61.2
"2007-10-02",67.57,67.83,66.83,66.92,1423500,60.81
"2007-10-03",66.45,67.15,65.89,66.06,1447100,60.03
"2007-10-04",66.12,66.78,66.12,66.64,1040100,60.56
"2007-10-05",66.94,68.27,66.79,67.95,1320400,62.12
"2007-10-08",68.23,68.23,67.32,67.73,875900,61.92
"2007-10-09",68.05,69.2,67.82,69.2,1732700,63.26
"2007-10-10",69.08,69.4,68.52,69.1,1330600,63.17
"2007-10-11",69.86,70.66,67.79,68.46,1540100,62.58
"2007-10-12",68.79,69.07,68.33,68.86,693000,62.95
"2007-10-15",68.94,69.24,67.37,67.77,1354800,61.95
"2007-10-16",67.55,67.55,65.98,66.09,1697900,60.42
"2007-10-17",66.8,67.02,65.04,65.94,1426800,60.28
"2007-10-18",65.55,66.75,65.14,66.28,993100,60.59
"2007-10-19",65.9,66.18,64.13,64.14,2212500,58.63
"2007-10-22",63.62,65.64,63.5,65.6,1794500,59.97
"2007-10-23",65.9,66.04,64.15,65.28,1342300,59.68
"2007-10-24",64.85,65.44,62.34,64.41,1935800,58.88
"2007-10-25",64.54,65.11,62.96,64.41,2060800,58.88
"2007-10-26",65.12,66.58,64.81,66.58,1519700,60.86
"2007-10-29",67.05,67.19,66.18,66.87,1208300,61.13
"2007-10-30",66.95,67.39,66.24,66.26,1161000,60.57
"2007-10-31",60.92,64.02,60.92,62.37,7023800,57.02
"2007-11-01",61.97,61.97,60.12,60.56,3179600,55.36
"2007-11-02",60.7,60.71,58.89,60,2383200,54.85
"2007-11-05",58.8,60.34,58.8,59.85,1878800,54.71
"2007-11-06",59.96,60.04,58.38,59.88,2715800,54.74
"2007-11-07",59.43,60.21,58.78,59.18,2945100,54.1
"2007-11-08",61.45,63.06,59.4,61.15,3030200,55.9
"2007-11-09",60.22,61.73,59.27,60.5,1944100,55.31
"2007-11-12",60.27,61.72,59.96,60.22,2746300,55.05
"2007-11-13",60.85,62.79,59.47,62.67,2327700,57.29
"2007-11-14",63,64.02,61.78,62.1,2629800,56.77
"2007-11-15",61.98,62.32,59.07,59.64,3193100,54.52
"2007-11-16",60,60.48,58.93,59.76,2644600,54.63
"2007-11-19",59.26,59.28,57.6,58.29,2450700,53.29
"2007-11-20",58.27,59.38,57.5,58.6,3253400,53.57
"2007-11-21",57.75,58.58,56.51,57.55,2164500,52.61
"2007-11-23",58.67,60,57.8,59.76,929900,54.63
"2007-11-26",59.76,59.76,56.5,56.65,2560700,51.79
"2007-11-27",56.83,57.74,56.77,57.62,3520100,52.67
"2007-11-28",57.73,60.93,57.73,60.9,2723700,55.67
"2007-11-29",60.59,60.88,59.58,60.71,2366900,55.5
"2007-11-30",61.31,63.26,61.25,61.57,2564600,56.28
"2007-12-03",61.79,61.83,60.72,61.22,1524400,55.96
"2007-12-04",61.22,61.35,60.23,60.38,1440000,55.2
"2007-12-05",60.82,62,60.6,61.33,1350500,56.07
"2007-12-06",61.31,62.27,61.03,62.27,1166600,56.92
"2007-12-07",62.51,62.8,60.81,60.91,2190300,55.68
"2007-12-10",60.96,62,60.58,61.77,1421000,56.47
"2007-12-11",61.75,61.92,58.29,58.29,2274100,53.29
"2007-12-12",59.72,60.77,57.2,58.62,3219800,53.59
"2007-12-13",58.28,58.78,57.34,58.6,1980100,53.57
"2007-12-14",57.62,58.85,57.05,57.23,1535300,52.32
"2007-12-17",56.87,57.41,56.16,56.16,1701300,51.34
"2007-12-18",56.95,57.26,55.84,57.08,2029800,52.18
"2007-12-19",57.48,58.53,56.92,57.77,1485500,52.81
"2007-12-20",58.3,58.4,56.88,57.46,1244700,52.53
"2007-12-21",58.02,59.17,58.02,59.02,1770400,53.95
"2007-12-24",58.99,60.09,58.9,59.93,483600,54.79
"2007-12-26",59.8,59.81,57.96,58.39,1012700,53.38
"2007-12-27",58.45,58.52,57.6,57.6,1408200,52.66
"2007-12-28",58.36,58.64,57.87,58.11,1364100,53.12
"2007-12-31",57.73,58.93,57.46,58.22,1360200,53.22
"2008-01-02",57.95,58.11,56.12,56.25,1788600,51.42
"2008-01-03",57,57,55.57,55.88,1056900,51.08
"2008-01-04",55.46,55.6,54.56,54.67,1479800,49.98
"2008-01-07",55.11,56.33,54.28,56.12,2860500,51.3
"2008-01-08",55.88,56.53,53.49,53.72,2370600,49.47
"2008-01-09",53.7,54.8,52.71,54.8,2089800,50.47
"2008-01-10",54.13,56.17,53.93,55.55,2571900,51.16
"2008-01-11",54.9,56.65,54.22,55.78,1862800,51.37
"2008-01-14",56.13,56.57,55.64,56.35,1191400,51.9
"2008-01-15",55.67,55.95,54.68,54.83,1874700,50.5
"2008-01-16",54.5,57.14,54.5,56.03,2495800,51.6
"2008-01-17",56.08,56.44,51.41,51.58,3471700,47.5
"2008-01-18",51.71,51.75,47.84,50.19,5485100,46.22
"2008-01-22",47.86,50.89,46.03,49.65,3679200,45.73
"2008-01-23",48.27,52.2,45.5,52.09,4536200,47.97
"2008-01-24",52,52.54,50.6,51.46,2355600,47.39
"2008-01-25",51.8,53.23,50.69,50.97,2866800,46.94
"2008-01-28",50.75,52.71,50.22,52.71,1871000,48.54
"2008-01-29",53.25,54.85,52.75,54.7,2063900,50.38
"2008-01-30",54.4,56.08,53.63,53.83,2408200,49.58
"2008-01-31",52.61,55.56,51.81,54.19,2389800,49.91
"2008-02-01",54.36,56.26,54.35,56.09,2229100,51.66
"2008-02-04",55.8,55.98,55.09,55.3,1871400,50.93
"2008-02-05",51.07,52.51,50.51,51.41,5296700,47.35
"2008-02-06",51.66,52.92,51.08,52.39,3314300,48.25
"2008-02-07",51.96,52.79,51.42,52.76,3208900,48.59
"2008-02-08",51.95,52.41,51.13,51.54,3272400,47.47
"2008-02-11",51.63,51.63,49.16,49.94,3612800,45.99
"2008-02-12",50.14,52.97,50.14,52.53,3140500,48.38
"2008-02-13",53.2,53.35,52.32,53.28,2511600,49.07
"2008-02-14",53.3,53.6,52.6,52.9,2586400,48.72
"2008-02-15",53.35,53.58,51.73,53.49,1873900,49.26
"2008-02-19",54.25,54.41,52.56,53.84,2063300,49.58
"2008-02-20",53.11,54.6,52.91,54.22,2554500,49.93
"2008-02-21",54.42,54.84,53.36,53.57,2135700,49.34
"2008-02-22",53.65,53.92,52.13,53.92,2237700,49.66
"2008-02-25",53.85,54.67,52.88,54.33,1870000,50.04
"2008-02-26",53.91,55.06,53.88,54.76,2110100,50.43
"2008-02-27",54.28,55.67,54.12,55.06,1292200,50.71
"2008-02-28",54.55,54.55,53.39,53.5,1572500,49.27
"2008-02-29",52.98,53.08,51.05,51.11,2323600,47.07
"2008-03-03",51.14,51.15,49.7,50.27,2315800,46.3
"2008-03-04",49.71,50.52,49.05,50.33,1647900,46.35
"2008-03-05",50.41,51.09,49.39,49.91,1846100,45.97
"2008-03-06",49.66,49.66,48.35,48.43,1614500,44.6
"2008-03-07",48.13,49.65,47.61,48.55,1757000,44.71
"2008-03-10",48.77,49.75,48.45,48.65,2390300,44.81
"2008-03-11",49.55,51.99,49.2,50.82,4273400,46.8
"2008-03-12",50.73,51.72,49.64,49.74,1815800,45.81
"2008-03-13",48.96,50.18,48.1,49.8,1968700,45.86
"2008-03-14",49.92,50.11,47.48,47.67,2116400,43.9
"2008-03-17",46.45,47.48,45.64,46.59,3939100,42.91
"2008-03-18",47.8,50.87,47.47,50.7,2812200,46.69
"2008-03-19",50.85,51.82,50.11,50.11,2530800,46.15
"2008-03-20",50.33,53.17,50.29,53.16,2777200,48.96
"2008-03-24",53.28,54.35,52.73,52.88,1872200,48.7
"2008-03-25",52.63,53.85,52.15,53.35,1348000,49.13
"2008-03-26",53.33,53.33,51.35,51.67,1988200,47.59
"2008-03-27",52.53,52.9,51.41,51.79,2477000,47.7
"2008-03-28",52.01,52.61,50.96,51,1421000,46.97
"2008-03-31",51.27,52.69,50.49,52,2044000,47.89
"2008-04-01",52.26,54.49,52.26,54.38,1593100,50.08
"2008-04-02",54.5,55.7,54.15,54.64,1788300,50.32
"2008-04-03",54.16,55.48,54.02,55.09,1709600,50.74
"2008-04-04",55.44,55.81,54.6,55.13,1555200,50.77
"2008-04-07",55.15,55.4,54.02,54.44,1413000,50.52
"2008-04-08",54.16,54.46,53.77,54.11,1101500,50.21
"2008-04-09",54.49,54.49,52.75,52.83,1145600,49.02
"2008-04-10",52.76,52.82,51.87,52.15,2041800,48.39
"2008-04-11",51.63,51.99,51.01,51.01,1593600,47.33
"2008-04-14",50.9,51.15,49.79,50.03,1058300,46.43
"2008-04-15",50.26,51,49.84,50.31,1091900,46.69
"2008-04-16",50.84,51.93,50.49,51.91,1465300,48.17
"2008-04-17",51.61,52.52,51.26,52.23,1016200,48.47
"2008-04-18",53.01,53.98,52.55,52.92,1393900,49.11
"2008-04-21",52.45,52.7,51.72,52,853800,48.25
"2008-04-22",51.73,51.83,50.66,51.08,1528900,47.4
"2008-04-23",50.53,50.78,49.62,50.12,2011400,46.51
"2008-04-24",50.49,52.15,50.01,51.93,2487600,48.19
"2008-04-25",52.21,52.39,51.46,52.29,1903200,48.52
"2008-04-28",52.5,52.75,51.81,52.44,2581600,48.66
"2008-04-29",52.2,52.75,52.14,52.45,1619900,48.67
"2008-04-30",52.45,54.78,52.45,53.76,3052000,49.89
"2008-05-01",53.89,55.77,53.6,55.48,2304600,51.48
"2008-05-02",56.1,56.8,55.84,56.33,2113100,52.27
"2008-05-05",55.73,56.13,55.04,55.19,1392000,51.21
"2008-05-06",54.85,55.95,54.26,55.56,1869600,51.56
"2008-05-07",55.31,55.51,53.49,53.56,1661400,49.7
"2008-05-08",53.89,53.89,52.39,52.79,1516600,48.99
"2008-05-09",52.3,54.01,52.23,52.88,1610300,49.07
"2008-05-12",53.08,54.15,52.97,54.15,1388400,50.25
"2008-05-13",54.23,54.31,52.81,52.98,1508600,49.16
"2008-05-14",53.33,54.51,52.98,53.92,950100,50.04
"2008-05-15",53.7,54.88,53.5,54.7,1399500,50.76
"2008-05-16",54.62,55.22,53.94,55.11,2339700,51.14
"2008-05-19",55.2,56.11,54.81,55.6,1775100,51.59
"2008-05-20",55.12,55.55,54.64,54.9,1896900,50.94
"2008-05-21",54.41,55.25,53.59,53.65,2076300,49.78
"2008-05-22",53.57,54.8,53.45,54.75,1481200,50.81
"2008-05-23",54.17,54.52,53.84,53.96,1313700,50.07
"2008-05-27",53.9,55.11,53.9,54.88,2117000,50.93
"2008-05-28",55.4,55.49,54.46,55.11,2034200,51.14
"2008-05-29",55.32,56,54.95,55.55,2249000,51.55
"2008-05-30",55.57,55.99,54.85,55.16,1568200,51.19
"2008-06-02",54.85,55.01,53.81,54.34,1348400,50.43
"2008-06-03",54.42,54.98,53.72,54.3,1543600,50.39
"2008-06-04",54.24,54.98,53.63,53.98,1533000,50.09
"2008-06-05",54.37,55.39,54.11,55.29,1615600,51.31
"2008-06-06",54.4,54.78,52.38,52.62,2998000,48.83
"2008-06-09",52.93,53.36,51.67,52.02,2048200,48.27
"2008-06-10",51.55,52.63,51.33,51.94,2205600,48.2
"2008-06-11",51.73,51.83,49.93,50.04,2132200,46.43
"2008-06-12",50.1,51.87,50.1,50.99,1587200,47.32
"2008-06-13",51.49,51.91,50.72,51.29,1696800,47.59
"2008-06-16",50.45,51.62,50.26,51.22,2170400,47.53
"2008-06-17",51.7,51.94,49.85,49.85,1389000,46.26
"2008-06-18",49.61,50.17,49.09,49.3,1870700,45.75
"2008-06-19",49.31,49.75,48.54,49.64,2199600,46.06
"2008-06-20",49.3,49.34,48.07,48.39,2758700,44.9
"2008-06-23",48.51,48.54,47.5,47.55,1480600,44.12
"2008-06-24",47.56,48.79,47.25,48.16,2056800,44.69
"2008-06-25",48.17,49.51,48.1,48.48,1675000,44.99
"2008-06-26",47.01,48.2,46.73,46.74,2187100,43.37
"2008-06-27",46.8,47.48,45.79,46.32,3693300,42.98
"2008-06-30",46.33,46.55,45.18,45.32,2255700,42.05
"2008-07-01",44.89,46.17,44.36,46.02,2583600,42.7
"2008-07-02",46.41,47.29,45.33,45.38,2354900,42.11
"2008-07-03",45.92,46.3,45.37,45.82,1327800,42.52
"2008-07-07",45.94,46.89,44.86,45.15,3025900,41.9
"2008-07-08",44.74,47.14,44.4,46.98,2484200,44
"2008-07-09",46.69,47.26,45.38,45.52,2789500,42.63
"2008-07-10",45.25,46.18,44.77,45.81,3147800,42.9
"2008-07-11",45.1,45.94,43.71,45.33,3951100,42.45
"2008-07-14",45.73,46.32,43.25,43.33,2611200,40.58
"2008-07-15",43,43.02,40.6,41.43,4955700,38.8
"2008-07-16",41.57,43.71,40.85,43.5,4237900,40.74
"2008-07-17",43.88,45,43.05,44.44,4564600,41.62
"2008-07-18",44.4,44.59,43.33,44.34,4064000,41.53
"2008-07-21",44.25,44.88,43.94,44.14,2367800,41.34
"2008-07-22",43.33,47.26,43.26,47.25,3644400,44.25
"2008-07-23",47.26,48.11,46.51,47.64,3033900,44.62
"2008-07-24",47.56,47.57,45.25,45.43,2329100,42.55
"2008-07-25",45.64,46.06,44.43,45.02,1835400,42.16
"2008-07-28",44.91,45.58,43.62,43.62,2232800,40.85
"2008-07-29",44.23,46.91,43.91,46.85,3483600,43.88
"2008-07-30",45,48.31,45,48,3774400,44.96
"2008-07-31",47.31,48.78,47.31,47.7,2500100,44.67
"2008-08-01",47.99,48.14,46.59,47.43,1757800,44.42
"2008-08-04",47.52,48.43,47.07,47.96,1788500,44.92
"2008-08-05",48.72,50.61,48.53,50.53,2425200,47.32
"2008-08-06",50.52,50.77,49.7,50.08,2046400,46.9
"2008-08-07",49.41,49.69,47.66,48.07,3131600,45.02
"2008-08-08",48.16,50.5,48.02,50.27,1921400,47.08
"2008-08-11",49.69,51.25,49.34,50.37,1958900,47.17
"2008-08-12",50.01,50.09,48.76,48.97,1823300,45.86
"2008-08-13",48.59,48.8,47.48,48.08,1910900,45.03
"2008-08-14",47.5,49.84,47.5,49.39,1628100,46.26
"2008-08-15",49.75,50.69,49.41,50.37,1549100,47.17
"2008-08-18",49.79,50.65,48.29,48.61,1466300,45.53
"2008-08-19",47.88,48.35,47.41,47.89,1792100,44.85
"2008-08-20",48.07,48.42,47,48.36,1968700,45.29
"2008-08-21",47.74,48.67,47.27,48.02,2222100,44.97
"2008-08-22",48.66,49.69,48.45,49.6,1302600,46.45
"2008-08-25",49.68,49.73,48.08,48.18,1279800,45.12
"2008-08-26",48.3,48.73,47.74,48.43,1867200,45.36
"2008-08-27",48.39,49.52,47.75,49.38,1518400,46.25
"2008-08-28",49.9,51.56,49.79,51.47,1844100,48.2
"2008-08-29",50.87,51.59,50.6,50.76,1885500,47.54
"2008-09-02",53.1,53.1,50.71,51.51,1789900,48.24
"2008-09-03",51.41,52,50.68,51.89,1850800,48.6
"2008-09-04",51.21,51.7,49.35,49.48,2123600,46.34
"2008-09-05",49.12,50.85,48.81,50.7,1844500,47.48
"2008-09-08",53.71,54.74,51.55,53.5,3607500,50.11
"2008-09-09",53.17,53.69,49.81,49.81,2789700,46.65
"2008-09-10",49.85,51.52,49.21,50.53,2537900,47.32
"2008-09-11",48.84,51.07,48.66,50.94,2524200,47.71
"2008-09-12",49.99,52.06,49.99,51.9,2894400,48.61
"2008-09-15",46.69,52.63,46.69,49.1,3867000,45.99
"2008-09-16",47.35,50.61,47.32,50.57,5415600,47.36
"2008-09-17",48.95,49.59,42.52,42.68,5665100,39.97
"2008-09-18",43.57,52,40.68,52,9782900,48.7
"2008-09-19",55.02,59.99,50.06,54.9,5292800,51.42
"2008-09-22",53.63,54.9,48.06,48.39,1616400,45.32
"2008-09-23",48.02,49.99,46.3,47.6,1495000,44.58
"2008-09-24",46.67,49.3,46.02,46.2,2259200,43.27
"2008-09-25",46.5,49.82,46.5,48.2,1341300,45.14
"2008-09-26",48.19,51.38,47.25,49,2642500,45.89
"2008-09-29",46,47.7,40.77,42.2,3099200,39.52
"2008-09-30",43.3,46,39.83,42.81,3478000,40.09
"2008-10-01",42.71,43.07,38.72,41.21,3461800,38.6
"2008-10-02",41.17,42.14,39.05,40.3,3766300,37.74
"2008-10-03",42.5,45.5,38.96,39.23,3350100,36.74
"2008-10-06",39.23,40,30,33.6,4475600,31.47
"2008-10-07",34.14,34.66,30.96,30.97,5026200,29.01
"2008-10-08",29.78,30.96,25.68,27.97,5455200,26.55
"2008-10-09",27.68,28.71,13.38,18.31,13721500,17.38
"2008-10-10",17.32,24.44,15.66,23.95,12823900,22.74
"2008-10-13",25.93,26.46,23.54,26.38,5786500,25.04
"2008-10-14",27.09,31.25,27.09,30.36,6384600,28.82
"2008-10-15",27.92,30.07,27.44,27.69,3831500,26.29
"2008-10-16",29.49,29.49,21.14,23.47,8277500,22.28
"2008-10-17",22.88,25.09,22.07,23.09,7994100,21.92
"2008-10-20",23.38,26.18,22.13,26.03,4865900,24.71
"2008-10-21",24.88,26.43,24.51,25.22,2495400,23.94
"2008-10-22",24,24,20.57,21.01,3126300,19.94
"2008-10-23",21.2,23.23,19.26,20.56,4029800,19.52
"2008-10-24",17.74,22.64,17.74,20.99,5688600,19.93
"2008-10-27",21.48,21.48,18.77,18.77,2976600,17.82
"2008-10-28",19.85,20.61,18,20.61,5834400,19.56
"2008-10-29",20.24,22.15,18.09,20.5,4733200,19.46
"2008-10-30",21.46,21.46,17.28,17.71,4969100,16.81
"2008-10-31",17.57,18.05,16.34,17.24,5493000,16.37
"2008-11-03",17.22,19.95,17.22,19.74,6066500,18.74
"2008-11-04",20.5,23.09,20.1,22.81,5576500,21.65
"2008-11-05",21.97,22.45,20.24,20.47,4799600,19.43
"2008-11-06",20.14,21.33,17.78,18.02,4462800,17.11
"2008-11-07",18.86,19.83,18.13,19.77,3114200,18.77
"2008-11-10",20.05,20.9,18.86,19.25,3379900,18.27
"2008-11-11",17.99,18.15,15.93,16.31,4623200,15.48
"2008-11-12",15.91,16.54,14.13,14.31,5728000,13.58
"2008-11-13",14.54,15.25,12.62,15.13,8510600,14.36
"2008-11-14",14.49,15.5,13.75,14.35,5119000,13.62
"2008-11-17",14.05,15.35,12.48,12.55,4182100,11.91
"2008-11-18",12.62,13,11.26,12.16,5828100,11.54
"2008-11-19",11.94,12.04,6.9,7.31,17731200,6.94
"2008-11-20",6.73,6.73,4.76,5.07,20517800,4.81
"2008-11-21",5.96,6.46,5.01,6.36,14467900,6.04
"2008-11-24",7.11,7.25,6.18,7.03,13254300,6.67
"2008-11-25",7.33,10.37,7.21,10.1,12458300,9.59
"2008-11-26",9.87,11.69,9.24,11.58,9631800,10.99
"2008-11-28",11.45,13.84,11.36,13.73,4265700,13.03
"2008-12-01",12.87,13.35,11.77,11.85,9551000,11.25
"2008-12-02",12.26,12.39,10.41,11.89,7471800,11.29
"2008-12-03",11.42,13.24,11.2,12.34,6070800,11.71
"2008-12-04",12.08,13.26,11.63,12.21,5090400,11.59
"2008-12-05",12.52,17.57,12,17.36,13186700,16.48
"2008-12-08",18,19.94,15.87,16.36,10261200,15.53
"2008-12-09",16.36,18.13,15.75,16.03,5581400,15.22
"2008-12-10",16.51,17.52,15.59,16.77,6536100,15.92
"2008-12-11",16.37,18,15.61,17.03,6916100,16.17
"2008-12-12",16.34,18,15.79,17.34,4910900,16.46
"2008-12-15",17.32,17.91,15.29,15.59,3532000,14.8
"2008-12-16",16.51,17.75,15.93,17.67,5600800,16.77
"2008-12-17",17.02,18,16.25,17.77,5910700,16.87
"2008-12-18",18,19.59,17.55,18.09,7012500,17.17
"2008-12-19",18.42,19.29,16.23,19,5435600,18.04
"2008-12-22",19.05,19.05,16.26,16.49,3887000,15.65
"2008-12-23",16.94,17.64,15.9,16.18,3262400,15.36
"2008-12-24",16.56,16.56,15.86,16.35,1041200,15.52
"2008-12-26",16.34,16.94,16.16,16.81,1981500,15.96
"2008-12-29",17,17,15.79,16.4,1953100,15.57
"2008-12-30",16.51,18.42,16.47,18.34,3215200,17.41
"2008-12-31",17.81,19.04,17.61,18.84,2879600,17.88
"2009-01-02",18.79,20.18,18.33,19.95,2757200,18.94
"2009-01-05",19.59,22,19.59,21.81,5041900,20.7
"2009-01-06",22.02,25.59,22.02,25.01,7005500,23.74
"2009-01-07",24.24,24.53,21.06,21.22,6387000,20.31
"2009-01-08",21.05,21.63,19.9,20.08,6257700,19.22
"2009-01-09",20.87,21.27,19.8,20.1,3577800,19.24
"2009-01-12",20.03,20.04,17.2,17.49,5343400,16.74
"2009-01-13",17.22,20.21,17.19,20.05,7083800,19.19
"2009-01-14",19.22,19.22,17.37,18,7160200,17.23
"2009-01-15",17.7,19.2,16.16,17.88,5888400,17.12
"2009-01-16",18.57,19.53,17.52,18.21,6144600,17.43
"2009-01-20",17.5,18,14.48,14.68,7177600,14.05
"2009-01-21",15.7,16.9,15.17,16.67,8034000,15.96
"2009-01-22",16.18,16.18,14.67,14.98,6566100,14.34
"2009-01-23",14.35,16.76,13.18,16.26,5403800,15.57
"2009-01-26",16.57,17.11,15.33,15.93,4294000,15.25
"2009-01-27",16.31,17,15.98,16.95,3947400,16.23
"2009-01-28",18.75,20.88,18.53,20.64,6504600,19.76
"2009-01-29",19.9,19.9,16.54,16.84,7176400,16.12
"2009-01-30",17.1,17.25,14.9,15.13,5517000,14.48
"2009-02-02",14.71,16.48,14.55,16.18,5197200,15.49
"2009-02-03",16.45,16.45,14.81,15.96,4375000,15.28
"2009-02-04",16.15,16.75,15.61,15.81,3223200,15.14
"2009-02-05",15.56,17.86,15.09,17.15,5020800,16.42
"2009-02-06",16.39,16.74,15.25,16.52,5809000,15.81
"2009-02-09",18.1,18.89,17.28,17.77,5929500,17.01
"2009-02-10",16.72,17.77,14.22,14.42,8568700,13.8
"2009-02-11",14.7,15.44,14,14.79,5850400,14.16
"2009-02-12",14.46,14.97,13.5,14.77,7281800,14.14
"2009-02-13",14.64,14.94,13.85,14.18,4416500,13.57
"2009-02-17",13.06,13.74,12.7,12.78,8817900,12.23
"2009-02-18",13.1,13.69,12.41,13.38,6402400,12.81
"2009-02-19",13.64,13.77,11.56,11.67,7166900,11.17
"2009-02-20",11.4,12.11,10.51,11.44,10193100,10.95
"2009-02-23",11.7,12.21,10.36,10.36,6652400,9.92
"2009-02-24",10.74,13.27,10.2,13.04,10975200,12.48
"2009-02-25",12.85,13.3,10.14,11.21,14032400,10.73
"2009-02-26",11.62,12.54,10.67,10.75,9702700,10.29
"2009-02-27",9.5,9.74,8.41,8.59,13213900,8.22
"2009-03-02",8.28,8.7,7.68,7.71,8935000,7.38
"2009-03-03",8.03,8.19,6.19,6.56,12591300,6.28
"2009-03-04",7.05,7.43,6.29,7.16,11955500,6.85
"2009-03-05",6.61,7.07,5.56,5.85,10656000,5.6
"2009-03-06",5.95,6.23,5,5.4,11696700,5.17
"2009-03-09",5.2,6.14,4.9,5.01,10414900,4.8
"2009-03-10",5.68,6.71,5.67,6.38,11193100,6.11
"2009-03-11",6.83,7.59,6.39,7.19,13829300,6.88
"2009-03-12",7.1,8.55,6.8,8.26,12367400,7.91
"2009-03-13",8.61,9.91,8.39,9.03,10571800,8.64
"2009-03-16",8.84,9.58,8.05,8.13,11041400,7.78
"2009-03-17",8.28,8.71,6.93,8.15,16109100,7.8
"2009-03-18",7.71,9.86,7.21,9.45,20927200,9.05
"2009-03-19",9.71,10.05,7.5,8.04,18389300,7.7
"2009-03-20",7.61,8.26,7.13,7.31,10093100,7
"2009-03-23",8.15,9.7,8,9.7,10847400,9.29
"2009-03-24",9.14,10.21,8.81,9.4,12008300,9
"2009-03-25",9.44,10.05,8.41,9.18,10353900,8.79
"2009-03-26",9.4,9.66,8.8,9.57,8309600,9.16
"2009-03-27",9.15,10.92,8.85,10.37,10319700,9.93
"2009-03-30",8.5,8.51,6.21,6.41,32355700,6.14
"2009-03-31",6.56,7.74,6.56,6.69,31979200,6.4
"2009-04-01",6.65,7.13,6.37,7.07,15078300,6.77
"2009-04-02",7.4,7.51,6.3,6.49,22593700,6.21
"2009-04-03",6.3,6.9,5.52,6.9,21121100,6.61
"2009-04-06",6.35,6.85,6.16,6.38,12265500,6.11
"2009-04-07",6.85,7.51,6.35,6.89,24406300,6.61
"2009-04-08",9.03,10,8.6,9.15,40302300,8.77
"2009-04-09",9.64,10.43,9.22,10.4,21260100,9.97
"2009-04-13",10.12,10.4,9.25,10.24,14156200,9.82
"2009-04-14",10.22,10.39,9.25,9.28,10022900,8.9
"2009-04-15",9.03,10.08,8.75,10.08,7880100,9.66
"2009-04-16",9.94,10.1,9.26,9.62,11647400,9.22
"2009-04-17",9.39,10.32,9.12,10.07,12177700,9.66
"2009-04-20",9.75,9.75,8.75,8.78,10629700,8.42
"2009-04-21",8.93,10.56,8.66,10.56,16445300,10.13
"2009-04-22",9.91,10.91,9.82,10.37,15080500,9.94
"2009-04-23",10.7,10.7,9.81,10.16,9516400,9.74
"2009-04-24",10.41,10.49,9.65,10.16,14025300,9.74
"2009-04-27",9.73,10.13,9.73,9.9,6407800,9.49
"2009-04-28",9.53,10.24,9.53,9.75,6966600,9.35
"2009-04-29",10.18,11.37,10.17,11.29,11784100,10.83
"2009-04-30",11.6,12.02,11.18,11.24,12333900,10.78
"2009-05-01",10.83,11.71,10.61,11.39,8141200,10.92
"2009-05-04",11.58,12.04,10.87,11.96,13614700,11.47
"2009-05-05",11.95,13.04,11.4,11.71,16979200,11.23
"2009-05-06",13.44,16.2,13.03,15.57,41634300,14.93
"2009-05-07",16.6,17.4,15.32,15.9,23427800,15.25
"2009-05-08",16.41,18.56,16.25,18.24,15909000,17.49
"2009-05-11",18.13,18.14,16.45,16.58,15295100,15.9
"2009-05-12",16.87,17,15.23,16.14,14967500,15.48
"2009-05-13",15.63,16.03,14.32,14.42,12929900,13.83
"2009-05-14",14.09,16.77,13.83,16.24,15399600,15.57
"2009-05-15",18.19,18.25,15.44,16.12,22697300,15.46
"2009-05-18",16.59,17.79,16.34,17.65,12127700,16.92
"2009-05-19",17.61,18.33,16.93,17.6,12277900,16.88
"2009-05-20",18,18.71,16.69,16.84,11829100,16.15
"2009-05-21",17,17.66,16.44,17.08,12026300,16.38
"2009-05-22",17.2,17.45,16.75,17.03,6061600,16.33
"2009-05-26",16.84,17.78,16.18,17.7,10855700,16.97
"2009-05-27",17.78,18.4,16.97,17.08,8902200,16.38
"2009-05-28",17.39,18.12,17.22,18.01,9249000,17.27
"2009-05-29",18.15,19,17.83,18.95,14994600,18.17
"2009-06-01",19.18,19.99,18.91,19.58,10989000,18.77
"2009-06-02",19.43,19.95,19.18,19.44,7708800,18.64
"2009-06-03",19.21,19.28,17.95,18.22,6721200,17.47
"2009-06-04",18.46,19.54,18.22,19.18,8617700,18.39
"2009-06-05",19.73,19.82,18.89,19.57,7245500,18.76
"2009-06-08",19.3,19.58,18.86,19.32,6660400,18.52
"2009-06-09",18.97,19.25,18.46,18.64,5235000,17.87
"2009-06-10",18.81,19.13,18.05,18.38,6201300,17.62
"2009-06-11",18.32,19.3,18.26,18.95,6834400,18.17
"2009-06-12",18.7,18.77,17.2,17.75,8808800,17.02
"2009-06-15",16.43,16.51,15.83,15.83,10414100,15.18
"2009-06-16",15.68,15.79,14.88,15.06,11891700,14.44
"2009-06-17",15.46,15.49,14.72,14.9,40169300,14.29
"2009-06-18",15.44,16.15,15.34,15.92,16854100,15.26
"2009-06-19",16.4,17.1,16.2,16.86,15815000,16.17
"2009-06-22",16.42,16.72,15.52,15.7,12783200,15.05
"2009-06-23",16.25,16.38,15.3,16.29,12602400,15.62
"2009-06-24",16.64,17.16,16.22,16.42,8886200,15.74
"2009-06-25",16.32,16.74,15.95,16.63,7179900,15.95
"2009-06-26",16.6,16.73,16.02,16.18,7070100,15.51
"2009-06-29",16.28,17.38,16.28,17.08,8986500,16.38
"2009-06-30",17.14,17.39,16.53,17.21,7218300,16.5
"2009-07-01",17.32,17.45,16.86,17.31,5105700,16.6
"2009-07-02",16.87,16.98,16.11,16.11,6392400,15.45
"2009-07-06",16.12,16.82,15.97,16.74,6390100,16.05
"2009-07-07",16.47,16.68,15.88,15.99,7409400,15.33
"2009-07-08",16.1,16.23,14.34,15.04,12242700,14.43
"2009-07-09",15.3,15.9,15.21,15.32,7416100,14.7
"2009-07-10",15.36,15.45,14.58,14.6,10612400,14.01
"2009-07-13",14.94,15.5,14.55,15.45,10307600,14.82
"2009-07-14",15.58,15.9,15.41,15.73,5989300,15.09
"2009-07-15",16.01,16.52,15.88,16.32,7586800,15.66
"2009-07-16",16.18,16.5,15.75,16.32,4791500,15.66
"2009-07-17",16.22,16.25,15.78,16.16,4356200,15.5
"2009-07-20",16.62,17.22,16.59,17.14,7805700,16.44
"2009-07-21",17.24,17.61,16.84,17.05,5065500,16.36
"2009-07-22",16.9,17.2,16.62,16.79,5691300,16.11
"2009-07-23",16.85,18.43,16.71,18.26,8130900,17.52
"2009-07-24",17.62,18.71,17.62,18.61,4562700,17.85
"2009-07-27",18.59,19.15,18.43,18.71,5007000,17.95
"2009-07-28",18.45,18.64,17.9,18.37,4231300,17.62
"2009-07-29",18.03,18.34,17.81,18.05,5353300,17.32
"2009-07-30",19.15,20.71,18.39,20.29,17099000,19.47
"2009-07-31",20.34,21.31,19.52,21.19,12266200,20.33
"2009-08-03",21.6,22.66,21.55,22.66,9329400,21.74
"2009-08-04",22.45,22.92,22.1,22.72,6619800,21.8
"2009-08-05",22.82,23.36,22.17,22.96,5840000,22.03
"2009-08-06",22.75,23.09,21.47,21.73,8047700,20.85
"2009-08-07",22.4,23.18,22.35,22.64,6170200,21.72
"2009-08-10",22.58,23.53,22.36,23.08,6394000,22.14
"2009-08-11",22.76,22.91,21.36,21.8,7253100,20.92
"2009-08-12",21.95,23.24,21.48,22.87,5854700,21.94
"2009-08-13",23.27,24.45,23,24.14,6937200,23.16
"2009-08-14",23.94,24.33,23.4,24.25,6613900,23.27
"2009-08-17",23.36,23.49,22.03,22.22,8676900,21.32
"2009-08-18",22.3,23.1,22.29,22.89,5177100,21.96
"2009-08-19",22.22,23.5,22.19,23.1,5169300,22.16
"2009-08-20",23.25,24.53,23.17,23.79,8076700,22.82
"2009-08-21",24.25,25.24,24.18,25.07,8988900,24.05
"2009-08-24",25.24,26.37,24.65,24.89,8159800,23.88
"2009-08-25",25.2,26,24.87,24.98,7594000,23.97
"2009-08-26",25,25.04,24.14,24.75,4480500,23.75
"2009-08-27",24.72,25.42,24.13,25.18,4675000,24.16
"2009-08-28",25.49,25.74,24.76,25.29,4454400,24.26
"2009-08-31",24.68,25.39,24.56,25.24,3837300,24.22
"2009-09-01",25.08,25.25,22.84,23.05,7647200,22.11
"2009-09-02",22.88,23.46,22.21,22.98,5978600,22.05
"2009-09-03",23.33,23.82,22.87,23.78,3952400,22.82
"2009-09-04",23.73,23.91,23.16,23.8,3228600,22.83
"2009-09-08",24.27,24.47,23.54,23.64,3817800,22.68
"2009-09-09",23.64,24.54,23.46,24.34,4289700,23.35
"2009-09-10",24.31,25.47,23.56,25.2,5291000,24.18
"2009-09-11",25.42,25.44,24.65,24.86,4686200,23.85
"2009-09-14",24.67,25.91,24.13,25.9,3660400,24.85
"2009-09-15",26.09,26.34,25.38,25.48,4561900,24.45
"2009-09-16",25.74,27.82,25.59,27,7126200,25.9
"2009-09-17",26.91,27.82,26.21,26.42,5018000,25.35
"2009-09-18",26.72,26.96,25.6,26.31,5875400,25.24
"2009-09-21",25.93,25.93,25.33,25.49,3980200,24.46
"2009-09-22",25.92,26.33,25.24,25.4,5560900,24.37
"2009-09-23",25.5,25.95,24.9,24.93,5687400,23.92
"2009-09-24",25.1,25.48,23.86,24.37,4950900,23.38
"2009-09-25",24.13,24.77,23.85,24.11,4102400,23.13
"2009-09-28",24.25,25.83,24.15,25.78,4381700,24.73
"2009-09-29",25.84,26.92,25.76,26.02,6303900,24.96
"2009-09-30",26.27,26.86,25.4,25.91,5481100,24.86
"2009-10-01",25.72,25.72,24.17,24.17,6829900,23.19
"2009-10-02",23.7,24.92,22.99,24.05,6402300,23.07
"2009-10-05",24.56,25.74,24.36,25.73,6593000,24.69
"2009-10-06",26.07,27.11,25.86,26.54,7301200,25.46
"2009-10-07",26.33,26.95,26.04,26.82,3818600,25.74
"2009-10-08",27.09,28.09,27.09,27.48,5830300,26.37
"2009-10-09",27.36,28.07,27.16,27.84,3428500,26.72
"2009-10-12",28.1,28.1,26.91,27.11,4343400,26.02
"2009-10-13",26.86,26.86,25.73,26.09,5831500,25.04
"2009-10-14",26.82,27.71,26.72,27.66,4492500,26.55
"2009-10-15",27.31,27.83,26.7,26.99,4937900,25.9
"2009-10-16",26.17,26.84,26.02,26.47,4623300,25.41
"2009-10-19",26.67,27.1,26.29,26.61,3997400,25.54
"2009-10-20",26.55,26.98,25.5,25.66,4119700,24.63
"2009-10-21",25.64,26.35,24.99,25.09,4271700,24.08
"2009-10-22",25.28,26.71,25.1,26.52,5078400,25.45
"2009-10-23",26.64,26.65,25.25,25.41,4025400,24.39
"2009-10-26",25.48,26,23.81,23.91,6281400,22.95
"2009-10-27",24.2,24.75,23.44,23.56,5993300,22.61
"2009-10-28",23.46,23.56,22.23,22.25,9831300,21.36
"2009-10-29",24,25.88,23.65,25.34,12870700,24.32
"2009-10-30",25.14,25.14,23.72,23.83,8142000,22.87
"2009-11-02",24.11,24.88,22.83,23.29,6708700,22.35
"2009-11-03",22.83,24.13,22.6,24,4105900,23.03
"2009-11-04",25.18,25.18,23.2,23.3,6922200,22.36
"2009-11-05",23.56,23.65,22.5,22.99,8197000,22.07
"2009-11-06",22.54,23.84,22.41,23.75,4749900,22.79
"2009-11-09",24.3,24.83,23.97,24.81,4309300,23.81
"2009-11-10",24.58,25.15,24.27,24.5,4229400,23.51
"2009-11-11",24.75,25.34,24.64,24.77,4078500,23.77
"2009-11-12",24.58,24.82,23.47,23.49,5185300,22.55
"2009-11-13",23.62,23.94,23.35,23.67,4228000,22.72
"2009-11-16",23.96,24.98,23.96,24.6,4777500,23.61
"2009-11-17",24.45,24.91,24.2,24.69,3618800,23.7
"2009-11-18",24.55,25.19,24.37,24.78,3941700,23.78
"2009-11-19",24.32,24.65,23.6,23.76,4265100,22.8
"2009-11-20",23.49,23.9,23.15,23.53,3521100,22.58
"2009-11-23",24.28,24.59,23.95,24.14,3160100,23.17
"2009-11-24",24.15,24.16,23.41,23.91,2744100,22.95
"2009-11-25",24.19,24.19,23.56,23.82,2216300,22.86
"2009-11-27",22.73,23.31,22.67,22.81,2499500,21.89
"2009-11-30",23.05,23.05,22.42,22.91,4398700,21.99
"2009-12-01",23.29,23.46,22.58,22.79,5286700,21.87
"2009-12-02",22.74,23.44,22.72,23.26,5373800,22.32
"2009-12-03",23.4,23.97,22.3,22.38,5773400,21.48
"2009-12-04",22.81,23.33,22.5,23.08,6091300,22.15
"2009-12-07",22.92,23.3,22.69,22.71,3944700,21.8
"2009-12-08",22.34,22.8,22.29,22.47,3784500,21.57
"2009-12-09",22.62,22.92,21.99,22.64,3479200,21.73
"2009-12-10",22.74,23.09,22.61,22.76,3255000,21.84
"2009-12-11",22.84,22.96,22.28,22.44,3978900,21.54
"2009-12-14",22.45,22.77,22.17,22.73,3774300,21.82
"2009-12-15",22.63,23.05,22,22.12,4569800,21.23
"2009-12-16",22.45,23.41,22.3,23.09,4481500,22.16
"2009-12-17",23.5,24.21,23.33,23.52,6905100,22.57
"2009-12-18",23.65,23.75,22.86,23.29,5162300,22.35
"2009-12-21",23.68,23.92,23.37,23.84,3733400,22.88
"2009-12-22",24.05,24.87,23.99,24.8,4331000,23.8
"2009-12-23",24.8,25.46,24.8,25.38,3686900,24.36
"2009-12-24",25.49,25.62,25.01,25.23,1055300,24.22
"2009-12-28",25.22,25.54,25.06,25.32,1868400,24.3
"2009-12-29",25.37,25.78,25,25.01,2272100,24
"2009-12-30",24.77,25.1,24.66,24.85,2162500,23.85
"2009-12-31",24.86,25.12,24.82,24.88,2591000,23.88
"2010-01-04",25.32,25.91,24.93,25.88,3811400,24.84
"2010-01-05",25.8,26.61,25.72,26.42,4839200,25.36
"2010-01-06",26.25,26.93,25.93,26.82,4520000,25.74
"2010-01-07",26.82,27.59,26.47,27.45,5713900,26.36
"2010-01-08",27.18,27.48,26.65,27.03,3479000,25.95
"2010-01-11",27.32,27.53,26.99,27.39,3233100,26.3
"2010-01-12",28.4,28.44,26.67,26.93,5980100,25.86
"2010-01-13",26.9,27.53,26.32,27.31,4143500,26.22
"2010-01-14",27.18,27.56,26.49,27.46,4901700,26.37
"2010-01-15",27.23,27.36,26.69,26.89,3940400,25.82
"2010-01-19",26.85,27.71,26.6,27.69,3802400,26.59
"2010-01-20",27.46,27.46,26.89,27.07,2664100,25.99
"2010-01-21",27.11,27.4,25.83,26.01,5978100,24.97
"2010-01-22",25.99,26.18,24.32,24.47,7236800,23.49
"2010-01-25",25.1,25.65,24.54,24.81,3253800,23.82
"2010-01-26",24.56,25.58,24.45,24.67,4413700,23.69
"2010-01-27",24.47,25.57,24.34,25.49,3778200,24.47
"2010-01-28",25.81,25.81,24.4,24.82,4469500,23.83
"2010-01-29",25.09,25.68,24.43,24.58,4325000,23.6
"2010-02-01",25,25.27,24.71,24.93,3440500,23.94
"2010-02-02",25,26.3,24.71,26.17,6030600,25.13
"2010-02-03",26,26.08,25.22,25.47,4034800,24.45
"2010-02-04",25.19,25.19,23.75,23.77,7142100,22.82
"2010-02-05",23.81,24.28,22.52,23.72,7099800,22.77
"2010-02-08",23.82,24.52,23.37,23.5,5032400,22.56
"2010-02-09",24.5,25.2,23.84,24.5,10533700,23.52
"2010-02-10",24.5,24.88,24.05,24.46,3340200,23.49
"2010-02-11",24.44,24.88,23.71,24.82,3891200,23.83
"2010-02-12",24.46,24.8,23.96,24.7,3857400,23.72
"2010-02-16",24.57,24.95,24.11,24.93,3897000,23.94
"2010-02-17",25.19,25.4,24.91,25.15,3309500,24.15
"2010-02-18",24.88,25.76,24.88,25.72,4458600,24.69
"2010-02-19",25.43,25.71,24.76,25.48,4873700,24.46
"2010-02-22",25.6,25.89,25.46,25.78,3442300,24.75
"2010-02-23",25.61,25.61,24.42,24.65,5113400,23.67
"2010-02-24",24.77,25.36,24.64,25.34,3345300,24.33
"2010-02-25",24.8,25.3,24.51,25.27,5087200,24.26
"2010-02-26",25.22,25.27,24.81,25.18,3086600,24.18
"2010-03-01",25.27,25.69,25.19,25.62,2629700,24.6
"2010-03-02",25.72,26.55,25.69,26.11,5537300,25.07
"2010-03-03",26.15,26.35,25.94,26.27,3396100,25.22
"2010-03-04",26.22,26.68,26.12,26.58,3089800,25.52
"2010-03-05",26.66,27.1,26.53,26.98,3131800,25.9
"2010-03-08",27.06,27.43,26.87,26.94,2779200,25.87
"2010-03-09",26.9,27.4,26.56,27.18,2365800,26.1
"2010-03-10",27.38,27.66,27.04,27.21,3229300,26.13
"2010-03-11",27.06,27.34,26.84,27.33,1861000,26.24
"2010-03-12",27.55,27.75,27.18,27.36,2696000,26.27
"2010-03-15",27.12,28.32,27.12,28.2,5472500,27.08
"2010-03-16",28.3,28.53,27.75,28.48,3756300,27.34
"2010-03-17",29.1,30.74,29.07,29.73,9950800,28.55
"2010-03-18",29.53,29.81,29.08,29.24,4511500,28.07
"2010-03-19",29.33,29.49,28.74,28.76,3821800,27.61
"2010-03-22",28.34,28.88,27.83,28.82,3557600,27.67
"2010-03-23",28.84,29.05,28.41,28.96,2709400,27.81
"2010-03-24",28.72,29.51,28.72,29.09,3061500,27.93
"2010-03-25",29.44,29.94,28.94,28.99,4615300,27.83
"2010-03-26",29.12,30.32,29.12,29.75,4706600,28.56
"2010-03-29",30.07,30.27,29.89,30.22,3721900,29.02
"2010-03-30",30.23,30.34,29.82,30.08,2137900,28.88
"2010-03-31",29.9,30.7,29.86,30.7,3901500,29.48
"2010-04-01",31.08,31.73,30.98,31.51,3555500,30.25
"2010-04-05",31.72,32.3,31.46,32.29,4093400,31
"2010-04-06",32.1,32.54,32.03,32.22,3097700,30.94
"2010-04-07",32.01,32.14,31.13,31.36,4767300,30.12
"2010-04-08",31.16,32.04,30.68,31.9,3514300,30.64
"2010-04-09",31.95,31.99,31.25,31.66,2765400,30.41
"2010-04-12",31.79,31.9,31.41,31.75,3139100,30.49
"2010-04-13",31.64,31.82,31.14,31.8,2692600,30.54
"2010-04-14",31.92,32.76,31.86,32.65,3619100,31.36
"2010-04-15",32.43,32.61,31.91,32.26,2853000,30.98
"2010-04-16",31.98,32.26,30.62,31.31,5608800,30.07
"2010-04-19",30.9,32.12,30.88,32.12,5151200,30.85
"2010-04-20",32.51,32.72,32.08,32.72,2942500,31.43
"2010-04-21",32.6,32.75,31.94,32.45,2642300,31.17
"2010-04-22",31.97,32.24,31.48,32.22,4008400,30.95
"2010-04-23",32.24,32.89,32.05,32.79,4247000,31.49
"2010-04-26",32.78,33.55,32.68,32.9,3880300,31.6
"2010-04-27",32.56,32.57,30.45,30.65,4695400,29.44
"2010-04-28",31.08,31.84,30.63,30.9,4259800,29.68
"2010-04-29",30.8,31.96,29.72,31.52,6105700,30.27
"2010-04-30",31.26,31.61,30.5,30.59,3426000,29.38
"2010-05-03",30.62,31.33,30.59,31.2,3528000,29.97
"2010-05-04",30.62,30.71,29.49,29.7,4753300,28.53
"2010-05-05",29.11,29.72,28.26,28.74,7058600,27.6
"2010-05-06",28.57,29.45,25.63,27.47,7213500,26.38
"2010-05-07",27.35,28.05,25.94,26.64,7473100,25.59
"2010-05-10",28.34,29.44,28.01,29.34,5198800,28.18
"2010-05-11",28.68,30.14,28.56,29.51,4485900,28.34
"2010-05-12",29.79,30.05,29.46,29.71,2989000,28.53
"2010-05-13",29.51,30.06,29.2,29.41,3361200,28.25
"2010-05-14",29.03,29.05,27.72,28.02,4105600,26.91
"2010-05-17",27.97,28.46,27.03,28,3614100,26.89
"2010-05-18",28.54,29.17,27.8,28.06,7142900,26.95
"2010-05-19",27.68,28.81,27.15,27.74,8407700,26.64
"2010-05-20",26.7,27.07,25.57,25.58,7414900,24.57
"2010-05-21",24.78,26.05,24.78,25.51,12167800,24.5
"2010-05-24",25.56,26.21,24.94,24.98,7293700,23.99
"2010-05-25",24.42,25.75,23.86,25.67,7657700,24.65
"2010-05-26",26.2,26.48,25.48,25.68,4966500,24.66
"2010-05-27",26.62,27.47,25.96,27.41,3820800,26.33
"2010-05-28",27.4,27.52,26.21,26.46,3619900,25.41
"2010-06-01",26.03,26.42,25.6,25.64,5675600,24.63
"2010-06-02",26,26.93,25.67,26.92,4781200,25.86
"2010-06-03",27.21,27.65,26.72,27.28,3980300,26.2
"2010-06-04",26.34,26.55,25.19,25.31,5410800,24.31
"2010-06-07",25.66,25.86,24.59,24.62,4133500,23.65
"2010-06-08",24.82,25.22,23.92,24.96,5547900,23.97
"2010-06-09",25.21,25.86,24.77,24.91,3750600,23.92
"2010-06-10",25.56,26.26,25.43,26.25,4014800,25.21
"2010-06-11",25.73,26.42,25.47,26.36,2751300,25.32
"2010-06-14",26.89,28.13,26.88,27.41,8746300,26.33
"2010-06-15",27.61,28.1,27.33,27.88,17985400,26.78
"2010-06-16",27.6,28.21,27.52,27.74,5149900,26.64
"2010-06-17",28.05,28.05,27.3,27.72,3671400,26.62
"2010-06-18",27.77,27.93,27.46,27.81,2820600,26.71
"2010-06-21",28.25,28.68,27.4,27.64,4042600,26.55
"2010-06-22",27.62,27.9,27.27,27.41,6593200,26.33
"2010-06-23",27.42,27.42,26.63,27.05,5851600,25.98
"2010-06-24",26.73,26.99,26.4,26.51,5334300,25.46
"2010-06-25",26.88,27.26,26.17,27.07,5690300,26
"2010-06-28",27.12,27.19,26.3,26.37,4706500,25.33
"2010-06-29",25.63,25.79,24.42,24.63,6396900,23.66
"2010-06-30",24.7,25,24.2,24.29,5058000,23.33
"2010-07-01",24.1,24.45,22.99,23.67,6432500,22.73
"2010-07-02",23.84,24.05,23.06,23.38,4135700,22.46
"2010-07-06",24.03,24.62,23.23,23.56,4293600,22.63
"2010-07-07",23.57,24.64,23.49,24.58,3805300,23.62
"2010-07-08",24.95,25.19,24.42,24.93,3082800,23.95
"2010-07-09",24.89,25.63,24.81,25.58,2524700,24.58
"2010-07-12",25.38,25.46,24.81,25.07,2715000,24.09
"2010-07-13",25.59,25.88,25.32,25.49,4521900,24.49
"2010-07-14",24.85,24.85,23.77,24.04,8410700,23.1
"2010-07-15",23.99,24.2,23.37,23.87,6686400,22.94
"2010-07-16",23.47,23.65,22.57,22.62,6468500,21.73
"2010-07-19",22.85,23.23,22.55,22.88,6879900,21.98
"2010-07-20",22.47,23.09,21.95,23.06,5448800,22.16
"2010-07-21",23.31,23.91,22.99,23.05,7037400,22.15
"2010-07-22",23.52,24.28,23.35,24.13,5669400,23.19
"2010-07-23",23.93,24.68,23.73,24.61,5105800,23.65
"2010-07-26",24.55,24.9,24.19,24.77,5594800,23.8
"2010-07-27",25.04,25.31,24.49,24.56,3860100,23.6
"2010-07-28",24.38,24.63,24.01,24.09,5324300,23.15
"2010-07-29",25.16,25.95,24.48,25.76,9639400,24.75
"2010-07-30",25.26,26.27,25.08,26.04,6544600,25.02
"2010-08-02",26.63,26.83,26.23,26.46,5223400,25.42
"2010-08-03",26.25,26.25,25.37,25.48,5369100,24.48
"2010-08-04",25.76,25.77,25.06,25.32,3888600,24.33
"2010-08-05",25.01,25.13,24.7,24.98,4096500,24
"2010-08-06",24.64,24.8,24.06,24.69,4265700,23.72
"2010-08-09",24.89,25.25,24.67,25.17,3191300,24.18
"2010-08-10",24.85,25.04,24.45,24.63,4369100,23.67
"2010-08-11",24.02,24.07,22.93,22.95,7635200,22.05
"2010-08-12",22.52,23.19,22.5,22.83,4620400,21.94
"2010-08-13",22.78,23.17,22.57,22.69,3416900,21.8
"2010-08-16",22.51,22.75,22.07,22.25,3730700,21.38
"2010-08-17",22.62,22.94,22.45,22.46,4668400,21.58
"2010-08-18",22.49,22.64,22.19,22.34,5077000,21.47
"2010-08-19",22.18,22.25,21.4,21.58,4713200,20.74
"2010-08-20",21.28,21.47,21.01,21.33,3502200,20.49
"2010-08-23",21.29,21.65,21.05,21.29,4315300,20.46
"2010-08-24",20.8,21.09,20.65,20.97,5695900,20.15
"2010-08-25",20.74,21.79,20.65,21.7,9472900,20.85
"2010-08-26",21.82,22.12,21.39,21.52,6083100,20.68
"2010-08-27",21.75,23.8,21.17,23.73,13990900,22.8
"2010-08-30",23.75,23.77,22.74,22.9,7723800,22
"2010-08-31",22.67,23.6,22.44,23.37,5575500,22.46
"2010-09-01",24.06,24.78,23.76,24.72,5382800,23.75
"2010-09-02",24.76,25.09,24.43,25,4434500,24.02
"2010-09-03",25.26,26.1,25.04,26.09,6533800,25.07
"2010-09-07",25.2,25.49,24.41,24.91,6883700,23.93
"2010-09-08",24.95,25.62,24.86,24.95,4548700,23.97
"2010-09-09",25.54,25.71,24.95,25.46,3637300,24.46
"2010-09-10",25.49,25.68,25.21,25.5,3089700,24.5
"2010-09-13",25.9,26,25.66,25.95,3364800,24.93
"2010-09-14",25.75,26.14,25.36,25.74,3144400,24.73
"2010-09-15",25.44,25.5,24.88,25.36,4910900,24.37
"2010-09-16",25.19,25.2,24.54,24.72,9592800,23.75
"2010-09-17",25,25.02,24.53,24.56,10671100,23.6
"2010-09-20",24.7,25.37,24.53,25.29,6052000,24.3
"2010-09-21",25.41,25.59,24.95,25.04,4698700,24.06
"2010-09-22",24.94,25.03,23.93,23.94,6739800,23
"2010-09-23",23.62,23.84,23.19,23.25,5371600,22.34
"2010-09-24",23.73,24.24,23.66,24.1,3467400,23.16
"2010-09-27",24.03,24.03,23.62,23.68,2969300,22.75
"2010-09-28",23.75,24.05,23.23,23.99,4115600,23.05
"2010-09-29",23.82,24.2,23.74,23.94,2668500,23
"2010-09-30",24.27,24.5,23.86,23.92,3325500,22.98
"2010-10-01",24.19,24.38,23.74,23.97,2936300,23.03
"2010-10-04",23.92,24.28,23.73,23.9,2985200,22.96
"2010-10-05",24.17,24.89,23.86,24.7,5433200,23.73
"2010-10-06",24.78,24.95,24.45,24.73,4068300,23.77
"2010-10-07",24.82,24.94,24.3,24.41,2528000,23.46
"2010-10-08",24.44,25.07,24.25,24.94,3945300,23.97
"2010-10-11",25.08,25.5,24.88,25.45,3631700,24.46
"2010-10-12",25.24,25.3,24.9,25.15,2869500,24.18
"2010-10-13",25.41,25.81,25.22,25.43,3218300,24.44
"2010-10-14",25.31,25.85,24.97,25.27,3428300,24.29
"2010-10-15",25.56,25.65,24.79,25.09,3817400,24.12
"2010-10-18",25.16,26.01,25.08,25.99,5734000,24.98
"2010-10-19",25.73,26.02,25.1,25.36,3961800,24.38
"2010-10-20",25.42,26.1,25.33,25.91,4220200,24.91
"2010-10-21",26.02,26.45,25.86,26.13,3482400,25.12
"2010-10-22",26.19,26.27,25.9,26.01,2827000,25
"2010-10-25",25.77,26.31,25.47,25.82,4259800,24.82
"2010-10-26",25.64,25.84,25.19,25.37,5727500,24.39
"2010-10-27",25.04,25.3,24.7,25.13,4760200,24.16
"2010-10-28",25.39,25.61,24.46,25.01,4730000,24.04
"2010-10-29",24.87,24.98,24.44,24.48,4017300,23.53
"2010-11-01",24.71,24.9,24.1,24.27,3773600,23.33
"2010-11-02",24.62,25,24.51,24.97,4160000,24
"2010-11-03",23.81,24.75,23.41,24.3,8704800,23.36
"2010-11-04",24.87,25.15,24.64,24.9,5356300,23.93
"2010-11-05",24.98,25.57,24.84,25.43,4597000,24.44
"2010-11-08",25.23,25.31,24.89,24.93,3031600,23.96
"2010-11-09",24.96,25.23,24.32,24.43,4043100,23.48
"2010-11-10",24.43,24.92,24.24,24.87,3823200,23.91
"2010-11-11",24.53,25.25,24.12,25,6749600,24.03
"2010-11-12",24.7,24.85,23.86,23.89,5287100,22.96
"2010-11-15",24.13,24.51,24,24.2,4464100,23.26
"2010-11-16",23.99,24.15,23.45,23.67,6681100,22.75
"2010-11-17",23.63,24.39,23.52,23.89,4871000,22.96
"2010-11-18",24.26,24.91,24.26,24.54,3811000,23.59
"2010-11-19",24.52,24.69,24.15,24.52,2807400,23.57
"2010-11-22",24.35,24.35,23.86,24.24,2972100,23.3
"2010-11-23",23.75,23.81,23.34,23.42,4360600,22.51
"2010-11-24",23.69,23.92,23.54,23.85,2177100,22.93
"2010-11-26",23.57,23.78,23.4,23.64,1283100,22.72
"2010-11-29",23.42,23.72,23.17,23.63,2719600,22.71
"2010-11-30",23.39,24.04,23.26,23.88,4637700,22.95
"2010-12-01",24.3,24.58,24.04,24.52,3911000,23.57
"2010-12-02",24.49,25.29,24.49,25.12,3713200,24.15
"2010-12-03",24.82,25.34,24.54,25.21,3250300,24.23
"2010-12-06",25.02,25.19,24.79,25.07,2230000,24.1
"2010-12-07",25.54,25.61,25.23,25.34,3797000,24.36
"2010-12-08",25.47,27.47,25.47,27.24,11880400,26.18
"2010-12-09",27.36,27.86,27.09,27.82,6495700,26.74
"2010-12-10",27.87,28.19,27.72,28.14,5348400,27.05
"2010-12-13",28.41,28.48,27.68,27.71,4117900,26.64
"2010-12-14",27.83,28.18,27.68,28,3589100,26.91
"2010-12-15",28.66,28.71,28,28.09,4782600,27
"2010-12-16",28.17,28.49,28.01,28.05,2754700,26.96
"2010-12-17",28.08,28.61,27.97,28.43,4005300,27.33
"2010-12-20",28.45,28.57,28.1,28.12,2607700,27.03
"2010-12-21",28.48,28.89,28.45,28.75,3179600,27.64
"2010-12-22",28.84,29.12,28.62,28.92,2898100,27.8
"2010-12-23",28.91,28.99,28.12,28.3,2333600,27.2
"2010-12-27",28.18,28.58,27.89,28.31,2082100,27.21
"2010-12-28",28.47,28.47,27.79,27.92,2441500,26.84
"2010-12-29",28,28.12,27.66,27.76,1639000,26.68
"2010-12-30",27.7,27.9,27.42,27.5,1535000,26.43
"2010-12-31",27.42,27.91,27.33,27.81,1692400,26.73
"2011-01-03",28.17,29.4,28,29.28,5645500,28.15
"2011-01-04",29.28,29.64,28.98,29.57,4830500,28.42
"2011-01-05",29.21,29.71,29.14,29.71,3915800,28.56
"2011-01-06",29.62,29.68,29,29.22,2841900,28.13
"2011-01-07",29.34,29.61,28.93,29.25,3587200,28.16
"2011-01-10",29.01,29.3,28.68,29.19,3210200,28.11
"2011-01-11",29.35,29.56,28.99,29.25,3755400,28.16
"2011-01-12",29.37,29.91,29.36,29.54,5466400,28.44
"2011-01-13",29.58,29.77,28.83,29.01,3709900,27.93
"2011-01-14",29.08,29.36,28.98,29.27,3080300,28.18
"2011-01-18",29.16,29.41,28.83,29.36,2489400,28.27
"2011-01-19",29.11,29.32,28.5,28.69,2874500,27.62
"2011-01-20",28.67,28.91,28.28,28.84,4146200,27.77
"2011-01-21",29.08,29.34,28.77,29.01,2513900,27.93
"2011-01-24",28.96,29.2,28.76,29,2549800,27.92
"2011-01-25",28.91,29.26,28.7,29.16,2184100,28.08
"2011-01-26",29.25,29.47,29.13,29.39,2397800,28.3
"2011-01-27",29.4,30.15,29.13,30.04,3595700,28.92
"2011-01-28",29.63,29.72,28.93,29.07,6311200,27.99
"2011-01-31",28.94,29.37,28.78,28.84,3135400,27.77
"2011-02-01",29.11,30.32,29.11,30.32,4261800,29.19
"2011-02-02",30.13,30.13,29.5,29.66,3276100,28.56
"2011-02-03",29.77,30.06,29.03,29.96,3881800,28.85
"2011-02-04",30.01,31,29.98,30.9,3812000,29.75
"2011-02-07",31,31.49,30.94,31.02,3160100,29.87
"2011-02-08",31.09,31.16,30.88,30.99,3572600,29.84
"2011-02-09",30.8,31.15,30.54,31.03,3382600,29.88
"2011-02-10",30.73,31.12,30.27,31.05,2488300,29.9
"2011-02-11",30.78,31.78,30.53,31.75,2678300,30.57
"2011-02-14",31.7,31.79,31.37,31.48,2522900,30.31
"2011-02-15",31.27,31.7,30.89,31.64,2630200,30.46
"2011-02-16",31.8,32.32,31.58,32.27,3294400,31.07
"2011-02-17",32.1,32.68,31.95,32.49,2490000,31.28
"2011-02-18",32.48,32.56,32,32.06,2924200,30.87
"2011-02-22",31.45,31.81,30.28,30.8,6011200,29.66
"2011-02-23",30.76,31.17,29.98,30.64,2979000,29.5
"2011-02-24",30.65,31.01,30.43,30.91,4072800,29.76
"2011-02-25",31.21,31.71,31.15,31.58,2278200,30.41
"2011-02-28",31.74,31.88,31.37,31.72,1930500,30.54
"2011-03-01",31.93,32.09,30.64,30.64,3165000,29.5
"2011-03-02",30.51,30.51,29.68,29.76,4393700,28.65
"2011-03-03",31.14,31.3,30.26,30.97,6036200,29.82
"2011-03-04",30.89,31,30.48,30.92,3883600,29.77
"2011-03-07",30.98,31.49,30.41,30.47,3406200,29.34
"2011-03-08",30.61,31.34,30.54,31.11,3374600,29.95
"2011-03-09",30.95,31.2,30.67,30.8,2403400,29.66
"2011-03-10",30.23,30.48,29.81,29.94,2428500,28.83
"2011-03-11",29.59,30.34,29.46,30.28,2234600,29.16
"2011-03-14",30.16,30.55,29.53,29.96,3612800,28.85
"2011-03-15",28.54,30.13,28,29.97,6537600,28.86
"2011-03-16",29.99,30.09,28.3,29.13,8328600,28.05
"2011-03-17",29.67,29.78,28.94,29.13,3736700,28.05
"2011-03-18",29.75,30.01,29.47,29.56,3648200,28.46
"2011-03-21",30.14,30.39,30.05,30.3,1921700,29.17
"2011-03-22",30.35,30.48,29.77,29.79,2294000,28.68
"2011-03-23",29.64,29.78,29.17,29.68,2335600,28.58
"2011-03-24",29.91,30.11,29.46,30.08,2149900,28.96
"2011-03-25",30.18,30.47,29.96,30.32,1860400,29.19
"2011-03-28",30.44,30.7,30.18,30.25,1935000,29.13
"2011-03-29",30.14,30.27,29.88,30.19,1968700,29.07
"2011-03-30",30.37,30.58,30.19,30.51,1851000,29.38
"2011-03-31",30.31,30.42,30,30.04,2848900,28.92
"2011-04-01",30.34,30.78,30.18,30.51,2785000,29.38
"2011-04-04",30.56,30.76,30.44,30.68,1768500,29.54
"2011-04-05",30.62,30.67,30.22,30.33,2951000,29.2
"2011-04-06",30.52,30.68,30.19,30.63,2439900,29.49
"2011-04-07",30.52,30.77,30.09,30.14,3277100,29.07
"2011-04-08",30.21,30.46,29.66,29.79,1765700,28.73
"2011-04-11",29.79,30.16,29.62,29.76,1762300,28.7
"2011-04-12",29.49,29.75,29.35,29.61,2141500,28.56
"2011-04-13",29.85,29.86,28.93,28.96,2574200,27.93
"2011-04-14",28.72,28.89,28.15,28.71,3118700,27.69
"2011-04-15",28.79,29.07,28.41,28.87,2479300,27.84
"2011-04-18",28.33,28.47,28,28.37,2575200,27.36
"2011-04-19",28.46,28.82,28.27,28.82,2849000,27.79
"2011-04-20",29.33,29.69,29.14,29.21,2372300,28.17
"2011-04-21",29.46,29.84,29.27,29.83,1919800,28.77
"2011-04-25",29.68,29.89,29.46,29.77,1555300,28.71
"2011-04-26",29.98,30.21,29.75,30.1,2800000,29.03
"2011-04-27",30.2,30.39,29.52,30.36,2474400,29.28
"2011-04-28",31.04,32.39,31,31.64,6044400,30.51
"2011-04-29",31.62,31.66,30.81,31.23,4026200,30.12
"2011-05-02",31.52,31.84,31.34,31.43,2578700,30.31
"2011-05-03",30.67,31.49,30.6,30.93,4279600,29.83
"2011-05-04",30.92,30.96,30.04,30.32,3916300,29.24
"2011-05-05",30.04,30.22,29.53,29.78,4052600,28.72
"2011-05-06",30.21,30.47,29.6,29.87,3199200,28.81
"2011-05-09",29.84,30.07,29.61,29.97,3419200,28.9
"2011-05-10",30.12,30.39,29.92,30.26,2592000,29.18
"2011-05-11",30.17,30.51,29.88,30.15,2764800,29.08
"2011-05-12",29.94,30.47,29.55,30.44,2721000,29.36
"2011-05-13",30.43,30.55,29.62,29.79,2742500,28.73
"2011-05-16",29.6,30.18,29.59,29.67,2751200,28.61
"2011-05-17",29.57,29.61,29.08,29.44,2197800,28.39
"2011-05-18",29.41,29.55,29.25,29.48,2746200,28.43
"2011-05-19",29.71,29.78,29.3,29.76,2172200,28.7
"2011-05-20",29.51,29.7,29.12,29.21,2886900,28.17
"2011-05-23",28.73,28.9,28.55,28.63,2774100,27.61
"2011-05-24",28.81,28.86,28.44,28.46,2246000,27.45
"2011-05-25",28.57,28.7,28.29,28.57,2329500,27.55
"2011-05-26",28.5,28.87,28.32,28.76,2150800,27.74
"2011-05-27",28.88,28.96,28.69,28.87,1862500,27.84
"2011-05-31",29.19,29.35,28.75,29.35,3551000,28.31
"2011-06-01",29.15,29.2,28.15,28.22,5406800,27.22
"2011-06-02",28.25,28.4,27.91,28.08,4292700,27.08
"2011-06-03",27.6,27.83,27.4,27.45,5198300,26.47
"2011-06-06",27.41,27.63,26.81,26.86,3204000,25.9
"2011-06-07",27.02,27.18,26.77,26.77,3701800,25.82
"2011-06-08",26.65,26.85,26.39,26.44,3702500,25.5
"2011-06-09",26.58,26.94,26.4,26.72,2498400,25.77
"2011-06-10",26.5,26.61,25.97,26.3,3430000,25.36
"2011-06-13",26.52,26.61,26.18,26.52,4045500,25.58
"2011-06-14",26.9,27.8,26.76,27.52,5755700,26.54
"2011-06-15",27.14,27.15,26.01,26.06,6191900,25.13
"2011-06-16",26.14,27.03,26.05,26.52,4959400,25.58
"2011-06-17",26.82,27.24,26.62,26.95,5185800,25.99
"2011-06-20",26.81,27.3,26.68,27.1,2639600,26.14
"2011-06-21",27.34,27.83,27.31,27.72,3285600,26.73
"2011-06-22",27.53,27.73,27.31,27.33,2815000,26.36
"2011-06-23",26.84,27.14,26.26,27.14,5739900,26.17
"2011-06-24",27.16,27.16,26.48,26.76,3961900,25.81
"2011-06-27",26.8,27.1,26.7,27,2387100,26.04
"2011-06-28",27.08,27.57,27.05,27.49,3088500,26.51
"2011-06-29",27.7,28.17,27.58,28.15,3003800,27.15
"2011-06-30",28.3,28.77,28.05,28.49,2964700,27.48
"2011-07-01",28.34,29.26,28.34,29.15,3027900,28.11
"2011-07-05",29.04,29.06,28.48,28.65,2459200,27.63
"2011-07-06",28.42,28.84,28.2,28.84,2245000,27.81
"2011-07-07",29.1,29.67,29,29.39,3178800,28.39
"2011-07-08",28.65,28.65,28.22,28.53,3486000,27.56
"2011-07-11",27.99,28.12,27.19,27.43,3900400,26.5
"2011-07-12",27.26,27.79,27.25,27.25,3151900,26.33
"2011-07-13",27.49,28,27.32,27.48,2776800,26.55
"2011-07-14",27.68,27.75,27.01,27.23,3784700,26.31
"2011-07-15",27.5,27.51,26.92,27.16,2946200,26.24
"2011-07-18",27,27.08,26.36,26.7,3588400,25.8
"2011-07-19",26.89,27.25,26.68,27.04,2713300,26.12
"2011-07-20",27.19,27.45,26.92,27.11,2027800,26.19
"2011-07-21",27.4,28.13,27.39,27.73,3310200,26.79
"2011-07-22",27.87,27.87,27.33,27.79,2330500,26.85
"2011-07-25",27.37,27.4,27.11,27.34,4282500,26.41
"2011-07-26",27.3,27.62,27.14,27.21,2971500,26.29
"2011-07-27",27,27.09,26.44,26.49,4203800,25.59
"2011-07-28",26.55,27.07,26.45,26.48,3848000,25.58
"2011-07-29",26.37,26.97,26.07,26.5,3657300,25.6
"2011-08-01",26.93,27.03,25.98,26.3,3625300,25.41
"2011-08-02",26.08,26.32,25.37,25.45,5014300,24.59
"2011-08-03",26.16,26.5,24.95,25.47,9562800,24.61
"2011-08-04",25.06,25.27,23.88,23.91,8378200,23.1
"2011-08-05",24.37,24.39,22.7,23.53,10326700,22.73
"2011-08-08",22.69,23.24,20.4,20.65,10445600,19.95
"2011-08-09",21.1,22.77,20.75,22.74,10688900,21.97
"2011-08-10",22.15,22.18,20.6,20.67,12628700,19.97
"2011-08-11",20.68,22.91,20.64,22.42,9368100,21.66
"2011-08-12",22.64,22.83,22.14,22.24,9969700,21.49
"2011-08-15",22.39,22.83,22.17,22.83,4551400,22.06
"2011-08-16",22.44,22.72,21.94,22.18,5243100,21.43
"2011-08-17",22.31,22.53,21.72,22.01,3844500,21.26
"2011-08-18",21.03,21.03,20.12,20.31,7753000,19.62
"2011-08-19",19.91,20.88,19.42,19.46,8146600,18.8
"2011-08-22",20.09,20.15,18.97,19.02,7895600,18.38
"2011-08-23",19.12,19.3,18.69,19.14,11377700,18.49
"2011-08-24",19.05,19.88,18.97,19.81,6454200,19.14
"2011-08-25",20.19,20.58,18.9,19.05,7309000,18.4
"2011-08-26",18.87,19.5,18.41,19.29,5665300,18.64
"2011-08-29",19.7,21,19.7,21,4643100,20.29
"2011-08-30",20.71,20.75,20.01,20.56,5717400,19.86
"2011-08-31",20.77,21.38,20.39,20.75,6938400,20.05
"2011-09-01",20.66,20.87,20.06,20.1,5153800,19.42
"2011-09-02",19.51,19.78,18.99,19.03,6209500,18.39
"2011-09-06",18.11,18.5,17.88,18.22,7157900,17.6
"2011-09-07",18.75,19.45,18.68,19.3,5236400,18.65
"2011-09-08",18.92,19.35,18.72,18.81,4756800,18.17
"2011-09-09",18.48,18.72,17.94,18.03,5550300,17.42
"2011-09-12",17.6,18.16,17.22,17.98,7541300,17.37
"2011-09-13",17.99,18.42,17.8,18.03,6998000,17.42
"2011-09-14",18.22,18.6,17.64,18.28,7603800,17.66
"2011-09-15",18.66,19.84,18.54,19.78,9381700,19.11
"2011-09-16",19.82,20.03,18.95,19.2,7381000,18.55
"2011-09-19",18.73,18.77,18.15,18.54,4355600,17.91
"2011-09-20",18.63,19.16,18.14,18.16,5869700,17.54
"2011-09-21",18.09,18.15,16.61,16.63,7341600,16.07
"2011-09-22",15.69,15.94,15,15.48,12793100,14.96
"2011-09-23",15.14,15.95,15.14,15.3,10171200,14.78
"2011-09-26",15.56,16.07,15.22,16.01,10050700,15.47
"2011-09-27",16.59,17.15,16.54,16.74,10489500,16.17
"2011-09-28",16.84,16.85,15.59,15.59,6385600,15.06
"2011-09-29",16.08,16.68,15.83,16.46,6803500,15.9
"2011-09-30",16.07,16.09,15.63,15.63,5842000,15.1
"2011-10-03",15.45,15.65,14.32,14.32,9167900,13.83
"2011-10-04",14.05,14.74,13.75,14.68,12395900,14.18
"2011-10-05",14.81,15.48,14.52,15.33,9079700,14.81
"2011-10-06",15.23,16.04,14.98,15.85,8022000,15.36
"2011-10-07",16,16.29,15.05,15.1,8982000,14.64
"2011-10-10",15.5,16.06,15.5,16.04,6412600,15.55
"2011-10-11",15.83,16.54,15.64,16.34,7801400,15.84
"2011-10-12",16.57,17.8,16.57,17.36,10202700,16.83
"2011-10-13",17.11,17.14,16.1,16.7,8053000,16.19
"2011-10-14",17.26,18.11,17.23,17.99,10064500,17.44
"2011-10-17",17.96,17.96,17.16,17.23,7312000,16.7
"2011-10-18",17.28,18.49,17,18.34,9778200,17.78
"2011-10-19",18.32,18.76,17.62,17.8,8288600,17.25
"2011-10-20",17.83,18.49,17.45,18.37,6187800,17.81
"2011-10-21",18.68,19.25,18.57,19.03,7174700,18.45
"2011-10-24",19.09,20.12,19.06,20.07,8047200,19.45
"2011-10-25",19.76,19.77,18.42,18.5,8388800,17.93
"2011-10-26",19.21,19.68,18.41,19.48,6816800,18.88
"2011-10-27",20.59,21.65,20.48,21.34,11153200,20.68
"2011-10-28",21.37,21.88,20.88,21.4,7487800,20.74
"2011-10-31",20.88,20.88,18.98,19.05,11638600,18.46
"2011-11-01",17.83,18.56,17.54,17.98,8732200,17.43
"2011-11-02",18.54,19.16,18.32,18.89,6470600,18.31
"2011-11-03",20.17,20.61,18.98,19.52,11144500,18.92
"2011-11-04",19.28,19.4,18.73,19.28,6240200,18.69
"2011-11-07",19.23,19.44,18.68,19.41,4761900,18.81
"2011-11-08",19.62,20.02,19.04,19.92,6379700,19.31
"2011-11-09",18.95,19.25,18.64,18.74,7651900,18.16
"2011-11-10",19.19,19.86,18.92,19.54,7068300,18.94
"2011-11-11",20,20.94,19.96,20.22,6092700,19.6
"2011-11-14",19.95,20.17,19.6,19.81,3992300,19.2
"2011-11-15",19.75,20.18,19.45,19.93,4701100,19.32
"2011-11-16",19.54,20.48,19.43,20.05,8623400,19.43
"2011-11-17",20.01,20.31,19.15,19.31,10192800,18.72
"2011-11-18",19.47,19.7,19.2,19.45,6214500,18.85
"2011-11-21",19.12,19.12,18.34,18.86,7754700,18.28
"2011-11-22",18.67,19.06,18.44,18.49,6540400,17.92
"2011-11-23",18.07,18.23,17.63,17.63,7571400,17.09
"2011-11-25",17.64,18.21,17.56,17.58,1835200,17.04
"2011-11-28",18.48,18.8,18.24,18.52,5226800,17.95
"2011-11-29",18.62,18.9,18.35,18.49,4632700,17.92
"2011-11-30",19.36,20.21,19.28,20.18,6958200,19.56
"2011-12-01",20.05,20.41,19.72,20.21,5257800,19.59
"2011-12-02",20.59,21,19.98,20.06,7546700,19.44
"2011-12-05",20.64,21.04,20.21,20.42,7172400,19.79
"2011-12-06",20.34,20.98,20.22,20.79,5116700,20.15
"2011-12-07",20.52,20.83,19.98,20.71,6581100,20.07
"2011-12-08",20.49,20.49,19.57,19.64,5998100,19.04
"2011-12-09",19.84,20.34,19.84,20.04,5178200,19.42
"2011-12-12",19.68,19.68,18.93,19.16,4384200,18.57
"2011-12-13",19.56,19.76,18.35,18.6,7563100,18.03
"2011-12-14",18.4,18.8,18.2,18.46,5163000,17.89
"2011-12-15",18.9,19.12,18.66,18.7,4893700,18.13
"2011-12-16",18.87,19.02,18.38,18.51,5503400,17.94
"2011-12-19",18.61,18.83,17.78,17.84,3785500,17.29
"2011-12-20",18.32,18.7,18.23,18.6,4975100,18.03
"2011-12-21",18.51,18.79,18.38,18.7,3950500,18.13
"2011-12-22",18.79,19.21,18.7,19.13,3943100,18.54
"2011-12-23",19.19,19.72,19.03,19.72,2976700,19.11
"2011-12-27",19.67,19.85,19.38,19.38,1652300,18.78
"2011-12-28",19.34,19.41,18.94,19.06,2150700,18.47
"2011-12-29",19.16,19.65,19.09,19.47,1774300,18.87
"2011-12-30",19.38,19.58,19.35,19.42,1434000,18.82
"2012-01-03",20,20.45,20,20.22,2771200,19.6
"2012-01-04",19.97,20.04,19.63,19.93,2982700,19.32
"2012-01-05",19.79,20.42,19.38,20.2,3741900,19.58
"2012-01-06",20.18,20.45,19.98,20.06,3630200,19.52
"2012-01-09",20.22,20.48,20.06,20.21,3088900,19.67
"2012-01-10",20.71,21.24,20.51,21.19,5716500,20.62
"2012-01-11",21.03,21.72,20.86,21.68,3072000,21.1
"2012-01-12",21.82,21.98,21.43,21.57,4664800,20.99
"2012-01-13",21.17,21.18,20.5,21.07,4192100,20.5
"2012-01-17",21.5,21.71,21.1,21.31,5010600,20.74
"2012-01-18",21.27,22.24,21.04,22.14,5374400,21.54
"2012-01-19",22.42,22.56,21.94,22.28,4711700,21.68
"2012-01-20",22.25,22.7,22.2,22.5,5193800,21.9
"2012-01-23",22.55,23.08,22.48,22.7,4698400,22.09
"2012-01-24",22.46,22.95,22.33,22.86,3078700,22.25
"2012-01-25",22.68,22.81,21.59,21.94,9560600,21.35
"2012-01-26",22.06,22.16,20.19,20.69,15033500,20.13
"2012-01-27",20.61,21.21,20.5,20.98,5850200,20.42
"2012-01-30",20.69,21.61,20.42,21.41,6532700,20.83
"2012-01-31",21.61,21.92,21.27,21.54,5541500,20.96
"2012-02-01",21.76,22.47,21.66,22.12,4526600,21.53
"2012-02-02",22.24,22.68,22.02,22.67,4071700,22.06
"2012-02-03",23.18,24.05,23.07,23.84,7113500,23.2
"2012-02-06",23.6,23.7,23.33,23.65,3798500,23.01
"2012-02-07",23.59,23.94,23.12,23.82,5561400,23.18
"2012-02-08",23.36,24.63,23.2,24.39,9403600,23.73
"2012-02-09",24.53,24.6,24.06,24.38,5203500,23.72
"2012-02-10",23.86,24.2,23.7,24.17,4152900,23.52
"2012-02-13",24.5,24.84,24.23,24.77,4746700,24.1
"2012-02-14",24.61,24.65,23.64,24,5281600,23.35
"2012-02-15",24.23,24.59,24.05,24.32,6153100,23.67
"2012-02-16",24.33,25.59,24.3,25.56,6151500,24.87
"2012-02-17",25.73,25.75,25.21,25.56,4358600,24.87
"2012-02-21",25.34,26.05,25.34,25.79,4804000,25.1
"2012-02-22",25.67,25.9,24.87,24.99,5084600,24.32
"2012-02-23",25.06,25.35,25,25.18,3288300,24.5
"2012-02-24",25.27,25.29,24.94,25.08,3219700,24.41
"2012-02-27",24.77,25.23,24.65,25.12,3326900,24.44
"2012-02-28",25.12,25.37,24.76,25.11,3460400,24.44
"2012-02-29",25.2,25.52,24.79,24.84,4367400,24.17
"2012-03-01",24.9,25.84,24.89,25.68,5544200,24.99
"2012-03-02",25.66,25.8,24.8,24.97,4307300,24.3
"2012-03-05",24.79,24.86,24.44,24.7,4191000,24.04
"2012-03-06",24.07,24.25,23.7,23.95,4141100,23.31
"2012-03-07",24.13,24.44,24.01,24.25,2440700,23.6
"2012-03-08",24.51,24.57,24,24.21,3646900,23.56
"2012-03-09",24.31,25.01,24.31,24.7,2515100,24.04
"2012-03-12",24.7,24.95,24.21,24.52,3297500,23.86
"2012-03-13",24.83,25.62,24.7,25.6,3483700,24.91
"2012-03-14",25.55,26.29,25.35,26.12,6804100,25.42
"2012-03-15",26.19,27.45,26.12,27.29,10081000,26.56
"2012-03-16",27.29,27.54,26.76,26.77,6563400,26.05
"2012-03-19",26.73,27.33,26.66,27.07,5492200,26.34
"2012-03-20",26.78,27.1,26.35,26.86,4164300,26.14
"2012-03-21",26.95,27.33,26.63,26.67,3651400,25.95
"2012-03-22",26.33,26.36,25.86,26.04,4497100,25.34
"2012-03-23",26.1,26.49,26.06,26.45,3956800,25.74
"2012-03-26",26.83,27.06,26.65,27.06,4495000,26.33
"2012-03-27",27.13,27.22,26.94,27.04,5387300,26.31
"2012-03-28",26.93,26.99,26.1,26.61,4929900,25.89
"2012-03-29",26.22,26.34,25.36,25.75,4656200,25.06
"2012-03-30",26.01,26.51,25.73,26.36,4316500,25.65
"2012-04-02",26.36,26.83,26.13,26.56,2467200,25.85
"2012-04-03",26.46,26.49,25.59,26.23,4930300,25.53
"2012-04-04",25.72,25.93,25.44,25.63,3992000,25.02
"2012-04-05",25.5,25.95,25.39,25.55,3578800,24.94
"2012-04-09",24.9,25,24.39,24.48,3793300,23.89
"2012-04-10",24.39,24.58,23.54,23.57,5180900,23.01
"2012-04-11",24.08,24.09,23.72,23.79,3739200,23.22
"2012-04-12",23.91,24.75,23.75,24.7,2401600,24.11
"2012-04-13",24.48,24.54,23.99,24.15,3454300,23.57
"2012-04-16",24.52,24.55,23.92,24.18,2295600,23.6
"2012-04-17",24.52,24.79,24.39,24.67,2326300,24.08
"2012-04-18",24.41,24.56,24.17,24.19,2863400,23.61
"2012-04-19",24.25,24.35,23.7,23.9,3977200,23.33
"2012-04-20",24.14,24.37,23.57,23.66,3315900,23.09
"2012-04-23",23.18,23.94,22.97,23.86,4662400,23.29
"2012-04-24",23.87,24.29,23.83,23.95,3980000,23.38
"2012-04-25",24.33,24.65,23.88,24.63,3951800,24.04
"2012-04-26",24.48,24.75,24.28,24.64,2504300,24.05
"2012-04-27",24.72,24.76,24.27,24.67,2863000,24.08
"2012-04-30",24.57,24.81,24.47,24.77,2251100,24.18
"2012-05-01",24.68,25.38,24.59,24.92,2439700,24.32
"2012-05-02",24.7,24.84,24.14,24.58,2501000,23.99
"2012-05-03",24.59,24.89,23.6,23.74,4459700,23.17
"2012-05-04",23.61,23.7,22.82,23.11,5008500,22.56
"2012-05-07",22.98,23.48,22.87,23.36,4444700,22.8
"2012-05-08",23.13,23.57,22.99,23.36,4296600,22.8
"2012-05-09",22.98,23.2,22.67,22.89,5440000,22.34
"2012-05-10",23.31,23.72,23.25,23.49,3792900,22.93
"2012-05-11",23.16,24.09,22.77,23.58,4185700,23.02
"2012-05-14",23.13,23.25,22.71,22.73,5798300,22.19
"2012-05-15",22.67,22.72,22.11,22.2,3555200,21.67
"2012-05-16",22.35,22.53,21.48,21.48,6044100,20.97
"2012-05-17",21.43,21.62,20.85,20.86,4587300,20.36
"2012-05-18",20.97,21.03,20.36,20.56,5270400,20.07
"2012-05-21",20.68,21.34,20.58,21.2,3109200,20.69
"2012-05-22",21.4,21.88,21.15,21.56,5526200,21.04
"2012-05-23",21.27,21.34,20.68,21.23,4369900,20.72
"2012-05-24",21.39,21.39,20.88,21.31,2811900,20.8
"2012-05-25",21.35,21.54,21.13,21.27,2072200,20.76
"2012-05-29",21.54,21.85,21.45,21.73,3052500,21.21
"2012-05-30",21.37,21.4,20.67,20.8,3829700,20.3
"2012-05-31",20.82,21,20.34,20.67,5014800,20.18
"2012-06-01",20.06,20.06,19.37,19.4,5727300,18.94
"2012-06-04",19.52,19.72,19.04,19.34,3968500,18.88
"2012-06-05",19.2,19.8,19.17,19.73,3132100,19.26
"2012-06-06",20.03,20.99,19.98,20.89,4166800,20.39
"2012-06-07",21.49,21.51,20.69,20.78,4167400,20.28
"2012-06-08",20.63,20.99,20.26,20.98,2499800,20.48
"2012-06-11",21.35,21.48,20.3,20.32,3573100,19.83
"2012-06-12",20.46,20.99,20.36,20.98,4183000,20.48
"2012-06-13",20.85,21.23,20.63,20.74,4170100,20.24
"2012-06-14",20.79,21.35,20.64,21.21,3562700,20.7
"2012-06-15",21.32,21.44,21.08,21.23,8125300,20.72
"2012-06-18",20.96,21.16,20.41,20.92,3815500,20.42
"2012-06-19",21.24,21.84,21.09,21.72,2880000,21.2
"2012-06-20",21.72,21.83,21.17,21.4,4230600,20.89
"2012-06-21",21.51,21.6,20.59,20.64,2857100,20.15
"2012-06-22",20.86,21.12,20.67,20.81,2871500,20.31
"2012-06-25",20.44,20.44,19.9,20.05,2780500,19.57
"2012-06-26",20.12,20.7,20.09,20.6,3100600,20.11
"2012-06-27",20.7,21.16,20.44,21.05,2095000,20.55
"2012-06-28",20.73,20.95,20.42,20.93,3369100,20.43
"2012-06-29",21.59,21.99,21.5,21.87,3884900,21.35
"2012-07-02",21.73,21.89,21.08,21.42,3227400,20.91
"2012-07-03",21.3,21.86,21.27,21.73,1468900,21.21
"2012-07-05",21.54,21.65,21.04,21.26,2425500,20.75
"2012-07-06",20.8,20.91,20.45,20.77,3585200,20.35
"2012-07-09",20.61,20.75,20.4,20.63,2713500,20.21
"2012-07-10",20.79,20.98,20.2,20.31,2508000,19.9
"2012-07-11",20.34,20.85,20.28,20.69,2981900,20.27
"2012-07-12",20.38,20.44,20.13,20.3,2889100,19.89
"2012-07-13",20.32,20.94,20.32,20.88,2237100,20.46
"2012-07-16",20.72,20.82,20.18,20.5,2269800,20.09
"2012-07-17",20.62,20.77,20.16,20.73,3972400,20.31
"2012-07-18",20.67,21.06,20.59,20.9,3321400,20.48
"2012-07-19",20.92,21.06,20.66,20.9,3877300,20.48
"2012-07-20",20.61,20.63,20.06,20.08,2569200,19.67
"2012-07-23",19.5,19.89,19.19,19.79,2691700,19.39
"2012-07-24",19.78,19.8,19.17,19.36,3048200,18.97
"2012-07-25",19.51,19.68,19.21,19.29,2482900,18.9
"2012-07-26",19.77,20.02,19.52,19.61,2976300,19.21
"2012-07-27",19.86,20.5,19.62,20.32,3678300,19.91
"2012-07-30",20.23,20.55,20.08,20.2,2796200,19.79
"2012-07-31",20.15,20.35,20.02,20.05,4062900,19.64
"2012-08-01",20.31,20.31,19.68,19.84,3274200,19.44
"2012-08-02",20.5,21.62,19.84,21.34,8551700,20.91
"2012-08-03",21.81,22.42,21.81,22.03,5600000,21.58
"2012-08-06",22.05,22.54,21.99,22.3,3043500,21.85
"2012-08-07",22.62,23.27,22.4,22.61,3795000,22.15
"2012-08-08",22.49,22.85,22.45,22.7,2524700,22.24
"2012-08-09",22.71,23.46,22.59,23.23,3568100,22.76
"2012-08-10",23.13,23.22,22.74,22.94,2656200,22.48
"2012-08-13",22.91,23.12,22.66,22.95,2789700,22.49
"2012-08-14",23.17,23.67,23.05,23.59,5412200,23.11
"2012-08-15",23.49,23.78,23.35,23.6,3442800,23.12
"2012-08-16",23.6,24.19,23.55,24,4222400,23.51
"2012-08-17",24.01,24.09,23.55,23.89,2359800,23.41
"2012-08-20",23.75,23.96,23.69,23.87,2221600,23.39
"2012-08-21",24.02,24.57,23.92,24.02,2922900,23.53
"2012-08-22",23.95,24.19,23.55,23.83,2434600,23.35
"2012-08-23",23.66,23.83,23.48,23.53,2560800,23.05
"2012-08-24",23.48,23.87,23.36,23.78,2541800,23.3
"2012-08-27",23.97,23.98,23.43,23.45,2424100,22.98
"2012-08-28",23.36,23.54,23.29,23.31,2210600,22.84
"2012-08-29",23.4,23.44,22.97,23.3,3201100,22.83
"2012-08-30",23.16,23.36,23.03,23.26,2003600,22.79
"2012-08-31",23.49,23.63,23.15,23.22,2716600,22.75
"2012-09-04",23.24,23.44,23.07,23.31,2772200,22.84
"2012-09-05",23.4,23.5,23.08,23.17,3211300,22.7
"2012-09-06",23.37,24.3,23.32,24.16,4098600,23.67
"2012-09-07",24.24,24.75,24.23,24.38,3279200,23.89
"2012-09-10",24.3,24.49,24.26,24.32,2876700,23.83
"2012-09-11",24.3,24.63,24.24,24.43,2374000,23.94
"2012-09-12",24.45,24.8,24.43,24.67,2691200,24.17
"2012-09-13",24.64,25.47,24.2,25.36,5307700,24.85
"2012-09-14",25.32,26.1,25.32,25.8,3928700,25.28
"2012-09-17",25.7,25.84,25.32,25.45,2630000,24.94
"2012-09-18",25.29,25.37,24.85,25.31,3466600,24.8
"2012-09-19",25.31,25.38,25.02,25.25,4395900,24.74
"2012-09-20",24.94,25.17,24.45,25,4364400,24.49
"2012-09-21",25.26,25.39,24.75,24.8,3830000,24.3
"2012-09-24",24.63,24.96,24.38,24.79,2357200,24.29
"2012-09-25",24.91,24.98,24.22,24.26,3206700,23.77
"2012-09-26",24.23,24.34,23.65,23.77,2607400,23.29
"2012-09-27",24.02,24.3,23.78,24.13,3104400,23.64
"2012-09-28",23.92,24.46,23.76,24.19,4733100,23.7
"2012-10-01",24.33,24.73,23.88,24,3666800,23.51
"2012-10-02",24.1,24.35,23.92,24.32,2954700,23.83
"2012-10-03",24.06,24.25,23.52,24.14,5739600,23.65
"2012-10-04",24.33,24.66,24.18,24.64,4280000,24.14
"2012-10-05",24.86,25.32,24.37,24.39,6207600,23.97
"2012-10-08",24.16,24.6,24.04,24.47,2253400,24.05
"2012-10-09",24.45,24.66,24.11,24.21,2782000,23.8
"2012-10-10",24.23,24.23,23.8,24.03,3193100,23.62
"2012-10-11",24.37,24.62,24.06,24.27,4139600,23.86
"2012-10-12",24.24,24.29,23.55,23.76,4078600,23.36
"2012-10-15",23.88,24.06,23.69,24,2832200,23.59
"2012-10-16",24.25,25.03,24.14,24.85,4006100,24.43
"2012-10-17",25.01,25.67,24.79,25.63,5147800,25.19
"2012-10-18",25.68,25.95,25.46,25.74,4652500,25.3
"2012-10-19",25.65,25.72,25.14,25.33,3617900,24.9
"2012-10-22",25.27,25.54,25.03,25.34,2125100,24.91
"2012-10-23",24.82,24.83,24.53,24.77,2541100,24.35
"2012-10-24",24.92,25.08,24.63,24.71,1845100,24.29
"2012-10-25",25,25.24,24.83,25.09,2223900,24.66
"2012-10-26",25,25.1,24.39,24.68,2506100,24.26
"2012-10-31",24.66,25.04,24.34,24.79,2706800,24.37
"2012-11-01",24.81,25.53,24.81,25.43,4261300,25
"2012-11-02",25.98,26.08,25.1,25.2,4361200,24.77
"2012-11-05",25.07,25.44,24.75,25.34,3728900,24.91
"2012-11-06",25.43,26.1,25.34,25.81,3560400,25.37
"2012-11-07",25.32,25.32,23.66,23.79,8053200,23.39
"2012-11-08",23.85,24.24,23.23,23.28,5223100,22.88
"2012-11-09",23.06,23.93,23.06,23.57,4450500,23.17
"2012-11-12",23.63,23.67,23.2,23.44,3112000,23.04
"2012-11-13",23.27,23.99,23.1,23.26,4704900,22.86
"2012-11-14",22.68,23.71,22.51,23.15,4346100,22.76
"2012-11-15",23.17,23.74,23.15,23.31,4042400,22.91
"2012-11-16",23.34,23.82,23.09,23.8,4146800,23.39
"2012-11-19",24.23,24.3,23.9,24.2,3682600,23.79
"2012-11-20",24.08,24.3,23.88,24.14,3108400,23.73
"2012-11-21",24.14,24.24,23.91,24.24,2102100,23.83
"2012-11-23",24.38,24.61,24.18,24.61,866200,24.19
"2012-11-26",24.34,24.62,24.27,24.62,1867400,24.2
"2012-11-27",24.48,24.82,24.31,24.32,2539100,23.91
"2012-11-28",24.08,24.52,23.87,24.48,1845200,24.06
"2012-11-29",24.64,24.81,24.55,24.63,1894400,24.21
"2012-11-30",24.66,24.88,24.24,24.7,2888800,24.28
"2012-12-03",24.84,25.18,24.77,25.07,3365300,24.64
"2012-12-04",25.07,25.27,24.89,25.26,2437000,24.83
"2012-12-05",25.2,25.7,25.15,25.58,2783900,25.14
"2012-12-06",25.39,25.55,25.26,25.52,2595000,25.09
"2012-12-07",25.77,25.83,25.55,25.78,2287900,25.34
"2012-12-10",25.63,25.91,25.53,25.74,1983400,25.3
"2012-12-11",25.96,26,25.63,25.75,2650000,25.31
"2012-12-12",25.84,26.14,25.72,25.77,2465400,25.33
"2012-12-13",25.75,25.93,25.29,25.35,2444100,24.92
"2012-12-14",25.31,25.46,25.16,25.29,1931200,24.86
"2012-12-17",25.43,26,25.36,26,2825400,25.56
"2012-12-18",26.01,26.48,25.86,26.45,3145800,26
"2012-12-19",26.5,26.5,25.93,25.94,3044700,25.5
"2012-12-20",26,26.53,25.79,26.45,3245300,26
"2012-12-21",26.18,26.25,25.69,25.9,3057000,25.46
"2012-12-24",25.75,26,25.74,25.85,697300,25.41
"2012-12-26",25.9,26,25.67,25.73,985900,25.29
"2012-12-27",25.76,25.88,25.28,25.44,2944500,25.01
"2012-12-28",25.21,25.4,25.02,25.23,2493400,24.8
"2012-12-31",25.13,25.93,25.1,25.9,2245100,25.46
"2013-01-02",26.72,27.42,26.69,27.41,4487000,26.94
"2013-01-03",27.36,27.93,27.33,27.9,4418100,27.43
"2013-01-04",27.99,28.5,27.82,28.11,4767400,27.63
"2013-01-07",27.96,27.98,27.53,27.8,2080700,27.33
"2013-01-08",27.61,27.73,27.2,27.37,2339000,27.02
"2013-01-09",27.34,27.82,27.28,27.4,2089300,27.05
"2013-01-10",27.62,27.87,27.46,27.84,2252300,27.48
"2013-01-11",27.72,27.87,27.34,27.84,2328400,27.48
"2013-01-14",27.74,27.87,27.15,27.57,2293100,27.22
"2013-01-15",27.31,27.48,27.08,27.36,2094400,27.01
"2013-01-16",27.27,27.47,27.17,27.34,1480600,26.99
"2013-01-17",27.47,28.2,27.45,27.98,3201300,27.62
"2013-01-18",28.05,28.13,27.53,27.73,2200900,27.38
"2013-01-22",27.66,28.38,27.58,28.37,2099000,28.01
"2013-01-23",28.29,28.37,28.12,28.19,2094300,27.83
"2013-01-24",28.24,28.48,28.09,28.26,1890000,27.9
"2013-01-25",28.39,29.14,28.24,29.11,2939200,28.74
"2013-01-28",29.3,29.57,28.94,29.12,3387000,28.75
"2013-01-29",29.05,29.6,28.9,29.26,3110600,28.89
"2013-01-30",29.25,29.34,28.76,28.95,2312800,28.58
"2013-01-31",28.95,29.17,28.72,28.98,2659200,28.61
"2013-02-01",29.26,29.62,29.12,29.5,2115800,29.12
"2013-02-04",29.15,29.25,28.73,28.88,2619000,28.51
"2013-02-05",29.15,29.56,29.05,29.42,2450400,29.04
"2013-02-06",29.1,29.5,28.97,29.5,2427400,29.12
"2013-02-07",29.57,29.85,28.38,29.18,4297500,28.81
"2013-02-08",29.31,29.43,29.11,29.43,2288600,29.05
"2013-02-11",29.39,29.72,29.21,29.53,2895400,29.15
"2013-02-12",29.45,29.93,29.37,29.89,3166000,29.51
"2013-02-13",29.88,30.28,29.88,30.16,3307300,29.78
"2013-02-14",29.92,30.53,29.59,30.45,2868300,30.06
"2013-02-15",30.34,30.58,30.18,30.33,4023800,29.94
"2013-02-19",30.49,30.79,30.44,30.75,3311500,30.36
"2013-02-20",30.76,30.82,29.54,29.62,3915900,29.24
"2013-02-21",29.48,29.53,29,29.22,2313400,28.85
"2013-02-22",29.51,29.76,29.47,29.73,2509800,29.35
"2013-02-25",29.92,29.97,28.33,28.33,4264300,27.97
"2013-02-26",28.52,28.63,27.82,28.49,4007500,28.13
"2013-02-27",28.86,29.37,28.77,29.29,4528600,28.92
"2013-02-28",29.31,29.95,29.22,29.54,3508300,29.16
"2013-03-01",29.26,29.81,28.91,29.8,3821300,29.42
"2013-03-04",29.6,30.22,29.5,30.21,3091300,29.82
"2013-03-05",30.41,31.22,30.32,30.88,3228400,30.49
"2013-03-06",31.07,31.56,31.04,31.3,3090100,30.9
"2013-03-07",31.4,31.76,31.23,31.63,2949200,31.23
"2013-03-08",31.95,33.11,31.95,33,7905500,32.58
"2013-03-11",32.9,33.33,32.62,33.14,4476300,32.72
"2013-03-12",33.06,33.19,32.77,33,2933100,32.58
"2013-03-13",33.09,33.3,32.78,33.24,2818200,32.82
"2013-03-14",33.47,33.66,33.29,33.47,2637500,33.04
"2013-03-15",33.32,33.54,33.06,33.44,4425700,33.01
"2013-03-18",32.66,33.19,32.42,32.83,2929200,32.41
"2013-03-19",33.06,33.18,32.01,32.35,4319600,31.94
"2013-03-20",32.71,33.02,32.6,32.85,3017800,32.43
"2013-03-21",32.56,32.72,32.24,32.37,2291400,31.96
"2013-03-22",32.61,32.73,32.31,32.67,1222000,32.25
"2013-03-25",32.92,33.02,32.08,32.27,3504100,31.86
"2013-03-26",32.6,32.71,32.43,32.6,2316400,32.18
"2013-03-27",32.24,32.52,31.93,32.45,2286900,32.04
"2013-03-28",32.5,32.68,32.22,32.61,2143800,32.19
"2013-04-01",32.6,32.74,32.1,32.24,1399100,31.83
"2013-04-02",32.53,32.9,32.4,32.6,1604200,32.18
"2013-04-03",32.61,32.67,31.69,31.85,2640300,31.44
"2013-04-04",32.01,32.02,31.16,31.53,4797400,31.13
"2013-04-05",30.77,30.89,30.04,30.87,4394800,30.59
"2013-04-08",30.96,31.21,30.67,31.21,2366200,30.93
"2013-04-09",31.38,32.02,31.26,31.9,2911300,31.61
"2013-04-10",32.21,33.1,32.12,33.1,3401200,32.8
"2013-04-11",33.16,33.46,33,33.31,2578500,33.01
"2013-04-12",32.96,33.04,32.52,32.88,1957400,32.58
"2013-04-15",32.69,32.72,31.6,31.61,3439000,31.33
"2013-04-16",32.1,32.66,31.87,32.62,3375600,32.33
"2013-04-17",32.16,32.25,31.36,31.41,3776100,31.13
"2013-04-18",31.45,31.55,30.76,30.86,3693700,30.58
"2013-04-19",31.1,31.28,30.69,31.22,2502400,30.94
"2013-04-22",31.3,31.56,30.8,31.49,2752800,31.21
"2013-04-23",31.8,32.5,31.73,32.37,4983400,32.08
"2013-04-24",32.45,33.4,32.45,33.31,3861400,33.01
"2013-04-25",33.4,34.33,33.32,33.66,2581400,33.36
"2013-04-26",33.66,33.69,33.05,33.27,2192600,32.97
"2013-04-29",33.37,33.64,33.09,33.64,2527600,33.34
"2013-04-30",33.62,34.01,33.44,34.01,3137800,33.7
"2013-05-01",33.59,34.04,33.26,33.32,3495200,33.02
"2013-05-02",31.72,32.4,31.01,31.98,8657100,31.69
"2013-05-03",32.48,33.59,32.44,32.96,4714200,32.66
"2013-05-06",33.12,33.98,33,33.89,3038000,33.59
"2013-05-07",34.11,34.51,33.97,34.24,3624900,33.93
"2013-05-08",34.17,34.75,34.1,34.65,2357800,34.34
"2013-05-09",34.65,34.9,34.2,34.3,3548900,33.99
"2013-05-10",34.36,34.92,34.21,34.86,2800400,34.55
"2013-05-13",34.69,35.64,34.69,35.03,3585000,34.72
"2013-05-14",35.01,35.76,35.01,35.72,3346900,35.4
"2013-05-15",35.57,35.83,35.29,35.64,3323200,35.32
"2013-05-16",34.99,35.34,34.65,34.71,3887100,34.4
"2013-05-17",34.88,35.39,34.83,35.25,3116400,34.93
"2013-05-20",35.2,35.5,35.09,35.32,2346700,35
"2013-05-21",35.19,35.48,35.01,35.24,1855800,34.92
"2013-05-22",35.22,36.11,34.73,34.9,2849300,34.59
"2013-05-23",34.32,35.07,34.18,34.8,2681600,34.49
"2013-05-24",34.44,34.51,33.92,34.48,1969800,34.17
"2013-05-28",35.19,35.93,35.04,35.24,2799200,34.92
"2013-05-29",34.81,35.9,34.81,35.53,4152600,35.21
"2013-05-30",35.53,36.59,35.4,36.36,2059700,36.03
"2013-05-31",36.04,36.63,35.66,35.66,3550800,35.34
"2013-06-03",35.78,35.89,34.58,35.3,3777700,34.98
"2013-06-04",35.27,35.74,34.51,34.8,3540500,34.49
"2013-06-05",34.74,34.84,33.84,33.88,3727000,33.58
"2013-06-06",33.88,34.67,33.57,34.65,3316800,34.34
"2013-06-07",34.99,35.96,34.93,35.89,3386200,35.57
"2013-06-10",36.06,36.71,36.06,36.24,2915500,35.91
"2013-06-11",35.57,35.85,35.25,35.37,2559400,35.05
"2013-06-12",35.69,35.8,34.66,34.76,2681000,34.45
"2013-06-13",34.7,35.56,34.49,35.42,2812600,35.1
"2013-06-14",35.41,35.45,34.3,34.53,2641000,34.22
"2013-06-17",34.92,35.51,34.74,35.22,3142900,34.9
"2013-06-18",35.33,36.04,35.25,35.87,1860400,35.55
"2013-06-19",35.51,36.5,35.2,35.54,4154100,35.22
"2013-06-20",35.07,35.82,34.82,35.48,4464400,35.16
"2013-06-21",35.72,36.11,35.1,35.42,2969900,35.1
"2013-06-24",34.81,35.01,34.02,34.6,2769500,34.29
"2013-06-25",35.09,35.77,34.83,35.54,2949800,35.22
"2013-06-26",36.1,36.31,35.59,35.95,2364800,35.63
"2013-06-27",36.2,36.58,36.06,36.44,1538000,36.11
"2013-06-28",36.2,36.75,35.84,36.47,2247400,36.14
"2013-07-01",36.73,37.44,36.72,37.36,2839800,37.02
"2013-07-02",37.23,37.74,37.18,37.4,3281500,37.06
"2013-07-03",36.96,37.34,36.82,36.98,1161100,36.65
"2013-07-05",37.47,39,37.47,38.98,3444100,38.63
"2013-07-08",39.08,39.35,38.26,38.68,4109300,38.45
"2013-07-09",39.17,39.68,39.08,39.44,2781300,39.21
"2013-07-10",39.44,40.08,39.33,39.99,3648300,39.75
"2013-07-11",40.66,40.66,39.5,39.65,4131400,39.41
"2013-07-12",39.73,39.82,39.28,39.56,3424100,39.33
"2013-07-15",39.8,40.13,39.45,39.95,2827000,39.71
"2013-07-16",40,40.34,39.5,40.12,3382100,39.88
"2013-07-17",40.29,40.33,39.79,39.86,2370800,39.62
"2013-07-18",40.42,41.52,40.31,41.47,3525900,41.22
"2013-07-19",41.38,41.47,40.55,40.89,2057800,40.65
"2013-07-22",41.05,41.44,40.99,41.43,1273100,41.18
"2013-07-23",41.68,41.81,41.39,41.55,1578200,41.3
"2013-07-24",41.83,41.86,41.24,41.32,1753200,41.08
"2013-07-25",41.27,41.36,40.89,41.36,2152400,41.11
"2013-07-26",41.03,41.56,40.83,41.55,1744300,41.3
"2013-07-29",41.5,41.55,41.13,41.42,1822900,41.17
"2013-07-30",41.71,41.9,41.04,41.18,2314700,40.94
"2013-07-31",41.65,42.37,41.29,41.67,3256300,41.42
"2013-08-01",44.56,44.57,42.8,44.44,3558400,44.18
"2013-08-02",44.19,44.47,43.79,44.24,2481200,43.98
"2013-08-05",44.19,44.23,43.55,43.87,1887900,43.61
"2013-08-06",43.78,43.96,43.18,43.4,2008500,43.14
"2013-08-07",43.17,43.43,42.56,43.27,2083300,43.01
"2013-08-08",43.79,44.13,42.91,43.39,2151100,43.13
"2013-08-09",43.31,43.63,43.16,43.31,1474000,43.05
"2013-08-12",42.82,43.1,42.67,42.81,1619900,42.56
"2013-08-13",43.04,43.31,42.59,43.15,1502200,42.89
"2013-08-14",43.05,43.29,42.71,42.95,1730000,42.7
"2013-08-15",42.53,42.74,42.27,42.63,2750800,42.38
"2013-08-16",42.53,43.81,42.47,43.55,2773600,43.29
"2013-08-19",43.37,43.55,42.66,42.75,2218100,42.5
"2013-08-20",42.88,43.36,42.23,43.14,1712700,42.88
"2013-08-21",43.03,43.83,42.76,43.22,2237600,42.96
"2013-08-22",43.55,44.84,43.42,44.45,2315200,44.19
"2013-08-23",44.45,44.53,43.89,44.19,2188000,43.93
"2013-08-26",44.19,44.47,43.92,44.09,2259600,43.83
"2013-08-27",43.39,43.39,42.29,42.33,3261600,42.08
"2013-08-28",42.32,42.7,42.09,42.17,3115400,41.92
"2013-08-29",42.18,43.02,42.15,42.48,2535200,42.23
"2013-08-30",42.61,42.66,41.78,42.04,1683900,41.79
"2013-09-03",42.72,43.4,42.25,42.62,1869000,42.37
"2013-09-04",42.94,44.09,42.91,43.82,2526500,43.56
"2013-09-05",43.83,44.32,43.74,43.85,1263300,43.59
"2013-09-06",44,44.09,42.89,43.73,2167600,43.47
"2013-09-09",43.73,44.27,43.56,44.23,1568900,43.97
"2013-09-10",44.66,45,44.59,44.98,1866900,44.71
"2013-09-11",44.9,45.17,44.62,45.14,1434400,44.87
"2013-09-12",45.11,45.13,44.22,44.28,2184700,44.02
"2013-09-13",44.5,44.57,44.12,44.43,1514700,44.17
"2013-09-16",44.98,45.09,44.46,44.65,1881500,44.39
"2013-09-17",44.76,44.94,44.47,44.93,1661800,44.66
"2013-09-18",45.06,45.46,43.66,43.82,4287800,43.56
"2013-09-19",44.04,44.11,41.4,42.21,8043600,41.96
"2013-09-20",42.18,42.75,42.01,42.25,3456000,42
"2013-09-23",42.25,42.5,41.7,41.88,2111900,41.63
"2013-09-24",41.95,42.47,41.65,42.02,2053700,41.77
"2013-09-25",42.18,42.6,41.8,42.38,1790100,42.13
"2013-09-26",42.54,42.81,42.29,42.6,1574300,42.35
"2013-09-27",42.22,42.31,41.91,42.15,1245100,41.9
"2013-09-30",41.55,42.2,41.13,41.99,1550700,41.74
"2013-10-01",41.97,42.79,41.86,42.65,1761800,42.4
"2013-10-02",42.3,42.35,41.74,42.31,1603200,42.06
"2013-10-03",42.24,42.34,41.34,41.96,1566800,41.71
"2013-10-04",42.07,43.21,41.92,43.1,1802400,42.84
"2013-10-07",42.63,42.82,42.14,42.4,1563700,42.15
"2013-10-08",42.26,42.58,41.62,41.71,1734400,41.58
"2013-10-09",41.76,41.86,40.84,41.58,2401400,41.45
"2013-10-10",42.25,43.33,42.25,43.32,2091600,43.19
"2013-10-11",43.16,43.84,42.93,43.8,1271100,43.66
"2013-10-14",43.5,44.25,43.19,43.94,1480200,43.8
"2013-10-15",43.75,44.38,43.69,43.77,1904100,43.63
"2013-10-16",43.98,45.15,43.5,44.6,2236100,44.46
"2013-10-17",44.34,45.12,44.15,44.61,2661900,44.47
"2013-10-18",44.96,45.48,44.23,45.46,2037500,45.32
"2013-10-21",45.54,45.7,44.92,45.12,1156700,44.98
"2013-10-22",45.25,45.59,44.5,44.91,1652900,44.77
"2013-10-23",44.72,44.72,43.4,43.79,2174600,43.65
"2013-10-24",44.49,44.54,43.69,44.44,1486500,44.3
"2013-10-25",44.54,44.89,44.45,44.66,1814200,44.52
"2013-10-28",44.58,44.73,44.16,44.32,1342400,44.18
"2013-10-29",44.44,45.49,44.35,45.47,2031700,45.33
"2013-10-30",45.67,45.96,44.71,45.26,1799600,45.12
"2013-10-31",45.09,45.94,44.62,45.41,2166000,45.27
"2013-11-01",45.46,46.1,45.13,45.6,2073000,45.46
"2013-11-04",45.89,46.21,45.62,46.16,1093100,46.02
"2013-11-05",46.04,47.08,45.93,46.66,2353200,46.52
"2013-11-06",46.79,47.13,46.55,47,2222900,46.85
"2013-11-07",47.27,47.8,46.1,46.14,2534500,46
"2013-11-08",46.34,49.42,46.3,48.76,4152300,48.61
"2013-11-11",48.83,48.98,48.18,48.64,2544100,48.49
"2013-11-12",48.61,48.79,48.25,48.74,3206000,48.59
"2013-11-13",48.32,49.36,48.26,49.19,1731900,49.04
"2013-11-14",49.2,50.01,49.2,49.99,1882200,49.83
"2013-11-15",49.92,50.02,49.4,50,1950400,49.84
"2013-11-18",50.12,50.78,49.91,50.21,2110500,50.05
"2013-11-19",50.15,50.49,49.68,49.75,2152100,49.6
"2013-11-20",49.98,50.19,49.41,49.54,1873800,49.39
"2013-11-21",49.86,50.63,49.46,50.35,2363200,50.19
"2013-11-22",49.95,50.56,49.95,50.48,1827200,50.32
"2013-11-25",50.6,50.91,50.27,50.69,1520800,50.53
"2013-11-26",50.76,51.21,50.56,50.94,2437900,50.78
"2013-11-27",51.18,51.61,50.87,51.54,2046900,51.38
"2013-11-29",51.54,51.6,51.14,51.33,941700,51.17
"2013-12-02",51.49,52.27,51.27,51.72,1991500,51.56
"2013-12-03",51.3,51.56,50.36,50.69,2311700,50.53
"2013-12-04",50.53,51.6,50.41,51.1,2058300,50.94
"2013-12-05",50.83,51.16,50.39,50.65,1798100,50.49
"2013-12-06",51.3,51.75,50.97,51.43,1866900,51.27
"2013-12-09",51.48,51.94,51.29,51.7,1658000,51.54
"2013-12-10",51.46,51.73,50.69,51.09,2196300,50.93
"2013-12-11",51.39,51.51,50.36,50.41,1909800,50.25
"2013-12-12",50.39,50.89,50.24,50.58,1825500,50.42
"2013-12-13",50.76,51.04,50.2,50.94,1645800,50.78
"2013-12-16",51.14,51.35,50.73,51.01,1541000,50.85
"2013-12-17",50.86,50.95,50.06,50.08,2534600,49.92
"2013-12-18",50.39,51.36,49.47,51.31,3478900,51.15
"2013-12-19",51.14,51.41,50.92,51.31,1406400,51.15
"2013-12-20",51.29,51.65,50.84,51.36,3208700,51.2
"2013-12-23",51.75,52.07,51.45,51.55,2266900,51.39
"2013-12-24",51.55,51.95,51.52,51.83,697500,51.67
"2013-12-26",52.07,52.23,51.66,51.95,1859900,51.79
"2013-12-27",52.13,52.24,51.56,51.65,1053600,51.49
"2013-12-30",51.73,51.79,51.27,51.32,1051200,51.16
"2013-12-31",51.55,51.77,51.27,51.62,1248300,51.46
"2014-01-02",51.33,51.34,50.28,50.53,1767400,50.37
"2014-01-03",50.64,51.16,50.58,50.8,2588300,50.64
"2014-01-06",51.01,51.47,50.69,51.17,1832600,51.01
"2014-01-07",51.28,52,51.28,51.52,1694500,51.36
"2014-01-08",51.59,52.25,51.32,51.96,2240200,51.96
"2014-01-09",51.98,52.4,51.89,52.36,1566100,52.36
"2014-01-10",52.21,52.3,51.35,52.13,2216600,52.13
"2014-01-13",51.84,52.3,50.91,51.06,1795200,51.06
"2014-01-14",51.21,51.77,50.91,51.68,1523000,51.68
"2014-01-15",51.8,52.55,51.76,52.5,2155300,52.5
"2014-01-16",52.24,52.29,51.51,51.74,1922200,51.74
"2014-01-17",51.85,52.24,51.52,51.59,1161200,51.59
"2014-01-21",51.87,52.04,51.17,51.35,1429300,51.35
"2014-01-22",51.53,51.8,51.1,51.57,1123800,51.57
"2014-01-23",51,51.08,49.61,49.94,1980800,49.94
"2014-01-24",49.45,49.52,47.87,47.87,2778900,47.87
"2014-01-27",47.87,48.24,46.72,47.2,2898900,47.2
"2014-01-28",47.41,48.15,47.41,47.82,1894100,47.82
"2014-01-29",47.11,47.55,46.51,46.87,2893600,46.87
"2014-01-30",47.47,48.11,47.29,48,2083900,48
"2014-01-31",46.83,48.55,46.8,48.03,3414400,48.03
"2014-02-03",47.85,48.07,45.71,45.78,3114700,45.78
"2014-02-04",46.19,47,46.05,46.86,3051300,46.86
"2014-02-05",46.8,47.26,45.9,47.11,2724500,47.11
"2014-02-06",47.43,48.13,46.7,48.09,3074700,48.09
"2014-02-07",48.29,49.36,48.27,49.28,2802200,49.28
"2014-02-10",49.16,49.23,47.93,48.55,2025000,48.55
"2014-02-11",48.6,49.44,48.35,49.19,2540100,49.19
"2014-02-12",49.32,49.98,48.99,49.41,1898700,49.41
"2014-02-13",48.82,49.58,48.41,49.57,1896500,49.57
"2014-02-14",49.38,49.73,49.14,49.18,1861900,49.18
"2014-02-18",49.3,50.04,49.18,50.01,2085300,50.01
"2014-02-19",49.94,50.96,49.53,49.6,2304000,49.6
"2014-02-20",49.58,49.9,49.03,49.81,1284100,49.81
"2014-02-21",49.95,50.34,49.64,49.95,1234300,49.95
"2014-02-24",50,51.16,49.88,50.77,1931900,50.77
"2014-02-25",50.63,50.68,49.86,50.13,1715700,50.13
"2014-02-26",50.15,50.24,49.26,49.7,2528000,49.7
"2014-02-27",49.7,50.07,49.21,49.65,2927800,49.65
"2014-02-28",49.66,50.86,49.66,50.13,2529700,50.13
"2014-03-03",49.16,50.1,48.94,49.79,2138400,49.79
"2014-03-04",50.59,51.22,50.53,51.09,1694700,51.09
"2014-03-05",51.11,51.46,50.96,51.14,1489700,51.14
"2014-03-06",51.37,52.13,51.27,51.93,1961700,51.93
"2014-03-07",52.55,53.26,52.44,52.92,3224200,52.92
"2014-03-10",52.75,53.14,51.87,52.2,2505500,52.2
"2014-03-11",52.31,52.53,51.87,51.99,1523300,51.99
"2014-03-12",51.73,51.93,51.16,51.79,1363500,51.79
"2014-03-13",52.02,52.17,50.81,50.89,1693900,50.89
"2014-03-14",50.67,50.96,50.19,50.41,1729500,50.41
"2014-03-17",50.96,51.15,50.31,50.41,1939000,50.41
