"","LTD.Open","LTD.High","LTD.Low","LTD.Close","LTD.Volume","LTD.Adjusted"
"2007-01-03",30,30.03,29.12,29.58,7509000,19.24
"2007-01-04",27.89,28.15,27.08,27.35,14128400,17.79
"2007-01-05",27.19,27.75,26.16,27.33,8059900,17.78
"2007-01-08",27.25,27.79,26.56,26.8,7443200,17.44
"2007-01-09",27.02,27.79,27,27.2,8737800,17.7
"2007-01-10",27.08,27.08,26.64,26.94,4218300,17.53
"2007-01-11",27.07,28.19,27.04,28.02,7090200,18.23
"2007-01-12",28,28.75,27.87,28.62,4806600,18.62
"2007-01-16",28.44,28.68,28.1,28.15,4507200,18.31
"2007-01-17",28.1,28.1,27.61,27.73,5199000,18.04
"2007-01-18",28.04,28.99,27.9,28.35,3240200,18.44
"2007-01-19",27.76,28.5,27.69,28.39,3976200,18.47
"2007-01-22",28.8,28.99,28.17,28.29,3738000,18.41
"2007-01-23",28.07,28.6,28.05,28.27,3296700,18.39
"2007-01-24",28.19,28.56,28.12,28.3,2730200,18.41
"2007-01-25",28.38,28.38,27.68,27.79,2706200,18.08
"2007-01-26",27.78,27.91,27.33,27.62,3291200,17.97
"2007-01-29",27.5,27.71,27.37,27.56,1855100,17.93
"2007-01-30",27.52,27.84,27.52,27.8,3691300,18.09
"2007-01-31",27.67,28.16,27.67,27.94,2141600,18.18
"2007-02-01",28.1,28.51,27.78,28.48,3816500,18.53
"2007-02-02",28.71,28.76,28.36,28.56,3292800,18.58
"2007-02-05",28.52,28.74,28.36,28.61,2884400,18.61
"2007-02-06",28.6,29.29,28.58,29.17,5432800,18.98
"2007-02-07",29.06,29.88,28.87,29.29,4060700,19.06
"2007-02-08",29.24,29.39,28.77,29.05,2640700,18.9
"2007-02-09",29.15,29.24,28.48,28.5,4130900,18.54
"2007-02-12",28.37,28.58,28.14,28.29,3978100,18.41
"2007-02-13",28.43,28.86,28.3,28.8,2161400,18.74
"2007-02-14",28.79,29.16,28.66,29.09,2571100,18.93
"2007-02-15",29.11,29.45,28.93,29.3,2330400,19.06
"2007-02-16",29.26,29.26,28.98,29.22,1975300,19.01
"2007-02-20",29.2,29.75,28.89,29.54,2390100,19.22
"2007-02-21",29.35,29.56,29.19,29.47,2023000,19.17
"2007-02-22",29.29,29.67,29.17,29.67,3857400,19.3
"2007-02-23",29.45,29.74,29.21,29.51,3219300,19.2
"2007-02-26",29.6,29.72,28.62,28.7,3414300,18.67
"2007-02-27",28.38,28.46,27.24,27.25,6374400,17.82
"2007-02-28",27.4,28.02,27.22,27.66,4612600,18.09
"2007-03-01",26.7,27.39,25.8,26.92,9261100,17.61
"2007-03-02",26.75,26.8,26.13,26.33,7067400,17.22
"2007-03-05",26.71,26.71,24.97,25.06,10582900,16.39
"2007-03-06",25.73,25.87,25,25.64,9345100,16.77
"2007-03-07",25.6,25.92,25.53,25.79,5174300,16.87
"2007-03-08",25.7,26.59,25.6,26.29,7044200,17.19
"2007-03-09",26.41,26.53,25.76,26.08,5280900,17.06
"2007-03-12",26.08,26.46,26.05,26.38,8385600,17.25
"2007-03-13",26.15,26.26,25.64,25.76,4301400,16.85
"2007-03-14",25.75,25.96,24.87,25.44,7089100,16.64
"2007-03-15",25.41,25.73,25.21,25.64,4103900,16.77
"2007-03-16",25.64,26.02,25.4,25.7,5998200,16.81
"2007-03-19",25.86,26.07,25.81,25.96,3308200,16.98
"2007-03-20",25.9,26.41,25.86,26.38,2734100,17.25
"2007-03-21",26.34,26.61,26.05,26.42,3257000,17.28
"2007-03-22",26.48,26.48,26.07,26.2,2695300,17.14
"2007-03-23",26.15,26.77,26.12,26.73,3897500,17.48
"2007-03-26",26.73,27,26.32,26.78,4532200,17.51
"2007-03-27",26.64,26.75,26.46,26.57,2729000,17.38
"2007-03-28",26.35,26.63,26.14,26.45,4120400,17.3
"2007-03-29",26.6,26.84,25.85,26.3,6093800,17.2
"2007-03-30",26.26,26.52,25.96,26.06,4652000,17.04
"2007-04-02",26.14,26.47,26.01,26.43,2956900,17.29
"2007-04-03",26.5,26.95,26.4,26.45,3778400,17.3
"2007-04-04",26.4,26.45,25.94,26.24,6426100,17.16
"2007-04-05",26.55,26.8,26.44,26.77,4005900,17.51
"2007-04-09",26.9,27.04,26.7,26.86,3142100,17.57
"2007-04-10",26.06,27.25,26.06,27.15,5586800,17.76
"2007-04-11",27.25,27.45,26.88,27.11,4992900,17.73
"2007-04-12",26.6,26.72,26.24,26.32,6578000,17.21
"2007-04-13",26.2,26.24,25.62,25.8,4569600,16.87
"2007-04-16",25.84,26.02,25.6,25.8,10968000,16.87
"2007-04-17",25.93,26.05,25.7,25.9,6747400,16.94
"2007-04-18",25.72,26.75,25.72,26.46,7161900,17.31
"2007-04-19",26.25,26.84,26.25,26.68,6220300,17.45
"2007-04-20",27,27.05,26.59,26.86,4691200,17.57
"2007-04-23",26.85,26.86,26.43,26.63,4451800,17.42
"2007-04-24",27.47,29.06,27.3,28.86,17582200,18.87
"2007-04-25",29.26,29.58,28.84,29.3,9975200,19.16
"2007-04-26",29.3,29.35,28.49,28.81,7553800,18.84
"2007-04-27",28.58,28.66,28.24,28.45,3355800,18.61
"2007-04-30",28.26,28.43,27.51,27.57,5061200,18.03
"2007-05-01",27.49,27.66,26.78,27.36,7839400,17.89
"2007-05-02",27.44,27.69,27.28,27.53,6442500,18.01
"2007-05-03",27.57,28.24,27.38,28.08,8669700,18.36
"2007-05-04",28.19,28.62,27.5,28.53,9730500,18.66
"2007-05-07",28.42,28.54,28.11,28.33,6041300,18.53
"2007-05-08",28.07,28.18,27.58,27.77,4732800,18.16
"2007-05-09",27.62,28.15,27.57,28.01,6239100,18.32
"2007-05-10",28.4,29.3,27.89,28.05,7351700,18.35
"2007-05-11",28.05,28.3,27.51,27.67,6827300,18.1
"2007-05-14",27.7,28,27.27,27.41,4523600,17.93
"2007-05-15",27.45,27.61,25.49,26.18,21462600,17.12
"2007-05-16",25.34,26,25.31,25.47,22097600,16.66
"2007-05-17",25.54,25.64,25.29,25.57,12526600,16.72
"2007-05-18",25.63,26.29,25.49,26.21,7524600,17.14
"2007-05-21",26.1,26.31,25.88,26.16,6932000,17.11
"2007-05-22",26.09,26.13,25.73,25.98,4937800,16.99
"2007-05-23",25.95,26.7,25.95,26.46,8525800,17.31
"2007-05-24",26,26.74,25.89,26.05,9012900,17.04
"2007-05-25",26.28,26.45,26.09,26.25,6269500,17.17
"2007-05-29",25.82,26.15,25.81,25.96,5013000,17.08
"2007-05-30",25.91,26.21,25.75,26.14,4298300,17.19
"2007-05-31",26.25,26.47,26.09,26.25,3741500,17.27
"2007-06-01",26.31,27.05,26.3,26.93,5070300,17.71
"2007-06-04",26.96,27.34,26.87,26.93,5081700,17.71
"2007-06-05",26.73,26.89,26.35,26.6,5783300,17.5
"2007-06-06",26.58,26.58,26.23,26.38,5523600,17.35
"2007-06-07",26.9,26.95,25.97,26.03,8866900,17.12
"2007-06-08",25.92,26.41,25.92,26.4,3020700,17.37
"2007-06-11",26.9,26.9,26.26,26.46,3303500,17.4
"2007-06-12",26.2,26.3,25.67,25.82,7737100,16.98
"2007-06-13",26.06,26.36,25.79,26.32,4457100,17.31
"2007-06-14",26.4,26.6,26.04,26.23,3005800,17.25
"2007-06-15",26.72,26.72,26.05,26.23,4512600,17.25
"2007-06-18",26.27,26.47,26.2,26.43,4843600,17.39
"2007-06-19",26.41,26.72,26.34,26.69,3152200,17.56
"2007-06-20",26.86,27.58,26.69,27.19,7680100,17.88
"2007-06-21",27.2,27.25,26.54,27.19,5935800,17.88
"2007-06-22",27.93,28.3,27.45,27.5,10450200,18.09
"2007-06-25",27.37,27.53,26.95,27.03,7500500,17.78
"2007-06-26",27.11,27.35,26.7,26.84,5273800,17.65
"2007-06-27",26.65,27.81,26.64,27.73,4703400,18.24
"2007-06-28",27.62,28.13,27.44,27.92,5319900,18.37
"2007-06-29",28.02,28.05,27.25,27.45,7752500,18.06
"2007-07-02",27.88,28.52,27.76,28.5,4602500,18.75
"2007-07-03",28.4,28.64,28.29,28.46,3102300,18.72
"2007-07-05",28.63,28.77,28.54,28.72,3445900,18.89
"2007-07-06",28.59,29.05,28.31,28.99,3784400,19.07
"2007-07-09",29,29,27.83,28.24,4874900,18.58
"2007-07-10",27.93,28.13,27.59,27.7,4490400,18.22
"2007-07-11",27.8,27.84,27.37,27.53,5344000,18.11
"2007-07-12",27.86,28.22,27.36,27.55,6628600,18.12
"2007-07-13",27.49,27.6,27.11,27.46,3784500,18.06
"2007-07-16",27.32,27.55,27.11,27.27,2970100,17.94
"2007-07-17",27.24,27.63,27.12,27.23,2788400,17.91
"2007-07-18",27.19,27.55,26.88,27.04,3124100,17.79
"2007-07-19",27.2,27.49,26.95,27.25,3077700,17.92
"2007-07-20",27.29,27.44,26.84,26.99,3338900,17.75
"2007-07-23",27.1,27.39,26.66,26.78,3003500,17.62
"2007-07-24",26.73,26.89,26.05,26.17,4605700,17.21
"2007-07-25",26.3,26.46,25.34,25.81,5133800,16.98
"2007-07-26",25.53,25.68,24.07,24.54,8111800,16.14
"2007-07-27",24.4,24.73,23.86,24.1,9855700,15.85
"2007-07-30",24.13,24.51,24.05,24.41,6614600,16.06
"2007-07-31",24.78,24.94,24.13,24.15,6691100,15.89
"2007-08-01",24.15,24.43,23.08,23.72,9669100,15.6
"2007-08-02",23.75,24.07,23.1,23.76,6137200,15.63
"2007-08-03",23.82,23.85,22.81,22.81,5993300,15
"2007-08-06",22.91,23.43,22.24,23.43,9111900,15.41
"2007-08-07",23.17,24.2,22.79,24.19,7321200,15.91
"2007-08-08",24.42,24.85,24.16,24.57,8843600,16.16
"2007-08-09",24.13,24.38,23.82,23.88,9704400,15.71
"2007-08-10",23.85,24.29,22.37,23.25,7942600,15.29
"2007-08-13",23.3,24.13,23.3,23.46,3587500,15.43
"2007-08-14",23.33,23.57,22.87,22.9,4183500,15.06
"2007-08-15",22.72,22.95,21.68,21.68,6139000,14.26
"2007-08-16",21.36,21.72,20.77,21.5,7466300,14.14
"2007-08-17",21.61,23.25,20.73,22.06,5300100,14.51
"2007-08-20",22.23,22.66,22.11,22.45,5749800,14.77
"2007-08-21",22.45,22.5,21.67,22.09,3792400,14.53
"2007-08-22",22.4,22.7,22.03,22.25,5747600,14.64
"2007-08-23",23.01,24.07,22.26,23.69,9253000,15.58
"2007-08-24",23.84,23.86,23.25,23.45,3824000,15.42
"2007-08-27",23.46,23.59,22.94,22.97,2409300,15.11
"2007-08-28",22.62,22.81,22.17,22.21,2794700,14.71
"2007-08-29",22.21,23.03,22.16,22.99,4005100,15.22
"2007-08-30",22.79,22.84,22.52,22.7,2891300,15.03
"2007-08-31",22.94,23.4,22.91,23.16,3894900,15.33
"2007-09-04",23.22,23.76,23.04,23.48,2829400,15.55
"2007-09-05",23.48,23.48,22.61,22.93,2682900,15.18
"2007-09-06",22.93,23.21,22.31,22.46,3093000,14.87
"2007-09-07",22.16,22.16,21.19,21.48,3942900,14.22
"2007-09-10",21.5,21.63,20.94,21.06,3483600,13.94
"2007-09-11",21.1,21.83,21.07,21.82,5969900,14.45
"2007-09-12",21.71,22.11,21.64,21.75,3103400,14.4
"2007-09-13",21.85,22.76,21.5,22.37,3258800,14.81
"2007-09-14",22.16,23.03,21.99,22.98,2734400,15.22
"2007-09-17",22.9,22.91,22.42,22.54,2415200,14.92
"2007-09-18",22.76,23.77,22.62,23.56,4029800,15.6
"2007-09-19",23.61,24.24,23.29,23.47,3139400,15.54
"2007-09-20",23.36,23.4,22.23,22.33,5511900,14.78
"2007-09-21",22.33,23.23,22.32,23.1,8409400,15.29
"2007-09-24",23.1,23.62,22.96,23.04,3369200,15.25
"2007-09-25",22.57,22.88,22.09,22.85,4168400,15.13
"2007-09-26",22.91,23.18,22.6,22.72,2273100,15.04
"2007-09-27",22.78,23.15,22.57,22.89,2831300,15.16
"2007-09-28",22.88,23.14,22.5,22.89,3258200,15.16
"2007-10-01",23.1,23.1,22.42,22.96,4465800,15.2
"2007-10-02",23.08,23.13,22.63,22.77,3353200,15.08
"2007-10-03",22.6,23.01,21.79,22.66,7123300,15
"2007-10-04",22.72,22.84,22.24,22.37,2376600,14.81
"2007-10-05",22.69,22.93,22.15,22.63,4586700,14.98
"2007-10-08",22.59,22.67,22.02,22.27,3341500,14.74
"2007-10-09",22.44,22.44,21.38,21.49,6017600,14.23
"2007-10-10",21.49,21.74,21.23,21.58,6535300,14.29
"2007-10-11",21.55,22.98,21.55,21.96,5859500,14.54
"2007-10-12",21.76,22.24,21.76,22.09,3274300,14.63
"2007-10-15",21.99,22.61,21.99,22.24,5450600,14.73
"2007-10-16",22.28,22.28,21.74,21.82,2833700,14.45
"2007-10-17",22.12,22.5,21.47,21.85,4092000,14.47
"2007-10-18",21.85,22,21.63,21.95,3759200,14.53
"2007-10-19",21.87,21.88,21.31,21.39,3868600,14.16
"2007-10-22",21.13,21.83,20.97,21.67,3010100,14.35
"2007-10-23",21.6,22.25,21.45,21.76,4622200,14.41
"2007-10-24",21.67,21.89,21.38,21.6,6712600,14.3
"2007-10-25",21.55,21.97,21.42,21.58,3633300,14.29
"2007-10-26",21.76,21.91,21.42,21.73,3502500,14.39
"2007-10-29",21.81,22.43,21.8,22.07,4256300,14.61
"2007-10-30",21.97,22.16,21.8,22.02,2576300,14.58
"2007-10-31",22.23,22.27,21.64,22.01,2832000,14.57
"2007-11-01",21.67,22,21.33,21.42,5180200,14.18
"2007-11-02",21.48,21.78,21.23,21.42,5153600,14.18
"2007-11-05",21.33,21.68,21.05,21.45,5407200,14.2
"2007-11-06",21.47,21.88,21.31,21.85,4804000,14.47
"2007-11-07",21.73,21.92,21.38,21.44,5641700,14.2
"2007-11-08",21.75,21.75,18.82,19.7,12238300,13.04
"2007-11-09",19.23,19.66,18.64,18.66,7614600,12.35
"2007-11-12",18.87,19.46,18.63,18.98,6355000,12.57
"2007-11-13",19.04,20.16,19.04,19.95,7050700,13.21
"2007-11-14",19.88,20.25,19,19.08,5900200,12.63
"2007-11-15",19.16,19.16,18.12,18.39,8434800,12.18
"2007-11-16",18.77,18.77,18.15,18.37,4065900,12.16
"2007-11-19",18.17,18.35,17.35,17.54,8031000,11.61
"2007-11-20",17.73,18,17.07,17.53,8173800,11.61
"2007-11-21",16.7,18.35,16.5,17.95,6885800,11.88
"2007-11-23",18.05,18.92,18.05,18.79,4871300,12.44
"2007-11-26",19.04,19.04,17.82,17.84,4464900,11.81
"2007-11-27",17.87,18.14,17.72,17.93,3731500,11.97
"2007-11-28",18.3,19.47,18.3,19.24,6734900,12.85
"2007-11-29",19.23,19.4,18.88,19.32,4862200,12.9
"2007-11-30",19.71,20.58,19.51,20.08,5790500,13.41
"2007-12-03",20.26,20.26,19.6,19.94,4367300,13.31
"2007-12-04",19.94,20.4,19.48,20.13,3607600,13.44
"2007-12-05",20.31,20.39,19.81,19.9,4380600,13.29
"2007-12-06",19.45,20.58,18.97,20.32,6344400,13.57
"2007-12-07",20.4,20.91,20.32,20.81,3776600,13.9
"2007-12-10",20.97,20.97,20.45,20.5,6834100,13.69
"2007-12-11",20.65,20.68,19.87,19.93,8237500,13.31
"2007-12-12",20.62,20.75,19.62,19.98,6375100,13.34
"2007-12-13",19.94,19.94,19.25,19.47,5838300,13
"2007-12-14",19.14,19.44,18.63,18.69,4880200,12.48
"2007-12-17",18.78,19.38,18.68,18.9,6122400,12.62
"2007-12-18",19.1,19.27,18.75,18.89,8332600,12.61
"2007-12-19",19,19.03,18.38,18.48,8266700,12.34
"2007-12-20",18.83,18.83,18.06,18.14,8454700,12.11
"2007-12-21",18.53,18.64,18.21,18.36,7498100,12.26
"2007-12-24",18.31,19.2,18.31,19.04,2061400,12.71
"2007-12-26",18.71,18.82,18.3,18.58,3544600,12.41
"2007-12-27",18.68,18.68,18.35,18.55,3225000,12.39
"2007-12-28",18.82,19,18.7,18.85,3139300,12.59
"2007-12-31",18.58,19.27,18.58,18.93,3371100,12.64
"2008-01-02",18.95,18.95,18.14,18.17,7126300,12.13
"2008-01-03",18.18,18.28,17.26,17.27,7732300,11.53
"2008-01-04",17.03,17.12,16.08,16.51,8745100,11.02
"2008-01-07",16.37,16.98,15.98,16.09,7160600,10.74
"2008-01-08",16.12,16.56,15.7,15.73,5661300,10.5
"2008-01-09",15.98,15.98,15.05,15.69,8552400,10.48
"2008-01-10",15.95,16.47,15.79,16.01,9954300,10.69
"2008-01-11",15.84,15.84,14.82,15.05,6033300,10.05
"2008-01-14",15.09,15.48,14.99,15.41,5672600,10.29
"2008-01-15",15.25,15.34,14.88,15.23,4934500,10.17
"2008-01-16",15.13,16.06,15.04,15.82,6532800,10.56
"2008-01-17",15.9,16.06,15.63,15.81,6218800,10.56
"2008-01-18",15.7,16.64,15.64,15.93,7613600,10.64
"2008-01-22",15.15,16.79,15.02,16.59,8229600,11.08
"2008-01-23",15.77,17.77,15.72,17.75,10946500,11.85
"2008-01-24",17.81,17.83,17.02,17.51,7201600,11.69
"2008-01-25",17.64,17.86,16.89,17.07,4906200,11.4
"2008-01-28",17,17.9,16.85,17.9,4087800,11.95
"2008-01-29",18,18.39,17.6,18.31,4235500,12.23
"2008-01-30",18.29,18.68,17.98,18.11,4867600,12.09
"2008-01-31",17.86,19.32,17.58,19.07,5919000,12.73
"2008-02-01",19.07,19.39,18.78,19.33,5039000,12.91
"2008-02-04",19.33,19.33,18.09,18.32,5188400,12.23
"2008-02-05",18.07,18.61,17.8,17.86,4963400,11.93
"2008-02-06",18.01,18.79,17.78,17.85,5485100,11.92
"2008-02-07",17.74,18.8,17.66,18.46,5368500,12.33
"2008-02-08",17.93,18.68,17.93,18.08,6354500,12.07
"2008-02-11",18.11,18.31,17.86,18.21,5945300,12.16
"2008-02-12",18.28,18.44,17.9,18,4134300,12.02
"2008-02-13",18.15,18.3,17.83,18.03,5443000,12.04
"2008-02-14",18,18.04,17.26,17.28,4443600,11.54
"2008-02-15",17.18,17.62,17.07,17.55,3781300,11.72
"2008-02-19",17.64,17.81,17.24,17.32,3073800,11.56
"2008-02-20",17.14,17.84,17.01,17.75,3170200,11.85
"2008-02-21",17.9,18.04,17.15,17.19,3643300,11.48
"2008-02-22",17.29,17.61,16.99,17.59,3718300,11.75
"2008-02-25",17.52,18.08,17.39,18.05,5066500,12.05
"2008-02-26",17.93,18.15,17.72,18,13306100,12.12
"2008-02-27",18.19,18.19,17.46,17.82,6734100,12
"2008-02-28",17.56,17.6,15.83,15.85,19953300,10.67
"2008-02-29",15.7,15.97,15.17,15.25,9147100,10.27
"2008-03-03",15.25,15.4,15,15.32,9098100,10.32
"2008-03-04",15.2,15.48,15.03,15.34,5786900,10.33
"2008-03-05",15.27,15.71,15.15,15.36,4930000,10.34
"2008-03-06",15.25,15.35,14.79,14.82,6155700,9.98
"2008-03-07",14.72,15.02,14.41,14.51,5119000,9.77
"2008-03-10",14.49,14.94,14.47,14.82,7758200,9.98
"2008-03-11",15.13,15.59,14.97,15.59,6589700,10.5
"2008-03-12",15.61,16.48,15.33,15.9,8368800,10.71
"2008-03-13",15.69,16.13,15.51,16.01,6449200,10.78
"2008-03-14",15.93,16.22,15.62,16.01,7209900,10.78
"2008-03-17",15.66,16.12,15.59,15.77,6595900,10.62
"2008-03-18",16.05,16.66,16.02,16.59,5711400,11.17
"2008-03-19",16.64,16.89,16.21,16.21,4784400,10.91
"2008-03-20",16.23,17.19,16.11,17.14,5220100,11.54
"2008-03-24",17.25,18.2,17.25,17.74,6598600,11.94
"2008-03-25",17.78,17.78,17.13,17.41,4942100,11.72
"2008-03-26",17.35,17.35,16.89,17.09,4266700,11.51
"2008-03-27",17.09,17.55,16.89,16.99,4451400,11.44
"2008-03-28",16.86,16.92,16.63,16.8,4433600,11.31
"2008-03-31",16.76,17.31,16.61,17.1,3938300,11.51
"2008-04-01",17.1,18.22,17.1,18.2,6848100,12.25
"2008-04-02",18.19,18.8,18.07,18.54,6184200,12.48
"2008-04-03",18.41,18.48,18.12,18.48,3169500,12.44
"2008-04-04",18.47,18.49,18.09,18.18,3876200,12.24
"2008-04-07",18.35,18.4,17.81,17.88,4736200,12.04
"2008-04-08",17.83,17.92,17.07,17.31,7631200,11.65
"2008-04-09",17.26,17.52,16.8,17.03,5901400,11.47
"2008-04-10",17,18.03,16.8,17.45,7471200,11.75
"2008-04-11",17.48,17.87,17.1,17.31,6769400,11.65
"2008-04-14",17.25,17.9,17.23,17.58,4642500,11.84
"2008-04-15",17.62,18.08,17.26,17.98,5314500,12.11
"2008-04-16",18.07,18.3,17.76,17.87,6633800,12.03
"2008-04-17",17.85,17.92,17.53,17.84,3456100,12.01
"2008-04-18",18.1,18.5,18.1,18.32,4064600,12.34
"2008-04-21",18.25,18.61,18.21,18.51,2421300,12.46
"2008-04-22",18.49,18.49,17.75,17.95,2905300,12.09
"2008-04-23",18.08,18.75,17.88,18.4,3294200,12.39
"2008-04-24",18.51,19.12,18.32,18.84,5664400,12.69
"2008-04-25",18.9,19.44,18.66,19.37,4109800,13.04
"2008-04-28",19.31,19.4,18.71,19.17,2857300,12.91
"2008-04-29",19.11,19.45,19.03,19.3,2531500,12.99
"2008-04-30",19.31,19.35,18.39,18.52,5089800,12.47
"2008-05-01",18.47,19.32,18.29,18.95,4679400,12.76
"2008-05-02",19.11,19.26,18.55,18.66,6133600,12.56
"2008-05-05",18.71,18.71,17.7,17.82,5704500,12
"2008-05-06",17.76,18.24,17.45,18.06,4638900,12.16
"2008-05-07",18.01,18.3,17.55,17.62,3928900,11.86
"2008-05-08",17.92,18.13,17.53,17.93,4389700,12.07
"2008-05-09",17.88,18.16,17.65,17.95,3412800,12.09
"2008-05-12",18.12,18.97,18.04,18.8,3927600,12.66
"2008-05-13",18.89,19.04,18.68,18.97,3354400,12.77
"2008-05-14",19.1,19.4,18.89,18.97,6143100,12.77
"2008-05-15",19.1,19.45,18.77,19.44,4431300,13.09
"2008-05-16",19.43,19.43,18.83,19.2,4426300,12.93
"2008-05-19",19.2,19.73,18.92,19.36,6061300,13.04
"2008-05-20",19.17,19.22,18.53,18.71,4832500,12.6
"2008-05-21",18.56,19.01,18.23,18.31,4673300,12.33
"2008-05-22",18.66,19.26,18.5,18.85,7533000,12.69
"2008-05-23",18.89,19.02,18.39,18.61,4667500,12.53
"2008-05-27",18.6,19.4,18.6,19,6847800,12.9
"2008-05-28",19.17,19.48,19.14,19.4,6614700,13.17
"2008-05-29",19.33,19.44,18.76,19.39,5772100,13.16
"2008-05-30",19.31,19.56,18.88,19.38,7575300,13.15
"2008-06-02",19.3,19.36,18.45,18.8,4253600,12.76
"2008-06-03",18.87,19.18,18.8,19.12,4779200,12.98
"2008-06-04",19.03,19.32,18.71,18.93,5309600,12.85
"2008-06-05",18.88,19.06,18.62,18.86,5947700,12.8
"2008-06-06",18.61,18.63,17.76,17.76,5287700,12.06
"2008-06-09",17.92,17.92,17.34,17.81,8299000,12.09
"2008-06-10",17.71,17.99,17.48,17.71,6864300,12.02
"2008-06-11",17.75,17.87,17.14,17.15,4875500,11.64
"2008-06-12",17.28,17.96,17.28,17.72,5786000,12.03
"2008-06-13",17.81,18.68,17.81,18.67,7035200,12.67
"2008-06-16",18.51,19.11,18.22,19.04,5390100,12.92
"2008-06-17",19.04,19.1,18.78,18.88,4231900,12.82
"2008-06-18",18.79,18.98,18.41,18.58,4779300,12.61
"2008-06-19",18.54,18.98,18.3,18.97,6292600,12.88
"2008-06-20",18.92,18.92,17.98,18.21,6480300,12.36
"2008-06-23",18.26,18.36,17.97,18.02,4767700,12.23
"2008-06-24",18,18.11,17.4,17.47,5946000,11.86
"2008-06-25",17.54,17.93,17.43,17.56,8424400,11.92
"2008-06-26",17.38,17.45,17.04,17.04,7970000,11.57
"2008-06-27",17.02,17.27,16.41,16.81,8351200,11.41
"2008-06-30",16.41,17.3,16.37,16.85,5976200,11.44
"2008-07-01",16.62,17.27,16.46,17.25,6905600,11.71
"2008-07-02",17.25,17.45,16.7,16.7,5377400,11.34
"2008-07-03",16.86,17.21,16.55,16.9,3218600,11.47
"2008-07-07",17.02,17.45,16.55,16.83,6759000,11.42
"2008-07-08",16.89,17,16.38,16.95,7706800,11.51
"2008-07-09",17,17,16.16,16.16,4485700,10.97
"2008-07-10",15.79,16.4,15.26,15.37,9958600,10.43
"2008-07-11",15.1,15.3,14.61,14.99,7337600,10.17
"2008-07-14",15.4,15.62,15.03,15.15,4650900,10.28
"2008-07-15",15.1,15.32,14.45,14.91,6567400,10.12
"2008-07-16",15,15.92,14.84,15.81,5032500,10.73
"2008-07-17",15.92,16.58,15.46,16.39,6254900,11.13
"2008-07-18",16.96,16.96,15.99,16.38,4657100,11.12
"2008-07-21",16.43,16.63,16.02,16.18,2346400,10.98
"2008-07-22",15.94,16.9,15.89,16.9,4483700,11.47
"2008-07-23",16.97,17.76,16.81,17.39,5889300,11.8
"2008-07-24",17.31,17.4,16.32,16.4,4620800,11.13
"2008-07-25",16.47,16.97,16.3,16.37,3847500,11.11
"2008-07-28",16.34,16.62,15.84,15.95,2942300,10.83
"2008-07-29",16,16.79,15.9,16.71,3932600,11.34
"2008-07-30",16.97,17.23,16.34,16.68,3410500,11.32
"2008-07-31",16.42,16.97,16.25,16.49,2935900,11.19
"2008-08-01",16.67,16.67,16.1,16.11,4963200,10.94
"2008-08-04",16.05,16.32,15.58,15.97,5922300,10.84
"2008-08-05",16.12,16.91,16.12,16.8,4520200,11.4
"2008-08-06",16.74,16.94,16.5,16.89,4314500,11.46
"2008-08-07",16.85,17.69,16.81,17.1,7556100,11.61
"2008-08-08",17.15,18.62,17.03,18.53,7396000,12.58
"2008-08-11",18.44,19.62,17.97,18.81,6844900,12.77
"2008-08-12",18.56,19.46,18.56,18.75,6164200,12.73
"2008-08-13",18.61,18.77,17.63,18.2,5641300,12.35
"2008-08-14",18,18.95,18,18.56,4016800,12.6
"2008-08-15",18.69,19.12,18.51,18.7,3046000,12.69
"2008-08-18",18.54,18.91,18.29,18.41,3974800,12.5
"2008-08-19",18.23,18.72,17.86,18.13,3991700,12.31
"2008-08-20",18.42,18.99,17.83,17.97,4952300,12.2
"2008-08-21",19.1,20.66,18.35,20.28,19155500,13.77
"2008-08-22",20.45,20.91,20.24,20.87,8894500,14.17
"2008-08-25",20.58,20.98,20.25,20.49,7828500,13.91
"2008-08-26",20.41,20.53,20.12,20.35,5843800,13.92
"2008-08-27",20.35,20.47,20.09,20.23,4814700,13.83
"2008-08-28",20.36,20.78,20.25,20.78,4046800,14.21
"2008-08-29",20.76,21,20.36,20.8,3420700,14.22
"2008-09-02",20.94,21.69,20.94,21.1,8189400,14.43
"2008-09-03",21,22.14,20.79,22.06,7969900,15.08
"2008-09-04",21.61,21.81,20.63,20.7,6683600,14.15
"2008-09-05",20.49,20.76,19.92,20.69,6302900,14.15
"2008-09-08",21.31,21.69,20.8,21.67,7343000,14.82
"2008-09-09",21.65,22.16,21.04,21.14,7581100,14.46
"2008-09-10",21.4,21.5,20.64,21.06,5206700,14.4
"2008-09-11",20.81,21.23,20.61,21.16,5484000,14.47
"2008-09-12",20.9,20.9,20.5,20.71,5398400,14.16
"2008-09-15",19.89,20.91,19.89,20.04,5450400,13.7
"2008-09-16",19.59,20.6,19.3,20.35,4789800,13.92
"2008-09-17",20.01,20.21,18.83,18.87,7100200,12.9
"2008-09-18",19.24,19.44,17.95,19.33,8186300,13.22
"2008-09-19",19.79,21.84,19.07,19.45,6255500,13.3
"2008-09-22",19.13,19.63,18.35,18.44,3749500,12.61
"2008-09-23",18.51,18.96,18.05,18.28,4694700,12.5
"2008-09-24",18.23,18.45,17.86,18.24,4242600,12.47
"2008-09-25",18.43,18.96,18.26,18.67,4657900,12.77
"2008-09-26",18.35,18.79,18.1,18.78,3331200,12.84
"2008-09-29",18.55,18.77,16.7,17.19,5752800,11.75
"2008-09-30",17.35,17.62,16.78,17.32,4611800,11.84
"2008-10-01",17.38,17.44,16.88,17.32,4833600,11.84
"2008-10-02",17.09,17.42,15.96,16.09,6380500,11
"2008-10-03",16.53,16.58,15.86,15.88,4916800,10.86
"2008-10-06",15.4,16.04,14.95,15.94,7645700,10.9
"2008-10-07",16,16.16,14.56,14.77,7298300,10.1
"2008-10-08",14.36,14.99,14.08,14.11,10706600,9.65
"2008-10-09",14.08,14.41,12.71,12.94,7246900,8.85
"2008-10-10",12.17,13.15,11.53,12.76,11986100,8.73
"2008-10-13",13.98,13.99,12.82,13.05,6878700,8.92
"2008-10-14",13.77,13.77,12.78,12.92,15951600,8.83
"2008-10-15",12.63,12.83,12,12.29,9318000,8.4
"2008-10-16",12.22,12.97,11.52,12.85,8439600,8.79
"2008-10-17",12.29,12.81,12.25,12.41,6145600,8.49
"2008-10-20",12.59,12.7,12.28,12.64,5681200,8.64
"2008-10-21",12.41,12.74,12.11,12.16,3805700,8.31
"2008-10-22",11.87,12.14,11.47,11.76,6443600,8.04
"2008-10-23",11.76,11.76,10.48,10.89,7147300,7.45
"2008-10-24",10.15,10.85,9.85,10.51,4660600,7.19
"2008-10-27",10.35,10.97,10.16,10.18,3863900,6.96
"2008-10-28",10.4,12.41,10.3,12.41,9243400,8.49
"2008-10-29",12.34,12.78,11.49,12.02,6843600,8.22
"2008-10-30",12.31,12.47,11.4,11.66,4997200,7.97
"2008-10-31",11.58,12.12,10.99,11.98,5133400,8.19
"2008-11-03",12.01,12.17,11.69,11.79,2398500,8.06
"2008-11-04",12.03,12.25,11.77,12.2,3096500,8.34
"2008-11-05",11.99,12.19,11.44,11.51,5135000,7.87
"2008-11-06",11.44,11.96,10.39,10.41,5131800,7.12
"2008-11-07",10.41,10.63,10,10.31,5211300,7.05
"2008-11-10",10.35,10.49,9.69,9.87,3991800,6.75
"2008-11-11",9.73,9.89,9.19,9.38,4792000,6.41
"2008-11-12",9.2,9.25,8.67,8.67,4805500,5.93
"2008-11-13",8.75,9.67,8.11,9.59,7689200,6.56
"2008-11-14",8.92,9.87,8.86,9.01,4954600,6.16
"2008-11-17",9,9.32,8.83,8.85,4557700,6.05
"2008-11-18",8.79,8.95,8,8.33,5305900,5.7
"2008-11-19",8.59,8.62,7.53,7.58,4926200,5.18
"2008-11-20",6.9,8,6.9,7.13,10209100,4.88
"2008-11-21",7.32,7.78,7.19,7.65,9593700,5.23
"2008-11-24",7.78,8.46,7.55,8.25,12048000,5.75
"2008-11-25",8.29,9.04,8.03,8.56,9707100,5.97
"2008-11-26",8.35,8.99,7.68,8.89,8078100,6.2
"2008-11-28",8.7,9.64,8.65,9.31,1899200,6.49
"2008-12-01",8.94,8.97,7.55,7.57,6666000,5.28
"2008-12-02",7.88,8.15,7.49,8.07,5044900,5.63
"2008-12-03",7.75,8.81,7.63,8.74,8536800,6.1
"2008-12-04",8.6,10.16,8.32,8.7,8954900,6.07
"2008-12-05",8.54,9.42,8.29,9.34,5526000,6.51
"2008-12-08",9.63,9.9,9.38,9.56,4558300,6.67
"2008-12-09",9.41,9.97,9.34,9.44,5535400,6.58
"2008-12-10",9.72,9.73,9.04,9.14,6715100,6.37
"2008-12-11",9.08,9.33,8.56,8.73,6248000,6.09
"2008-12-12",8.28,8.7,8.28,8.64,7256200,6.03
"2008-12-15",8.64,8.8,8.4,8.44,5865200,5.89
"2008-12-16",8.57,8.82,8.33,8.5,10421500,5.93
"2008-12-17",8.33,9.52,8.29,9.34,11806600,6.51
"2008-12-18",9.56,9.7,9.1,9.3,6160400,6.49
"2008-12-19",9.38,9.65,9.03,9.39,7319000,6.55
"2008-12-22",9.4,9.53,9.14,9.31,6323800,6.49
"2008-12-23",9.37,9.5,9.16,9.21,4086600,6.42
"2008-12-24",9.41,9.44,9.21,9.26,1353100,6.46
"2008-12-26",9.31,9.53,9.29,9.5,1326100,6.63
"2008-12-29",9.47,9.77,9.3,9.5,3581700,6.63
"2008-12-30",9.5,9.9,9.5,9.9,2539600,6.9
"2008-12-31",9.89,10.12,9.85,10.04,2436000,7
"2009-01-02",10.14,10.79,10.05,10.73,3045200,7.48
"2009-01-05",10.7,11.16,10.4,10.96,6426100,7.64
"2009-01-06",11.11,11.2,10.78,10.97,5706400,7.65
"2009-01-07",10.79,11.03,10.48,10.7,6299900,7.46
"2009-01-08",10.1,10.22,9.64,10,8612600,6.97
"2009-01-09",9.68,9.76,9.45,9.57,6930400,6.67
"2009-01-12",9.77,9.77,8.94,9.04,3964100,6.31
"2009-01-13",9.08,9.16,8.57,8.75,7648400,6.1
"2009-01-14",8.56,8.67,8.29,8.41,5255400,5.87
"2009-01-15",8.36,9.08,8.26,8.63,7292600,6.02
"2009-01-16",8.77,9,8.54,8.77,5096500,6.12
"2009-01-20",8.75,8.83,8.15,8.22,5786300,5.73
"2009-01-21",8.42,8.68,8.11,8.59,4331400,5.99
"2009-01-22",8.44,8.83,8.23,8.55,3499200,5.96
"2009-01-23",8.25,8.77,8.18,8.55,2820600,5.96
"2009-01-26",8.54,8.9,8.44,8.62,4043600,6.01
"2009-01-27",8.78,8.89,8.51,8.79,3061900,6.13
"2009-01-28",9.05,9.36,8.9,9.15,2885000,6.38
"2009-01-29",8.92,9.03,8.41,8.44,3007200,5.89
"2009-01-30",8.36,8.53,7.8,7.92,5296100,5.52
"2009-02-02",7.87,8.21,7.75,7.94,4902800,5.54
"2009-02-03",8.1,8.1,7.75,7.98,4755800,5.57
"2009-02-04",8.03,8.03,7.75,7.86,7390200,5.48
"2009-02-05",8.29,8.61,7.59,8.4,7281300,5.86
"2009-02-06",8.49,9.05,8.29,8.85,6233900,6.17
"2009-02-09",8.78,8.87,8.56,8.75,3327000,6.1
"2009-02-10",8.67,8.83,8.17,8.24,4054400,5.75
"2009-02-11",8.31,8.51,8.06,8.32,4603900,5.8
"2009-02-12",8.18,8.47,7.92,8.45,8404000,5.89
"2009-02-13",8.35,8.53,8.07,8.14,4210700,5.68
"2009-02-17",7.8,7.86,7.48,7.7,6247100,5.37
"2009-02-18",7.86,7.86,7.46,7.63,4424400,5.32
"2009-02-19",7.71,8,7.59,7.64,3455000,5.33
"2009-02-20",7.5,7.95,7.37,7.84,5791000,5.47
"2009-02-23",8.54,8.94,7.93,8.15,7615200,5.68
"2009-02-24",8.28,8.89,7.98,8.72,8624800,6.08
"2009-02-25",8.6,9.17,8.44,8.92,8587200,6.33
"2009-02-26",8.27,8.78,7.59,7.74,10301300,5.49
"2009-02-27",7.66,7.97,7.47,7.69,7616800,5.46
"2009-03-02",7.62,7.88,7.06,7.1,6904900,5.04
"2009-03-03",7.23,7.3,6.4,6.7,10297700,4.75
"2009-03-04",6.9,7.19,6.47,7.02,6527400,4.98
"2009-03-05",6.63,7.05,6.29,6.4,6544500,4.54
"2009-03-06",6.35,6.59,5.98,6.26,8659800,4.44
"2009-03-09",6.34,6.6,6.16,6.38,4618400,4.53
"2009-03-10",6.54,7.2,6.45,7.16,5510300,5.08
"2009-03-11",7.24,7.7,7.13,7.59,5961200,5.39
"2009-03-12",7.58,7.87,7.32,7.83,7240600,5.56
"2009-03-13",7.9,8.39,7.77,8.23,5679000,5.84
"2009-03-16",8.4,8.41,7.96,7.98,4340000,5.66
"2009-03-17",7.87,8.38,7.87,8.31,3830600,5.9
"2009-03-18",8.39,8.65,8.17,8.55,7753700,6.07
"2009-03-19",8.77,8.8,8.34,8.4,3585900,5.96
"2009-03-20",8.4,8.58,7.83,8.05,5056000,5.71
"2009-03-23",8.25,8.76,8.01,8.76,3666500,6.22
"2009-03-24",8.61,9.33,8.46,9.06,6958500,6.43
"2009-03-25",9.09,9.58,8.54,8.89,5997100,6.31
"2009-03-26",9.02,9.73,9.02,9.6,5073100,6.81
"2009-03-27",9.42,9.57,8.97,9.12,4193100,6.47
"2009-03-30",8.98,8.98,8.38,8.7,4330200,6.17
"2009-03-31",8.72,8.91,8.59,8.7,5074600,6.17
"2009-04-01",8.4,9.34,8.34,9.17,7216800,6.51
"2009-04-02",9.43,10.1,9.28,9.86,4883500,7
"2009-04-03",9.9,10.21,9.71,10.19,3887900,7.23
"2009-04-06",10.03,10.06,9.48,9.75,4808100,6.92
"2009-04-07",9.54,9.74,9.36,9.52,5580700,6.76
"2009-04-08",9.58,9.81,9.39,9.59,5194300,6.81
"2009-04-09",9.85,10.67,9.71,10.67,4918800,7.57
"2009-04-13",9.75,10.43,9.75,10.29,5134800,7.3
"2009-04-14",10.22,10.29,9.85,10.04,3493400,7.13
"2009-04-15",9.99,10.38,9.81,10.38,4058100,7.37
"2009-04-16",10.38,10.89,10.24,10.73,3943500,7.61
"2009-04-17",10.57,10.94,10.56,10.82,3006400,7.68
"2009-04-20",10.62,10.62,9.86,10.04,4019200,7.13
"2009-04-21",10.02,10.79,9.79,10.66,4295100,7.57
"2009-04-22",10.01,11.35,9.99,10.73,5633600,7.61
"2009-04-23",10.97,10.98,10.12,10.68,5242400,7.58
"2009-04-24",10.8,11.26,10.58,11.05,3554700,7.84
"2009-04-27",10.87,11.13,10.61,10.79,2701500,7.66
"2009-04-28",10.59,11.13,10.51,10.9,2725900,7.74
"2009-04-29",10.97,11.65,10.85,11.21,3984500,7.96
"2009-04-30",11.12,11.7,11.11,11.42,3993000,8.1
"2009-05-01",11.39,11.47,10.9,11.1,5360100,7.88
"2009-05-04",11.33,12.25,11.12,12.21,5159700,8.67
"2009-05-05",12.17,12.81,11.93,12.7,5100800,9.01
"2009-05-06",12.86,13.22,12.49,13.21,7849600,9.37
"2009-05-07",13.12,13.29,11.69,12,8095900,8.52
"2009-05-08",12.24,12.46,11.82,12.38,6525600,8.79
"2009-05-11",12.33,12.34,11.42,11.53,6861600,8.18
"2009-05-12",11.53,11.86,11.19,11.5,7694900,8.16
"2009-05-13",11.28,11.4,10.91,11.07,6298000,7.86
"2009-05-14",11.11,11.66,10.68,11.13,6345000,7.9
"2009-05-15",10.94,11.67,10.93,11.01,4901800,7.81
"2009-05-18",11.12,11.87,11.12,11.83,3680100,8.4
"2009-05-19",11.83,12.2,11.68,11.95,3832800,8.48
"2009-05-20",12.05,12.58,11.64,11.66,4740100,8.27
"2009-05-21",11.51,12.14,11.04,11.76,6472500,8.35
"2009-05-22",11.81,12.21,11.55,12.02,3795900,8.53
"2009-05-26",11.87,12.6,11.66,12.48,6323200,8.86
"2009-05-27",12.4,13.09,12.32,12.63,5905200,8.96
"2009-05-28",12.73,12.84,12.12,12.38,4349300,8.79
"2009-05-29",12.41,12.57,12.08,12.51,5173400,8.88
"2009-06-01",12.78,13.63,12.55,13.55,5959500,9.62
"2009-06-02",13.38,13.73,13.25,13.44,4135800,9.54
"2009-06-03",13.28,13.45,13.01,13.28,3721000,9.42
"2009-06-04",13.13,13.13,12.27,12.82,6463300,9.2
"2009-06-05",12.89,13.11,12.45,12.92,6523300,9.27
"2009-06-08",13.03,13.15,12.55,12.81,5317900,9.19
"2009-06-09",12.69,12.98,12.62,12.8,4130700,9.19
"2009-06-10",12.91,13.06,12.37,12.59,4987100,9.04
"2009-06-11",12.47,12.72,12.25,12.28,4871200,8.81
"2009-06-12",12.32,12.83,12,12.81,5233500,9.19
"2009-06-15",12.65,12.73,12.32,12.51,3794800,8.98
"2009-06-16",12.57,12.57,11.74,11.83,5731000,8.49
"2009-06-17",11.91,12.07,11.46,11.86,5041600,8.51
"2009-06-18",11.88,11.98,11.59,11.8,2204200,8.47
"2009-06-19",12.01,12.11,11.66,11.84,8364200,8.5
"2009-06-22",11.73,11.8,11.41,11.5,4970900,8.25
"2009-06-23",11.44,11.52,11.14,11.3,3906600,8.11
"2009-06-24",11.41,11.63,11.31,11.45,3278500,8.22
"2009-06-25",11.44,11.92,11.3,11.88,3625700,8.53
"2009-06-26",11.67,12,11.58,11.7,2397000,8.4
"2009-06-29",11.73,12.14,11.59,12.07,4519500,8.66
"2009-06-30",12.06,12.27,11.77,11.97,3446400,8.59
"2009-07-01",12.06,12.65,11.96,12.29,5811200,8.82
"2009-07-02",11.9,12.24,11.57,11.57,4012600,8.3
"2009-07-06",11.49,11.81,11.33,11.5,5151200,8.25
"2009-07-07",11.52,11.57,11.29,11.46,7626500,8.23
"2009-07-08",11.53,11.6,10.92,11.34,7314400,8.14
"2009-07-09",11.02,11.02,10.28,10.89,10304200,7.82
"2009-07-10",10.71,11,10.44,10.58,6088700,7.59
"2009-07-13",10.59,10.94,10.37,10.93,4010500,7.85
"2009-07-14",10.92,11.15,10.69,11.12,6270500,7.98
"2009-07-15",11.27,11.67,11.16,11.58,4637400,8.31
"2009-07-16",11.48,11.57,11.22,11.51,3929700,8.26
"2009-07-17",11.36,11.69,11.36,11.67,2647600,8.38
"2009-07-20",11.76,12.03,11.62,11.84,4556000,8.5
"2009-07-21",12.02,12.02,11.43,11.77,4567600,8.45
"2009-07-22",11.72,12.18,11.67,12.03,3526800,8.63
"2009-07-23",12.03,12.71,11.92,12.52,4991800,8.99
"2009-07-24",12.44,12.75,12.25,12.59,2422100,9.04
"2009-07-27",12.57,12.59,12.22,12.34,3324400,8.86
"2009-07-28",12.13,12.54,12.13,12.47,3047200,8.95
"2009-07-29",12.31,12.66,12.18,12.36,3034700,8.87
"2009-07-30",12.51,13.12,12.51,12.74,4659200,9.14
"2009-07-31",12.84,13.03,12.65,12.94,3944300,9.29
"2009-08-03",13.06,13.2,12.85,13.18,3488800,9.46
"2009-08-04",13.11,13.21,12.79,12.87,2517500,9.24
"2009-08-05",12.92,12.92,12.56,12.74,3198100,9.14
"2009-08-06",13.31,14.75,13.23,14.39,10028100,10.33
"2009-08-07",14.66,15.12,14.48,14.96,6774000,10.74
"2009-08-10",14.95,14.97,14.32,14.56,5130900,10.45
"2009-08-11",14.57,14.57,14.13,14.38,3083300,10.32
"2009-08-12",14.38,14.97,14.38,14.7,4542100,10.55
"2009-08-13",14.63,14.72,14.18,14.49,3802400,10.4
"2009-08-14",14.61,14.61,14.02,14.18,3648200,10.18
"2009-08-17",13.87,13.96,13.68,13.92,4270800,9.99
"2009-08-18",13.96,14.22,13.77,13.97,3053900,10.03
"2009-08-19",13.79,14.6,13.79,14.58,5590200,10.47
"2009-08-20",14.9,15.1,14.1,14.35,6631700,10.3
"2009-08-21",15.07,15.5,14.76,15.35,8107200,11.02
"2009-08-24",15.38,15.47,15.04,15.08,3825400,10.82
"2009-08-25",15.06,15.8,15.05,15.45,4877700,11.09
"2009-08-26",15.27,15.68,15.16,15.28,3153800,11.08
"2009-08-27",15.48,15.48,14.96,15.25,3259700,11.05
"2009-08-28",15.37,15.45,14.98,15.08,3549800,10.93
"2009-08-31",14.98,15.1,14.7,14.92,4671800,10.81
"2009-09-01",14.8,15.29,14.7,14.75,5304600,10.69
"2009-09-02",14.65,15.07,14.62,14.72,4155000,10.67
"2009-09-03",14.97,15.62,14.97,15.53,5960400,11.26
"2009-09-04",15.51,15.67,15.28,15.36,4693300,11.13
"2009-09-08",15.53,15.73,15.29,15.47,5767400,11.21
"2009-09-09",15.52,15.75,15.38,15.73,4394000,11.4
"2009-09-10",15.83,15.86,15.45,15.71,3872200,11.39
"2009-09-11",15.74,15.92,15.39,15.43,5339300,11.18
"2009-09-14",15.32,15.97,15.2,15.85,4810400,11.49
"2009-09-15",15.84,16.28,15.8,16.11,5279100,11.68
"2009-09-16",16.16,16.57,16.06,16.57,5040500,12.01
"2009-09-17",16.55,16.78,16.25,16.5,4691100,11.96
"2009-09-18",16.61,16.92,16.46,16.86,3950100,12.22
"2009-09-21",16.71,17.23,16.51,17.1,5646600,12.39
"2009-09-22",17.2,17.53,17.09,17.28,7114400,12.52
"2009-09-23",17.36,17.73,17.21,17.39,10494300,12.6
"2009-09-24",17.47,17.62,17.17,17.45,9311900,12.65
"2009-09-25",17.48,17.65,17.01,17.06,8984000,12.37
"2009-09-28",17.18,17.27,17.01,17.2,4264100,12.47
"2009-09-29",17.2,17.37,17.05,17.15,3151500,12.43
"2009-09-30",17.2,17.29,16.64,16.99,4522700,12.31
"2009-10-01",16.85,17.04,16.42,16.65,3973800,12.07
"2009-10-02",16.42,16.53,16.08,16.13,5951400,11.69
"2009-10-05",16.23,17.39,16.03,17.38,8481800,12.6
"2009-10-06",17.42,18.19,17.41,17.92,10139300,12.99
"2009-10-07",17.86,18.24,17.74,17.83,5001100,12.92
"2009-10-08",18.35,18.64,18.04,18.53,5961000,13.43
"2009-10-09",18,18.32,18,18.26,3668100,13.24
"2009-10-12",18.52,18.81,18.5,18.63,4818900,13.5
"2009-10-13",18.61,18.73,18.38,18.46,4050800,13.38
"2009-10-14",18.6,19.36,18.5,19.34,6188500,14.02
"2009-10-15",19.18,19.47,18.86,19.05,3887200,13.81
"2009-10-16",18.91,19.01,18.45,18.83,4300500,13.65
"2009-10-19",18.9,19.49,18.84,19.43,3295600,14.08
"2009-10-20",19.44,19.6,18.92,19.07,4307200,13.82
"2009-10-21",19.01,19.75,18.74,18.79,7103200,13.62
"2009-10-22",18.78,19.59,18.53,19.42,4555900,14.08
"2009-10-23",19.57,19.75,19.19,19.22,5542400,13.93
"2009-10-26",19.27,19.99,19.22,19.49,7731400,14.13
"2009-10-27",18.3,18.54,17.55,17.91,12807900,12.98
"2009-10-28",17.88,17.97,16.92,17.06,7642400,12.37
"2009-10-29",17.2,18.36,17.16,18.24,8265300,13.22
"2009-10-30",18.15,18.27,17.57,17.6,7221400,12.76
"2009-11-02",17.72,18.08,17.46,17.89,5153900,12.97
"2009-11-03",17.71,18.13,17.52,17.95,5373200,13.01
"2009-11-04",17.9,18.15,17.65,17.78,4706400,12.89
"2009-11-05",17.86,17.89,17.37,17.89,4768200,12.97
"2009-11-06",17.69,18.2,17.62,18.18,2833500,13.18
"2009-11-09",18.28,18.76,18.11,18.73,2638900,13.58
"2009-11-10",18.65,18.86,18.46,18.73,1932400,13.58
"2009-11-11",18.97,19,18.16,18.38,4651300,13.32
"2009-11-12",18.32,18.4,17.67,17.74,5109400,12.86
"2009-11-13",17.76,18.2,17.7,18.09,5043000,13.11
"2009-11-16",18.21,18.64,18.21,18.37,4674400,13.31
"2009-11-17",18.29,18.5,17.84,18.03,3450200,13.07
"2009-11-18",17.94,18.27,17.78,18.27,5284400,13.24
"2009-11-19",18.23,18.3,17.48,17.68,4895000,12.81
"2009-11-20",17.6,17.92,17.15,17.25,4588700,12.5
"2009-11-23",17.39,17.7,17.12,17.23,3471000,12.49
"2009-11-24",17.21,17.23,16.62,16.64,7637700,12.17
"2009-11-25",16.68,17.53,16.68,17.5,4378100,12.8
"2009-11-27",16.81,17.35,16.77,16.92,2129800,12.37
"2009-11-30",17.04,17.04,16.28,16.59,4750100,12.13
"2009-12-01",17.2,17.6,16.59,17.55,6388900,12.83
"2009-12-02",17.5,17.96,17.47,17.77,4806600,12.99
"2009-12-03",17.7,18.47,17.7,18.15,8055700,13.27
"2009-12-04",18.54,18.54,17.97,18.32,5700600,13.4
"2009-12-07",18.1,18.63,18.1,18.22,3917900,13.32
"2009-12-08",18.13,18.32,17.93,18.05,3366700,13.2
"2009-12-09",17.87,17.96,17.59,17.84,3203800,13.04
"2009-12-10",17.85,18.5,17.83,18.36,3859700,13.42
"2009-12-11",18.64,18.74,18.45,18.66,2562500,13.64
"2009-12-14",18.95,19.01,18.69,19.01,2457000,13.9
"2009-12-15",18.84,19.12,18.72,18.91,2686400,13.83
"2009-12-16",19.08,19.16,18.79,18.98,2632400,13.88
"2009-12-17",18.63,19,18.63,18.79,2637500,13.74
"2009-12-18",18.91,18.97,18.39,18.9,3802200,13.82
"2009-12-21",18.93,19.37,18.81,19.27,2184900,14.09
"2009-12-22",19.39,19.85,19.21,19.82,3997100,14.49
"2009-12-23",19.91,20.08,19.47,19.5,3020900,14.26
"2009-12-24",19.52,19.62,19.39,19.53,630700,14.28
"2009-12-28",19.69,19.83,19.45,19.54,1294400,14.29
"2009-12-29",19.71,19.75,19.57,19.57,1714500,14.31
"2009-12-30",19.53,19.6,19.42,19.53,1968900,14.28
"2009-12-31",19.57,19.6,19.22,19.24,1374400,14.07
"2010-01-04",19.37,19.76,19.27,19.31,3959400,14.12
"2010-01-05",19.24,19.43,18.53,18.68,9097500,13.66
"2010-01-06",18.56,19.12,18.34,19.07,6889000,13.94
"2010-01-07",19.42,19.59,18.45,18.76,7511700,13.72
"2010-01-08",18.86,19.62,18.78,19.59,5684200,14.32
"2010-01-11",20.1,20.61,19.93,20.46,6663400,14.96
"2010-01-12",20.23,20.9,20.15,20.43,4553600,14.94
"2010-01-13",20.47,20.54,19.96,20.23,3190400,14.79
"2010-01-14",20.2,20.32,19.73,19.92,3322000,14.57
"2010-01-15",19.82,20.02,19.36,19.39,3155400,14.18
"2010-01-19",19.39,19.54,19.17,19.34,4890700,14.14
"2010-01-20",19.11,19.24,18.89,18.9,5126600,13.82
"2010-01-21",18.95,19.09,18.52,18.68,6916600,13.66
"2010-01-22",18.81,18.92,18.36,18.38,5490400,13.44
"2010-01-25",18.6,18.75,18.39,18.6,3461100,13.6
"2010-01-26",18.96,19.82,18.65,19.4,8012900,14.18
"2010-01-27",19.35,19.81,19.21,19.71,5122100,14.41
"2010-01-28",19.75,19.75,19.14,19.21,4520700,14.05
"2010-01-29",19.37,19.46,18.94,19.02,3554700,13.91
"2010-02-01",19.23,19.67,19.12,19.65,3070800,14.37
"2010-02-02",19.68,20.33,19.66,20.32,5572500,14.86
"2010-02-03",20.23,20.32,20,20.26,6301000,14.81
"2010-02-04",20.17,20.3,19.96,20.03,8675400,14.65
"2010-02-05",19.98,20.51,19.84,20.47,7955500,14.97
"2010-02-08",20.49,20.49,20.01,20.01,6362800,14.63
"2010-02-09",20.23,20.45,19.98,20.34,5263600,14.87
"2010-02-10",20.25,20.36,19.9,20.09,3786800,14.69
"2010-02-11",20,20.37,19.88,20.34,2641500,14.87
"2010-02-12",20.05,20.55,19.84,20.48,5100100,14.97
"2010-02-16",20.74,20.84,20.48,20.83,3053000,15.23
"2010-02-17",20.91,21.17,20.77,21.05,3577700,15.39
"2010-02-18",20.96,21.37,20.9,21.34,2260400,15.6
"2010-02-19",21.2,21.48,21.17,21.4,2877100,15.65
"2010-02-22",21.6,21.73,21.32,21.5,5583600,15.72
"2010-02-23",21.45,21.52,20.97,21.03,7453500,15.38
"2010-02-24",20.87,21.56,20.87,21.54,7085800,15.86
"2010-02-25",22.03,22.53,21.9,22.15,17572600,16.31
"2010-02-26",22.15,22.26,21.99,22.11,6981300,16.28
"2010-03-01",22.25,22.72,22.16,22.53,4907500,16.59
"2010-03-02",22.66,22.76,22.4,22.43,4186100,16.52
"2010-03-03",22.5,22.75,22.35,22.65,3272200,16.68
"2010-03-04",22.73,23.02,22.51,22.98,4048700,16.92
"2010-03-05",23.17,23.38,22.92,23.28,2860700,17.14
"2010-03-08",23.32,23.63,23.21,23.47,3407800,17.28
"2010-03-09",23.48,23.62,23.31,23.59,4247100,17.37
"2010-03-10",23.6,23.77,23.44,23.49,4881700,17.3
"2010-03-11",23.35,23.66,23.24,23.61,2738300,17.39
"2010-03-12",23.7,23.74,23.42,23.74,3086200,17.48
"2010-03-15",23.73,23.79,23.46,23.71,2439400,17.46
"2010-03-16",24.05,24.85,23.99,24.71,8786800,18.2
"2010-03-17",24.91,24.94,24.44,24.68,6765600,18.18
"2010-03-18",24.78,24.84,24.5,24.75,3452500,18.23
"2010-03-19",24.79,24.91,24.43,24.67,3481000,18.17
"2010-03-22",24.54,25.4,24.45,25.29,4867700,18.62
"2010-03-23",25.38,25.49,24.96,25.46,3588400,18.75
"2010-03-24",25.31,25.37,24.89,24.98,3696500,18.4
"2010-03-25",25.25,25.68,25.15,25.34,4862000,18.66
"2010-03-26",25.46,25.7,25.32,25.54,3729400,18.81
"2010-03-29",25.6,25.82,25.2,25.78,3935300,18.99
"2010-03-30",25.71,26.37,25.71,25.88,6886800,19.06
"2010-03-31",24.88,24.97,24.56,24.62,6207600,18.86
"2010-04-01",24.86,25,24.66,24.8,4944500,19
"2010-04-05",24.81,25.77,24.81,25.73,4619300,19.71
"2010-04-06",25.62,25.75,25.45,25.72,4392300,19.7
"2010-04-07",25.71,25.8,25.33,25.68,6790500,19.67
"2010-04-08",25.67,26.38,25.37,26.28,7797900,20.13
"2010-04-09",26.36,26.67,25.96,26.62,5191400,20.39
"2010-04-12",26.61,27.09,26.56,26.89,5508700,20.6
"2010-04-13",26.69,27.22,26.6,27.19,5826800,20.83
"2010-04-14",27.2,27.4,26.77,27.03,8089600,20.71
"2010-04-15",26.94,27.84,26.75,27.56,6169800,21.11
"2010-04-16",27.4,27.54,26.81,27.07,6160500,20.74
"2010-04-19",27.08,27.33,26.74,27.26,5605700,20.88
"2010-04-20",27.52,27.68,27.27,27.59,3266700,21.13
"2010-04-21",27.57,28.09,27.5,28.03,3268100,21.47
"2010-04-22",27.87,28.76,27.6,28.59,3816900,21.9
"2010-04-23",28.49,28.76,28.25,28.48,3432800,21.82
"2010-04-26",28.5,28.78,28.42,28.57,3432300,21.89
"2010-04-27",28.32,28.43,27.66,27.75,4622900,21.26
"2010-04-28",27.88,28.12,27.06,27.15,5508200,20.8
"2010-04-29",27.22,27.8,27.22,27.55,5273600,21.1
"2010-04-30",27.6,27.69,26.36,26.8,6686500,20.53
"2010-05-03",26.98,28.19,26.87,27.8,5395500,21.3
"2010-05-04",27.47,27.47,26.71,26.87,6195500,20.58
"2010-05-05",26.39,27.31,26.15,26.5,4903600,20.3
"2010-05-06",26.11,26.11,22.61,25.13,10502900,19.25
"2010-05-07",24.99,25.84,24.17,24.93,8741700,19.1
"2010-05-10",26.3,26.94,26.06,26.92,4744500,20.62
"2010-05-11",26.43,27.54,26.43,27.16,4721900,20.81
"2010-05-12",27.23,27.39,26.64,27.27,4518000,20.89
"2010-05-13",27.23,27.23,25.83,25.99,5516100,19.91
"2010-05-14",25.73,25.9,25.19,25.45,5022400,19.5
"2010-05-17",25.58,25.75,24.76,25.37,8134700,19.43
"2010-05-18",25.75,25.87,24.34,24.47,9724100,18.74
"2010-05-19",25.06,25.18,24.16,24.49,10008800,18.76
"2010-05-20",23.6,24.56,23.36,23.88,10665000,18.29
"2010-05-21",23.31,25.13,23.31,24.82,6600800,19.01
"2010-05-24",24.77,25.12,24.57,24.75,5922200,18.96
"2010-05-25",24.01,24.75,23.62,24.67,7900000,18.9
"2010-05-26",24.99,25.11,24.19,24.33,6994100,18.64
"2010-05-27",25.02,25.44,24.94,25.43,5203600,19.48
"2010-05-28",25.42,25.55,24.5,24.86,5713300,19.04
"2010-06-01",24.51,25.68,24.45,25.23,6233800,19.33
"2010-06-02",25.34,25.96,25.14,25.95,8321900,20
"2010-06-03",26.56,27.47,26.13,26.26,8665600,20.24
"2010-06-04",25.66,26.1,24.58,24.7,7109700,19.03
"2010-06-07",24.76,24.99,23.84,23.89,6092800,18.41
"2010-06-08",23.77,24.15,23.17,23.85,8754800,18.38
"2010-06-09",23.99,24.96,23.99,24.2,5676000,18.65
"2010-06-10",24.54,25.1,24.43,24.94,5429800,19.22
"2010-06-11",24.51,25.17,24.42,25.08,3794500,19.33
"2010-06-14",25.39,25.76,25.15,25.53,3954900,19.67
"2010-06-15",25.77,26.08,25.36,25.97,4516800,20.01
"2010-06-16",25.76,25.81,25.27,25.37,4714300,19.55
"2010-06-17",25.56,25.62,24.77,25.03,5811700,19.29
"2010-06-18",25.13,25.27,24.59,24.66,5482200,19
"2010-06-21",25.18,25.25,23.99,24.14,4983300,18.6
"2010-06-22",24.23,24.65,23.11,23.19,8378300,17.87
"2010-06-23",23.34,23.7,22.79,23.42,6277500,18.05
"2010-06-24",23.18,23.22,22.51,22.94,5840300,17.68
"2010-06-25",23.02,23.39,22.72,23.09,6661600,17.79
"2010-06-28",23.28,23.28,22.8,22.95,3851400,17.69
"2010-06-29",22.45,22.59,21.83,21.97,6965400,16.93
"2010-06-30",21.88,22.72,21.81,22.07,5208900,17.01
"2010-07-01",21.98,22.82,21.78,22.71,7673600,17.5
"2010-07-02",22.73,23.03,22.46,22.58,7506300,17.4
"2010-07-06",22.87,23.43,22.4,22.61,4971100,17.42
"2010-07-07",22.54,23.74,22.54,23.68,6072600,18.25
"2010-07-08",24.21,24.32,23.41,24.21,9021500,18.66
"2010-07-09",24.28,24.42,23.95,24.42,3178500,18.82
"2010-07-12",24.28,24.4,23.81,23.93,4972900,18.44
"2010-07-13",24.14,24.72,24.05,24.59,7487000,18.95
"2010-07-14",24.65,24.86,24.22,24.83,4034700,19.13
"2010-07-15",24.79,25.12,24.47,25.05,4143000,19.3
"2010-07-16",24.84,24.85,23.42,23.5,5913200,18.11
"2010-07-19",23.73,23.87,23.29,23.7,3673300,18.26
"2010-07-20",23.59,24.46,23.38,24.42,4741500,18.82
"2010-07-21",24.6,24.79,24.14,24.27,4184700,18.7
"2010-07-22",24.63,25.34,24.57,25.22,3765500,19.43
"2010-07-23",25.19,25.65,24.98,25.62,5625700,19.74
"2010-07-26",25.75,26.25,25.29,26.25,3343500,20.23
"2010-07-27",26.48,26.54,25.29,25.43,4323800,19.6
"2010-07-28",25.41,25.9,25.22,25.36,2968200,19.54
"2010-07-29",25.62,26,24.79,25.48,5533500,19.64
"2010-07-30",25.11,25.71,24.73,25.64,4657900,19.76
"2010-08-02",26.28,26.44,25.66,26.23,5231700,20.21
"2010-08-03",26.2,26.31,25.33,25.52,5181200,19.67
"2010-08-04",25.7,26.18,25.68,26.04,4635800,20.07
"2010-08-05",26.23,26.38,25.36,26.33,4197600,20.29
"2010-08-06",25.89,26.33,25.73,26.13,2940300,20.14
"2010-08-09",26.26,26.93,26.26,26.79,3777600,20.64
"2010-08-10",26.51,26.54,25.59,25.78,5697000,19.87
"2010-08-11",25.29,25.42,24.98,25.12,4016700,19.36
"2010-08-12",24.84,25.38,24.58,25.29,3337900,19.49
"2010-08-13",25.2,25.23,24.63,24.89,4454700,19.18
"2010-08-16",24.72,25.06,24.5,24.88,4163400,19.17
"2010-08-17",25.22,25.83,25.09,25.56,4653800,19.7
"2010-08-18",25.59,25.95,25.19,25.78,4799200,19.87
"2010-08-19",25.85,26.58,25.63,25.86,6937100,19.93
"2010-08-20",25.7,25.9,24.86,25.56,3621200,19.7
"2010-08-23",25.75,25.95,24.83,24.84,4061000,19.14
"2010-08-24",24.52,24.84,24.22,24.46,3936200,18.85
"2010-08-25",24.07,24.69,23.98,24.52,5459600,19.01
"2010-08-26",24.59,24.92,24.27,24.32,3866400,18.86
"2010-08-27",24.52,25.03,23.85,24.96,4192700,19.35
"2010-08-30",24.89,24.89,24.13,24.14,3159600,18.72
"2010-08-31",23.89,24.43,23.57,23.6,6815600,18.3
"2010-09-01",23.91,24.51,23.83,24.27,5412100,18.82
"2010-09-02",24.92,25.83,24.64,25.75,5800100,19.97
"2010-09-03",25.91,26.47,25.78,26.21,3877600,20.32
"2010-09-07",26.16,26.16,25.73,25.89,3402600,20.07
"2010-09-08",25.53,25.56,24.91,25.12,8096400,19.48
"2010-09-09",25.52,25.6,25.07,25.23,3339800,19.56
"2010-09-10",25.28,25.55,25.2,25.38,2761000,19.68
"2010-09-13",25.74,26.02,25.64,25.74,3797000,19.96
"2010-09-14",25.77,26.69,25.75,26.51,4066800,20.56
"2010-09-15",26.32,26.58,26.13,26.43,3642600,20.49
"2010-09-16",26.25,26.58,25.94,26.45,2674100,20.51
"2010-09-17",26.62,26.83,26.26,26.77,3953100,20.76
"2010-09-20",26.89,27.5,26.74,27.4,3667300,21.25
"2010-09-21",27.4,27.43,26.38,26.48,4623500,20.53
"2010-09-22",26.39,26.73,25.96,26.18,2414500,20.3
"2010-09-23",25.87,26.6,25.83,26.22,2339600,20.33
"2010-09-24",26.78,27.25,26.56,27.18,2700500,21.07
"2010-09-27",27.1,27.24,26.84,26.98,1619100,20.92
"2010-09-28",27.07,27.38,26.65,27.26,3247400,21.14
"2010-09-29",27.22,27.69,27.05,27.59,3504000,21.39
"2010-09-30",27.74,27.75,26.47,26.78,6356200,20.76
"2010-10-01",25.99,27.1,25.99,26.82,5458300,20.8
"2010-10-04",26.63,27.05,26.34,26.62,3009000,20.64
"2010-10-05",26.86,27.97,26.86,27.81,5391100,21.56
"2010-10-06",27.63,27.75,27.32,27.59,3039300,21.39
"2010-10-07",28.25,28.96,28.07,28.64,6811900,22.21
"2010-10-08",28.69,29.2,28.58,28.81,4491300,22.34
"2010-10-11",28.78,29.48,28.78,29.31,3630100,22.73
"2010-10-12",29.3,29.85,29.02,29.71,4924100,23.04
"2010-10-13",29.9,29.95,29.26,29.35,4336800,22.76
"2010-10-14",29.28,29.41,28.84,29.18,3243600,22.63
"2010-10-15",29.53,29.6,29.01,29.26,3253900,22.69
"2010-10-18",29.33,29.47,28.98,29.35,2093500,22.76
"2010-10-19",28.96,29.08,28.38,28.63,3200900,22.2
"2010-10-20",28.58,29.28,28.17,29.05,4661400,22.52
"2010-10-21",29.2,29.52,28.6,28.8,2683000,22.33
"2010-10-22",28.93,29.24,28.74,29.06,2211800,22.53
"2010-10-25",29.41,29.7,29.1,29.16,1682900,22.61
"2010-10-26",29.12,29.49,28.79,29.4,2060400,22.8
"2010-10-27",29.11,29.38,28.65,29.2,2488600,22.64
"2010-10-28",29.34,29.44,28.64,29.28,3390200,22.7
"2010-10-29",29.12,29.51,29.02,29.39,3205100,22.79
"2010-11-01",29.65,29.75,28.85,29.06,3302300,22.53
"2010-11-02",29.39,29.88,29.01,29.83,3361500,23.13
"2010-11-03",29.9,30.1,29.29,29.84,5415100,23.14
"2010-11-04",30.32,31.46,30.32,31.43,5945600,24.37
"2010-11-05",31.27,31.99,31.27,31.81,3932700,24.66
"2010-11-08",31.59,32.14,31.39,32.09,3520100,24.88
"2010-11-09",32.37,32.37,31.25,31.37,2685000,24.32
"2010-11-10",31.28,32.28,31.26,31.8,3110000,24.66
"2010-11-11",31.5,32.32,31.37,32.14,3038600,24.92
"2010-11-12",31.87,32.15,31.4,31.64,2505600,24.53
"2010-11-15",31.98,31.98,31.39,31.44,2880500,24.38
"2010-11-16",31.28,32.13,30.71,31.09,4026800,24.11
"2010-11-17",31.17,32.14,31.16,31.87,4726900,24.71
"2010-11-18",33.23,34.4,33.02,33.26,13353000,25.79
"2010-11-19",32.88,33.32,32.25,33.01,7880000,25.59
"2010-11-22",33.1,33.53,32.85,33.23,5398000,25.77
"2010-11-23",32.69,33.35,32.52,32.99,6929700,25.7
"2010-11-24",33.36,34.07,33.27,33.78,4841500,26.31
"2010-11-26",33.7,33.9,33.52,33.75,6992600,26.29
"2010-11-29",33.45,33.55,32.77,33.47,5212400,26.07
"2010-11-30",33.11,33.84,33,33.67,12344900,26.23
"2010-12-01",34.53,34.76,34.13,34.64,12039600,26.98
"2010-12-02",35.03,35.48,34.28,34.9,7851500,27.18
"2010-12-03",31.95,32.13,31.53,31.83,4787700,27.12
"2010-12-06",31.85,32,31.6,31.81,3712300,27.11
"2010-12-07",32.03,32.21,31.41,31.43,4503700,26.78
"2010-12-08",31.41,31.55,30.63,31.1,4731400,26.5
"2010-12-09",31.44,31.5,31.15,31.31,2591100,26.68
"2010-12-10",31.41,31.63,31.11,31.54,2499800,26.88
"2010-12-13",31.54,31.86,30.75,30.78,4288500,26.23
"2010-12-14",30.79,31.08,30.66,30.84,2776300,26.28
"2010-12-15",30.77,30.93,30.44,30.54,2340100,26.02
"2010-12-16",30.63,31.01,30.46,30.91,2296800,26.34
"2010-12-17",30.91,31.52,30.77,31.24,3935900,26.62
"2010-12-20",31.28,31.35,30.84,31.08,1995700,26.48
"2010-12-21",31.45,31.88,31.03,31.73,2857600,27.04
"2010-12-22",31.85,32,30.9,31.06,2402500,26.47
"2010-12-23",31.01,31.16,30.66,31.06,1671800,26.47
"2010-12-27",30.98,31.21,30.6,31.12,1116600,26.52
"2010-12-28",31.09,31.2,30.64,30.65,2039200,26.12
"2010-12-29",30.77,30.97,30.57,30.69,2072300,26.15
"2010-12-30",30.72,31.28,30.63,31.19,1798400,26.58
"2010-12-31",30.98,31.14,30.67,30.73,1392000,26.19
"2011-01-03",31.02,31.5,30.57,30.69,3999200,26.15
"2011-01-04",30.61,30.65,29.87,29.92,4285300,25.5
"2011-01-05",29.75,29.93,29.23,29.58,5496500,25.21
"2011-01-06",29.27,29.31,28.5,28.89,7789500,24.62
"2011-01-07",28.89,29.26,28.4,28.68,5849400,24.44
"2011-01-10",28.47,29.27,28.47,29.13,3036800,24.82
"2011-01-11",29.34,29.47,28.52,28.97,3532800,24.69
"2011-01-12",29.19,29.25,28.76,28.93,3911700,24.65
"2011-01-13",28.92,29.65,28.87,29.43,12882900,25.08
"2011-01-14",29.53,29.58,29.07,29.11,3407100,24.81
"2011-01-18",29.28,29.36,28.75,29.09,2345000,24.79
"2011-01-19",29.04,29.1,28.58,28.66,2521500,24.42
"2011-01-20",28.57,29.22,28.55,29.07,4549200,24.77
"2011-01-21",29.29,29.36,28.61,28.68,4199200,24.44
"2011-01-24",28.73,28.97,28.6,28.81,1957800,24.55
"2011-01-25",28.65,28.73,28.05,28.42,5616400,24.22
"2011-01-26",28.52,28.93,28.13,28.7,3634800,24.46
"2011-01-27",28.75,29.54,28.65,29.41,4593200,25.06
"2011-01-28",29.42,29.63,28.84,28.92,4396800,24.64
"2011-01-31",29.05,29.24,28.64,29.24,3641800,24.92
"2011-02-01",29.41,29.84,29.25,29.65,3958700,25.27
"2011-02-02",29.43,29.5,28.86,29.13,3887100,24.82
"2011-02-03",30.91,31.48,30.34,31.29,9007000,26.66
"2011-02-04",31.45,32.1,31.27,31.87,4954400,27.16
"2011-02-07",31.94,32.08,31.68,31.94,3750900,27.22
"2011-02-08",31.94,32.43,31.74,32.39,2570200,27.6
"2011-02-09",32.26,32.82,32.22,32.65,2948200,27.82
"2011-02-10",32.49,32.84,32.31,32.57,3411500,27.75
"2011-02-11",32.44,33.03,32.41,33.03,2669800,28.15
"2011-02-14",33.03,33.17,32.53,32.8,2276200,27.95
"2011-02-15",32.67,32.77,32.38,32.52,2056900,27.71
"2011-02-16",32.57,33.31,32.57,33.08,2214900,28.19
"2011-02-17",32.88,33.39,32.76,33.15,2429100,28.25
"2011-02-18",33.19,33.72,33.14,33.5,3142900,28.55
"2011-02-22",33.12,33.73,32.6,32.73,3302200,27.89
"2011-02-23",32.65,33.13,31.22,31.77,5305000,27.24
"2011-02-24",31.85,32.75,31.22,32.14,6752600,27.56
"2011-02-25",32.29,32.98,31.9,32.32,3529900,27.71
"2011-02-28",32.39,32.46,31.67,32.02,3184400,27.45
"2011-03-01",31.93,32.4,31.41,31.57,3406200,27.07
"2011-03-02",31.5,32.28,31.42,32.14,3850900,27.56
"2011-03-03",32.43,32.5,31.09,32.37,7664700,27.75
"2011-03-04",32.27,32.79,32.03,32.31,5236500,27.7
"2011-03-07",32.42,32.68,31.47,31.6,3755900,27.09
"2011-03-08",31.64,31.91,31.23,31.41,3809500,26.93
"2011-03-09",31.37,31.61,31.12,31.43,2536500,26.95
"2011-03-10",31.05,31.48,30.85,31.15,3339800,26.71
"2011-03-11",31.05,31.8,31.02,31.64,2309300,27.13
"2011-03-14",31.37,31.66,30.7,31.07,2253300,26.64
"2011-03-15",30.06,30.7,29.55,30.55,4294000,26.19
"2011-03-16",30.42,30.62,29.99,30.24,4110000,25.93
"2011-03-17",30.59,30.83,30.21,30.4,2230300,26.06
"2011-03-18",30.81,30.82,30.28,30.48,3780500,26.13
"2011-03-21",30.81,31.53,30.56,31.25,3904700,26.79
"2011-03-22",31.39,31.76,31.2,31.2,3253500,26.75
"2011-03-23",31.2,31.71,31.03,31.57,2703300,27.07
"2011-03-24",31.81,32.37,31.7,32.07,3370700,27.5
"2011-03-25",32,32.77,31.96,32.28,3456900,27.68
"2011-03-28",32.3,32.76,31.98,32.04,3241700,27.47
"2011-03-29",32.07,32.66,32.04,32.55,2843900,27.91
"2011-03-30",32.71,33.36,32.61,33.23,2797900,28.49
"2011-03-31",33.1,33.1,32.53,32.88,3003200,28.19
"2011-04-01",33.01,33.3,32.81,32.99,3328100,28.28
"2011-04-04",33.01,33.38,32.64,33.33,3574200,28.58
"2011-04-05",33.34,34.89,33.32,34.49,7391400,29.57
"2011-04-06",34.76,35.33,34.52,35.23,6246600,30.21
"2011-04-07",35.6,36.08,34.98,35.8,9100400,30.69
"2011-04-08",35.96,37.2,35.71,37.17,9945800,31.87
"2011-04-11",37.03,37.99,36.96,37.45,9474700,32.11
"2011-04-12",37.05,37.64,36.75,37.16,7955200,31.86
"2011-04-13",37.41,38.11,37.3,37.95,5419400,32.54
"2011-04-14",37.7,37.98,37.38,37.67,3615900,32.3
"2011-04-15",37.96,38.22,37.68,37.88,5112300,32.48
"2011-04-18",37.37,37.99,37.17,37.87,3733000,32.47
"2011-04-19",37.85,38.71,37.79,38.09,5272200,32.66
"2011-04-20",38.6,39.79,38.5,39.19,5541300,33.6
"2011-04-21",39.35,39.6,38.92,39.37,4610000,33.75
"2011-04-25",39.27,40.3,39.25,40.26,4906200,34.52
"2011-04-26",40.31,41.16,39.99,40.78,4600000,34.96
"2011-04-27",40.91,41.23,40.62,41.14,3452400,35.27
"2011-04-28",40.93,41.48,40.9,41.01,2868600,35.16
"2011-04-29",41.09,41.24,40.69,41.16,5429400,35.29
"2011-05-02",41.33,41.59,40.66,40.95,5768400,35.11
"2011-05-03",40.8,41.61,40.69,41.23,3694200,35.35
"2011-05-04",41.21,41.9,40.26,40.32,5618800,34.57
"2011-05-05",40.26,41.1,39.98,40.42,6723200,34.66
"2011-05-06",41.05,41.66,40.83,41.07,4303600,35.21
"2011-05-09",41.04,41.79,40.87,41.16,3801000,35.29
"2011-05-10",41.3,42.25,41.24,42.04,3997600,36.04
"2011-05-11",42.04,42.16,41.58,41.97,3346000,35.98
"2011-05-12",41.95,42.27,41.56,42.11,3264400,36.1
"2011-05-13",42.23,42.4,41.81,41.84,2889500,35.87
"2011-05-16",41.71,41.92,41.41,41.51,3325900,35.59
"2011-05-17",41.38,41.72,41.12,41.62,3245900,35.68
"2011-05-18",41.74,42.75,41.51,42.45,4687600,36.4
"2011-05-19",42.05,42.69,40.62,40.81,8051800,34.99
"2011-05-20",40.64,40.68,38.72,39.66,8297400,34
"2011-05-23",39.49,40.25,39.4,39.66,5385900,34
"2011-05-24",39.67,39.74,38.76,39.07,6067700,33.5
"2011-05-25",38.8,39.06,38.45,38.8,4082100,33.27
"2011-05-26",38.75,40.02,38.75,40,6181700,34.29
"2011-05-27",39.87,40,39.4,39.55,3742200,33.91
"2011-05-31",40.05,40.12,39.6,39.96,5327800,34.26
"2011-06-01",40.01,40.09,38.67,38.71,5689300,33.19
"2011-06-02",36.5,38.06,36.04,37.87,13054000,32.47
"2011-06-03",36.96,38.08,36.89,37.44,6303800,32.27
"2011-06-06",37.25,37.58,36.14,36.2,8991000,31.2
"2011-06-07",36.37,37.09,36.19,36.21,4092000,31.21
"2011-06-08",36.02,36.21,35.59,35.75,3572500,30.81
"2011-06-09",35.85,36.58,35.74,36.32,3813800,31.31
"2011-06-10",36.11,36.12,35.38,35.62,4149800,30.7
"2011-06-13",36.09,36.23,35.66,36.09,3747400,31.11
"2011-06-14",36.59,37.14,36.51,36.85,3479100,31.76
"2011-06-15",35.51,35.93,35.24,35.36,4000700,31.33
"2011-06-16",35.49,35.66,35.08,35.3,5161600,31.27
"2011-06-17",35.63,36.4,35.41,35.47,6483500,31.43
"2011-06-20",35.4,36.46,35.23,36.37,3425900,32.22
"2011-06-21",36.45,38.01,36.4,37.48,7039700,33.21
"2011-06-22",37.22,37.63,36.66,36.71,3302600,32.52
"2011-06-23",36.14,37.11,36.05,37.05,3918100,32.83
"2011-06-24",37.04,37.32,36.52,37.17,4134300,32.93
"2011-06-27",37.09,37.67,36.96,37.39,3229000,33.13
"2011-06-28",37.62,38.4,37.42,38.3,4569400,33.93
"2011-06-29",38.43,38.93,38.04,38.07,4037000,33.73
"2011-06-30",38.29,38.71,38.17,38.45,3262700,34.07
"2011-07-01",38.52,39,38.12,38.91,2796400,34.47
"2011-07-05",38.91,39.44,38.83,39.28,3833300,34.8
"2011-07-06",39.17,39.45,38.92,39.31,2719300,34.83
"2011-07-07",40.9,41.18,39.81,40.36,6916600,35.76
"2011-07-08",39.71,40.68,39.66,40.62,3824700,35.99
"2011-07-11",40.04,40.4,39.17,39.38,4052300,34.89
"2011-07-12",39.37,39.82,38.99,39.04,4229900,34.59
"2011-07-13",39.48,40.01,39.34,39.44,2479800,34.94
"2011-07-14",39.73,40.37,39.23,39.54,3046900,35.03
"2011-07-15",39.86,39.9,39.27,39.84,2720900,35.3
"2011-07-18",39.68,39.89,39.25,39.58,2296200,35.07
"2011-07-19",39.79,40.77,39.79,40.62,4600500,35.99
"2011-07-20",40.73,40.93,40.08,40.28,2942900,35.69
"2011-07-21",40.62,41.15,40.35,40.35,3736600,35.75
"2011-07-22",40.37,40.79,40.13,40.18,9799500,35.6
"2011-07-25",39.8,39.92,38.31,38.45,6160400,34.07
"2011-07-26",38.34,38.74,37.48,38.28,5188300,33.91
"2011-07-27",38.16,38.31,37.4,37.48,3621900,33.21
"2011-07-28",37.58,38.1,37.34,37.4,4047700,33.14
"2011-07-29",37.07,38.16,36.81,37.86,5388500,33.54
"2011-08-01",37.96,38.11,36.86,37.25,3772100,33
"2011-08-02",36.89,37.95,35.75,35.77,4758700,31.69
"2011-08-03",35.92,36.35,34.97,36.3,5119400,32.16
"2011-08-04",35.75,36.48,35.17,35.84,9005900,31.75
"2011-08-05",36.35,36.38,34.29,34.74,7458200,30.78
"2011-08-08",33.64,34.15,31.49,31.7,8863300,28.09
"2011-08-09",32.36,33.87,31.43,33.84,5869500,29.98
"2011-08-10",32.98,34.07,32.48,32.72,6258600,28.99
"2011-08-11",32.91,34.98,32.88,34.45,4951400,30.52
"2011-08-12",35.02,35.2,34.05,34.57,3256700,30.63
"2011-08-15",34.85,35.19,34.38,35.1,3892700,31.1
"2011-08-16",34.65,35.31,34.37,34.83,4265300,30.86
"2011-08-17",35.2,35.58,33.91,34.34,3261700,30.42
"2011-08-18",33.79,35.05,33.31,33.73,6235400,29.88
"2011-08-19",33.26,34.23,33.13,33.17,4089600,29.39
"2011-08-22",34.06,34.44,33.46,33.61,3900700,29.78
"2011-08-23",33.62,35.73,33.19,35.71,3569200,31.64
"2011-08-24",35.25,35.84,34.94,35.73,2828000,31.83
"2011-08-25",35.87,36.37,35.32,35.52,4123800,31.65
"2011-08-26",35.2,36.66,34.75,36.41,4031900,32.44
"2011-08-29",37.06,37.72,36.72,37.72,2483700,33.61
"2011-08-30",37.42,38.52,37.37,38.31,3336200,34.13
"2011-08-31",38.47,38.66,37.42,37.74,4774600,33.62
"2011-09-01",37.9,37.99,36.81,37.07,5159200,33.03
"2011-09-02",36.2,36.53,35.73,35.85,2719600,31.94
"2011-09-06",34.85,35.85,34.69,35.75,2655200,31.85
"2011-09-07",36.4,37.65,36.15,37.64,3167700,33.54
"2011-09-08",37.24,37.58,36.64,37.01,2416700,32.97
"2011-09-09",36.62,37.47,36.23,36.6,3708300,32.61
"2011-09-12",35.93,37.14,35.78,37.13,3231200,33.08
"2011-09-13",37.2,38.44,36.98,38.31,4672300,34.13
"2011-09-14",38.48,38.84,37.66,38.51,6053300,34.31
"2011-09-15",38.8,39.92,38.37,39.7,4213100,35.37
"2011-09-16",39.9,40.52,39.84,40.28,3940300,35.89
"2011-09-19",39.6,41.14,39.41,40.88,3212200,36.42
"2011-09-20",41.08,42,40.9,41.24,4917500,36.74
"2011-09-21",41.15,41.34,39.55,39.57,3532800,35.26
"2011-09-22",38.25,39.52,38,39.15,3867500,34.88
"2011-09-23",39.06,40.52,38.89,40.37,4153900,35.97
"2011-09-26",41.07,42.36,40.18,42.27,6013100,37.66
"2011-09-27",42.75,42.82,41.2,41.42,3542700,36.9
"2011-09-28",41.59,42.14,40.86,40.96,2925300,36.49
"2011-09-29",41.66,41.71,38.53,39.93,3494900,35.58
"2011-09-30",39.36,39.87,38.51,38.51,4272300,34.31
"2011-10-03",38.32,39.12,37.36,37.54,3901800,33.45
"2011-10-04",37.08,39.81,36.93,39.75,4100000,35.42
"2011-10-05",39.61,40.41,39.09,40.28,3674000,35.89
"2011-10-06",39.85,40.66,39.41,40.59,3788000,36.16
"2011-10-07",40.74,41.46,40.24,40.43,2517400,36.02
"2011-10-10",41.15,42.26,40.95,42.24,2070000,37.63
"2011-10-11",42.1,42.14,40.95,41.5,3095000,36.97
"2011-10-12",41.85,42.61,41.37,42.28,3519600,37.67
"2011-10-13",42.23,42.67,41.78,42,1533400,37.42
"2011-10-14",42.47,42.78,41.85,42.66,1555900,38.01
"2011-10-17",42.56,43.24,41.73,41.9,2038600,37.33
"2011-10-18",41.97,42.51,40.83,42.04,2930100,37.46
"2011-10-19",41.69,42.34,41.31,41.71,3667000,37.16
"2011-10-20",41.99,42.69,41.64,41.95,3793900,37.38
"2011-10-21",42.47,43.19,42.2,42.71,3494800,38.05
"2011-10-24",42.91,44.15,42.86,43.79,3241800,39.02
"2011-10-25",43.7,43.73,43.01,43.07,2526200,38.37
"2011-10-26",43.55,43.7,42.24,43.04,1802000,38.35
"2011-10-27",44.09,45.45,43.88,45.22,3376100,40.29
"2011-10-28",44.77,45.27,43.43,43.89,3329100,39.1
"2011-10-31",43.52,43.91,42.7,42.71,2983300,38.05
"2011-11-01",41.55,43.51,41.44,43.08,3989200,38.38
"2011-11-02",43.99,44.11,42.85,43.22,2785400,38.51
"2011-11-03",41.39,43.18,39.83,42.96,7250200,38.28
"2011-11-04",42.51,42.86,42.14,42.63,3306200,37.98
"2011-11-07",42.52,42.91,41.96,42.51,2732300,37.87
"2011-11-08",42.84,43.27,42,43.17,3441000,38.46
"2011-11-09",42.01,42.45,41.15,41.46,3918100,36.94
"2011-11-10",41.94,42.52,41.37,42.31,2537600,37.7
"2011-11-11",42.68,44.01,42.35,43.94,2979800,39.15
"2011-11-14",43.8,44.13,43.42,43.69,2754500,38.93
"2011-11-15",43.55,44.46,43.31,44.21,2365600,39.39
"2011-11-16",43.59,44,42.8,42.97,3189800,38.28
"2011-11-17",43.2,43.69,41.29,41.6,3867000,37.06
"2011-11-18",41.68,41.74,40.71,40.86,3184600,36.4
"2011-11-21",40.22,40.6,39.65,40.14,3571600,35.76
"2011-11-22",39.97,40.26,39.52,39.96,2694300,35.78
"2011-11-23",39.46,39.76,38.65,38.74,2778100,34.69
"2011-11-25",38.68,38.94,38.31,38.33,1511700,34.32
"2011-11-28",39.49,40.36,39.43,39.84,3600600,35.67
"2011-11-29",39.84,41.18,39.75,41.01,3906200,36.72
"2011-11-30",42.42,42.63,41.4,42.33,5776200,37.9
"2011-12-01",43.37,43.37,42.07,42.61,4799400,38.15
"2011-12-02",43.01,43.39,42.54,42.61,3388400,38.15
"2011-12-05",43.26,43.47,42.82,43.09,4199600,38.58
"2011-12-06",43.17,43.37,42.65,43.11,3527300,38.6
"2011-12-07",42.97,44.35,42.85,44.01,9367700,39.41
"2011-12-08",41.88,41.9,40.68,40.93,3958600,38.39
"2011-12-09",41.16,41.26,40.5,40.83,3170300,38.3
"2011-12-12",40.51,40.59,39.97,40.53,2515200,38.02
"2011-12-13",40.66,40.78,39.21,39.45,3856000,37.01
"2011-12-14",39.14,39.72,38.93,39.31,2598000,36.87
"2011-12-15",39.64,39.64,38.46,38.49,3387300,36.11
"2011-12-16",38.9,39.1,38.3,38.4,3184400,36.02
"2011-12-19",38.64,38.85,37.57,37.7,2136400,35.36
"2011-12-20",38.29,39.12,38.18,38.99,2689800,36.57
"2011-12-21",38.87,39.44,38.33,39.25,3251200,36.82
"2011-12-22",39.28,39.72,39.08,39.57,2473600,37.12
"2011-12-23",39.78,40.26,39.7,40.25,1588700,37.76
"2011-12-27",40.22,41.12,39.95,40.93,2131800,38.39
"2011-12-28",40.9,41.04,40.69,40.84,2704000,38.31
"2011-12-29",40.86,40.96,40.41,40.73,1700500,38.21
"2011-12-30",40.8,40.8,40.35,40.35,1070600,37.85
"2012-01-03",41.11,41.41,39.12,39.15,4409700,36.72
"2012-01-04",39.11,39.82,38.68,39.66,5087700,37.2
"2012-01-05",39.84,39.84,39.1,39.34,8053000,36.9
"2012-01-06",38.99,39.45,38.45,38.87,6889800,36.46
"2012-01-09",38.82,39.25,38.52,38.98,4531400,36.57
"2012-01-10",39.35,39.49,38.74,39.24,4755500,36.81
"2012-01-11",39,39.96,38.96,39.49,2859500,37.04
"2012-01-12",39.76,40.78,39.66,40.3,4338500,37.8
"2012-01-13",39.98,41.15,39.98,40.49,3343000,37.98
"2012-01-17",40.78,41.5,40.62,41.19,3278100,38.64
"2012-01-18",41.04,41.8,40.97,41.61,3020600,39.03
"2012-01-19",41.65,41.91,41.22,41.57,2350600,38.99
"2012-01-20",41.66,41.79,41.02,41.22,2040700,38.67
"2012-01-23",41.25,41.53,40.9,41.35,1761200,38.79
"2012-01-24",41.09,41.89,41.04,41.82,1964700,39.23
"2012-01-25",41.65,42.09,41.08,41.99,1961600,39.39
"2012-01-26",42.25,42.25,40.97,41.26,2199800,38.7
"2012-01-27",41.09,41.64,40.95,41.46,2762000,38.89
"2012-01-30",41.13,41.36,40.63,41,2951700,38.46
"2012-01-31",41.1,41.93,41.02,41.86,3755500,39.27
"2012-02-01",41.87,42.58,41.85,41.9,2916100,39.3
"2012-02-02",42.79,44.16,42.74,43.51,4666700,40.81
"2012-02-03",44.1,44.37,43.69,44.26,3848600,41.52
"2012-02-06",44,44.74,43.81,44.39,2870500,41.64
"2012-02-07",44.22,44.98,44.07,44.82,2828700,42.04
"2012-02-08",44.79,45,44.56,44.83,2599800,42.05
"2012-02-09",44.82,45.17,44.58,45.07,2652400,42.28
"2012-02-10",44.69,45.13,44.5,44.96,2095500,42.17
"2012-02-13",45.4,45.69,44.98,45.2,2498600,42.4
"2012-02-14",45.23,45.64,44.75,45.6,2106200,42.77
"2012-02-15",45.9,45.95,45.16,45.21,1671500,42.41
"2012-02-16",45.22,46.07,45.16,45.94,2371400,43.09
"2012-02-17",46.28,46.7,45.97,46.5,2557200,43.62
"2012-02-21",45.73,46.15,45.66,45.92,3592400,43.08
"2012-02-22",45.5,46,45.23,45.48,4241400,42.9
"2012-02-23",44.78,46.11,44.45,46.01,5167300,43.4
"2012-02-24",45.97,46.58,45.68,46.26,2982000,43.63
"2012-02-27",46.06,47.03,45.89,46.86,3275000,44.2
"2012-02-28",46.75,47.15,46.62,47.11,2550900,44.43
"2012-02-29",47.1,47.15,46.51,46.53,2606600,43.89
"2012-03-01",46.3,46.52,45.38,46.45,4663100,43.81
"2012-03-02",46.53,46.73,46.03,46.23,2713500,43.6
"2012-03-05",46.22,46.29,45.17,45.7,3862800,43.1
"2012-03-06",45.29,45.78,45.06,45.22,2826400,42.65
"2012-03-07",45.39,45.94,45.26,45.77,2265500,43.17
"2012-03-08",46.23,46.51,45.87,46.14,2007700,43.52
"2012-03-09",46.16,47.02,46.08,46.74,2005900,44.08
"2012-03-12",46.77,46.86,46.3,46.57,2243700,43.92
"2012-03-13",46.98,47.32,46.74,47.26,2648300,44.57
"2012-03-14",47.14,47.56,47.01,47.39,1966600,44.7
"2012-03-15",47.36,47.55,46.61,47.53,2028000,44.83
"2012-03-16",47.76,47.8,46.82,46.93,3480400,44.26
"2012-03-19",46.8,47.07,46.42,47,1407300,44.33
"2012-03-20",46.76,47.4,46.57,47.25,1873500,44.57
"2012-03-21",47.4,48.43,47.2,48.14,2818900,45.4
"2012-03-22",47.93,49.09,47.82,49.01,3378200,46.23
"2012-03-23",48.91,48.91,47.97,48.55,3151900,45.79
"2012-03-26",48.85,49.96,48.71,49.8,3236200,46.97
"2012-03-27",49.8,49.94,49.47,49.62,3071900,46.8
"2012-03-28",49.17,49.17,48.29,48.54,5169000,45.78
"2012-03-29",48.26,48.52,47.87,48.29,2723500,45.55
"2012-03-30",48.39,48.5,47.76,48,2466500,45.27
"2012-04-02",47.6,48.64,47.48,48.38,2673100,45.63
"2012-04-03",48.42,49.56,48.42,48.77,4181100,46
"2012-04-04",48.17,49.23,48.13,48.69,3713400,45.92
"2012-04-05",48.11,48.8,47.75,48.25,3815500,45.51
"2012-04-09",47.45,48,47.2,47.91,2385500,45.19
"2012-04-10",47.91,48,46.53,46.53,2653800,43.89
"2012-04-11",46.94,47.44,46.8,47.37,2866400,44.68
"2012-04-12",47.5,48,47.2,47.81,1691200,45.09
"2012-04-13",47.71,48,47.37,47.67,1955700,44.96
"2012-04-16",47.89,48,47.2,47.91,2022100,45.19
"2012-04-17",48.15,48.94,48.1,48.86,2175700,46.08
"2012-04-18",48.64,49.28,48.45,49.25,3187000,46.45
"2012-04-19",49.24,49.37,48.43,49.04,3476400,46.25
"2012-04-20",49.17,49.44,48.93,49.26,2766600,46.46
"2012-04-23",48.95,48.98,47.95,48.39,2889500,45.64
"2012-04-24",48.52,48.97,47.92,48.17,2220900,45.43
"2012-04-25",48.52,49.54,48.45,49.45,1693500,46.64
"2012-04-26",49.37,50.51,49.29,50.25,1979600,47.39
"2012-04-27",50.46,51.33,50.09,50.96,2350700,48.06
"2012-04-30",50.91,50.96,49.58,49.7,2135300,46.88
"2012-05-01",49.23,50.41,49.02,49.66,2584200,46.84
"2012-05-02",49.53,50.56,49.45,50.43,2116800,47.56
"2012-05-03",50.43,51.84,49.87,51.7,4559200,48.76
"2012-05-04",51.35,51.55,50.18,50.27,2996900,47.41
"2012-05-07",50.13,50.64,49.99,50.03,1756000,47.19
"2012-05-08",49.7,49.7,48.04,48.76,2913100,45.99
"2012-05-09",48.23,48.81,47.66,48.46,2202100,45.71
"2012-05-10",48.79,49.28,48.38,48.67,1484700,45.9
"2012-05-11",48.45,48.96,48.34,48.42,1265100,45.67
"2012-05-14",48.03,48.75,47.9,48,1859300,45.27
"2012-05-15",47.97,48.93,47.9,48.05,1780100,45.32
"2012-05-16",48.2,48.49,47.59,47.96,3023700,45.24
"2012-05-17",47.18,48.18,45.76,45.86,6019400,43.25
"2012-05-18",46.22,46.45,44.98,45.11,3753500,42.55
"2012-05-21",45.26,46.04,45,45.86,2611300,43.25
"2012-05-22",45.84,46.19,45.26,45.49,3495700,42.91
"2012-05-23",45.16,45.77,44.83,45.62,3046400,43.03
"2012-05-24",45.79,46.11,45.46,45.94,2530900,43.33
"2012-05-25",45.82,46.68,45.82,46.41,2013300,43.77
"2012-05-29",46.88,47.41,46.72,47.28,2615200,44.59
"2012-05-30",46.92,47,45.82,45.84,3402800,43.24
"2012-05-31",45.79,45.89,44.12,44.36,9978700,41.84
"2012-06-01",43.81,44.15,42.65,42.89,4071300,40.45
"2012-06-04",42.88,43.01,41.71,42.28,3868700,39.88
"2012-06-05",42.03,42.59,41.76,42.41,2689600,40
"2012-06-06",42.6,42.91,42.37,42.69,2678300,40.5
"2012-06-07",42.95,43.21,41.86,41.86,3251700,39.72
"2012-06-08",41.87,42.8,41.74,42.8,3240900,40.61
"2012-06-11",43.2,43.25,41.82,41.87,2817400,39.73
"2012-06-12",41.92,42.81,41.86,42.73,3209400,40.54
"2012-06-13",42.6,42.76,41.75,41.95,3903500,39.8
"2012-06-14",42.12,42.49,41.76,42.29,2464500,40.12
"2012-06-15",42.53,42.75,42.2,42.65,2772900,40.47
"2012-06-18",42.39,42.95,42.15,42.82,1564300,40.63
"2012-06-19",43.01,43.66,43.01,43.49,2147300,41.26
"2012-06-20",43.59,43.61,42.79,43.56,2308900,41.33
"2012-06-21",43.56,43.56,41.82,41.85,2555700,39.71
"2012-06-22",42.16,42.17,40.77,41.72,4659400,39.58
"2012-06-25",41.3,41.45,40.75,40.99,3107000,38.89
"2012-06-26",41.1,41.5,40.54,41,2527400,38.9
"2012-06-27",41.19,41.41,40.62,40.83,2401900,38.74
"2012-06-28",40.39,41.39,40.32,41.16,2618100,39.05
"2012-06-29",41.91,42.62,41.88,42.53,2672300,40.35
"2012-07-02",42.72,44,42.46,43.95,4196800,41.7
"2012-07-03",43.83,44.35,43.62,44.14,2530500,41.88
"2012-07-05",44.39,47.44,44.32,46.12,5621500,43.76
"2012-07-06",46.19,46.34,45.25,45.82,2587400,43.47
"2012-07-09",45.66,46,45.45,45.68,1950800,43.34
"2012-07-10",45.5,46.13,45.17,45.41,3004600,43.08
"2012-07-11",45.47,45.56,44.68,45,1725100,42.69
"2012-07-12",44.88,45.44,44.27,45.16,2515900,42.85
"2012-07-13",45.22,46.21,45.18,46.05,1433900,43.69
"2012-07-16",45.92,46.19,45.57,45.81,1118500,43.46
"2012-07-17",46.43,46.78,45.92,46.49,1848800,44.11
"2012-07-18",46.26,47,46.09,46.79,2002000,44.39
"2012-07-19",46.95,47.3,46.59,47.14,1573100,44.73
"2012-07-20",46.66,46.79,46.21,46.31,1713900,43.94
"2012-07-23",45.56,45.8,45.3,45.69,1966500,43.35
"2012-07-24",45.72,45.74,44.2,44.71,3205900,42.42
"2012-07-25",45.01,46.05,44.94,45.68,2176000,43.34
"2012-07-26",46.4,46.57,45.48,46.04,1380500,43.68
"2012-07-27",46.48,47.4,46.27,47.12,1334700,44.71
"2012-07-30",47.14,48.01,47.12,47.94,2194300,45.48
"2012-07-31",48,48.94,47.46,47.55,3527200,45.11
"2012-08-01",47.71,47.92,46.81,46.82,1898700,44.42
"2012-08-02",46.32,47.79,46.3,47.72,3998500,45.28
"2012-08-03",48.7,49.46,48.55,49.14,4501400,46.62
"2012-08-06",49.4,49.63,49.18,49.46,1944700,46.93
"2012-08-07",49.78,50.75,49.78,50.49,4117700,47.9
"2012-08-08",50.18,50.4,49.55,49.62,2512100,47.08
"2012-08-09",49.62,50.01,49.05,49.55,3242100,47.01
"2012-08-10",49.35,49.6,48.59,49.29,2409000,46.77
"2012-08-13",49.21,49.51,48.71,49.45,1948600,46.92
"2012-08-14",49.78,50.36,48.84,48.91,6211400,46.4
"2012-08-15",49.25,49.49,48.9,48.99,2396400,46.48
"2012-08-16",48.2,49.35,47.33,48.86,10613500,46.36
"2012-08-17",48.86,49.54,48.76,49.51,2091200,46.97
"2012-08-20",49.56,50.18,49.25,50.16,3713300,47.59
"2012-08-21",48.96,49.19,47.88,48.05,2207500,46.75
"2012-08-22",48.04,48.63,47.98,48.04,1339400,46.74
"2012-08-23",48.03,48.08,47.64,47.77,4420900,46.48
"2012-08-24",47.73,48.98,47.73,48.83,7163100,47.51
"2012-08-27",48.85,48.85,47.72,47.84,1973200,46.55
"2012-08-28",48.44,49.34,47.59,47.64,2706100,46.35
"2012-08-29",47.68,48.12,47.58,47.77,1434500,46.48
"2012-08-30",48.02,48.29,47.51,47.9,1603300,46.61
"2012-08-31",48.13,48.68,47.89,48.6,2389500,47.29
"2012-09-04",48.49,48.69,47.96,48.46,1744900,47.15
"2012-09-05",48.42,48.72,48.2,48.33,1593000,47.03
"2012-09-06",48.59,48.87,48.39,48.81,1752400,47.49
"2012-09-07",48.81,48.82,48.36,48.51,1309500,47.2
"2012-09-10",48.53,49.39,48.53,48.84,1509100,47.52
"2012-09-11",48.77,48.83,48.32,48.43,1494200,47.12
"2012-09-12",48.67,48.84,48.5,48.73,1404200,47.42
"2012-09-13",48.96,49.88,48.76,49.8,2143700,48.46
"2012-09-14",49.8,50.49,49.65,50.31,1912000,48.95
"2012-09-17",50.15,50.32,49.88,50.23,1469900,48.87
"2012-09-18",50.08,50.13,49.28,49.58,2184000,48.24
"2012-09-19",49.51,50.15,49.4,50,2058900,48.65
"2012-09-20",50.18,51.82,50.03,51.75,3945500,50.35
"2012-09-21",51.94,52.2,51.73,51.74,3167000,50.34
"2012-09-24",51.38,51.54,50.01,50.12,2237300,48.77
"2012-09-25",50.33,50.87,49.22,49.32,3716600,47.99
"2012-09-26",49.25,49.55,48.95,49.27,1565500,47.94
"2012-09-27",49.43,49.87,49.09,49.64,1281800,48.3
"2012-09-28",49.43,49.45,48.84,49.26,2984500,47.93
"2012-10-01",49.63,50.03,49.28,49.55,1357500,48.21
"2012-10-02",49.72,49.72,49,49.4,4015900,48.07
"2012-10-03",49.64,50.31,49.42,50.24,2270900,48.88
"2012-10-04",50.18,51.04,49.95,50.23,2791500,48.87
"2012-10-05",50.65,51.05,50.37,50.56,1445900,49.2
"2012-10-08",50.34,50.75,50.04,50.34,815600,48.98
"2012-10-09",50.21,50.43,48.97,49.1,1999300,47.78
"2012-10-10",49.15,49.33,48.59,48.69,1191100,47.38
"2012-10-11",49.18,49.37,48.5,48.64,1480900,47.33
"2012-10-12",48.62,48.9,48.01,48.26,2355800,46.96
"2012-10-15",48.41,48.58,47.74,48.35,2225500,47.05
"2012-10-16",48.69,49.85,48.62,49.62,2202600,48.28
"2012-10-17",49.92,50,48.41,48.75,2743400,47.43
"2012-10-18",48.76,49.26,48.65,49.01,1981400,47.69
"2012-10-19",48.95,49.01,48.33,48.6,2110600,47.29
"2012-10-22",48.5,48.74,47.54,48.05,1278000,46.75
"2012-10-23",47.45,47.99,47.14,47.79,1451500,46.5
"2012-10-24",48,48.21,47.43,47.7,1279000,46.41
"2012-10-25",48.08,48.49,47.72,48.27,1723600,46.97
"2012-10-26",48.25,48.44,47.31,47.6,1676300,46.32
"2012-10-31",47.75,48.24,47,47.89,2479000,46.6
"2012-11-01",46.48,47.72,46.23,47.57,3779800,46.29
"2012-11-02",48.36,48.57,47.9,48.04,2866600,46.74
"2012-11-05",47.94,48.4,47.44,48.33,1101000,47.03
"2012-11-06",48.36,48.64,48.01,48.4,1998200,47.09
"2012-11-07",48.06,48.76,47.34,47.35,2174400,46.07
"2012-11-08",47.37,47.38,46.39,46.45,2591300,45.2
"2012-11-09",46.4,47,46.23,46.48,1386500,45.23
"2012-11-12",46.56,46.75,46.17,46.43,1131100,45.18
"2012-11-13",46.26,47.82,46.22,47.31,2181800,46.03
"2012-11-14",47.41,48.2,46.46,46.6,2358300,45.34
"2012-11-15",45.82,46.26,44.93,45.5,3322800,44.27
"2012-11-16",45.67,46.39,45.36,46.2,3146600,44.95
"2012-11-19",46.74,48.32,46.72,48.31,2398100,47.01
"2012-11-20",48.32,48.81,47.55,48.34,2519600,47.04
"2012-11-21",48.29,48.55,47.79,48.17,1282300,47.11
"2012-11-23",48.43,48.9,48.24,48.74,756100,47.67
"2012-11-26",48.87,49.5,48.73,49.43,2659600,48.35
"2012-11-27",49.31,49.63,48.98,49.11,1986500,48.03
"2012-11-28",49.32,50.8,49.21,50.79,3060400,49.68
"2012-11-29",50.95,51.66,50.86,51.58,3393000,50.45
"2012-11-30",51.42,52.35,51.22,52.15,3541300,51.01
"2012-12-03",52.5,52.5,51.44,51.55,2865700,50.42
"2012-12-04",51.53,51.8,51.07,51.3,2280300,50.18
"2012-12-05",51.47,51.8,50.91,51.23,2338200,50.11
"2012-12-06",51.06,51.66,50.92,51.29,1639500,50.17
"2012-12-07",51.45,51.65,50.86,51.18,1658000,50.06
"2012-12-10",51.15,51.38,50.3,50.66,1843800,49.55
"2012-12-11",51.64,51.65,50.3,50.64,3156100,49.53
"2012-12-12",50.75,50.88,49.89,50.17,6021700,49.07
"2012-12-13",50.23,50.75,49.92,50.21,2139300,49.11
"2012-12-14",50.15,50.63,50.02,50.42,2439500,49.31
"2012-12-17",50.55,51.44,50.5,51.44,3467800,50.31
"2012-12-18",48.36,48.89,47.81,48.34,3160300,47.28
"2012-12-19",48.13,48.79,48.08,48.23,2286200,47.17
"2012-12-20",48.36,48.68,48.03,48.67,2082000,47.6
"2012-12-21",48.18,48.37,46.95,47.24,3318000,46.2
"2012-12-24",47.28,47.86,47.22,47.37,569800,46.33
"2012-12-26",47.47,47.97,45.83,45.84,1996100,44.84
"2012-12-27",45.85,46.48,45.26,46.41,2674000,45.39
"2012-12-28",46.23,46.23,45.55,45.9,2241800,44.89
"2012-12-31",45.71,47.16,45.69,47.06,2880800,46.03
"2013-01-02",47.79,47.98,46.68,47.4,4755000,46.36
"2013-01-03",44.76,45.36,44,44.71,9260800,43.73
"2013-01-04",44.86,45.21,44.51,44.88,3288500,43.9
"2013-01-07",44.8,44.95,44.13,44.66,2995700,43.68
"2013-01-08",44.55,44.72,43.9,44.07,5304500,43.1
"2013-01-09",44.26,44.44,43.94,44.12,2954500,43.15
"2013-01-10",44.44,44.44,43.72,44.3,5336600,43.33
"2013-01-11",44.27,44.6,44.03,44.38,2369900,43.41
"2013-01-14",44.82,45.98,44.81,45.5,4665600,44.5
"2013-01-15",46.5,47.4,45.78,46.43,6541300,45.41
"2013-01-16",46.28,47.03,46,46.61,4036300,45.59
"2013-01-17",46.73,47.42,46.46,46.94,2989400,45.91
"2013-01-18",46.9,47,46.39,46.91,2434600,45.88
"2013-01-22",46.92,47.39,46.72,47.27,2187300,46.23
"2013-01-23",47.13,47.25,46.69,46.92,3154900,45.89
"2013-01-24",47.03,48.24,47.03,47.69,3375600,46.64
"2013-01-25",47.84,48.47,47.61,48.28,2647800,47.22
"2013-01-28",48.19,48.19,47.75,47.95,2239300,46.9
"2013-01-29",47.81,48.37,47.55,48.28,1928300,47.22
"2013-01-30",48.11,48.3,47.85,48.09,2944000,47.04
"2013-01-31",47.85,48.66,47.77,48.02,6481100,46.97
"2013-02-01",48.4,48.4,47.15,47.25,5876100,46.21
"2013-02-04",47.04,47.7,46.6,47.42,3707300,46.38
"2013-02-05",47.65,48.35,47.62,48,4463900,46.95
"2013-02-06",47.9,48.22,47.09,47.24,5319800,46.2
"2013-02-07",46.73,47.01,45.68,45.68,5925100,44.68
"2013-02-08",46.14,46.14,45.56,45.81,5039100,44.81
"2013-02-11",45.56,46.04,45.25,45.26,3036000,44.27
"2013-02-12",45.28,45.4,44.71,44.84,5217900,43.86
"2013-02-13",44.9,45.1,44.61,44.72,3421800,43.74
"2013-02-14",44.6,44.68,43.8,44.05,6320000,43.08
"2013-02-15",44.02,44.68,43.65,44.06,3675800,43.09
"2013-02-19",44,44.72,43.8,44.64,3653300,43.66
"2013-02-20",44.3,44.82,44,44.01,4131400,43.34
"2013-02-21",43.78,43.85,43.27,43.51,3006700,42.84
"2013-02-22",43.63,43.66,42.49,43.48,3756800,42.81
"2013-02-25",43.62,43.87,42.77,42.85,2571000,42.19
"2013-02-26",43,43.75,42.91,43.63,4468200,42.96
"2013-02-27",43.74,44.7,43.52,44.5,4227900,43.82
"2013-02-28",45.44,46.56,45.23,45.52,7130000,44.82
"2013-03-01",45.19,45.36,44.86,45.02,3135900,44.33
"2013-03-04",45.07,45.54,44.66,45.01,2984200,44.32
"2013-03-05",45.34,45.49,45.12,45.25,2722700,44.56
"2013-03-06",45.37,45.58,44.79,45.05,2364700,44.36
"2013-03-07",44.91,45.42,44.74,44.87,1953700,44.18
"2013-03-08",45.1,45.3,44.84,45.29,2049800,44.6
"2013-03-11",45.25,45.46,44.91,45.15,1761800,44.46
"2013-03-12",45.15,45.34,44.69,44.74,1592900,44.06
"2013-03-13",44.74,44.99,44.47,44.56,2191000,43.88
"2013-03-14",44.75,44.99,44.58,44.88,1712300,44.19
"2013-03-15",44.92,45.54,44.72,45.21,3356300,44.52
"2013-03-18",44.71,45.19,44.5,44.66,2013000,43.98
"2013-03-19",44.66,44.88,43.12,43.56,3260100,42.89
"2013-03-20",43.75,44.1,43.65,43.82,1922800,43.15
"2013-03-21",43.69,43.82,42.83,43.01,3758300,42.35
"2013-03-22",43.23,44.07,43.17,44.06,2772000,43.39
"2013-03-25",44.22,44.81,44.09,44.74,3277900,44.06
"2013-03-26",44.78,44.9,43.85,44.15,2033800,43.47
"2013-03-27",43.91,44.21,43.15,44.12,1937000,43.44
"2013-03-28",44.11,44.66,43.84,44.66,2290600,43.98
"2013-04-01",44.56,45.07,44.52,44.67,2579700,43.99
"2013-04-02",44.79,46.02,44.67,46,2505700,45.3
"2013-04-03",45.95,46.31,45,45.12,2521400,44.43
"2013-04-04",45.12,45.83,45.01,45.79,1530000,45.09
"2013-04-05",45.23,46.31,45.17,46.2,1973600,45.49
"2013-04-08",46.11,46.9,45.86,46.89,2284700,46.17
"2013-04-09",46.97,47.41,46.59,47.4,3346400,46.67
"2013-04-10",47.61,48.17,47.42,48.17,3816300,47.43
"2013-04-11",48.86,51.25,48.76,50.25,7654800,49.48
"2013-04-12",49.72,50.73,49.28,50.43,5100800,49.66
"2013-04-15",49.93,50.12,48.89,48.95,2360500,48.2
"2013-04-16",49.21,49.38,48.9,49.35,2000100,48.59
"2013-04-17",49.05,49.17,48.22,48.53,2507500,47.79
"2013-04-18",48.7,49.14,47.78,47.88,2191600,47.15
"2013-04-19",48.11,48.44,47.79,48.42,1668900,47.68
"2013-04-22",48.51,48.67,47.82,48.25,1197400,47.51
"2013-04-23",48.4,49.16,47.84,48.29,1568300,47.55
"2013-04-24",48.39,48.78,48.39,48.74,1179900,47.99
"2013-04-25",48.99,50.84,48.83,50.29,3264700,49.52
"2013-04-26",50.23,50.65,49.76,50.49,2459500,49.72
"2013-04-29",50.52,50.63,49.83,49.94,2398600,49.18
"2013-04-30",50.1,50.41,49.59,50.41,2157400,49.64
"2013-05-01",50.36,50.49,49.9,50.14,1579600,49.37
"2013-05-02",50.1,50.49,49.8,50.35,1680600,49.58
"2013-05-03",50.73,51.27,50.65,51.17,1437300,50.39
"2013-05-06",51.15,51.16,50.45,50.98,1749300,50.2
"2013-05-07",51.24,52.67,50.76,52.63,3190100,51.82
"2013-05-08",52.44,53.33,51.76,53.21,5532700,52.4
"2013-05-09",52.18,52.78,51.84,52.08,5895700,51.28
"2013-05-10",51.49,51.72,50.82,51.64,3671500,50.85
"2013-05-13",51.5,51.5,50.7,50.85,2292700,50.07
"2013-05-14",50.84,50.91,50.53,50.7,2240000,49.92
"2013-05-15",50.76,51.05,50.56,50.86,1985500,50.08
"2013-05-16",50.84,51.05,50.3,50.49,1923300,49.72
"2013-05-17",49.82,50.39,49.28,50.29,3904300,49.52
"2013-05-20",50.3,51.87,50.11,51.81,4614200,51.02
"2013-05-21",51.84,52.13,51.53,51.95,2481200,51.16
"2013-05-22",52.12,52.32,51.21,51.47,2822000,50.68
"2013-05-23",51.11,52.09,50.92,51.19,2456700,50.41
"2013-05-24",50.52,50.8,49.62,49.79,3018900,49.03
"2013-05-28",50.52,50.52,49.74,49.84,2502400,49.08
"2013-05-29",49.16,49.29,48.76,48.89,3257400,48.14
"2013-05-30",49.04,49.9,48.96,49.62,2700900,48.86
"2013-05-31",49.52,50.21,49.29,50.01,3486700,49.24
"2013-06-03",50.03,50.74,49.67,50.73,3799000,49.95
"2013-06-04",50.67,52.47,50.49,51.94,5961800,51.15
"2013-06-05",51.38,51.9,51.16,51.66,3953600,51.17
"2013-06-06",51.48,51.48,49.85,50.66,3993400,50.17
"2013-06-07",50.92,51.24,50.53,50.88,2698000,50.39
"2013-06-10",50.99,51.22,50.44,50.68,1794900,50.19
"2013-06-11",50.29,50.33,49.78,50.07,1388600,49.59
"2013-06-12",50.46,50.83,49.87,50.01,1781700,49.53
"2013-06-13",50.25,51.09,50.18,50.99,1845800,50.5
"2013-06-14",50.74,51.67,50.73,50.79,4201500,50.3
"2013-06-17",50.98,51.27,50.65,51,2164300,50.51
"2013-06-18",50.98,52.41,50.96,52.32,1972500,51.82
"2013-06-19",52.32,53.14,51.75,51.82,3004200,51.32
"2013-06-20",51.17,51.63,50.41,51.18,4451100,50.69
"2013-06-21",51.64,51.97,51.18,51.51,4861100,51.02
"2013-06-24",50.99,51.03,49.21,49.29,2583800,48.82
"2013-06-25",49.79,50.14,49.38,49.73,1548300,49.25
"2013-06-26",50.18,50.41,49.4,49.73,1826100,49.25
"2013-06-27",49.89,50.08,49.15,49.19,3301300,48.72
"2013-06-28",49.21,49.87,49.06,49.25,3553700,48.78
"2013-07-01",49.67,50.08,49.55,49.59,2676600,49.11
"2013-07-02",49.59,50.18,49.47,49.79,1487800,49.31
"2013-07-03",49.5,49.5,48.77,49.2,1171500,48.73
"2013-07-05",49.59,49.95,49.05,49.67,2196400,49.19
"2013-07-08",49.85,50.6,49.76,50.37,2309400,49.89
"2013-07-09",50.58,51.06,50.09,50.57,2195100,50.09
"2013-07-10",50.52,50.8,50.08,50.61,2616700,50.13
"2013-07-11",51.24,52.39,51.05,52.33,3639400,51.83
"2013-07-12",52.33,52.33,51.57,51.82,1633100,51.32
"2013-07-15",51.7,52.6,51.64,52.07,1469000,51.57
"2013-07-16",52.22,52.51,51.58,51.81,1404800,51.31
"2013-07-17",51.95,52.41,51.69,51.93,1089800,51.43
"2013-07-18",52.04,52.7,52.03,52.57,1329100,52.07
"2013-07-19",52.51,52.72,52.12,52.49,1327000,51.99
"2013-07-22",52.41,52.98,52.39,52.91,914600,52.4
"2013-07-23",52.94,53.45,52.76,53.17,1672500,52.66
"2013-07-24",53.23,53.36,52.49,52.64,1245100,52.14
"2013-07-25",52.51,53.26,52.48,53.25,1086200,52.74
"2013-07-26",53.09,53.77,52.82,53.68,1485900,53.17
"2013-07-29",53.66,55.8,53.61,55.41,4197600,54.88
"2013-07-30",55.65,55.65,54.75,55.32,2108200,54.79
"2013-07-31",55.24,56.01,55.12,55.77,1950400,55.24
"2013-08-01",56.11,57.62,55.91,57.55,1966500,57
"2013-08-02",57.4,58.69,57.26,58.4,3418000,57.84
"2013-08-05",58.3,58.55,57.39,57.47,2409500,56.92
"2013-08-06",57.24,57.28,56.05,56.96,3969100,56.41
"2013-08-07",56.19,57.34,56.19,57.3,2850300,56.75
"2013-08-08",60.17,60.8,59.59,60.25,4349600,59.67
"2013-08-09",60.07,61.34,60,61.27,2429800,60.68
"2013-08-12",60.93,61.27,60.65,61.19,1517000,60.6
"2013-08-13",61.29,61.36,60.59,61.36,1741700,60.77
"2013-08-14",61.34,61.34,60.72,60.78,2175000,60.2
"2013-08-15",60.34,60.45,59.77,60.07,1931400,59.49
"2013-08-16",59.98,60.07,59.07,59.08,2086600,58.51
"2013-08-19",59,59.66,58.84,59.04,1437900,58.47
"2013-08-20",59.24,60.97,59.24,60.66,1797100,60.08
"2013-08-21",60.36,60.52,59.3,59.85,1912700,59.57
"2013-08-22",59.97,59.97,57.01,58.6,3643000,58.33
"2013-08-23",58.68,59.53,58.43,59.21,1756500,58.93
"2013-08-26",59.2,59.49,58.47,58.47,1351200,58.2
"2013-08-27",57.77,57.85,56.74,56.91,2404700,56.64
"2013-08-28",56.91,57.58,56.47,57.2,1260400,56.93
"2013-08-29",57.17,57.84,57.05,57.46,1362500,57.19
"2013-08-30",57.58,57.73,57.08,57.36,1250400,57.09
"2013-09-03",57.97,58.2,57.15,57.43,1502300,57.16
"2013-09-04",57.55,58.47,57.55,58.14,2083100,57.87
"2013-09-05",58.01,58.39,56.81,56.9,4246300,56.63
"2013-09-06",57.12,57.15,56.26,56.45,2112100,56.19
"2013-09-09",56.6,57.8,56.55,57.74,1210700,57.47
"2013-09-10",57.9,58.26,57.53,58.25,1220100,57.98
"2013-09-11",58.32,58.92,58.06,58.7,1479400,58.43
"2013-09-12",58.54,58.54,57.29,57.55,1350100,57.28
"2013-09-13",57.77,58.66,57.55,58.57,1276900,58.3
"2013-09-16",59.43,59.51,58.76,58.95,1106900,58.68
"2013-09-17",59.14,59.98,58.92,59.96,1332200,59.68
"2013-09-18",59.82,61.13,59.46,61.02,1594000,60.74
"2013-09-19",61.12,61.14,60.23,60.4,1124900,60.12
"2013-09-20",60.54,60.54,59.63,59.99,1859000,59.71
"2013-09-23",59.98,60.13,59.62,59.65,921600,59.37
"2013-09-24",59.62,59.9,59.13,59.9,1218600,59.62
"2013-09-25",59.76,59.97,59.06,59.46,1802700,59.18
"2013-09-26",59.62,60.62,59.56,60.34,1029900,60.06
"2013-09-27",60.16,61.26,59.75,61.11,1866500,60.83
"2013-09-30",60.61,61.66,60.22,61.1,2828900,60.82
"2013-10-01",61.04,61.87,60.88,61.86,1826700,61.57
"2013-10-02",61.54,61.99,61.1,61.63,2554500,61.34
"2013-10-03",61.51,61.75,61.06,61.63,1512300,61.34
"2013-10-04",61.7,62.14,61.39,62.08,1757500,61.79
"2013-10-07",61.15,61.55,60.47,60.52,2216500,60.24
"2013-10-08",60.1,60.69,58.39,58.59,3109400,58.32
"2013-10-09",58.78,59.45,58.35,59,1996400,58.73
"2013-10-10",58.4,58.64,56.15,56.6,6506300,56.34
"2013-10-11",56.03,56.32,54.73,56.31,5382100,56.05
"2013-10-14",56.16,57.52,56.13,57.49,3289700,57.22
"2013-10-15",57.42,57.69,56.49,56.55,2619000,56.29
"2013-10-16",56.64,57.42,56.13,57.16,2759000,56.89
"2013-10-17",57.05,58.02,56.82,57.86,3175700,57.59
"2013-10-18",58.19,59.26,58.04,59.23,2849900,58.95
"2013-10-21",59.43,60.34,59.26,60.31,2155000,60.03
"2013-10-22",60.29,61.26,60.09,61.09,1903700,60.81
"2013-10-23",61,61.64,60.71,60.88,2006200,60.6
"2013-10-24",61.21,61.99,61.07,61.94,1550400,61.65
"2013-10-25",61.96,62.44,61.2,61.54,3363400,61.25
"2013-10-28",61.58,61.74,61.17,61.26,1861200,60.97
"2013-10-29",61.37,61.96,61.01,61.96,1035400,61.67
"2013-10-30",61.87,62.66,61.77,62.14,1668200,61.85
"2013-10-31",62.04,62.93,61.73,62.61,2259100,62.32
"2013-11-01",62.77,63.05,62.08,62.56,1432500,62.27
"2013-11-04",62.67,63.27,62.65,63.03,1425700,62.74
"2013-11-05",62.95,63.52,62.55,62.89,1842000,62.6
"2013-11-06",62.94,63.14,62.18,63.03,1700600,62.74
"2013-11-07",63.77,64.24,61.68,61.81,2311300,61.52
"2013-11-08",62,63.08,62,62.93,1461500,62.64
"2013-11-11",62.89,64.02,62.53,63.66,1377000,63.36
"2013-11-12",63.61,63.72,62.5,63.05,1634900,62.76
"2013-11-13",62.96,64.42,62.96,64.25,1331400,63.95
"2013-11-14",64.25,65.37,64,64.83,1753100,64.53
"2013-11-15",64.64,65.09,64.28,64.66,1353400,64.36
"2013-11-18",64.97,65.36,63.99,64.3,1414700,64
"2013-11-19",64,64.24,63.76,64.02,1867000,63.72
"2013-11-20",64.04,64.98,63.53,64.41,2415000,64.11
"2013-11-21",63.59,65.01,62.91,64.78,1925300,64.78
"2013-11-22",64.59,64.73,63.27,63.94,1609800,63.94
"2013-11-25",64.27,64.75,64.04,64.28,1001900,64.28
"2013-11-26",64.5,65.49,64.45,64.98,1244100,64.98
"2013-11-27",64.9,65.4,64.57,65.26,901100,65.26
"2013-11-29",65.6,66.16,64.79,64.99,693000,64.99
