"","MAS.Open","MAS.High","MAS.Low","MAS.Close","MAS.Volume","MAS.Adjusted"
"2007-01-03",29.85,30.07,29.09,29.28,3141000,23.59
"2007-01-04",29.3,29.39,28.95,29.26,2804900,23.57
"2007-01-05",29.2,29.31,29,29.25,2293800,23.57
"2007-01-08",29.25,29.25,28.99,29.14,2707200,23.48
"2007-01-09",29.2,29.75,29.05,29.7,2514900,23.93
"2007-01-10",29.6,29.8,29.4,29.78,3096400,23.99
"2007-01-11",29.78,30.22,29.76,30.06,2064300,24.22
"2007-01-12",29.98,30.38,29.83,30.28,3632500,24.4
"2007-01-16",30.76,31,30.71,30.9,5259800,24.89
"2007-01-17",30.9,31.23,30.76,31.09,5632400,25.05
"2007-01-18",31.05,31.15,30.73,30.92,3638400,24.91
"2007-01-19",31.15,31.91,30.89,31.88,4166000,25.68
"2007-01-22",31.95,31.95,31.29,31.35,3029700,25.26
"2007-01-23",31.34,31.71,31.34,31.43,3663800,25.32
"2007-01-24",31.44,31.74,31.35,31.67,1691700,25.52
"2007-01-25",31.68,31.8,31.22,31.24,2003500,25.17
"2007-01-26",31.34,31.36,30.81,30.9,2423700,24.89
"2007-01-29",30.91,31.17,30.77,30.97,1877100,24.95
"2007-01-30",31,31.2,30.9,31.04,1600500,25.01
"2007-01-31",31.02,32.06,31.01,31.99,3659900,25.77
"2007-02-01",32,34.04,31.96,33.62,6737800,27.09
"2007-02-02",33.57,34.72,33.4,33.93,7319600,27.34
"2007-02-05",33.95,34,32.89,33.1,4302000,26.67
"2007-02-06",33.1,33.13,32.4,32.7,4761900,26.34
"2007-02-07",32.7,32.83,32.5,32.63,2384100,26.29
"2007-02-08",32.6,32.6,32.15,32.15,3240300,25.9
"2007-02-09",32.23,32.37,31.9,31.97,2273200,25.76
"2007-02-12",31.94,32.11,31.66,31.87,1953800,25.68
"2007-02-13",32,32.12,31.65,31.81,3650800,25.63
"2007-02-14",30.25,31.74,30.01,31.7,6074000,25.54
"2007-02-15",31.65,31.75,31.11,31.18,4213300,25.12
"2007-02-16",31.18,31.34,30.67,31.17,4036100,25.11
"2007-02-20",31.18,31.48,31.02,31.32,2763900,25.23
"2007-02-21",31.07,31.39,30.81,31.15,2186400,25.1
"2007-02-22",31.3,31.36,30.56,30.71,3335700,24.74
"2007-02-23",30.75,30.85,30.48,30.54,2340100,24.6
"2007-02-26",30.6,30.76,30.12,30.31,3022100,24.42
"2007-02-27",29.87,30.13,29.64,30.07,4290000,24.23
"2007-02-28",30.01,30.16,29.64,29.83,4510400,24.03
"2007-03-01",29.8,29.8,29,29.46,4083000,23.73
"2007-03-02",29.47,29.48,28.9,28.92,3843600,23.3
"2007-03-05",28.6,29.02,28.46,28.46,3686100,22.93
"2007-03-06",28.62,28.88,28.49,28.64,3951300,23.07
"2007-03-07",28.4,28.85,28.36,28.41,4718400,22.89
"2007-03-08",28.59,28.97,28.46,28.7,3512700,23.12
"2007-03-09",28.75,28.81,28.1,28.15,3501100,22.68
"2007-03-12",28.16,28.17,27.8,27.95,4445600,22.52
"2007-03-13",27.75,27.99,27.65,27.87,5179800,22.45
"2007-03-14",27.85,28.52,27.56,28.41,8768100,22.89
"2007-03-15",28.23,28.48,27.77,27.88,4330600,22.46
"2007-03-16",27.95,28.16,27.4,27.52,4222100,22.17
"2007-03-19",27.57,27.99,27.57,27.79,3429000,22.39
"2007-03-20",27.93,28.42,27.8,28.13,4050200,22.66
"2007-03-21",28.1,28.6,28.06,28.54,3305600,22.99
"2007-03-22",27.9,28.73,27.9,28.3,3959900,22.8
"2007-03-23",28.3,28.53,27.98,27.98,4096600,22.54
"2007-03-26",28.08,28.2,27.57,27.95,5423100,22.52
"2007-03-27",27.83,27.86,27.41,27.8,5475600,22.4
"2007-03-28",27.72,27.72,27.08,27.08,8039700,21.82
"2007-03-29",27.44,27.62,27,27.23,5639100,21.94
"2007-03-30",27.34,27.71,27.2,27.4,4203200,22.07
"2007-04-02",27.29,27.44,26.74,26.82,4764200,21.61
"2007-04-03",26.55,27.13,26.55,27.02,4363300,21.96
"2007-04-04",27.05,27.27,27.01,27.04,2879800,21.97
"2007-04-05",27.04,27.26,26.95,27.18,2515700,22.09
"2007-04-09",27.2,27.28,26.83,26.89,2803200,21.85
"2007-04-10",26.89,27.06,26.61,26.62,2824200,21.63
"2007-04-11",26.67,26.78,26.5,26.6,3556000,21.62
"2007-04-12",26.5,26.78,26.26,26.73,3335900,21.72
"2007-04-13",26.98,26.98,26.55,26.87,3676600,21.84
"2007-04-16",26.95,27.12,26.66,26.89,3168100,21.85
"2007-04-17",27.45,27.45,27.02,27.31,3746900,22.19
"2007-04-18",27.19,27.62,26.93,27.23,4077200,22.13
"2007-04-19",27.05,27.35,26.84,27.12,3453700,22.04
"2007-04-20",27.36,27.7,27.33,27.61,5572800,22.44
"2007-04-23",27.67,27.92,27.51,27.62,3278800,22.44
"2007-04-24",27.71,27.79,27.22,27.59,3492500,22.42
"2007-04-25",27.71,27.91,27.48,27.64,4466000,22.46
"2007-04-26",27.59,28.29,27.36,28.14,8602000,22.87
"2007-04-27",28.16,28.16,27.7,27.82,3494500,22.61
"2007-04-30",27.83,27.96,27.21,27.21,4545600,22.11
"2007-05-01",29.51,31.58,29.21,29.8,14481700,24.22
"2007-05-02",29.81,29.9,29.41,29.77,9330800,24.19
"2007-05-03",29.8,30.18,29.77,30,7043000,24.38
"2007-05-04",30,30.82,29.51,30.5,4954300,24.78
"2007-05-07",30.85,30.93,30.36,30.71,3953500,24.96
"2007-05-08",30.78,30.99,30.22,30.37,4038400,24.68
"2007-05-09",30.44,30.61,30.17,30.33,4345400,24.65
"2007-05-10",30.28,30.28,29.64,29.73,4274400,24.16
"2007-05-11",29.75,29.93,29.4,29.59,5021200,24.05
"2007-05-14",29.62,29.93,29.6,29.79,3893100,24.21
"2007-05-15",29.83,30.04,29.14,29.16,4124900,23.7
"2007-05-16",29.17,29.44,28.87,29.15,3572800,23.69
"2007-05-17",29.08,29.36,29,29.21,2697100,23.74
"2007-05-18",29.41,29.65,29.2,29.64,2724500,24.09
"2007-05-21",29.55,30.21,29.45,30.03,4911300,24.4
"2007-05-22",30,30.33,29.93,30.12,3639300,24.48
"2007-05-23",30.14,30.53,30.12,30.24,2990900,24.57
"2007-05-24",30.23,30.88,30.09,30.4,3814200,24.7
"2007-05-25",30.64,30.72,29.72,29.89,3683200,24.29
"2007-05-29",29.97,30.2,29.66,29.75,3806800,24.18
"2007-05-30",29.74,29.94,29.43,29.88,3029400,24.28
"2007-05-31",30.01,30.31,29.85,30.21,2462700,24.55
"2007-06-01",30.25,30.36,29.36,29.44,4527900,23.92
"2007-06-04",29.36,30.2,29.31,30.16,3411600,24.51
"2007-06-05",29.93,30.13,29.69,29.94,4831600,24.33
"2007-06-06",29.78,29.79,28.92,28.97,6051400,23.54
"2007-06-07",29.94,29.94,28.07,28.13,8028400,22.86
"2007-06-08",28.2,28.77,27.93,28.7,3798900,23.32
"2007-06-11",28.6,28.95,28.31,28.78,2187100,23.39
"2007-06-12",28.56,28.61,28.18,28.33,3146600,23.02
"2007-06-13",28.42,28.87,28.4,28.85,3207000,23.44
"2007-06-14",28.85,29.22,28.75,29.08,3295400,23.63
"2007-06-15",29.16,29.84,29.16,29.31,3892900,23.82
"2007-06-18",29.42,29.53,29.05,29.21,2387100,23.74
"2007-06-19",29.17,29.33,28.87,29.22,1892600,23.74
"2007-06-20",29.39,29.54,28.62,28.63,1885800,23.27
"2007-06-21",28.58,28.82,28.3,28.71,2623200,23.33
"2007-06-22",28.7,28.77,28.18,28.34,4263900,23.03
"2007-06-25",28.43,28.6,27.95,28.13,2990300,22.86
"2007-06-26",28.18,28.31,27.6,27.6,2409100,22.43
"2007-06-27",27.38,28.1,27.3,27.98,3164200,22.74
"2007-06-28",27.99,28.24,27.74,28,2149400,22.75
"2007-06-29",28.11,28.5,27.89,28.47,4198400,23.14
"2007-07-02",28.71,29,28.5,28.65,3847500,23.28
"2007-07-03",28.51,28.7,28.18,28.29,1565100,23.18
"2007-07-05",28.5,28.56,28.23,28.39,1747200,23.26
"2007-07-06",28.3,28.86,28.16,28.69,2155200,23.5
"2007-07-09",28.76,28.78,27.99,28.08,3425100,23
"2007-07-10",27.97,28,27.41,27.45,2822000,22.49
"2007-07-11",27.49,27.83,27.13,27.83,2928700,22.8
"2007-07-12",27.85,28.38,27.83,28.37,3524200,23.24
"2007-07-13",28.42,28.65,28.24,28.38,2856200,23.25
"2007-07-16",28.24,28.43,27.96,28.02,1920800,22.95
"2007-07-17",27.99,28.61,27.95,28.37,2054500,23.24
"2007-07-18",28.29,28.42,27.53,27.86,3145100,22.82
"2007-07-19",27.9,28.28,27.71,27.86,1847900,22.82
"2007-07-20",27.75,27.85,27.36,27.53,3025600,22.55
"2007-07-23",27.61,27.87,27.34,27.38,2522200,22.43
"2007-07-24",27.11,27.42,26.72,26.79,3824400,21.95
"2007-07-25",26.95,27.01,26.11,26.44,3292500,21.66
"2007-07-26",26.27,26.3,25.48,26.03,5985900,21.32
"2007-07-27",25.85,26.12,25.42,25.88,5635900,21.2
"2007-07-30",25.12,26.2,25.12,25.77,3784800,21.11
"2007-07-31",26.72,28.66,26.72,27.21,8021800,22.29
"2007-08-01",27.2,27.72,26.34,27.26,5862900,22.33
"2007-08-02",27.26,28.14,27.26,27.99,6733400,22.93
"2007-08-03",28,28.17,26.95,26.96,5484300,22.09
"2007-08-06",27.1,27.51,25.88,27.51,5539700,22.54
"2007-08-07",27.26,28.19,27.17,27.75,4644500,22.73
"2007-08-08",28.11,28.15,27.66,28.04,4405300,22.97
"2007-08-09",27.6,27.75,25.96,26.03,6498600,21.32
"2007-08-10",26,26.54,25.58,25.78,3247600,21.12
"2007-08-13",26,27.44,25.88,26.64,4053100,21.82
"2007-08-14",26.3,26.67,25.86,25.87,4037500,21.19
"2007-08-15",25.99,26.08,24.68,24.77,4276000,20.29
"2007-08-16",24.5,25.82,24.02,25.63,5370200,21
"2007-08-17",25.7,27.72,25.22,26.3,5813100,21.54
"2007-08-20",26.85,26.85,26.14,26.62,2747000,21.81
"2007-08-21",26.37,26.51,25.83,26.01,2840900,21.31
"2007-08-22",26.37,26.87,26.26,26.81,2945800,21.96
"2007-08-23",26.88,27.23,26.53,26.75,2082600,21.91
"2007-08-24",26.67,27.16,26.4,26.85,1954700,22
"2007-08-27",26.72,26.96,26.25,26.32,1712800,21.56
"2007-08-28",26.2,26.32,25,25.01,2750400,20.49
"2007-08-29",25.1,26,25.1,25.87,2806100,21.19
"2007-08-30",25.66,25.85,25.36,25.62,2215200,20.99
"2007-08-31",25.82,26.33,24.84,26.02,2207000,21.32
"2007-09-04",25.99,26.58,25.53,26.28,2560900,21.53
"2007-09-05",26.11,26.16,25.39,25.62,2606000,20.99
"2007-09-06",25.62,25.81,25.25,25.65,1746300,21.01
"2007-09-07",25.24,25.5,24.6,25.04,2753600,20.51
"2007-09-10",25.64,25.64,24.58,24.81,2487800,20.32
"2007-09-11",24,24.6,22.82,24.27,4946800,19.88
"2007-09-12",24.16,24.54,24.15,24.45,4458800,20.03
"2007-09-13",24.51,24.87,24.33,24.68,3803700,20.22
"2007-09-14",24.67,24.83,24.16,24.77,3091500,20.29
"2007-09-17",24.72,24.78,24.24,24.43,2976900,20.01
"2007-09-18",24.54,26.17,24.43,26.15,4563100,21.42
"2007-09-19",26.48,27.07,24.73,24.83,9486400,20.34
"2007-09-20",24.71,24.8,23.26,23.37,5457600,19.14
"2007-09-21",23.4,24.33,23.37,23.87,6332200,19.55
"2007-09-24",23.86,24.23,23.48,23.58,4349900,19.32
"2007-09-25",23.56,23.57,22.65,23.2,5683900,19.01
"2007-09-26",23.47,23.56,22.91,23.1,2933100,18.92
"2007-09-27",23.32,23.47,22.84,23,3764600,18.84
"2007-09-28",23.19,23.43,22.99,23.17,2399700,18.98
"2007-10-01",23.11,23.83,23.1,23.7,3336300,19.42
"2007-10-02",23.79,24.43,23.54,24.3,4660200,19.91
"2007-10-03",24.11,24.44,23.77,23.96,2587700,19.82
"2007-10-04",24.16,24.24,23.2,23.68,2924200,19.58
"2007-10-05",24.37,24.77,23.9,24.66,2838900,20.39
"2007-10-08",24.63,24.63,23.89,23.92,1936000,19.78
"2007-10-09",24.08,24.5,23.83,24.24,3245000,20.05
"2007-10-10",24.21,24.37,23.76,24.12,2855900,19.95
"2007-10-11",24.44,25.28,23.75,23.86,2402300,19.73
"2007-10-12",23.79,23.93,23.27,23.41,2931200,19.36
"2007-10-15",23.41,23.5,22.89,23.02,3772700,19.04
"2007-10-16",23.01,23.07,22.56,22.66,3758200,18.74
"2007-10-17",22.91,23.32,22.75,23.04,5603000,19.05
"2007-10-18",22.88,23.04,22.45,22.62,4527300,18.71
"2007-10-19",22.63,22.86,22.31,22.37,5771400,18.5
"2007-10-22",22.24,22.94,22,22.75,3899200,18.81
"2007-10-23",22.85,23.11,22.42,22.7,3672300,18.77
"2007-10-24",22.56,23.34,22.49,23.29,4157500,19.26
"2007-10-25",22.82,23.53,22.61,22.8,3392600,18.86
"2007-10-26",23.1,23.25,22.65,23.07,2682500,19.08
"2007-10-29",23.25,23.56,23.18,23.37,3214100,19.33
"2007-10-30",23.82,24.91,23.4,24.3,5516400,20.1
"2007-10-31",24.29,24.65,23.56,24.08,5687700,19.91
"2007-11-01",23.66,23.89,23.21,23.37,5129000,19.33
"2007-11-02",23.58,23.85,23.08,23.59,3502300,19.51
"2007-11-05",23.46,23.81,23.24,23.55,3222200,19.48
"2007-11-06",23.53,24.22,23.49,24.07,2263700,19.91
"2007-11-07",23.63,23.86,23.39,23.39,4472200,19.34
"2007-11-08",23.49,23.74,23.2,23.63,5716400,19.54
"2007-11-09",23.36,23.52,23.12,23.17,4652700,19.16
"2007-11-12",23.38,23.55,22.81,22.9,5702700,18.94
"2007-11-13",22.99,23.7,22.81,23.65,4336300,19.56
"2007-11-14",23.84,24.29,23.44,23.54,4510200,19.47
"2007-11-15",23.49,23.89,23.35,23.53,3972100,19.46
"2007-11-16",23.64,24.59,23.1,23.34,3880300,19.3
"2007-11-19",23.2,23.32,22.18,22.26,5637000,18.41
"2007-11-20",22.34,22.78,21.84,22.23,5769600,18.38
"2007-11-21",22,22.12,20.89,20.94,7396400,17.32
"2007-11-23",21.04,21.74,21.04,21.65,2052700,17.91
"2007-11-26",22.06,22.06,21.16,21.22,3772100,17.55
"2007-11-27",21.42,21.82,21.14,21.59,4412800,17.86
"2007-11-28",21.59,22.04,21.59,21.98,5414100,18.18
"2007-11-29",22,22.03,21.35,21.87,4094800,18.09
"2007-11-30",22.03,22.6,21.9,22.4,4988400,18.53
"2007-12-03",22.19,22.68,22.04,22.16,3927200,18.33
"2007-12-04",21.98,22,21.57,21.57,2452100,17.84
"2007-12-05",21.6,22.39,21.45,22.39,3748900,18.52
"2007-12-06",22.32,23.86,22.21,23.75,6584700,19.64
"2007-12-07",23.75,25,23.75,23.93,4813500,19.79
"2007-12-10",23.95,24.43,23.52,24.24,3442500,20.05
"2007-12-11",24.33,24.42,22.74,22.85,5704100,18.9
"2007-12-12",23.54,24.04,22.25,22.7,4649900,18.77
"2007-12-13",22.48,23.08,22.36,22.96,3436900,18.99
"2007-12-14",22.62,22.68,21.91,21.97,5138900,18.17
"2007-12-17",21.92,22.15,21.67,21.72,4518200,17.96
"2007-12-18",21.87,22.23,21.49,22.06,3373400,18.24
"2007-12-19",22.19,22.19,21.04,21.06,4981000,17.42
"2007-12-20",21.26,21.43,20.92,21.37,3415100,17.67
"2007-12-21",21.63,22,21.2,21.92,5344200,18.13
"2007-12-24",21.73,22.31,21.51,21.7,1137900,17.95
"2007-12-26",21.57,22,21.3,21.67,1924500,17.92
"2007-12-27",21.37,21.99,21.22,21.65,2467000,17.91
"2007-12-28",21.75,21.94,21.37,21.63,3005400,17.89
"2007-12-31",21.53,21.81,21.42,21.61,2636800,17.87
"2008-01-02",21.59,21.59,20.65,20.75,3947100,17.35
"2008-01-03",20.85,21.12,20.22,20.34,3013600,17
"2008-01-04",20.13,20.18,19.53,19.77,5403500,16.53
"2008-01-07",19.86,20.39,19.81,20.11,4832800,16.81
"2008-01-08",20.2,20.41,19.17,19.21,6079000,16.06
"2008-01-09",19.23,19.79,18.91,19.72,6332200,16.48
"2008-01-10",19.5,20.49,19.38,20.07,6199300,16.78
"2008-01-11",19.77,20.09,19.46,19.65,4984000,16.43
"2008-01-14",19.85,20.04,19.52,19.8,3441600,16.55
"2008-01-15",19.52,19.74,19.02,19.05,4380500,15.92
"2008-01-16",18.93,20.03,18.79,19.44,6728400,16.25
"2008-01-17",19.47,19.69,18.68,18.76,6126100,15.68
"2008-01-18",18.93,19.8,18.5,18.85,6442700,15.76
"2008-01-22",17.92,20.3,17.92,19.61,8925700,16.39
"2008-01-23",19.05,21.84,18.72,21.76,12071800,18.19
"2008-01-24",21.91,22.26,21.07,21.83,7958100,18.25
"2008-01-25",22.12,22.87,21.21,21.4,7736500,17.89
"2008-01-28",20.65,21.66,20.56,21.52,6538700,17.99
"2008-01-29",21.66,22.07,21.41,21.95,5282600,18.35
"2008-01-30",21.8,22.7,21.6,21.94,5542200,18.34
"2008-01-31",21.5,23.5,21.31,22.93,12441800,19.17
"2008-02-01",22.96,23.45,22.62,23.33,5769300,19.5
"2008-02-04",23.24,23.24,22.02,22.15,4057000,18.52
"2008-02-05",21.72,22.38,21.55,21.65,4757200,18.1
"2008-02-06",21.8,22.25,21.42,21.54,3933000,18.01
"2008-02-07",21.53,21.96,21.28,21.59,3940500,18.05
"2008-02-08",21.44,21.62,20.82,21.06,3665700,17.6
"2008-02-11",21.26,21.95,20.33,21.76,6017800,18.19
"2008-02-12",19.2,19.98,19.05,19.37,20256000,16.19
"2008-02-13",19.01,19.92,19.01,19.68,7768600,16.45
"2008-02-14",19.65,19.9,19.12,19.29,5101200,16.12
"2008-02-15",19.24,19.39,18.97,19.15,4537400,16.01
"2008-02-19",19.53,19.53,18.57,18.63,7052100,15.57
"2008-02-20",18.5,19.22,18.39,18.99,5023800,15.87
"2008-02-21",19.07,19.14,18.75,18.85,6179800,15.76
"2008-02-22",18.9,19.28,18.7,19.27,5805400,16.11
"2008-02-25",19.3,19.67,19.03,19.6,5667500,16.38
"2008-02-26",19.4,19.64,19.13,19.51,14885500,16.31
"2008-02-27",19.42,20.01,19.4,19.9,6462000,16.63
"2008-02-28",19.76,19.9,19.29,19.58,5024900,16.37
"2008-02-29",19.35,19.45,18.58,18.69,6376500,15.62
"2008-03-03",18.74,19.4,18.62,18.94,5359000,15.83
"2008-03-04",18.73,19.23,18.64,19.07,5360400,15.94
"2008-03-05",19.16,19.37,18.82,18.98,5369200,15.87
"2008-03-06",18.86,18.87,18.2,18.22,4099500,15.23
"2008-03-07",18.07,18.84,18.07,18.54,5764500,15.5
"2008-03-10",18.59,18.67,18.08,18.25,4193300,15.26
"2008-03-11",18.72,19.02,18.12,19,5893700,15.88
"2008-03-12",19.07,19.07,18.47,18.58,6438000,15.53
"2008-03-13",18.35,18.9,18.05,18.76,5773000,15.68
"2008-03-14",18.93,18.93,17.93,18.25,4330200,15.26
"2008-03-17",17.78,18.82,17.78,18.48,5354200,15.45
"2008-03-18",18.96,19.82,18.82,19.79,7603100,16.54
"2008-03-19",19.93,20.34,18.81,18.83,6698200,15.74
"2008-03-20",18.91,19.57,18.76,19.53,6337200,16.33
"2008-03-24",19.65,20.64,19.44,20.5,6078400,17.14
"2008-03-25",20.44,20.72,20.13,20.36,2975100,17.02
"2008-03-26",20.52,20.52,19.69,19.82,4031700,16.57
"2008-03-27",19.68,20.18,19.68,19.8,4532100,16.55
"2008-03-28",20.03,20.18,19.23,19.28,5997000,16.12
"2008-03-31",19.38,19.95,19.25,19.83,5289700,16.58
"2008-04-01",20.08,20.87,19.95,20.8,5284800,17.39
"2008-04-02",20.94,21.14,20.65,20.75,6278200,17.35
"2008-04-03",20.65,20.68,20.1,20.34,3896900,17
"2008-04-04",20.33,20.36,19.89,19.95,3264200,16.68
"2008-04-07",20.14,20.19,19.71,19.86,3167900,16.6
"2008-04-08",19.81,19.81,19.32,19.46,4709700,16.27
"2008-04-09",19.26,19.41,18.85,18.98,5673300,16.06
"2008-04-10",19.14,19.43,18.87,19.26,3523600,16.29
"2008-04-11",18.98,19.65,18.95,19.03,3640800,16.1
"2008-04-14",19.05,19.11,18.76,18.83,2093000,15.93
"2008-04-15",18.89,19.1,18.55,18.86,3564500,15.95
"2008-04-16",19.1,19.82,18.99,19.82,4163900,16.77
"2008-04-17",19.69,19.85,19.55,19.79,3158500,16.74
"2008-04-18",20.07,20.35,19.99,20.14,4131900,17.04
"2008-04-21",20,20.04,19.73,19.91,2680300,16.84
"2008-04-22",19.89,19.89,19.32,19.43,2824500,16.44
"2008-04-23",19.54,19.54,18.64,18.81,4248700,15.91
"2008-04-24",18.87,19.06,18.46,18.96,5010300,16.04
"2008-04-25",19.02,19.29,18.74,19.17,2517700,16.22
"2008-04-28",19.08,19.89,18.96,19.7,5492500,16.66
"2008-04-29",18.21,19.16,17.86,18.65,10639900,15.78
"2008-04-30",18.55,18.78,18.15,18.21,4600500,15.4
"2008-05-01",18.32,18.75,18.01,18.59,4207900,15.73
"2008-05-02",18.88,18.88,18.43,18.6,3439800,15.73
"2008-05-05",18.66,18.97,18.44,18.87,4717100,15.96
"2008-05-06",18.82,19.03,18.55,18.94,4529100,16.02
"2008-05-07",18.71,18.92,18.49,18.55,5789000,15.69
"2008-05-08",18.66,18.68,18.2,18.39,4468500,15.56
"2008-05-09",18.3,18.42,18.07,18.2,3730800,15.4
"2008-05-12",18.34,18.59,18.12,18.58,3165900,15.72
"2008-05-13",18.47,18.75,18.34,18.52,2916000,15.67
"2008-05-14",18.56,18.97,18.48,18.62,6594200,15.75
"2008-05-15",18.75,19.46,18.75,19.43,5880800,16.44
"2008-05-16",19.36,19.94,19.08,19.47,4561300,16.47
"2008-05-19",19.44,19.7,19.23,19.36,3497700,16.38
"2008-05-20",19.25,19.25,18.71,18.86,6311600,15.95
"2008-05-21",18.87,18.91,17.85,17.93,8310900,15.17
"2008-05-22",17.98,18.14,17.93,17.99,4050200,15.22
"2008-05-23",17.94,18.06,17.79,17.86,3683600,15.11
"2008-05-27",17.82,17.9,17.44,17.7,4475600,14.97
"2008-05-28",17.73,18.59,17.73,18.31,7319300,15.49
"2008-05-29",18.31,18.77,18.07,18.58,4989600,15.72
"2008-05-30",18.58,18.83,18.41,18.54,4839800,15.68
"2008-06-02",18.54,18.54,17.88,18.05,3392400,15.27
"2008-06-03",18.08,18.2,17.83,18.05,4556100,15.27
"2008-06-04",18,18.4,17.93,18.16,4786900,15.36
"2008-06-05",18.28,18.43,17.78,17.97,5448500,15.2
"2008-06-06",17.76,17.95,17.14,17.18,5203600,14.53
"2008-06-09",17.28,17.57,16.99,17.21,3132200,14.56
"2008-06-10",17.1,17.66,16.92,17.45,4488900,14.76
"2008-06-11",17.27,17.46,16.96,16.98,4482500,14.36
"2008-06-12",17.1,17.46,16.84,17.02,4251800,14.4
"2008-06-13",17.13,17.77,17.12,17.74,4368600,15.01
"2008-06-16",17.59,17.88,17.49,17.74,2604200,15.01
"2008-06-17",17.24,17.8,17.09,17.51,3228100,14.81
"2008-06-18",17.42,17.55,16.97,17.06,4301400,14.43
"2008-06-19",16.91,17.19,16.7,16.99,6702800,14.37
"2008-06-20",16.6,16.82,16.27,16.65,6922400,14.08
"2008-06-23",16.75,16.87,16.18,16.32,5084600,13.81
"2008-06-24",16.18,16.79,15.98,16.4,5482600,13.87
"2008-06-25",16.63,17.02,16.28,16.44,4848900,13.91
"2008-06-26",15.32,16.33,15.32,16.05,5212100,13.58
"2008-06-27",16.15,16.19,15.67,15.92,5922600,13.47
"2008-06-30",15.97,16.87,15.16,15.73,5024800,13.31
"2008-07-01",14.3,15.9,14.23,15.77,12256300,13.54
"2008-07-02",15.71,15.73,14.79,14.91,6491400,12.8
"2008-07-03",15.01,15.28,14.81,14.92,3513900,12.81
"2008-07-07",15.1,15.17,14.69,14.9,4368400,12.79
"2008-07-08",14.92,15.58,14.69,15.55,4152100,13.35
"2008-07-09",15.6,15.68,14.51,14.52,5704600,12.47
"2008-07-10",14.54,14.86,14.41,14.67,6601200,12.59
"2008-07-11",14.52,14.8,14.35,14.48,9936600,12.43
"2008-07-14",14.63,14.82,14.15,14.19,6650200,12.18
"2008-07-15",14.05,14.36,13.5,13.92,8783100,11.95
"2008-07-16",13.92,15.55,13.87,15.52,9668800,13.32
"2008-07-17",15.51,16.04,14.89,15.88,8210200,13.63
"2008-07-18",15.98,16.55,15.56,16.38,6906700,14.06
"2008-07-21",16.34,16.58,15.69,15.76,4810700,13.53
"2008-07-22",15.76,17.07,15.55,16.79,5547800,14.41
"2008-07-23",16.79,17.45,16.51,16.86,7120200,14.47
"2008-07-24",16.82,16.93,15.69,15.76,5802200,13.53
"2008-07-25",15.69,16.19,15.59,15.83,3982300,13.59
"2008-07-28",15.79,16.02,15.26,15.29,4766600,13.13
"2008-07-29",15.6,16.67,15.32,16.55,7991100,14.21
"2008-07-30",16.49,16.8,15.77,16.34,7075400,14.03
"2008-07-31",16.18,16.97,16.13,16.49,7077500,14.16
"2008-08-01",16.25,16.87,16.1,16.64,4610600,14.29
"2008-08-04",16.62,16.69,16.16,16.53,3487900,14.19
"2008-08-05",16.96,17.26,16.59,17.16,4949700,14.73
"2008-08-06",17.18,17.18,16.61,16.89,4688700,14.5
"2008-08-07",16.8,17.34,16.5,17.04,4939300,14.63
"2008-08-08",17.01,18.43,16.99,17.92,9268100,15.38
"2008-08-11",17.87,18.52,17.63,18.14,5475400,15.57
"2008-08-12",18.03,18.09,17.41,17.57,4866500,15.08
"2008-08-13",17.45,17.64,16.83,17.06,4606600,14.65
"2008-08-14",16.91,18.06,16.86,17.99,6328600,15.44
"2008-08-15",18.84,19.41,18.03,18.65,7440800,16.01
"2008-08-18",18.65,18.72,17.94,18.03,3971600,15.48
"2008-08-19",17.91,17.91,17.25,17.56,4000800,15.07
"2008-08-20",17.55,17.83,17.25,17.82,3588600,15.3
"2008-08-21",17.41,17.95,17.18,17.8,4310000,15.28
"2008-08-22",18,18.35,17.8,18.29,4043300,15.7
"2008-08-25",18.19,18.28,17.75,17.93,4360000,15.39
"2008-08-26",17.95,18.25,17.81,17.98,2436300,15.44
"2008-08-27",17.98,18.64,17.97,18.49,2944700,15.87
"2008-08-28",18.58,19.46,18.51,19.35,4723200,16.61
"2008-08-29",19.18,19.4,19.01,19.06,2672100,16.36
"2008-09-02",19.49,19.92,19.04,19.6,6760100,16.83
"2008-09-03",19.48,20.09,19.38,19.67,6364300,16.89
"2008-09-04",19.53,19.61,18.65,19.01,5237600,16.32
"2008-09-05",18.69,18.95,17.62,18.26,8965100,15.68
"2008-09-08",19.77,20.43,19.45,19.79,10375800,16.99
"2008-09-09",19.93,19.94,18.6,18.97,9452200,16.29
"2008-09-10",19.18,19.24,18.54,19.01,4867200,16.32
"2008-09-11",18.76,19.3,18.56,19.3,5175700,16.57
"2008-09-12",19.13,19.27,18.9,19.15,5176400,16.44
"2008-09-15",18.04,19.24,17.93,18.61,7324200,15.98
"2008-09-16",17.73,18.93,17,18.86,6227200,16.19
"2008-09-17",18.31,18.32,17.73,17.88,7543800,15.35
"2008-09-18",17.82,19.38,17.14,19.01,7773200,16.32
"2008-09-19",20.07,22,18.12,19.28,10719200,16.55
"2008-09-22",19.01,19.23,17.78,17.87,4511900,15.34
"2008-09-23",17.9,18.56,17.31,17.43,4673300,14.96
"2008-09-24",17.88,18.39,17.66,17.97,4359100,15.43
"2008-09-25",18.24,18.77,18.13,18.61,4727100,15.98
"2008-09-26",18.43,19,18.13,18.98,3659500,16.29
"2008-09-29",18.59,18.9,17.61,17.93,5981400,15.39
"2008-09-30",18.29,18.64,17.86,17.94,5556200,15.4
"2008-10-01",17.95,18.04,17.42,17.86,6455700,15.33
"2008-10-02",17.72,17.74,16.84,16.84,6166700,14.46
"2008-10-03",17.21,17.48,16.03,16.13,6516400,13.85
"2008-10-06",15.6,16.5,15.2,16.36,8546700,14.04
"2008-10-07",16.48,17.01,15.89,15.97,8482200,13.71
"2008-10-08",15.26,16.27,15.09,15.09,10512200,13.15
"2008-10-09",15.02,15.29,13.26,13.49,10309000,11.75
"2008-10-10",13.15,14.21,12.03,13.18,15676100,11.48
"2008-10-13",13.83,14.18,13.24,13.87,13477800,12.08
"2008-10-14",14.56,14.57,13.57,13.99,8634600,12.19
"2008-10-15",13.99,13.99,12.6,12.74,7612900,11.1
"2008-10-16",12.67,13.14,11.98,13,9839200,11.33
"2008-10-17",12.61,13.6,12.61,13.08,7355900,11.4
"2008-10-20",13.22,13.61,12.9,13.51,4515100,11.77
"2008-10-21",13.33,13.89,12.78,12.8,5778800,11.15
"2008-10-22",12.7,12.76,11.24,11.45,7900200,9.98
"2008-10-23",11.54,11.63,10.21,10.79,10947900,9.4
"2008-10-24",9.98,10.77,9.83,10.29,7939500,8.97
"2008-10-27",10.01,10.64,9.82,9.87,11040800,8.6
"2008-10-28",10.03,10.03,8.59,9.99,15898200,8.7
"2008-10-29",9.98,10.41,9.62,10.06,12599400,8.77
"2008-10-30",10.35,10.75,9.97,10.14,8084400,8.83
"2008-10-31",10.08,10.38,9.91,10.15,10199400,8.84
"2008-11-03",10.1,10.24,9.85,10,6778100,8.71
"2008-11-04",10.28,10.34,9.84,10.07,7069500,8.77
"2008-11-05",10.16,10.37,9.53,9.59,6334900,8.36
"2008-11-06",9.51,9.59,8.75,8.83,7270900,7.69
"2008-11-07",8.82,9.01,8.5,8.8,5502500,7.67
"2008-11-10",8.99,9.09,8.32,8.47,6966400,7.38
"2008-11-11",8.33,8.36,7.58,8.2,10942500,7.14
"2008-11-12",8.05,8.09,7.51,7.55,5265700,6.58
"2008-11-13",7.58,8.16,7.14,8.16,7798800,7.11
"2008-11-14",8,8.3,7.69,7.69,6462000,6.7
"2008-11-17",7.61,8.09,7.51,7.86,8495800,6.85
"2008-11-18",7.83,8.1,7.7,8.03,8997000,7
"2008-11-19",7.87,8.13,7.72,7.73,11004300,6.74
"2008-11-20",7.53,8.38,7.43,7.6,11618400,6.62
"2008-11-21",7.76,7.77,6.82,7.44,9556700,6.48
"2008-11-24",7.55,8.12,7.37,7.98,9981400,6.95
"2008-11-25",8.19,8.66,7.95,8.17,10890500,7.12
"2008-11-26",8.07,9.33,7.98,9.15,7296800,7.97
"2008-11-28",9.12,9.73,9.09,9.58,3198600,8.35
"2008-12-01",9.51,9.54,8.54,8.57,6650800,7.47
"2008-12-02",8.69,9.25,8.69,9.14,6380100,7.96
"2008-12-03",8.93,9.7,8.81,9.37,6305000,8.16
"2008-12-04",9.21,10.69,9.2,9.89,8068400,8.62
"2008-12-05",9.78,10.33,9.5,10.18,5091300,8.87
"2008-12-08",10.47,10.65,10.17,10.56,5245600,9.2
"2008-12-09",10.49,10.77,9.99,10.17,3707900,8.86
"2008-12-10",10.27,10.34,10,10.25,4985100,8.93
"2008-12-11",10.15,10.34,9.63,9.74,4124000,8.49
"2008-12-12",9.51,10.32,9.48,10.21,4021800,8.9
"2008-12-15",10.29,10.34,9.66,9.8,3431300,8.54
"2008-12-16",10.1,11.06,9.92,11.06,5422700,9.64
"2008-12-17",10.77,11.06,10.36,10.88,7689900,9.48
"2008-12-18",10.98,11.25,10.76,11.2,7440200,9.76
"2008-12-19",11.3,11.73,11.13,11.67,9564700,10.17
"2008-12-22",11.65,11.68,10.72,10.98,5801800,9.57
"2008-12-23",11.02,11.12,10.47,10.59,3804100,9.23
"2008-12-24",10.84,10.84,10.58,10.69,948300,9.31
"2008-12-26",10.61,10.8,10.44,10.62,1704700,9.25
"2008-12-29",10.58,10.7,10.27,10.51,2959100,9.16
"2008-12-30",10.55,10.81,10.45,10.81,2322700,9.42
"2008-12-31",10.82,11.23,10.72,11.13,2458500,9.7
"2009-01-02",11.23,11.45,10.91,11.37,2489600,9.91
"2009-01-05",11.28,11.96,11.06,11.73,4334400,10.22
"2009-01-06",11.8,12.04,11.46,11.91,3682100,10.38
"2009-01-07",11.5,11.54,10.93,11.11,6584400,9.87
"2009-01-08",11.04,11.62,10.79,11.52,5125000,10.24
"2009-01-09",11.56,11.56,10.99,11.3,5498800,10.04
"2009-01-12",11.22,11.29,10.7,10.82,4245400,9.62
"2009-01-13",10.75,10.98,10.64,10.84,4191300,9.63
"2009-01-14",10.63,10.74,10.12,10.24,5699200,9.1
"2009-01-15",10.31,10.5,9.71,10.24,7264700,9.1
"2009-01-16",10.28,10.49,9.85,10.36,4977400,9.21
"2009-01-20",10.41,10.5,9.26,9.41,6039600,8.36
"2009-01-21",9.45,9.65,9.08,9.6,6360800,8.53
"2009-01-22",9.29,9.5,8.82,9,9263300,8
"2009-01-23",8.84,9.13,8.75,9.04,8667100,8.04
"2009-01-26",8.93,9.27,8.75,8.93,6084400,7.94
"2009-01-27",9.14,9.14,8.59,8.64,8254400,7.68
"2009-01-28",8.8,9.67,8.75,9.4,7547900,8.36
"2009-01-29",9.19,9.2,8.35,8.36,7190400,7.43
"2009-01-30",8.23,8.4,7.75,7.82,6698400,6.95
"2009-02-02",7.6,7.93,7.54,7.86,8814700,6.99
"2009-02-03",8.03,8.17,7.76,8.09,8082300,7.19
"2009-02-04",8.13,8.34,7.85,8.01,7109600,7.12
"2009-02-05",7.96,8.29,7.83,7.98,6725400,7.09
"2009-02-06",7.87,8.3,7.87,8.13,7541800,7.23
"2009-02-09",8.22,8.22,7.98,8.03,6148600,7.14
"2009-02-10",8.05,8.22,7.52,7.57,7998100,6.73
"2009-02-11",7.63,7.74,7.26,7.45,8169300,6.62
"2009-02-12",6.87,7.09,6.51,6.9,19323900,6.13
"2009-02-13",6.86,6.95,6.27,6.44,13654600,5.72
"2009-02-17",6.25,6.27,5.87,5.96,12705800,5.3
"2009-02-18",6.02,6.14,5.58,5.89,8641100,5.24
"2009-02-19",5.66,6.12,5.56,5.65,10293600,5.02
"2009-02-20",5.54,5.87,5.25,5.66,9665900,5.03
"2009-02-23",5.95,5.95,5.43,5.45,6684600,4.84
"2009-02-24",5.5,5.82,5.19,5.7,8033700,5.07
"2009-02-25",5.66,5.78,5.34,5.6,7944600,4.98
"2009-02-26",5.68,5.73,5.42,5.44,5299600,4.84
"2009-02-27",5.28,5.42,5.13,5.15,6515300,4.58
"2009-03-02",5,5.12,4.86,4.87,5133600,4.33
"2009-03-03",4.93,5.02,4.66,4.67,6182600,4.15
"2009-03-04",4.74,4.89,4.65,4.72,6221000,4.2
"2009-03-05",4.56,4.63,3.95,4.01,9990600,3.56
"2009-03-06",4.04,4.17,3.86,3.9,9543700,3.47
"2009-03-09",3.8,3.9,3.64,3.67,6647300,3.26
"2009-03-10",3.75,4.36,3.68,4.34,10530900,3.86
"2009-03-11",4.68,4.93,4.51,4.67,8924700,4.15
"2009-03-12",4.68,5.25,4.59,5.17,6993200,4.6
"2009-03-13",5.1,5.39,4.89,5.09,7106100,4.52
"2009-03-16",5.23,5.55,5.11,5.21,6188500,4.63
"2009-03-17",5.13,5.45,5.11,5.4,5573000,4.8
"2009-03-18",5.36,6.19,5.21,6.08,9714400,5.4
"2009-03-19",6.02,6.85,6.02,6.52,13837200,5.8
"2009-03-20",6.65,6.84,6.3,6.6,14755800,5.87
"2009-03-23",6.77,7.5,6.6,7.49,10177000,6.66
"2009-03-24",7.38,7.5,6.85,7.18,6612900,6.38
"2009-03-25",7.16,7.86,6.91,7.35,8255700,6.53
"2009-03-26",7.46,7.85,7.37,7.75,5262200,6.89
"2009-03-27",7.48,7.69,7.25,7.4,3478700,6.58
"2009-03-30",7.21,7.31,6.34,6.7,6427400,5.96
"2009-03-31",6.62,7.15,6.43,6.98,6750900,6.2
"2009-04-01",6.89,7.23,6.5,6.99,6046100,6.21
"2009-04-02",7.2,7.99,7.18,7.83,5298800,6.96
"2009-04-03",7.83,7.92,7.56,7.66,6386200,6.81
"2009-04-06",7.53,7.91,7.38,7.83,5939400,6.96
"2009-04-07",7.63,7.63,7.12,7.3,3871700,6.55
"2009-04-08",7.33,7.46,7.08,7.22,5748500,6.48
"2009-04-09",7.55,8.24,7.48,8.11,6161400,7.28
"2009-04-13",7.99,8.01,7.37,7.68,5754600,6.89
"2009-04-14",7.72,7.78,7.1,7.36,6127300,6.61
"2009-04-15",7.3,8.11,7.21,7.92,7732600,7.11
"2009-04-16",8.11,8.54,7.78,8.42,5348100,7.56
"2009-04-17",8.57,8.78,8.44,8.65,3895400,7.76
"2009-04-20",8.59,8.59,7.59,7.67,4799100,6.88
"2009-04-21",7.63,8.28,7.53,8.24,5587700,7.39
"2009-04-22",7.95,9.19,7.91,8.98,7039300,8.06
"2009-04-23",8.99,9.1,8.33,8.68,6454600,7.79
"2009-04-24",8.82,10.16,8.79,10.09,11069400,9.06
"2009-04-27",9.96,10.1,9.56,9.75,9150000,8.75
"2009-04-28",9.3,9.5,8.32,8.4,9737700,7.54
"2009-04-29",8.49,9.25,8.38,9,6820000,8.08
"2009-04-30",9.22,9.49,8.77,8.86,4550900,7.95
"2009-05-01",8.73,9.05,8.62,8.99,4389200,8.07
"2009-05-04",8.99,9.95,8.99,9.87,4859000,8.86
"2009-05-05",9.85,10.59,9.81,10.49,7325100,9.41
"2009-05-06",10.58,10.81,10.02,10.5,6187300,9.42
"2009-05-07",10.53,10.84,9.87,10,7990700,8.97
"2009-05-08",10.12,10.89,10.04,10.84,6595500,9.73
"2009-05-11",10.64,10.74,10.07,10.2,5159400,9.15
"2009-05-12",10.37,10.74,9.56,10.02,8033600,8.99
"2009-05-13",9.72,9.76,9.1,9.24,7318200,8.29
"2009-05-14",9.25,9.76,8.94,9.46,4821400,8.49
"2009-05-15",9.46,9.92,9.34,9.54,6396600,8.56
"2009-05-18",9.68,10.3,9.66,10.25,5015500,9.2
"2009-05-19",10.26,10.44,10,10.24,6202500,9.19
"2009-05-20",10.35,10.86,10.06,10.12,3740900,9.08
"2009-05-21",9.97,10.02,9.69,9.93,5959100,8.91
"2009-05-22",9.98,10.08,9.6,9.96,3007600,8.94
"2009-05-26",9.72,10.58,9.72,10.48,3755500,9.41
"2009-05-27",10.5,10.72,9.96,10.02,7654600,8.99
"2009-05-28",10.05,10.32,9.61,10.09,6103900,9.06
"2009-05-29",10.42,10.45,10.04,10.36,4343600,9.3
"2009-06-01",10.54,11.18,10.37,11.05,4617100,9.92
"2009-06-02",11,11.46,10.87,11.29,4623200,10.13
"2009-06-03",11.18,11.22,10.57,10.83,4713400,9.72
"2009-06-04",10.89,11.16,10.8,11.06,3188100,9.93
"2009-06-05",11.22,11.29,10.58,10.71,3806000,9.61
"2009-06-08",10.51,10.91,10.51,10.75,3673200,9.65
"2009-06-09",10.17,10.32,9.83,10.18,7162800,9.14
"2009-06-10",10.33,10.54,9.89,10.04,5495300,9.01
"2009-06-11",10.09,10.22,9.95,10.01,3927500,8.98
"2009-06-12",9.96,10.06,9.64,9.93,3661400,8.91
"2009-06-15",9.77,9.94,9.53,9.68,4625000,8.69
"2009-06-16",9.75,10.04,9.3,9.3,5107900,8.35
"2009-06-17",9.27,9.43,8.66,9.06,7316700,8.13
"2009-06-18",9.11,9.15,8.84,8.97,3970300,8.05
"2009-06-19",9.08,9.32,9.04,9.07,6382800,8.14
"2009-06-22",8.99,8.99,8.66,8.66,3396700,7.77
"2009-06-23",8.65,8.97,8.48,8.81,4709100,7.91
"2009-06-24",8.9,9.22,8.66,8.77,4830000,7.87
"2009-06-25",8.71,9.47,8.64,9.42,4699000,8.45
"2009-06-26",9.29,9.6,9.09,9.41,6194100,8.44
"2009-06-29",9.45,9.63,9.19,9.54,4155800,8.56
"2009-06-30",9.48,9.68,9.35,9.58,3799100,8.6
"2009-07-01",9.66,9.74,9.36,9.38,2592000,8.42
"2009-07-02",9.2,9.29,9.04,9.1,4305600,8.17
"2009-07-06",9.03,9.26,8.64,8.72,5129800,7.83
"2009-07-07",8.69,8.77,8.26,8.28,4787800,7.43
"2009-07-08",8.43,8.43,8.15,8.24,5693200,7.46
"2009-07-09",8.34,8.73,8.29,8.58,4153600,7.77
"2009-07-10",8.5,8.62,8.27,8.35,3077100,7.56
"2009-07-13",8.4,8.62,8.17,8.57,5288300,7.76
"2009-07-14",8.22,8.7,8.17,8.68,7053500,7.86
"2009-07-15",8.79,9.23,8.68,9.19,5403300,8.32
"2009-07-16",9.17,9.64,9.08,9.53,5744000,8.63
"2009-07-17",9.49,9.94,9.43,9.68,4952200,8.77
"2009-07-20",9.72,10.12,9.72,9.96,2739500,9.02
"2009-07-21",10.12,10.31,9.83,9.92,3124100,8.98
"2009-07-22",9.82,10.31,9.74,9.88,4328400,8.95
"2009-07-23",9.9,10.8,9.81,10.73,7560000,9.72
"2009-07-24",10.64,11.17,10.47,11.05,6302600,10.01
"2009-07-27",11.05,11.62,10.59,11.55,7590000,10.46
"2009-07-28",12.13,13.43,12.01,13.17,15084400,11.93
"2009-07-29",13.03,13.28,12.71,12.79,8660900,11.58
"2009-07-30",13.1,13.68,12.95,13.43,4922900,12.16
"2009-07-31",13.34,14.4,13.31,13.93,6792000,12.62
"2009-08-03",14.3,14.3,13.75,13.82,7402200,12.52
"2009-08-04",13.7,14.92,13.65,14.53,6893200,13.16
"2009-08-05",14.62,15.02,14.04,14.23,6116200,12.89
"2009-08-06",14.34,14.82,14.1,14.61,5424200,13.23
"2009-08-07",14.87,15.5,14.79,15.13,5638600,13.7
"2009-08-10",15.09,15.16,14.43,14.54,6042700,13.17
"2009-08-11",14.35,14.58,14.19,14.28,5167300,12.93
"2009-08-12",14.56,14.82,14.45,14.65,4981600,13.27
"2009-08-13",14.78,14.91,14.31,14.81,3275700,13.41
"2009-08-14",14.63,14.78,13.85,14.11,5575700,12.78
"2009-08-17",13.63,13.74,13.15,13.25,6991300,12
"2009-08-18",13.29,13.63,13.21,13.56,2931400,12.28
"2009-08-19",13.38,13.91,13.13,13.75,3217200,12.45
"2009-08-20",13.73,13.92,13.44,13.49,4180000,12.22
"2009-08-21",13.68,14.44,13.6,14.36,6496500,13
"2009-08-24",14.4,14.63,14.25,14.36,4008200,13
"2009-08-25",14.51,14.99,14.31,14.61,4231300,13.23
"2009-08-26",14.56,15.03,14.33,14.43,4627000,13.07
"2009-08-27",14.4,14.8,14.04,14.69,3894800,13.3
"2009-08-28",14.8,14.97,14.34,14.51,4383600,13.14
"2009-08-31",14.29,14.56,13.8,14.48,5565900,13.11
"2009-09-01",14.42,14.82,13.44,13.56,6201100,12.28
"2009-09-02",13.41,13.46,12.72,12.75,8300800,11.55
"2009-09-03",12.85,12.99,12.38,12.82,6612400,11.61
"2009-09-04",12.82,13.16,12.69,13.08,2765200,11.85
"2009-09-08",13.6,13.92,13.35,13.81,5541000,12.51
"2009-09-09",13.74,14.26,13.68,14.08,4670400,12.75
"2009-09-10",14.06,14.52,13.92,14.22,3779200,12.88
"2009-09-11",14.57,14.68,14.07,14.18,5162400,12.84
"2009-09-14",14.05,14.41,13.95,14.24,3754700,12.9
"2009-09-15",14.25,14.58,14.17,14.41,3469300,13.05
"2009-09-16",14.6,15.29,14.33,14.98,7996700,13.57
"2009-09-17",14.96,15.06,14.44,14.58,4934300,13.2
"2009-09-18",14.69,14.81,13.83,14.13,6228100,12.8
"2009-09-21",13.94,14.07,13.56,13.66,4757300,12.37
"2009-09-22",13.94,14.03,13.59,13.65,3886500,12.36
"2009-09-23",13.71,13.86,13.45,13.49,4265800,12.22
"2009-09-24",13.66,13.66,13,13.1,4937800,11.86
"2009-09-25",13.03,13.24,12.73,12.83,3516100,11.62
"2009-09-28",12.87,13.38,12.81,13.3,2527800,12.04
"2009-09-29",13.32,13.63,13.25,13.39,3089500,12.13
"2009-09-30",13.41,13.5,12.85,12.92,4520400,11.7
"2009-10-01",12.93,12.93,12.46,12.52,5002200,11.34
"2009-10-02",12.35,12.35,11.87,12.1,5155600,10.96
"2009-10-05",12.19,12.81,12.14,12.63,3808700,11.44
"2009-10-06",12.76,13.04,12.51,12.63,2960300,11.44
"2009-10-07",12.62,12.68,12.39,12.55,3990600,11.43
"2009-10-08",12.74,13.38,12.62,12.99,3548000,11.83
"2009-10-09",12.99,13.11,12.81,12.88,2297400,11.73
"2009-10-12",13.06,13.38,13.06,13.16,2552200,11.99
"2009-10-13",13.09,13.47,12.99,13.35,3341700,12.16
"2009-10-14",13.58,13.77,13.49,13.75,3737200,12.53
"2009-10-15",13.68,13.81,13.62,13.77,2799900,12.55
"2009-10-16",14.19,14.35,13.62,13.7,4325900,12.48
"2009-10-19",13.76,13.99,13.65,13.79,3497300,12.56
"2009-10-20",13.78,13.78,13.4,13.62,3291200,12.41
"2009-10-21",13.59,13.84,12.99,13,4420700,11.84
"2009-10-22",13.11,13.94,12.96,13.8,5358700,12.57
"2009-10-23",13.86,14.06,13.3,13.54,5238100,12.34
"2009-10-26",13.52,14.25,13.39,13.61,6162900,12.4
"2009-10-27",13.8,13.95,12.91,13.08,8241900,11.92
"2009-10-28",13.13,13.13,12.11,12.14,7823800,11.06
"2009-10-29",12.23,12.73,12.15,12.41,5863600,11.31
"2009-10-30",12.37,12.51,11.58,11.75,9424200,10.7
"2009-11-02",11.68,12.15,11.44,11.65,6358100,10.61
"2009-11-03",11.64,12.16,11.62,12.02,5630800,10.95
"2009-11-04",12.13,12.33,11.82,11.82,5088500,10.77
"2009-11-05",11.93,12.42,11.93,12.38,3470800,11.28
"2009-11-06",12.27,12.63,12.19,12.6,3960100,11.48
"2009-11-09",12.76,13.29,12.76,13.2,3578400,12.03
"2009-11-10",13.04,13.4,12.98,13.28,3751900,12.1
"2009-11-11",13.39,13.66,13.3,13.58,3810300,12.37
"2009-11-12",13.56,13.75,13.32,13.36,4034400,12.17
"2009-11-13",13.37,14.09,13.29,14.01,6596000,12.76
"2009-11-16",14.09,14.87,14.01,14.64,5425500,13.34
"2009-11-17",14.62,14.7,14.44,14.68,3289200,13.37
"2009-11-18",14.58,14.69,14.35,14.66,3714500,13.36
"2009-11-19",14.5,14.5,14.07,14.34,4176000,13.06
"2009-11-20",14.21,14.3,13.8,14.04,3673300,12.79
"2009-11-23",14.28,14.89,14.24,14.39,4240700,13.11
"2009-11-24",14.41,14.42,13.99,14.05,2782300,12.8
"2009-11-25",14.19,14.2,13.89,14.09,2732700,12.84
"2009-11-27",13.44,13.84,13.24,13.53,1630800,12.33
"2009-11-30",13.46,13.79,13.26,13.58,3640200,12.37
"2009-12-01",13.75,14.33,13.75,13.91,6667500,12.67
"2009-12-02",13.95,14.3,13.83,14.01,3341200,12.76
"2009-12-03",14.05,14.31,13.97,14.18,4898500,12.92
"2009-12-04",14.48,14.67,14.15,14.6,4857400,13.3
"2009-12-07",14.51,14.64,13.84,13.91,4597300,12.67
"2009-12-08",13.8,13.9,13.49,13.55,9580500,12.34
"2009-12-09",13.62,13.65,13.19,13.47,2559800,12.27
"2009-12-10",13.54,13.76,13.44,13.54,2450800,12.34
"2009-12-11",13.8,13.8,13.35,13.55,2419100,12.34
"2009-12-14",13.68,13.79,13.49,13.71,1662400,12.49
"2009-12-15",13.61,13.77,13.46,13.56,2113600,12.35
"2009-12-16",13.84,14.04,13.63,13.95,2915000,12.71
"2009-12-17",13.81,13.9,13.66,13.72,2178500,12.5
"2009-12-18",13.79,14.07,13.37,13.39,5222600,12.2
"2009-12-21",13.51,13.87,13.51,13.75,3052300,12.53
"2009-12-22",13.83,13.97,13.76,13.86,4070900,12.63
"2009-12-23",13.94,14.15,13.85,14.13,2787100,12.87
"2009-12-24",14.2,14.36,14.15,14.36,698500,13.08
"2009-12-28",14.48,14.48,13.99,14.08,1552900,12.83
"2009-12-29",14.13,14.16,13.77,14.01,2204700,12.76
"2009-12-30",13.97,13.99,13.7,13.93,2213800,12.69
"2009-12-31",13.89,14,13.79,13.81,2405800,12.58
"2010-01-04",13.97,14.3,13.88,14.29,2970600,13.02
"2010-01-05",14.2,14.43,14.12,14.42,2863500,13.14
"2010-01-06",14.45,14.75,14.31,14.57,6424500,13.34
"2010-01-07",14.56,15.57,14.51,15.48,8437400,14.18
"2010-01-08",15.33,15.6,15,15.58,3612400,14.27
"2010-01-11",15.71,15.75,15.36,15.54,2802700,14.23
"2010-01-12",15.37,15.44,15.14,15.3,2166300,14.01
"2010-01-13",15.34,15.35,14.85,15.1,3354300,13.83
"2010-01-14",15.02,15.16,14.75,15.03,2777000,13.76
"2010-01-15",15.32,15.34,14.86,15,5556700,13.74
"2010-01-19",14.98,15.44,14.92,15.42,2699300,14.12
"2010-01-20",15.02,15.12,14.73,14.95,3060300,13.69
"2010-01-21",15.09,15.1,14.39,14.49,4009700,13.27
"2010-01-22",14.36,14.74,13.9,13.91,3336100,12.74
"2010-01-25",14.13,14.27,13.74,13.78,3392000,12.62
"2010-01-26",13.69,14.08,13.62,13.78,4497700,12.62
"2010-01-27",13.63,13.68,13.21,13.58,6303500,12.44
"2010-01-28",13.68,13.99,13.33,13.6,4838100,12.45
"2010-01-29",13.7,14.06,13.48,13.56,6554000,12.42
"2010-02-01",13.69,14,13.56,13.99,3725800,12.81
"2010-02-02",13.97,14.8,13.94,14.78,5305900,13.54
"2010-02-03",14.66,15,14.66,14.85,4682200,13.6
"2010-02-04",14.64,14.65,14.26,14.5,6775400,13.28
"2010-02-05",14.41,14.49,13.6,14.14,5616800,12.95
"2010-02-08",14.03,14.23,13.85,14.05,3237400,12.87
"2010-02-09",14.34,14.62,14.07,14.45,4654900,13.23
"2010-02-10",14.46,14.59,14.07,14.5,3137600,13.28
"2010-02-11",13.85,14.08,12.78,13.77,12822700,12.61
"2010-02-12",13.49,13.81,13.35,13.81,7143500,12.65
"2010-02-16",13.9,14.06,13.71,14,4247600,12.82
"2010-02-17",14.12,14.12,13.75,13.95,4516300,12.78
"2010-02-18",13.98,14.04,13.76,13.83,3719500,12.67
"2010-02-19",13.77,13.81,13.56,13.6,6258200,12.45
"2010-02-22",13.69,13.95,13.6,13.62,3690000,12.47
"2010-02-23",13.58,13.72,13.05,13.25,4667300,12.13
"2010-02-24",13.3,13.36,12.91,13.31,3379000,12.19
"2010-02-25",13,13.19,12.76,13.16,4380100,12.05
"2010-02-26",13.22,13.45,13.01,13.37,4817600,12.24
"2010-03-01",13.47,14.01,13.47,13.97,4551700,12.79
"2010-03-02",14.11,14.13,13.9,14.02,2781600,12.84
"2010-03-03",14.13,14.44,13.99,14.17,3256100,12.98
"2010-03-04",14.18,14.35,14.01,14.14,1916000,12.95
"2010-03-05",14.28,14.43,14.25,14.39,1927400,13.18
"2010-03-08",14.43,14.66,14.4,14.66,2164000,13.43
"2010-03-09",14.59,14.75,14.51,14.68,2447500,13.44
"2010-03-10",14.64,14.96,14.62,14.86,3563100,13.61
"2010-03-11",14.77,15.17,14.65,15.12,3671600,13.85
"2010-03-12",15.2,15.32,14.96,15.17,3094500,13.89
"2010-03-15",15.16,15.23,14.97,15.15,2816200,13.87
"2010-03-16",15.2,15.35,15.07,15.31,2449200,14.02
"2010-03-17",15.34,15.74,15.3,15.53,3271000,14.22
"2010-03-18",15.47,15.75,15.42,15.51,2321200,14.2
"2010-03-19",15.55,15.75,15,15,5815000,13.74
"2010-03-22",14.85,15.26,14.82,15.23,2832600,13.95
"2010-03-23",15.23,15.52,15.04,15.48,4112200,14.18
"2010-03-24",15.5,15.66,15.13,15.17,4039300,13.89
"2010-03-25",15.37,15.48,15.11,15.13,3464200,13.86
"2010-03-26",15.23,15.4,15.05,15.19,2786700,13.91
"2010-03-29",15.28,15.45,15.13,15.32,2626500,14.03
"2010-03-30",15.32,15.59,15.3,15.4,1703900,14.1
"2010-03-31",15.29,15.66,15.08,15.52,5399100,14.21
"2010-04-01",15.68,15.95,15.63,15.81,4307800,14.48
"2010-04-05",15.91,16.22,15.71,16.15,3173700,14.79
"2010-04-06",16.07,16.33,15.92,16.28,3503100,14.91
"2010-04-07",16.16,16.22,15.72,15.85,4306400,14.58
"2010-04-08",15.8,15.96,15.56,15.89,3963500,14.62
"2010-04-09",15.9,16.12,15.81,16.1,2906900,14.81
"2010-04-12",16.18,16.18,15.91,16.11,3208900,14.82
"2010-04-13",16.03,16.22,16.02,16.14,2491500,14.85
"2010-04-14",16.23,16.91,16.18,16.88,4225900,15.53
"2010-04-15",16.81,17.4,16.68,17,6263000,15.64
"2010-04-16",17.64,17.72,16.82,16.96,7231300,15.6
"2010-04-19",16.86,17.25,16.7,17.24,5716500,15.86
"2010-04-20",17.38,17.67,17.26,17.49,7307900,16.09
"2010-04-21",17.46,17.65,17.36,17.58,4768400,16.17
"2010-04-22",17.39,18.17,17.09,18.1,8534300,16.65
"2010-04-23",18.17,18.6,17.93,18.35,8798700,16.88
"2010-04-26",18.5,18.78,17.87,18,9499700,16.56
"2010-04-27",17.17,17.2,15.46,15.62,18211200,14.37
"2010-04-28",16.05,16.86,16.01,16.45,11701300,15.13
"2010-04-29",16.63,16.98,16.61,16.84,5084200,15.49
"2010-04-30",16.79,17.26,16.23,16.23,4831700,14.93
"2010-05-03",16.34,16.7,16.28,16.63,4532000,15.3
"2010-05-04",16.26,16.32,15.54,15.75,7186500,14.49
"2010-05-05",15.48,15.96,14.96,15.47,9060800,14.23
"2010-05-06",15.39,15.66,13.65,14.64,12309100,13.47
"2010-05-07",14.55,14.7,13.54,13.66,13738100,12.57
"2010-05-10",14.26,15.17,14.26,15.13,8694300,13.92
"2010-05-11",14.87,15.4,14.76,15.12,5855200,13.91
"2010-05-12",15.23,15.65,15.09,15.6,5768500,14.35
"2010-05-13",15.49,15.53,15.15,15.18,5457100,13.97
"2010-05-14",14.95,14.99,14.42,14.74,7244500,13.56
"2010-05-17",14.74,14.83,14.12,14.76,5576500,13.58
"2010-05-18",14.93,15.14,14.34,14.41,6505800,13.26
"2010-05-19",14.25,14.45,13.7,14.07,7052600,12.95
"2010-05-20",13.59,13.78,13.28,13.33,7715900,12.26
"2010-05-21",13.07,13.88,13.07,13.74,6999600,12.64
"2010-05-24",13.45,14.08,13.43,13.66,5246500,12.57
"2010-05-25",13.07,13.54,12.9,13.53,8142000,12.45
"2010-05-26",13.72,13.8,12.99,13.09,12025600,12.04
"2010-05-27",13.56,13.63,13.22,13.59,6743600,12.5
"2010-05-28",13.63,13.66,13.28,13.35,6827300,12.28
"2010-06-01",13.1,13.15,12.5,12.51,8972600,11.51
"2010-06-02",12.65,12.91,12.55,12.9,7524600,11.87
"2010-06-03",12.93,13.06,12.64,12.94,6046900,11.91
"2010-06-04",12.49,12.72,12.37,12.4,8200200,11.41
"2010-06-07",12.4,12.53,11.84,11.87,5815900,10.92
"2010-06-08",11.78,11.99,11.49,11.7,11537800,10.76
"2010-06-09",11.92,12.06,11.52,11.59,4742800,10.66
"2010-06-10",11.9,12.42,11.86,12.37,5223500,11.38
"2010-06-11",12.17,12.49,12.1,12.36,3127100,11.37
"2010-06-14",12.55,12.99,12.55,12.63,5614600,11.62
"2010-06-15",12.72,13.25,12.57,13.2,5269000,12.14
"2010-06-16",13.04,13.05,12.66,12.72,5729900,11.7
"2010-06-17",12.73,12.8,12.11,12.22,6508600,11.24
"2010-06-18",12.23,12.46,12.15,12.32,4751500,11.33
"2010-06-21",12.55,12.7,12.24,12.33,4042000,11.34
"2010-06-22",12.28,12.39,11.9,11.96,4352000,11
"2010-06-23",11.96,12.17,11.59,12.1,7481600,11.13
"2010-06-24",12.04,12.06,11.68,11.69,6706700,10.76
"2010-06-25",11.74,11.91,11.55,11.81,5954200,10.87
"2010-06-28",11.89,11.99,11.71,11.82,4139700,10.87
"2010-06-29",11.51,11.65,11.08,11.26,9276900,10.36
"2010-06-30",11.23,11.39,10.74,10.76,9957100,9.9
"2010-07-01",10.82,10.95,10.45,10.83,6342900,9.96
"2010-07-02",10.89,10.98,10.57,10.7,4443500,9.84
"2010-07-06",10.97,11.04,10.62,10.71,4920400,9.85
"2010-07-07",10.73,11.24,10.54,11.24,6262800,10.41
"2010-07-08",11.36,11.51,10.99,11.22,4075200,10.4
"2010-07-09",11.18,11.52,11.07,11.51,3276600,10.66
"2010-07-12",11.47,11.53,11.06,11.12,4715900,10.3
"2010-07-13",11.3,11.48,11.15,11.43,4766200,10.59
"2010-07-14",11.34,11.35,11.04,11.17,3887600,10.35
"2010-07-15",11.18,11.29,10.93,11.23,3820100,10.4
"2010-07-16",11.12,11.18,10.38,10.47,8500800,9.7
"2010-07-19",10.53,10.59,10.2,10.32,6149900,9.56
"2010-07-20",10.07,10.65,10.01,10.62,7922200,9.84
"2010-07-21",10.37,10.45,10.14,10.21,11669800,9.46
"2010-07-22",10.43,10.86,10.39,10.8,5644100,10.01
"2010-07-23",10.82,11.48,10.63,11.42,9769700,10.58
"2010-07-26",11.42,12.05,11.38,11.93,9028200,11.05
"2010-07-27",11.5,11.71,10.42,10.53,20741600,9.76
"2010-07-28",10.47,10.6,10.09,10.11,13725500,9.37
"2010-07-29",10.21,10.38,9.94,10.05,9082200,9.31
"2010-07-30",10.01,10.4,9.94,10.28,8524700,9.52
"2010-08-02",10.4,10.78,10.35,10.65,5236000,9.87
"2010-08-03",10.56,10.74,10.43,10.71,4953600,9.92
"2010-08-04",10.74,10.87,10.68,10.78,4129300,9.99
"2010-08-05",10.73,10.78,10.62,10.72,3707700,9.93
"2010-08-06",10.52,10.97,10.52,10.94,4131500,10.14
"2010-08-09",11.01,11.36,11.01,11.34,4069100,10.51
"2010-08-10",11.13,11.24,10.95,11.02,3980100,10.21
"2010-08-11",10.72,10.79,10.54,10.62,5178500,9.84
"2010-08-12",10.44,10.61,10.23,10.54,7236800,9.77
"2010-08-13",10.5,10.59,10.39,10.48,7351400,9.71
"2010-08-16",10.37,10.45,10.26,10.3,4706600,9.54
"2010-08-17",10.5,10.68,10.46,10.65,4607700,9.87
"2010-08-18",10.67,11,10.6,10.88,2748200,10.08
"2010-08-19",10.76,10.89,10.56,10.66,3908800,9.88
"2010-08-20",10.52,10.64,10.39,10.56,2563900,9.78
"2010-08-23",10.62,10.67,10.36,10.38,2819100,9.62
"2010-08-24",10.19,10.65,10,10.49,6395000,9.72
"2010-08-25",10.27,10.72,10.15,10.68,7664300,9.9
"2010-08-26",10.74,10.79,10.25,10.26,4696200,9.51
"2010-08-27",10.39,10.71,10.24,10.68,3223600,9.9
"2010-08-30",10.65,10.78,10.41,10.41,1958900,9.65
"2010-08-31",10.32,10.65,10.31,10.49,4215200,9.72
"2010-09-01",10.72,11.18,10.72,11.01,4537200,10.2
"2010-09-02",11.06,11.46,11.04,11.31,2921900,10.48
"2010-09-03",11.57,11.72,11.25,11.43,2884900,10.59
"2010-09-07",11.34,11.34,10.77,10.88,6382600,10.08
"2010-09-08",10.92,11.11,10.85,10.87,2809800,10.07
"2010-09-09",11.13,11.14,10.79,10.94,2984100,10.14
"2010-09-10",10.98,11.12,10.89,10.93,1548800,10.13
"2010-09-13",11.13,11.32,11.08,11.27,2496900,10.44
"2010-09-14",11.26,11.32,10.91,11.11,3471800,10.29
"2010-09-15",11.04,11.04,10.83,11,2312500,10.19
"2010-09-16",10.93,11.06,10.67,10.95,4162800,10.15
"2010-09-17",10.98,11.04,10.73,10.94,4123600,10.14
"2010-09-20",11.05,11.2,10.81,11.15,3807900,10.33
"2010-09-21",11.24,11.49,11.11,11.18,5616500,10.36
"2010-09-22",11.17,11.41,10.91,10.95,5383300,10.15
"2010-09-23",10.86,10.95,10.58,10.61,2838000,9.83
"2010-09-24",10.85,11.07,10.75,11,3061900,10.19
"2010-09-27",10.98,11.04,10.85,10.93,2715500,10.13
"2010-09-28",10.99,11.01,10.75,11,3176000,10.19
"2010-09-29",10.9,11.07,10.86,10.89,3275400,10.09
"2010-09-30",11.04,11.17,10.8,11.01,3208300,10.2
"2010-10-01",11.18,11.33,11.08,11.18,3963000,10.36
"2010-10-04",11.16,11.18,10.95,11.09,6645900,10.28
"2010-10-05",11.3,11.63,11.25,11.63,6634200,10.78
"2010-10-06",11.57,11.77,11.54,11.77,4510000,10.98
"2010-10-07",11.84,11.96,11.73,11.83,7439200,11.03
"2010-10-08",11.86,12.09,11.79,12.06,5171400,11.25
"2010-10-11",12.04,12.16,11.94,12.08,2718400,11.27
"2010-10-12",11.95,11.99,11.64,11.82,6967600,11.02
"2010-10-13",11.63,11.76,11.22,11.71,6893600,10.92
"2010-10-14",11.7,11.79,11.22,11.34,5608200,10.58
"2010-10-15",11.53,11.53,10.92,11.01,8926700,10.27
"2010-10-18",11.03,11.04,10.68,10.9,5508300,10.16
"2010-10-19",10.71,11.12,10.66,10.74,7036200,10.02
"2010-10-20",10.82,10.95,10.68,10.84,3888100,10.11
"2010-10-21",10.88,11.18,10.82,11.05,5301000,10.3
"2010-10-22",11.06,11.06,10.84,10.95,2162800,10.21
"2010-10-25",11.12,11.31,10.88,10.89,6700100,10.16
"2010-10-26",10.83,11.28,10.67,10.93,9049100,10.19
"2010-10-27",10.75,10.85,10.49,10.67,5611500,9.95
"2010-10-28",10.75,10.79,10.46,10.6,5617700,9.88
"2010-10-29",10.57,10.72,10.54,10.66,3116400,9.94
"2010-11-01",10.75,10.82,10.59,10.75,4254200,10.02
"2010-11-02",10.86,11,10.74,10.81,5013200,10.08
"2010-11-03",10.86,10.86,10.62,10.78,3110000,10.05
"2010-11-04",10.96,11.36,10.9,11.34,4998700,10.58
"2010-11-05",11.4,11.86,11.28,11.56,5444000,10.78
"2010-11-08",11.52,11.65,11.41,11.6,3018700,10.82
"2010-11-09",11.72,11.75,11.4,11.48,4449200,10.71
"2010-11-10",11.44,11.66,11.29,11.63,3649600,10.85
"2010-11-11",11.49,11.6,11.37,11.39,2877800,10.62
"2010-11-12",11.3,11.47,11.13,11.36,3298800,10.59
"2010-11-15",11.37,11.54,11.23,11.25,2110500,10.49
"2010-11-16",11.13,11.4,11.03,11.11,5752900,10.36
"2010-11-17",11.14,11.22,10.84,10.96,3842800,10.22
"2010-11-18",11.04,11.12,10.92,11,4417400,10.26
"2010-11-19",11.01,11.1,10.86,11.03,2706800,10.29
"2010-11-22",11,11.02,10.8,10.96,2331000,10.22
"2010-11-23",10.81,11,10.75,10.75,3238000,10.02
"2010-11-24",10.87,10.95,10.71,10.92,3076000,10.18
"2010-11-26",10.79,10.93,10.72,10.72,1438800,10
"2010-11-29",10.65,10.88,10.5,10.88,2722300,10.15
"2010-11-30",10.71,11.07,10.66,10.91,3550800,10.17
"2010-12-01",11.12,11.71,11.12,11.68,5171700,10.89
"2010-12-02",11.73,12.33,11.62,12.01,5961300,11.2
"2010-12-03",11.93,12.03,11.85,11.99,3146200,11.18
"2010-12-06",11.98,12.1,11.86,11.99,2109500,11.18
"2010-12-07",12.16,12.44,12.12,12.38,4135700,11.54
"2010-12-08",12.38,13.44,12.37,13.1,12123200,12.22
"2010-12-09",13.17,13.34,12.86,13.26,4990600,12.37
"2010-12-10",13.26,13.54,12.99,13.53,4780400,12.62
"2010-12-13",13.38,13.48,13.2,13.25,5577600,12.36
"2010-12-14",13.02,13.1,12.9,13.03,6490200,12.15
"2010-12-15",13.05,13.34,12.83,12.9,4306900,12.03
"2010-12-16",12.96,13.19,12.91,13.14,2822200,12.25
"2010-12-17",13.17,13.24,12.98,13.06,4414100,12.18
"2010-12-20",13.06,13.24,12.93,13,4355800,12.12
"2010-12-21",13.1,13.15,12.87,13.06,5413900,12.18
"2010-12-22",13.1,13.14,12.95,13,5997100,12.12
"2010-12-23",13,13.05,12.71,12.79,3703900,11.93
"2010-12-27",12.73,12.88,12.73,12.79,2186300,11.93
"2010-12-28",12.86,12.9,12.68,12.74,2772900,11.88
"2010-12-29",12.78,12.84,12.59,12.71,2266300,11.85
"2010-12-30",12.69,12.85,12.66,12.83,2038500,11.96
"2010-12-31",12.81,12.89,12.61,12.66,2138100,11.81
"2011-01-03",12.87,13.09,12.83,13.05,3572200,12.17
"2011-01-04",13.11,13.21,12.79,12.85,6527400,11.98
"2011-01-05",12.76,13.28,12.71,13.14,6723700,12.33
"2011-01-06",13.17,13.82,13.14,13.52,10817200,12.68
"2011-01-07",13.56,14.07,13.34,13.77,10993300,12.92
"2011-01-10",13.74,13.81,13.33,13.71,6873200,12.86
"2011-01-11",13.82,14.06,13.64,13.79,6341900,12.94
"2011-01-12",13.96,14.05,13.76,13.78,5289100,12.93
"2011-01-13",13.75,13.86,13.59,13.75,3808300,12.9
"2011-01-14",13.69,14.01,13.65,14,4426700,13.13
"2011-01-18",13.98,14.09,13.33,13.64,4449700,12.79
"2011-01-19",13.63,13.77,13.16,13.21,5004300,12.39
"2011-01-20",13.17,13.57,13.02,13.34,5279600,12.51
"2011-01-21",13.42,13.52,13.23,13.28,2336900,12.46
"2011-01-24",13.25,13.46,13.19,13.36,2941500,12.53
"2011-01-25",13.31,13.48,13.13,13.38,3483700,12.55
"2011-01-26",13.46,13.72,13.3,13.61,4856500,12.77
"2011-01-27",13.57,13.97,13.51,13.95,4757600,13.09
"2011-01-28",13.93,13.95,13.27,13.29,3688600,12.47
"2011-01-31",13.33,13.59,13.31,13.32,3072700,12.49
"2011-02-01",13.68,14.23,13.62,13.93,6083900,13.07
"2011-02-02",13.86,13.9,13.62,13.66,2202600,12.81
"2011-02-03",13.61,13.74,13.45,13.74,2628000,12.89
"2011-02-04",13.76,14.06,13.68,14.02,3558600,13.15
"2011-02-07",14.13,14.57,14.01,14.37,5160800,13.48
"2011-02-08",14.39,14.87,14.31,14.76,5558600,13.85
"2011-02-09",14.65,15.03,14.6,14.77,5200800,13.85
"2011-02-10",14.65,14.69,14.33,14.53,4738700,13.63
"2011-02-11",14.42,14.48,13.89,14.17,8600700,13.29
"2011-02-14",14.2,14.34,14.06,14.19,4551100,13.31
"2011-02-15",13.34,13.75,12.68,12.88,18476600,12.08
"2011-02-16",13,13.2,12.44,12.82,11690800,12.03
"2011-02-17",12.73,13.27,12.73,13.2,5266800,12.38
"2011-02-18",13.3,13.35,13.07,13.3,5806300,12.48
"2011-02-22",12.99,13.19,12.94,13.06,8054300,12.25
"2011-02-23",13.1,13.15,12.49,12.72,6372200,11.93
"2011-02-24",12.66,12.81,12.41,12.74,4853400,11.95
"2011-02-25",12.85,13.22,12.73,13.19,4048900,12.37
"2011-02-28",13.3,13.6,13.21,13.59,6481800,12.75
"2011-03-01",13.62,13.75,13.03,13.08,7756600,12.27
"2011-03-02",13.07,13.36,13.03,13.18,4465000,12.36
"2011-03-03",13.36,13.44,13.17,13.28,5362400,12.46
"2011-03-04",13.26,13.48,13.08,13.31,6065200,12.49
"2011-03-07",13.38,13.62,13.28,13.41,5133600,12.58
"2011-03-08",13.43,13.87,13.38,13.81,6298500,12.95
"2011-03-09",13.78,14.02,13.61,14.01,4922400,13.14
"2011-03-10",13.76,13.87,13.49,13.6,5125300,12.76
"2011-03-11",13.59,13.91,13.54,13.87,3358000,13.01
"2011-03-14",13.74,13.77,13.43,13.64,4665300,12.79
"2011-03-15",12.96,13.8,12.92,13.69,5897600,12.84
"2011-03-16",13.63,13.85,13.46,13.66,11018400,12.81
"2011-03-17",13.99,14.06,13.47,13.61,5939500,12.77
"2011-03-18",13.88,14,13.71,13.95,5464200,13.09
"2011-03-21",14.17,14.3,14.08,14.28,5409700,13.39
"2011-03-22",14.28,14.34,13.92,13.96,5534500,13.09
"2011-03-23",13.9,14.16,13.79,14.13,4516100,13.25
"2011-03-24",14.25,14.32,13.92,14.15,4565700,13.27
"2011-03-25",14.19,14.24,14.08,14.17,3322300,13.29
"2011-03-28",14.17,14.3,13.87,13.91,6185300,13.05
"2011-03-29",13.86,13.99,13.64,13.81,8259300,12.95
"2011-03-30",13.93,14.07,13.88,14.06,3838600,13.19
"2011-03-31",14.03,14.09,13.9,13.92,3828400,13.06
"2011-04-01",14.01,14.29,13.93,14.12,4363400,13.24
"2011-04-04",14.14,14.18,13.93,14.02,3236000,13.15
"2011-04-05",13.94,14.25,13.86,14.16,4243100,13.28
"2011-04-06",14.15,14.21,13.85,14.09,2096300,13.29
"2011-04-07",14.03,14.28,13.91,13.93,3751400,13.14
"2011-04-08",13.99,14.07,13.33,13.41,7113700,12.65
"2011-04-11",13.44,13.66,13.43,13.51,3569300,12.74
"2011-04-12",13.35,13.5,13.27,13.28,3504600,12.52
"2011-04-13",13.38,13.45,13.21,13.43,3215600,12.66
"2011-04-14",13.35,13.47,13.23,13.43,3625700,12.66
"2011-04-15",13.47,13.52,13.18,13.18,4714500,12.43
"2011-04-18",12.91,13.28,12.81,13.22,4509100,12.47
"2011-04-19",13.28,13.52,13.25,13.47,3269900,12.7
"2011-04-20",13.74,13.78,13.48,13.5,3556800,12.73
"2011-04-21",13.62,13.62,13.34,13.4,3608200,12.64
"2011-04-25",13.26,13.48,13.22,13.38,4243600,12.62
"2011-04-26",13,13.47,12.98,13.01,11800000,12.27
"2011-04-27",13.02,13.45,12.96,13.24,6047600,12.49
"2011-04-28",13.24,13.62,13.21,13.6,5002600,12.83
"2011-04-29",13.54,13.74,13.42,13.42,3512100,12.66
"2011-05-02",13.48,13.61,13.38,13.51,3831600,12.74
"2011-05-03",13.46,13.51,13.24,13.31,5089100,12.55
"2011-05-04",13.31,13.37,13.15,13.32,3623400,12.56
"2011-05-05",13.22,13.51,13.1,13.19,5337000,12.44
"2011-05-06",13.39,13.51,13.15,13.36,5007400,12.6
"2011-05-09",13.35,13.42,13.21,13.3,1728700,12.54
"2011-05-10",13.37,13.61,13.33,13.54,2160400,12.77
"2011-05-11",13.53,13.58,13.19,13.37,4450700,12.61
"2011-05-12",13.33,13.5,13.16,13.5,4500000,12.73
"2011-05-13",13.53,13.53,13.18,13.22,5519600,12.47
"2011-05-16",13.18,13.26,12.96,13.01,4373600,12.27
"2011-05-17",12.95,13.18,12.87,13.07,5152200,12.33
"2011-05-18",13.1,13.52,13.08,13.41,4058800,12.65
"2011-05-19",13.5,13.83,13.46,13.81,5447000,13.02
"2011-05-20",13.8,14.29,13.75,14.25,10580800,13.44
"2011-05-23",14.01,14.3,13.84,14.2,8110900,13.39
"2011-05-24",14.22,14.39,13.99,14.11,11657500,13.31
"2011-05-25",14.22,14.3,14.02,14.22,3826400,13.41
"2011-05-26",14.2,14.3,14.12,14.24,5923700,13.43
"2011-05-27",14.3,14.39,14.24,14.29,5055100,13.48
"2011-05-31",14.41,14.43,14.22,14.25,5270500,13.44
"2011-06-01",14.23,14.28,13.81,13.9,7843300,13.11
"2011-06-02",13.9,14.04,13.85,13.89,5887700,13.1
"2011-06-03",13.65,13.73,13.28,13.3,6665700,12.54
"2011-06-06",13.24,13.34,12.85,12.89,5712600,12.16
"2011-06-07",12.94,13,12.5,12.51,9043700,11.8
"2011-06-08",12.52,12.52,12.12,12.35,12172300,11.65
"2011-06-09",12.42,12.42,12.16,12.23,7053900,11.53
"2011-06-10",12.09,12.21,11.73,11.81,8251100,11.14
"2011-06-13",11.83,12.01,11.78,11.83,5731000,11.16
"2011-06-14",12.22,12.4,12.16,12.21,9326900,11.51
"2011-06-15",12.04,12.06,11.76,11.83,5046500,11.16
"2011-06-16",11.86,12.14,11.79,11.97,5466000,11.29
"2011-06-17",12.12,12.16,11.96,12.13,6814600,11.44
"2011-06-20",12.06,12.25,11.91,12.19,4404200,11.5
"2011-06-21",12.29,12.46,12.18,12.43,3746900,11.72
"2011-06-22",12.37,12.55,12.23,12.29,4590300,11.59
"2011-06-23",12.09,12.36,12.01,12.36,6819800,11.66
"2011-06-24",12.34,12.41,11.99,12.01,7365800,11.33
"2011-06-27",12.04,12.14,11.92,12.08,4892700,11.39
"2011-06-28",12.13,12.17,11.99,12.15,4198000,11.46
"2011-06-29",12.2,12.27,12.03,12.11,3465100,11.42
"2011-06-30",12.17,12.38,11.99,12.03,4970600,11.34
"2011-07-01",12.09,12.5,12.08,12.46,6067500,11.75
"2011-07-05",12.41,12.43,12.14,12.27,3813400,11.57
"2011-07-06",12.18,12.23,11.95,12.08,4337800,11.46
"2011-07-07",12.22,12.25,12.01,12.04,7287000,11.42
"2011-07-08",11.93,11.94,11.74,11.92,5084500,11.31
"2011-07-11",11.78,11.78,11.45,11.73,6628400,11.13
"2011-07-12",11.73,11.79,11.57,11.61,7523900,11.02
"2011-07-13",11.64,11.82,11.55,11.58,3376800,10.99
"2011-07-14",11.61,11.63,11.24,11.32,9646200,10.74
"2011-07-15",11.34,11.4,11.23,11.37,4284300,10.79
"2011-07-18",11.27,11.38,11.14,11.32,5664800,10.74
"2011-07-19",11.43,11.65,11.42,11.55,5026400,10.96
"2011-07-20",11.61,11.62,11.32,11.49,4518100,10.9
"2011-07-21",11.57,11.73,11.51,11.56,4817000,10.97
"2011-07-22",11.54,11.61,11.3,11.42,3745700,10.84
"2011-07-25",11.25,11.71,11.22,11.47,6210400,10.88
"2011-07-26",11.13,11.58,10.78,11.11,11139300,10.54
"2011-07-27",11.06,11.07,10.85,10.92,6818800,10.36
"2011-07-28",10.88,10.97,10.58,10.59,7359600,10.05
"2011-07-29",10.49,10.8,10.38,10.55,12080900,10.01
"2011-08-01",10.7,10.7,10.34,10.55,8150100,10.01
"2011-08-02",10.42,10.53,10.03,10.05,5502700,9.54
"2011-08-03",10.09,10.21,9.77,10.13,9935700,9.61
"2011-08-04",9.95,9.95,9.2,9.23,10605600,8.76
"2011-08-05",9.39,9.52,8.93,9.18,11538600,8.71
"2011-08-08",8.96,9.07,8.18,8.24,12035700,7.82
"2011-08-09",8.42,8.45,7.73,8.34,10617000,7.91
"2011-08-10",8.16,8.35,7.87,8.11,12512300,7.69
"2011-08-11",8.16,8.52,8.03,8.37,8682000,7.94
"2011-08-12",8.38,8.67,8.32,8.56,4696500,8.12
"2011-08-15",8.65,8.83,8.5,8.83,4414000,8.38
"2011-08-16",8.73,8.84,8.65,8.8,6342000,8.35
"2011-08-17",8.85,8.91,8.61,8.7,5474800,8.25
"2011-08-18",8.42,8.43,7.8,7.87,4354700,7.47
"2011-08-19",7.65,7.97,7.55,7.56,4244100,7.17
"2011-08-22",7.75,7.81,7.22,7.46,10675400,7.08
"2011-08-23",7.48,7.77,7.36,7.76,5302700,7.36
"2011-08-24",7.71,8.05,7.64,7.99,7347800,7.58
"2011-08-25",8.04,8.14,7.78,7.88,4152600,7.48
"2011-08-26",7.82,8.21,7.73,8.05,7784000,7.64
"2011-08-29",8.22,8.85,8.18,8.85,5000800,8.4
"2011-08-30",8.84,8.96,8.58,8.88,4694500,8.43
"2011-08-31",8.9,9.21,8.77,8.87,5331800,8.42
"2011-09-01",8.86,8.99,8.32,8.33,5712700,7.9
"2011-09-02",8.1,8.25,7.97,7.98,4344200,7.57
"2011-09-06",7.63,7.87,7.47,7.85,7100600,7.45
"2011-09-07",8.02,8.3,7.9,8.25,4968800,7.83
"2011-09-08",8.12,8.21,7.89,7.98,5998200,7.57
"2011-09-09",7.87,7.98,7.65,7.8,5225600,7.4
"2011-09-12",7.66,7.76,7.33,7.57,5323100,7.18
"2011-09-13",7.62,7.77,7.47,7.69,3660200,7.3
"2011-09-14",7.76,8.05,7.58,7.95,5653300,7.54
"2011-09-15",8.07,8.17,7.91,7.99,4261000,7.58
"2011-09-16",8.02,8.15,7.86,7.97,3784700,7.56
"2011-09-19",7.77,7.81,7.59,7.73,3687600,7.33
"2011-09-20",7.8,7.85,7.6,7.61,4585200,7.22
"2011-09-21",7.58,7.6,7.18,7.19,5804900,6.82
"2011-09-22",6.93,7.02,6.78,6.96,8806500,6.6
"2011-09-23",6.95,7.31,6.91,7.14,5862600,6.77
"2011-09-26",7.2,7.26,6.94,7.26,4791500,6.89
"2011-09-27",7.49,7.85,7.3,7.38,6114100,7
"2011-09-28",7.48,7.56,7.26,7.38,7649200,7
"2011-09-29",7.58,7.64,7.28,7.52,10827400,7.14
"2011-09-30",7.42,7.44,7.08,7.12,6201700,6.76
"2011-10-03",7.04,7.26,6.91,6.91,7393700,6.56
"2011-10-04",6.8,7.37,6.6,7.33,8800000,6.95
"2011-10-05",7.26,7.77,7.09,7.74,6075100,7.42
"2011-10-06",7.71,7.83,7.58,7.82,4429200,7.5
"2011-10-07",7.9,7.91,7.37,7.49,5028800,7.18
"2011-10-10",7.66,7.94,7.61,7.93,3334300,7.6
"2011-10-11",7.82,7.97,7.76,7.84,4306000,7.52
"2011-10-12",7.91,8.21,7.85,8.02,3975500,7.69
"2011-10-13",7.96,8.08,7.81,8.01,4244200,7.68
"2011-10-14",8.15,8.47,8.13,8.47,5722500,8.12
"2011-10-17",8.48,8.48,8.25,8.29,7581200,7.95
"2011-10-18",8.29,8.89,8.2,8.76,8546000,8.4
"2011-10-19",8.75,8.8,8.57,8.64,5488900,8.28
"2011-10-20",8.66,8.71,8.43,8.65,4779000,8.29
"2011-10-21",8.8,9.02,8.68,9,4658100,8.63
"2011-10-24",9.02,9.42,8.9,9.34,6423000,8.95
"2011-10-25",9.13,9.9,9.05,9.5,12003100,9.11
"2011-10-26",9.67,9.9,9.46,9.65,9007400,9.25
"2011-10-27",10.05,10.46,9.86,10.23,9455000,9.81
"2011-10-28",10.18,10.27,9.77,9.88,5355900,9.47
"2011-10-31",9.74,9.97,9.58,9.6,5355400,9.2
"2011-11-01",9.3,9.3,8.82,8.95,6317300,8.58
"2011-11-02",9.15,9.3,8.94,9.09,5572700,8.71
"2011-11-03",9.21,9.5,9.01,9.45,4566800,9.06
"2011-11-04",9.3,9.45,9.11,9.39,3249100,9
"2011-11-07",9.27,9.46,9.09,9.4,2948500,9.01
"2011-11-08",9.45,9.77,9.31,9.71,3644800,9.31
"2011-11-09",9.38,9.38,8.9,8.94,5160100,8.57
"2011-11-10",9.14,9.24,9.03,9.13,4618500,8.75
"2011-11-11",9.33,9.83,9.27,9.55,3973900,9.15
"2011-11-14",9.48,9.59,9.26,9.39,9336500,9
"2011-11-15",9.36,9.73,9.32,9.69,6364200,9.29
"2011-11-16",9.51,9.9,9.43,9.6,5637200,9.2
"2011-11-17",9.56,9.63,9.08,9.16,6231100,8.78
"2011-11-18",9.26,9.31,9,9.01,5859400,8.64
"2011-11-21",8.83,8.88,8.63,8.75,5681800,8.39
"2011-11-22",8.77,8.85,8.52,8.76,4389900,8.4
"2011-11-23",8.67,8.72,8.33,8.42,3274600,8.07
"2011-11-25",8.37,8.6,8.36,8.42,1033700,8.07
"2011-11-28",8.76,8.99,8.76,8.93,4370500,8.56
"2011-11-29",8.97,9.11,8.87,9,4139000,8.63
"2011-11-30",9.39,9.6,9.23,9.58,5199900,9.18
"2011-12-01",9.52,9.64,9.37,9.43,4199200,9.04
"2011-12-02",9.54,9.55,9.28,9.32,6026000,8.93
"2011-12-05",9.51,9.58,9.34,9.41,6138100,9.02
"2011-12-06",9.44,9.61,9.28,9.45,4842600,9.06
"2011-12-07",9.34,9.57,9.26,9.45,6017500,9.06
"2011-12-08",9.38,9.41,9.03,9.04,4236200,8.67
"2011-12-09",9.06,9.42,9.05,9.39,2667900,9
"2011-12-12",9.27,9.27,8.97,9.16,3685800,8.78
"2011-12-13",9.42,9.58,8.9,8.99,5250100,8.62
"2011-12-14",8.9,8.9,8.57,8.64,4447000,8.28
"2011-12-15",8.71,8.9,8.59,8.7,3312700,8.34
"2011-12-16",8.79,9.17,8.76,9.16,8251300,8.78
"2011-12-19",9.2,9.36,8.97,9.02,5493700,8.65
"2011-12-20",9.24,9.85,9.23,9.82,4421100,9.41
"2011-12-21",9.78,10.08,9.63,10.02,3682500,9.61
"2011-12-22",10.1,10.33,10.03,10.23,3341700,9.81
"2011-12-23",10.29,10.34,10.15,10.2,2645700,9.78
"2011-12-27",10.2,10.26,10.1,10.19,1438600,9.77
"2011-12-28",10.21,10.23,9.78,9.87,2359500,9.46
"2011-12-29",9.91,10.71,9.87,10.7,4674900,10.26
"2011-12-30",10.66,10.68,10.46,10.48,3110300,10.05
"2012-01-03",10.8,11.16,10.75,10.98,5875100,10.53
"2012-01-04",10.88,11.29,10.86,11.19,8247200,10.8
"2012-01-05",11.12,11.8,11.07,11.54,8578400,11.14
"2012-01-06",11.54,11.62,11.32,11.4,5792500,11
"2012-01-09",11.4,11.56,11.32,11.4,5089700,11
"2012-01-10",11.59,11.8,11.42,11.46,6452100,11.06
"2012-01-11",11.71,12.29,11.58,11.99,12534300,11.57
"2012-01-12",12.06,12.16,11.81,11.93,6889800,11.52
"2012-01-13",11.81,12.11,11.75,12.09,7382100,11.67
"2012-01-17",12.22,12.29,11.95,12.1,5304700,11.68
"2012-01-18",12.06,12.68,11.98,12.66,8884800,12.22
"2012-01-19",12.69,12.97,12.45,12.85,8376700,12.4
"2012-01-20",12.85,12.86,12.19,12.41,8825000,11.98
"2012-01-23",12.45,12.75,12.12,12.12,6755500,11.7
"2012-01-24",11.99,12.29,11.92,12.22,4371100,11.79
"2012-01-25",12.16,12.65,11.96,12.6,6641700,12.16
"2012-01-26",12.69,13.04,12.2,12.25,7528600,11.82
"2012-01-27",12.17,12.38,12.13,12.33,5004600,11.9
"2012-01-30",12.14,12.36,11.87,12.25,4103400,11.82
"2012-01-31",12.35,12.37,11.93,12.07,3783100,11.65
"2012-02-01",12.23,12.54,12.16,12.45,5805200,12.02
"2012-02-02",12.52,12.65,12.37,12.44,5378000,12.01
"2012-02-03",12.69,12.95,12.69,12.92,4615700,12.47
"2012-02-06",12.81,12.96,12.69,12.9,2799600,12.45
"2012-02-07",12.85,12.89,12.6,12.8,3167600,12.35
"2012-02-08",12.82,12.88,12.65,12.82,2771100,12.37
"2012-02-09",12.85,13.14,12.79,13.01,7026000,12.56
"2012-02-10",12.82,12.97,12.64,12.72,5174400,12.28
"2012-02-13",12.86,13.29,12.82,13.23,12640500,12.77
"2012-02-14",11.97,12.25,11.38,11.63,22920000,11.23
"2012-02-15",11.64,11.84,11.23,11.67,9970400,11.26
"2012-02-16",11.24,12.09,11.18,12.04,10334800,11.62
"2012-02-17",12.3,12.32,11.87,12.1,7725400,11.68
"2012-02-21",12.16,12.25,11.7,11.77,9984100,11.36
"2012-02-22",11.7,11.92,11.67,11.87,7938800,11.46
"2012-02-23",11.82,12.01,11.72,11.93,4720800,11.52
"2012-02-24",11.93,11.93,11.53,11.57,5311500,11.17
"2012-02-27",11.42,11.95,11.39,11.75,5916500,11.34
"2012-02-28",11.75,12.13,11.62,11.98,8379000,11.56
"2012-02-29",11.97,12.13,11.81,11.88,6850800,11.47
"2012-03-01",11.96,12.1,11.77,11.87,3549900,11.46
"2012-03-02",11.77,11.97,11.52,11.56,4152700,11.16
"2012-03-05",11.55,11.78,11.4,11.74,4879000,11.33
"2012-03-06",11.48,11.52,11.01,11.06,7398200,10.68
"2012-03-07",11.14,11.62,11.14,11.57,6797700,11.17
"2012-03-08",11.59,12.02,11.59,11.98,8439800,11.56
"2012-03-09",12.01,12.39,11.96,12.11,6127300,11.69
"2012-03-12",12.11,12.2,11.94,12.05,4335500,11.63
"2012-03-13",12.19,12.93,12.15,12.9,10749400,12.45
"2012-03-14",12.87,12.97,12.73,12.92,7613400,12.47
"2012-03-15",12.92,13.79,12.8,13.59,11838900,13.12
"2012-03-16",13.72,13.78,13.35,13.38,8138700,12.91
"2012-03-19",13.41,13.84,13.4,13.7,8028400,13.22
"2012-03-20",13.49,13.69,13.2,13.61,6522200,13.14
"2012-03-21",13.72,14.35,13.72,14.1,10296400,13.61
"2012-03-22",13.9,14.02,13.5,13.74,4848200,13.26
"2012-03-23",13.48,13.7,13.07,13.58,6982900,13.11
"2012-03-26",13.79,14,13.51,13.78,3738100,13.3
"2012-03-27",13.84,14.41,13.77,13.81,6835800,13.33
"2012-03-28",13.77,13.87,13.48,13.68,4657400,13.2
"2012-03-29",13.55,13.67,13.09,13.64,6364300,13.17
"2012-03-30",13.87,13.9,13.34,13.37,5938700,12.9
"2012-04-02",13.3,13.5,13,13.22,8119200,12.76
"2012-04-03",13.25,13.31,12.95,13.08,7656100,12.63
"2012-04-04",12.91,12.91,12.54,12.79,12047600,12.42
"2012-04-05",12.72,12.92,12.65,12.77,5170700,12.4
"2012-04-09",12.55,12.58,12.15,12.27,9040500,11.91
"2012-04-10",12.21,12.26,11.99,12.05,13195800,11.7
"2012-04-11",12.3,12.44,12.16,12.2,5602900,11.84
"2012-04-12",12.22,12.75,12.2,12.57,5604300,12.2
"2012-04-13",12.45,12.47,12.02,12.14,5251200,11.79
"2012-04-16",12.27,12.44,11.97,12.2,4740000,11.84
"2012-04-17",12.36,12.65,12.23,12.49,4372700,12.13
"2012-04-18",12.33,12.35,11.91,11.99,6097600,11.64
"2012-04-19",11.97,12.16,11.66,11.97,8249500,11.62
"2012-04-20",12.03,12.13,11.91,12,4625300,11.65
"2012-04-23",11.78,11.97,11.72,11.88,5165600,11.53
"2012-04-24",11.94,12.26,11.8,12.24,4768400,11.88
"2012-04-25",12.45,12.81,12.31,12.64,4570500,12.27
"2012-04-26",12.64,12.97,12.58,12.9,5551400,12.52
"2012-04-27",13,13.5,12.92,13.44,7826400,13.05
"2012-04-30",13.33,13.33,13.1,13.18,8084400,12.79
"2012-05-01",13.93,14.32,13.58,13.93,15450200,13.52
"2012-05-02",13.89,14.63,13.89,14.54,11944900,14.12
"2012-05-03",14.56,14.65,14.32,14.42,6642100,14
"2012-05-04",14.3,14.48,14.1,14.4,6651200,13.98
"2012-05-07",14.3,14.68,14.28,14.55,4770800,14.12
"2012-05-08",14.38,14.47,13.94,14.32,8694300,13.9
"2012-05-09",14.08,14.2,13.72,14.01,10531800,13.6
"2012-05-10",14.19,14.33,13.87,13.93,5834700,13.52
"2012-05-11",13.8,14.16,13.71,13.97,5928000,13.56
"2012-05-14",13.75,13.89,13.42,13.5,6063700,13.11
"2012-05-15",13.42,13.53,13.19,13.21,12660000,12.82
"2012-05-16",13.37,13.62,13.12,13.16,9547700,12.78
"2012-05-17",13.24,13.28,12.15,12.16,11861800,11.8
"2012-05-18",12.19,12.25,11.7,11.85,13597100,11.5
"2012-05-21",11.94,12.33,11.71,12.26,6801000,11.9
"2012-05-22",12.26,12.66,12.14,12.55,9954400,12.18
"2012-05-23",12.36,12.77,12.3,12.76,9635800,12.39
"2012-05-24",12.75,12.97,12.44,12.69,5589200,12.32
"2012-05-25",12.7,12.74,12.5,12.6,4895300,12.23
"2012-05-29",12.78,13.04,12.66,13,5271600,12.62
"2012-05-30",12.81,12.81,12.25,12.36,6666200,12
"2012-05-31",12.48,12.86,12.16,12.67,7806200,12.3
"2012-06-01",12.33,12.36,11.96,12.04,12742200,11.69
"2012-06-04",12.08,12.18,11.55,11.73,8768600,11.39
"2012-06-05",11.62,12.18,11.61,12.15,8659500,11.8
"2012-06-06",12.29,12.89,12.25,12.88,7022600,12.5
"2012-06-07",12.98,13.44,12.88,12.99,6634000,12.61
"2012-06-08",12.94,13.53,12.78,13.5,6173800,13.11
"2012-06-11",13.69,13.74,12.83,12.84,4563800,12.46
"2012-06-12",12.9,13.41,12.78,13.34,5789600,12.95
"2012-06-13",13.25,13.49,12.87,12.93,9273100,12.55
"2012-06-14",12.98,13.39,12.85,13.3,5168300,12.91
"2012-06-15",13.38,13.69,13.3,13.6,9186600,13.2
"2012-06-18",13.57,13.92,13.41,13.83,6302700,13.43
"2012-06-19",13.98,14.15,13.89,13.95,5377300,13.54
"2012-06-20",13.96,14.12,13.68,13.99,6838100,13.58
"2012-06-21",13.89,13.89,13.03,13.09,8757700,12.71
"2012-06-22",13.24,13.33,12.65,12.76,8555600,12.39
"2012-06-25",12.52,12.55,12.11,12.26,7235500,11.9
"2012-06-26",12.32,12.8,12.1,12.7,7404600,12.33
"2012-06-27",12.83,13.34,12.8,13.25,7314600,12.86
"2012-06-28",12.99,13.52,12.95,13.48,5113200,13.09
"2012-06-29",13.87,14.02,13.72,13.87,6024200,13.46
"2012-07-02",13.87,14.25,13.68,14.17,5912100,13.76
"2012-07-03",14.01,14.05,13.88,13.97,2807600,13.63
"2012-07-05",13.92,14.24,13.86,14.18,4190500,13.84
"2012-07-06",13.88,14.17,13.8,14.16,4783700,13.82
"2012-07-09",14.07,14.17,13.88,14.11,6871000,13.77
"2012-07-10",14.23,14.23,13.46,13.61,5452000,13.28
"2012-07-11",13.65,13.65,13.33,13.44,5180000,13.12
"2012-07-12",13.34,13.81,13.14,13.71,4685500,13.38
"2012-07-13",13.74,14.06,13.67,14.05,5062800,13.71
"2012-07-16",13.94,14.09,13.64,13.78,5058600,13.45
"2012-07-17",13.84,13.86,13.33,13.69,6324500,13.36
"2012-07-18",13.66,14.47,13.65,14.23,7165400,13.89
"2012-07-19",14.28,14.43,13.88,14.37,6599400,14.02
"2012-07-20",14.2,14.5,14.13,14.15,5369100,13.81
"2012-07-23",13.82,14.05,13.61,13.94,4403300,13.6
"2012-07-24",13.94,14,13.49,13.65,6101500,13.32
"2012-07-25",13.75,13.76,12.9,12.92,9647300,12.61
"2012-07-26",13.23,13.47,12.9,13.06,8866300,12.75
"2012-07-27",13.17,13.5,12.82,13.3,6181200,12.98
"2012-07-30",13.28,13.39,13.05,13.12,7469200,12.8
"2012-07-31",12.33,12.69,11.96,12.03,21029000,11.74
"2012-08-01",12.04,12.14,11.57,11.94,9015200,11.65
"2012-08-02",11.71,12.09,11.53,12,6384400,11.71
"2012-08-03",12.36,12.87,12.31,12.71,7944400,12.4
"2012-08-06",12.79,12.79,12.48,12.57,5125400,12.27
"2012-08-07",12.67,12.99,12.56,12.88,4507400,12.57
"2012-08-08",12.82,13.12,12.73,13.08,4021300,12.77
"2012-08-09",13.08,13.2,12.94,13.1,4393400,12.78
"2012-08-10",13.03,13.12,12.89,12.97,3050200,12.66
"2012-08-13",12.96,13.06,12.69,12.83,3807400,12.52
"2012-08-14",12.96,13.27,12.88,12.98,5873200,12.67
"2012-08-15",12.97,13.24,12.81,13.19,5343800,12.87
"2012-08-16",13.18,13.91,13.02,13.78,7431700,13.45
"2012-08-17",13.99,14.04,13.7,13.89,6008300,13.56
"2012-08-20",13.87,13.93,13.58,13.66,5259200,13.33
"2012-08-21",13.73,13.96,13.53,13.65,5280200,13.32
"2012-08-22",13.52,14,13.52,13.87,5216600,13.54
"2012-08-23",13.83,14.14,13.79,13.93,4863800,13.59
"2012-08-24",13.85,14.21,13.68,14.13,5414900,13.79
"2012-08-27",14.16,14.21,13.85,13.85,3958100,13.52
"2012-08-28",13.82,14.01,13.76,13.84,2383500,13.51
"2012-08-29",13.84,13.99,13.78,13.88,2978700,13.55
"2012-08-30",13.75,13.86,13.7,13.76,2450300,13.43
"2012-08-31",13.92,14.23,13.77,14.16,3035400,13.82
"2012-09-04",14.17,14.29,13.91,14.05,4422600,13.71
"2012-09-05",14.09,14.1,13.42,13.46,6969600,13.14
"2012-09-06",13.56,13.85,13.55,13.8,3912800,13.47
"2012-09-07",13.83,14.19,13.76,14.15,3681400,13.81
"2012-09-10",14.12,14.39,14.07,14.18,5101300,13.84
"2012-09-11",14.23,14.46,14.19,14.41,5048200,14.06
"2012-09-12",14.42,14.81,14.39,14.75,4816900,14.4
"2012-09-13",14.72,15.6,14.45,15.33,7431000,14.96
"2012-09-14",15.38,16.21,15.36,15.8,7603100,15.42
"2012-09-17",15.8,15.8,15.36,15.52,4452300,15.15
"2012-09-18",15.49,15.77,15.44,15.63,4950500,15.25
"2012-09-19",15.63,16.07,15.62,15.9,9635300,15.52
"2012-09-20",15.77,16.2,15.67,16.08,6457600,15.69
"2012-09-21",16.34,16.48,15.98,16.25,10144600,15.86
"2012-09-24",16.37,16.37,15.81,15.94,8600200,15.56
"2012-09-25",16.04,16.1,15.51,15.54,5382400,15.17
"2012-09-26",15.55,15.62,14.91,14.98,7989400,14.62
"2012-09-27",15.06,15.42,14.82,15.31,6175400,14.94
"2012-09-28",15.23,15.35,14.96,15.05,4792200,14.69
"2012-10-01",15.17,15.46,15.02,15.34,7668100,14.97
"2012-10-02",15.41,15.61,15.2,15.37,4348800,15
"2012-10-03",15.52,15.98,15.4,15.91,5092700,15.53
"2012-10-04",16.03,16.22,15.86,16.01,3358900,15.62
"2012-10-05",16.23,16.33,15.9,15.97,2908800,15.59
"2012-10-08",15.87,15.91,15.42,15.57,3892300,15.2
"2012-10-09",15.48,15.48,14.5,14.67,10585000,14.32
"2012-10-10",14.52,14.88,14.27,14.32,8286700,14.05
"2012-10-11",14.5,14.66,14.24,14.3,4871800,14.03
"2012-10-12",14.36,14.44,14.06,14.3,3232400,14.03
"2012-10-15",14.32,14.82,14.21,14.78,4545600,14.5
"2012-10-16",14.94,15.07,14.64,14.77,4719000,14.49
"2012-10-17",14.99,15.56,14.9,14.97,6784000,14.69
"2012-10-18",14.97,15.33,14.8,15.16,6004300,14.87
"2012-10-19",15.33,15.36,14.95,15.04,4265200,14.75
"2012-10-22",15.01,15.12,14.66,14.81,3367300,14.53
"2012-10-23",14.49,15.11,14.33,15.05,6129800,14.76
"2012-10-24",15.25,15.56,15.05,15.53,7554800,15.23
"2012-10-25",15.8,15.92,14.84,14.91,6062600,14.63
"2012-10-26",14.81,14.85,14.33,14.6,5255000,14.32
"2012-10-31",14.77,15.34,14.77,15.09,6587100,14.8
"2012-11-01",15.15,16.19,15.1,16.13,8358600,15.82
"2012-11-02",16.28,16.4,15.87,15.89,4249300,15.59
"2012-11-05",14.73,16.17,14.49,16.16,3721800,15.85
"2012-11-06",16.21,16.5,16.19,16.34,5280400,16.03
"2012-11-07",16.14,16.43,15.78,16.29,6392100,15.98
"2012-11-08",16.28,16.32,15.6,15.69,3967200,15.39
"2012-11-09",15.64,15.78,15.19,15.29,5079700,15
"2012-11-12",15.37,15.51,15.1,15.11,2164700,14.82
"2012-11-13",14.92,15.75,14.92,15.47,4524500,15.18
"2012-11-14",15.56,15.73,14.81,14.89,4462900,14.61
"2012-11-15",14.87,15.15,14.36,14.41,4674200,14.14
"2012-11-16",14.48,15.02,14.41,14.92,5356400,14.64
"2012-11-19",15.2,15.62,15.18,15.44,4237800,15.15
"2012-11-20",15.48,16.34,15.48,16.31,6686600,16
"2012-11-21",16.31,16.63,16.25,16.59,5773400,16.27
"2012-11-23",16.67,16.91,16.58,16.9,1761200,16.58
"2012-11-26",16.8,17,16.75,16.86,6787400,16.54
"2012-11-27",16.81,17.11,16.66,16.97,4737800,16.65
"2012-11-28",16.83,16.97,16.54,16.88,4853300,16.56
"2012-11-29",17.01,17.14,16.63,17.08,4030900,16.75
"2012-11-30",17.12,17.19,16.77,16.96,3942100,16.64
"2012-12-03",17.05,17.14,16.65,16.66,3341200,16.34
"2012-12-04",16.72,16.76,16.32,16.58,4781600,16.26
"2012-12-05",16.67,16.71,15.94,16.21,5407400,15.9
"2012-12-06",16.2,16.26,15.68,15.78,5544800,15.48
"2012-12-07",15.93,16.13,15.82,15.99,2759400,15.69
"2012-12-10",15.97,15.99,15.8,15.87,2737100,15.57
"2012-12-11",16.01,16.08,15.64,15.72,3142200,15.42
"2012-12-12",15.82,16.38,15.75,16.26,4386400,15.95
"2012-12-13",16.21,16.56,16.01,16.16,3000400,15.85
"2012-12-14",15.94,16.35,15.92,16.12,2492700,15.81
"2012-12-17",16.23,16.46,16.16,16.39,3493200,16.08
"2012-12-18",16.45,16.74,16.37,16.7,4136400,16.38
"2012-12-19",16.7,16.72,16.34,16.35,4179300,16.04
"2012-12-20",16.33,16.65,16.14,16.65,3507200,16.33
"2012-12-21",16.41,16.5,15.92,16.27,9366700,15.96
"2012-12-24",16.28,16.56,16.25,16.49,1090300,16.18
"2012-12-26",16.52,16.58,16.22,16.25,2109600,15.94
"2012-12-27",16.26,16.38,15.93,16.29,2314900,15.98
"2012-12-28",16.08,16.27,15.94,16.04,2998100,15.73
"2012-12-31",16.02,16.8,15.85,16.66,4423200,16.34
"2013-01-02",17.04,17.6,16.98,17.07,7094800,16.82
"2013-01-03",17.11,17.49,16.91,17.3,3327500,17.05
"2013-01-04",17.35,17.56,17.3,17.47,3538100,17.21
"2013-01-07",17.3,17.46,17.12,17.25,2945300,17
"2013-01-08",17.19,17.38,17.12,17.23,3064500,16.98
"2013-01-09",17.29,17.76,17.28,17.43,2971300,17.18
"2013-01-10",17.58,17.59,17.28,17.47,3197300,17.21
"2013-01-11",18.1,18.14,17.64,17.69,4445400,17.43
"2013-01-14",17.67,17.71,17.43,17.5,2879300,17.24
"2013-01-15",17.42,17.62,17.38,17.46,3618600,17.21
"2013-01-16",17.38,17.5,17.2,17.37,4136300,17.12
"2013-01-17",17.48,17.59,17.41,17.5,4869400,17.24
"2013-01-18",17.72,17.9,17.59,17.78,4485000,17.52
"2013-01-22",17.75,17.84,17.5,17.61,3837600,17.35
"2013-01-23",17.55,17.69,17.43,17.61,3920300,17.35
"2013-01-24",17.61,17.85,17.59,17.73,3458600,17.47
"2013-01-25",17.81,18.41,17.75,18.36,6697400,18.09
"2013-01-28",18.39,18.49,18,18.13,4372700,17.87
"2013-01-29",18.12,18.34,18.08,18.28,2818600,18.01
"2013-01-30",18.32,18.64,18.16,18.22,3932000,17.95
"2013-01-31",18.11,18.42,17.91,18.39,4313000,18.12
"2013-02-01",18.63,18.82,18.45,18.55,4424400,18.28
"2013-02-04",18.36,18.55,18.16,18.27,4084800,18
"2013-02-05",18.42,18.43,18.2,18.37,2942500,18.1
"2013-02-06",18.24,18.38,18.17,18.28,3336800,18.01
"2013-02-07",18.26,18.27,17.78,17.86,4050500,17.6
"2013-02-08",17.88,17.94,17.66,17.79,2785400,17.53
"2013-02-11",17.79,17.95,17.66,17.79,4466300,17.53
"2013-02-12",19.3,20.44,19.04,20.01,23556500,19.72
"2013-02-13",20.1,20.7,20.08,20.36,8811300,20.06
"2013-02-14",20.45,20.45,20.08,20.11,5631400,19.82
"2013-02-15",20.22,20.25,19.94,20,4603100,19.71
"2013-02-19",20.04,20.13,19.75,19.98,6404800,19.69
"2013-02-20",19.88,19.89,18.64,18.73,8109800,18.46
"2013-02-21",18.63,18.76,18.41,18.64,7450500,18.37
"2013-02-22",18.76,19.03,18.75,18.92,3710700,18.64
"2013-02-25",19.03,19.18,17.98,18.01,5849600,17.75
"2013-02-26",18.19,18.81,17.98,18.72,6841100,18.45
"2013-02-27",18.74,19.32,18.73,19.2,4055900,18.92
"2013-02-28",19.2,19.49,19.1,19.26,2949000,18.98
"2013-03-01",19.12,19.37,18.82,19.22,4111700,18.94
"2013-03-04",19.1,19.51,19.04,19.51,3257700,19.23
"2013-03-05",19.66,20.18,19.61,20.02,4858300,19.73
"2013-03-06",20.14,20.24,19.71,19.89,3775700,19.6
"2013-03-07",19.97,20.24,19.74,19.96,4740800,19.67
"2013-03-08",20.16,20.28,19.88,19.94,4083300,19.65
"2013-03-11",20.21,20.26,19.82,19.85,5070700,19.56
"2013-03-12",19.85,19.89,19.39,19.56,3897300,19.27
"2013-03-13",19.6,20.23,19.51,20.19,4992900,19.9
"2013-03-14",20.24,20.55,20.22,20.27,4599100,19.97
"2013-03-15",20.24,20.39,19.93,19.96,5610500,19.67
"2013-03-18",19.71,20.44,19.62,20.22,4653000,19.92
"2013-03-19",20.36,20.62,20.11,20.41,4061100,20.11
"2013-03-20",20.54,21.07,20.54,20.94,4622400,20.63
"2013-03-21",20.78,20.85,20.09,20.54,6763300,20.24
"2013-03-22",20.59,20.69,20.39,20.6,2845000,20.3
"2013-03-25",20.68,20.94,20.36,20.55,3292700,20.25
"2013-03-26",20.63,20.82,20.34,20.64,3701300,20.34
"2013-03-27",20.46,20.54,20.16,20.5,2483100,20.2
"2013-03-28",20.52,20.55,20.13,20.25,3619800,19.95
"2013-04-01",20.27,20.29,19.76,19.89,2668900,19.6
"2013-04-02",19.95,20.09,19.51,19.64,2714000,19.35
"2013-04-03",19.57,19.75,18.96,19.2,4535500,18.99
"2013-04-04",19.23,19.59,19.01,19.23,5569600,19.02
"2013-04-05",18.91,19.35,18.46,19.28,4466900,19.07
"2013-04-08",19.27,19.64,19.11,19.6,4412200,19.39
"2013-04-09",19.66,19.77,19.43,19.59,3810900,19.38
"2013-04-10",19.61,19.85,19.49,19.83,3370100,19.62
"2013-04-11",19.85,20.25,19.81,20.16,4157600,19.94
"2013-04-12",20.1,20.29,19.84,20.11,3230200,19.89
"2013-04-15",19.94,19.96,18.57,18.65,7201400,18.45
"2013-04-16",18.96,19.39,18.8,19.33,5055700,19.12
"2013-04-17",19.1,19.1,18.51,19,4942000,18.79
"2013-04-18",19.09,19.12,18.6,18.79,4147800,18.59
"2013-04-19",18.87,19.4,18.79,19.27,3258600,19.06
"2013-04-22",19.32,19.34,18.86,19.21,3001100,19
"2013-04-23",19.41,20.04,19.41,20.03,5113700,19.81
"2013-04-24",20.12,20.47,19.96,20.31,4098900,20.09
"2013-04-25",20.41,20.59,20.29,20.35,4193700,20.13
"2013-04-26",20.31,20.69,20.17,20.62,5175500,20.4
"2013-04-29",20.71,20.92,20.41,20.42,7679300,20.2
"2013-04-30",20.15,20.44,19.2,19.44,12613800,19.23
"2013-05-01",19.43,20.29,19.43,20.11,8326000,19.89
"2013-05-02",20.12,21.1,20.12,20.96,6162300,20.73
"2013-05-03",21.27,22.1,21.27,21.6,7421900,21.37
"2013-05-06",21.61,21.75,21.42,21.59,5294600,21.36
"2013-05-07",21.68,21.74,21.23,21.58,5405800,21.35
"2013-05-08",21.59,21.59,21.27,21.4,3767900,21.17
"2013-05-09",21.36,21.77,21.09,21.13,6683400,20.9
"2013-05-10",21.21,21.57,21.01,21.56,3858600,21.33
"2013-05-13",21.59,21.8,21.33,21.43,2544200,21.2
"2013-05-14",21.38,22.23,21.31,22.17,4357200,21.93
"2013-05-15",22.01,22.66,21.95,22.6,5080000,22.36
"2013-05-16",22.47,22.65,21.9,22.21,3924600,21.97
"2013-05-17",22.4,22.81,22.34,22.74,3220200,22.49
"2013-05-20",22.7,22.83,22.14,22.23,4111900,21.99
"2013-05-21",22.38,22.68,21.95,22.05,7254200,21.81
"2013-05-22",22.18,22.64,21.59,21.85,7834600,21.61
"2013-05-23",21.52,22.32,21.26,22.17,5056400,21.93
"2013-05-24",21.95,22.15,21.54,22.14,2640400,21.9
"2013-05-28",22.52,22.66,21.93,22.08,3371900,21.84
"2013-05-29",21.95,21.97,21.3,21.33,4629700,21.1
"2013-05-30",21.36,21.61,21.09,21.34,5282500,21.11
"2013-05-31",21.26,21.65,21.01,21.02,3926900,20.79
"2013-06-03",21.13,21.16,20.14,20.74,7007100,20.52
"2013-06-04",20.79,21.21,19.94,20.02,6640900,19.8
"2013-06-05",20.11,20.19,19.59,19.71,5297400,19.5
"2013-06-06",20.09,20.2,19.49,20.16,5418000,19.94
"2013-06-07",20.26,20.74,19.9,20.21,4307100,19.99
"2013-06-10",20.35,20.49,19.62,20.08,4619900,19.86
"2013-06-11",19.73,20.13,19.5,19.55,4095600,19.34
"2013-06-12",19.77,20.21,19.53,19.88,6903100,19.66
"2013-06-13",19.79,20.97,19.79,20.94,5504700,20.71
"2013-06-14",20.95,21.35,20.64,20.79,4719000,20.57
"2013-06-17",20.99,21.31,20.82,21.05,5078300,20.82
"2013-06-18",21.08,21.6,20.99,21.55,3599300,21.32
"2013-06-19",21.48,21.6,20.89,20.9,3946900,20.67
"2013-06-20",20.6,20.64,19.51,19.62,6253500,19.41
"2013-06-21",19.82,19.82,18.43,19.06,10570000,18.85
"2013-06-24",18.71,19.23,18.43,18.93,6813100,18.73
"2013-06-25",19.23,19.47,18.71,19.06,6074300,18.85
"2013-06-26",19.28,19.61,19.13,19.22,3015800,19.01
"2013-06-27",19.46,20.08,19.23,20.02,5198000,19.8
"2013-06-28",19.89,19.92,19.48,19.49,4611300,19.28
"2013-07-01",19.61,20.24,19.59,20.2,4238300,19.98
"2013-07-02",20.11,20.22,19.72,19.76,3840300,19.62
"2013-07-03",19.65,20.13,19.59,19.96,2180500,19.82
"2013-07-05",20.14,20.15,19.3,19.79,2966800,19.65
"2013-07-08",19.92,20.01,19.28,19.31,3745400,19.17
"2013-07-09",19.54,20.16,19.52,20,3442000,19.86
"2013-07-10",20.01,20.08,19.71,19.9,3125000,19.76
"2013-07-11",20.38,21.25,20.35,20.79,7427300,20.64
"2013-07-12",20.71,21.01,20.59,20.75,3428400,20.6
"2013-07-15",20.8,21.05,20.41,20.41,3529500,20.26
"2013-07-16",20.47,21.06,20.25,20.57,4063200,20.42
"2013-07-17",20.65,20.69,20.1,20.55,2280600,20.4
"2013-07-18",20.55,20.81,20.39,20.47,2555900,20.32
"2013-07-19",20.61,20.91,20.43,20.89,2938400,20.74
"2013-07-22",20.85,21.15,20.57,20.91,3014400,20.76
"2013-07-23",20.98,21.2,20.88,21.12,3035700,20.97
"2013-07-24",21.17,21.41,20.39,20.57,4591600,20.42
"2013-07-25",20.38,20.43,19.58,20.01,5903200,19.87
"2013-07-26",19.91,20.15,19.7,19.84,5557500,19.7
"2013-07-29",19.81,20.1,19.7,19.74,8141800,19.6
"2013-07-30",20.64,21.23,20.39,20.8,9297000,20.65
"2013-07-31",20.89,21.06,20.07,20.52,7201900,20.37
"2013-08-01",20.8,21.28,20.75,20.97,5588300,20.82
"2013-08-02",20.94,21.64,20.88,21.55,3774800,21.4
"2013-08-05",21.46,21.52,21.23,21.31,2266700,21.16
"2013-08-06",21.24,21.29,20.59,20.74,2848100,20.59
"2013-08-07",20.57,20.72,19.9,20.17,3820600,20.03
"2013-08-08",20.27,20.5,20.16,20.29,2444000,20.15
"2013-08-09",20.19,20.25,19.7,19.9,3795600,19.76
"2013-08-12",19.71,20.03,19.66,19.89,2337300,19.75
"2013-08-13",19.95,19.96,19.1,19.23,5915800,19.09
"2013-08-14",19.2,19.29,18.96,19.06,3343000,18.92
"2013-08-15",18.79,19.3,18.43,19.08,5952300,18.94
"2013-08-16",19.08,19.52,18.84,19.02,3463200,18.88
"2013-08-19",18.95,19.03,18.58,18.61,3661500,18.48
"2013-08-20",18.87,19.21,18.58,19.06,4542500,18.92
"2013-08-21",18.95,19.59,18.82,19.3,6748200,19.16
"2013-08-22",19.3,19.71,19.21,19.46,3749600,19.32
"2013-08-23",19.5,19.54,19.04,19.35,3592800,19.21
"2013-08-26",19.38,19.55,19.12,19.24,2255400,19.1
"2013-08-27",19.06,19.06,18.61,18.71,3025600,18.58
"2013-08-28",18.68,18.84,18.5,18.51,3291100,18.38
"2013-08-29",18.45,19.08,18.27,19.04,3968600,18.9
"2013-08-30",19.05,19.2,18.84,18.92,3970400,18.78
"2013-09-03",19.15,19.36,18.94,19.08,6502600,18.94
"2013-09-04",19.07,19.15,18.86,19.06,3896100,18.92
"2013-09-05",19.03,19.29,18.8,19.22,3245200,19.08
"2013-09-06",19.5,19.82,19.36,19.63,4224400,19.49
"2013-09-09",19.72,20.5,19.72,20.47,3791600,20.32
"2013-09-10",20.89,20.95,20.48,20.72,5087200,20.57
"2013-09-11",20.7,21.2,20.58,20.99,4200000,20.84
"2013-09-12",20.98,21.17,20.63,20.66,4718400,20.51
"2013-09-13",20.77,20.92,20.57,20.81,2606900,20.66
"2013-09-16",21.2,21.81,21.2,21.3,4640800,21.15
"2013-09-17",21.28,21.58,21.22,21.5,3076500,21.35
"2013-09-18",21.46,22.6,21.01,22.38,6745000,22.22
"2013-09-19",22.58,22.94,22.2,22.23,6627900,22.07
"2013-09-20",22.36,22.44,21.85,21.99,5588600,21.83
"2013-09-23",21.87,21.97,21.38,21.55,3267300,21.4
"2013-09-24",21.59,22.27,21.48,21.82,3835600,21.66
"2013-09-25",21.77,21.8,21.31,21.48,3669000,21.33
"2013-09-26",21.49,21.64,21.21,21.38,3851600,21.23
"2013-09-27",21.21,21.28,20.97,21.12,2822900,20.97
"2013-09-30",20.89,21.4,20.76,21.28,3169600,21.13
"2013-10-01",21.31,21.59,21.11,21.3,4056500,21.15
"2013-10-02",21.1,21.43,20.86,21.22,3583300,21.07
"2013-10-03",21.17,21.4,20.64,20.94,3123200,20.79
"2013-10-04",20.89,21.04,20.68,20.96,2053000,20.81
"2013-10-07",20.7,20.8,20.48,20.48,3080200,20.33
"2013-10-08",20.13,20.35,19.38,19.4,9569100,19.26
"2013-10-09",19.51,19.85,19.28,19.53,5931600,19.47
"2013-10-10",19.8,20.15,19.75,20.14,3713600,20.07
"2013-10-11",20.12,20.59,20.12,20.55,3397800,20.48
"2013-10-14",20.29,20.4,19.84,20.28,2816400,20.21
"2013-10-15",20.22,20.23,19.63,19.83,5378000,19.76
"2013-10-16",19.94,19.96,19.3,19.39,7900900,19.33
"2013-10-17",19.26,19.83,19.11,19.75,4778900,19.69
"2013-10-18",19.93,20.08,19.62,19.98,3636800,19.91
"2013-10-21",19.94,20.02,19.52,19.69,3922200,19.63
"2013-10-22",19.93,20.66,19.8,20.5,6801800,20.43
"2013-10-23",20.43,20.85,20.18,20.28,4275700,20.21
"2013-10-24",20.45,21.22,20.45,21.02,4496600,20.95
"2013-10-25",21.17,21.27,20.78,20.99,3255100,20.92
"2013-10-28",20.97,21.31,20.85,20.92,5548400,20.85
"2013-10-29",21.73,21.93,21.37,21.47,7962100,21.4
"2013-10-30",21.6,21.82,21.23,21.49,4410600,21.42
"2013-10-31",21.54,21.57,21.12,21.13,5179200,21.06
"2013-11-01",21.15,21.31,20.62,21.02,3673700,20.95
"2013-11-04",21.13,21.28,20.95,21.02,3371300,20.95
"2013-11-05",20.95,21.02,20.69,20.78,4060400,20.71
"2013-11-06",20.86,20.92,20.54,20.76,2524400,20.69
"2013-11-07",20.96,21.24,20.33,20.37,3149600,20.3
"2013-11-08",20.28,20.38,19.78,20.35,4174200,20.28
"2013-11-11",20.35,20.36,20.07,20.3,2044700,20.23
"2013-11-12",20.12,20.53,20.07,20.46,4016900,20.39
"2013-11-13",20.27,21.11,20.27,20.99,4835200,20.92
"2013-11-14",20.99,21.46,20.96,21.19,3040500,21.12
"2013-11-15",21.35,21.49,21.15,21.2,2135700,21.13
"2013-11-18",21.26,21.29,20.69,20.82,2582200,20.75
"2013-11-19",20.96,21.45,20.86,21.05,5258400,20.98
"2013-11-20",21.25,21.9,21.24,21.32,7397100,21.25
"2013-11-21",21.62,22.05,21.34,22.04,3757200,21.97
"2013-11-22",21.96,22.08,21.67,21.79,3766300,21.72
"2013-11-25",21.86,21.92,21.49,21.74,2616800,21.67
"2013-11-26",21.74,22.11,21.7,22.07,6625400,22
"2013-11-27",22.28,22.55,22.17,22.49,4203200,22.42
"2013-11-29",22.48,22.59,22.3,22.42,2036700,22.35
"2013-12-02",22.38,22.44,21.88,21.92,4578900,21.85
"2013-12-03",21.87,21.92,21.52,21.75,3393800,21.68
"2013-12-04",21.76,21.8,21.25,21.54,4655300,21.47
"2013-12-05",21.5,21.67,21.17,21.32,3815700,21.25
"2013-12-06",21.69,22.14,21.61,21.64,4082700,21.57
"2013-12-09",21.71,21.84,21.37,21.51,4469100,21.44
"2013-12-10",21.52,21.96,21.49,21.51,3480600,21.44
"2013-12-11",21.47,21.54,21.1,21.29,4163200,21.22
"2013-12-12",21.32,21.61,21.26,21.47,3462800,21.4
"2013-12-13",21.5,21.65,21.04,21.28,3273400,21.21
"2013-12-16",21.48,21.6,21.22,21.43,2050000,21.36
"2013-12-17",21.42,21.43,21.01,21.17,2967600,21.1
"2013-12-18",21.4,21.84,21.09,21.79,5136200,21.72
"2013-12-19",21.7,21.74,21.45,21.67,3507600,21.6
"2013-12-20",21.75,21.98,21.6,21.69,5121700,21.62
"2013-12-23",21.86,22.56,21.78,22.49,3579300,22.42
"2013-12-24",22.52,22.87,22.46,22.61,1360200,22.54
"2013-12-26",22.62,22.79,22.58,22.6,1146300,22.53
"2013-12-27",22.64,22.8,22.45,22.47,1979400,22.4
"2013-12-30",22.46,22.9,22.46,22.8,2058800,22.73
"2013-12-31",22.77,22.86,22.59,22.77,2502800,22.7
"2014-01-02",22.73,22.91,22.61,22.69,2330800,22.62
"2014-01-03",22.77,23.2,22.71,23.16,3187800,23.08
"2014-01-06",23.25,23.36,22.69,22.84,3480900,22.77
"2014-01-07",22.91,23.11,22.76,22.85,2902500,22.78
"2014-01-08",22.71,23.2,22.55,23.03,3619500,23.03
"2014-01-09",23.1,23.28,22.8,23.12,2471300,23.12
"2014-01-10",23.23,23.6,23.13,23.46,2644600,23.46
"2014-01-13",23.31,23.35,22.67,22.7,3589900,22.7
"2014-01-14",22.92,23.2,22.74,23.2,3406500,23.2
"2014-01-15",23.19,23.27,22.97,23.17,2174600,23.17
"2014-01-16",23.07,23.19,22.75,23.08,3769100,23.08
"2014-01-17",23.12,23.19,22,22.1,11166600,22.1
"2014-01-21",22.14,22.18,21.6,22.02,4923700,22.02
"2014-01-22",22.03,22.42,21.85,22.39,3022100,22.39
"2014-01-23",22.22,22.36,22,22.24,2885500,22.24
"2014-01-24",22.1,22.1,21.19,21.45,5175200,21.45
"2014-01-27",21.51,21.87,20.86,21.72,6222600,21.72
"2014-01-28",21.82,22.22,21.68,21.77,3890100,21.77
"2014-01-29",21.52,21.76,21.26,21.42,2940800,21.42
"2014-01-30",21.65,21.75,21.08,21.22,3493800,21.22
"2014-01-31",20.83,21.45,20.77,21.16,4768300,21.16
"2014-02-03",21.14,21.32,20.64,20.76,5363600,20.76
"2014-02-04",20.91,21.04,20.63,20.9,4307200,20.9
"2014-02-05",20.77,20.96,20.6,20.74,3077900,20.74
"2014-02-06",20.84,21.48,20.81,21.41,2504900,21.41
"2014-02-07",21.51,22.04,21.45,22.02,4528600,22.02
"2014-02-10",22,22.06,21.28,21.7,8459200,21.7
"2014-02-11",22.42,22.7,22.24,22.45,8418300,22.45
"2014-02-12",22.45,22.55,22.04,22.41,5391600,22.41
"2014-02-13",22.18,22.42,21.91,22.24,3749100,22.24
"2014-02-14",22.15,22.59,22.13,22.46,2730100,22.46
"2014-02-18",22.45,22.65,22.14,22.29,3167300,22.29
"2014-02-19",22.18,22.48,21.96,22.02,3869000,22.02
"2014-02-20",22.07,22.34,21.91,22.3,2570900,22.3
"2014-02-21",22.35,22.57,22.17,22.44,2979100,22.44
"2014-02-24",22.45,22.82,22.26,22.27,2458600,22.27
"2014-02-25",22.29,22.82,22.12,22.7,3966700,22.7
"2014-02-26",23,23.5,22.69,23.39,5516600,23.39
"2014-02-27",23.3,23.4,23.08,23.31,2970800,23.31
"2014-02-28",23.34,23.49,23.07,23.35,3101300,23.35
"2014-03-03",22.92,23.04,22.56,22.9,2988900,22.9
"2014-03-04",23.25,23.42,23.07,23.32,2732100,23.32
"2014-03-05",23.28,23.5,23.21,23.46,3208600,23.46
"2014-03-06",23.49,23.64,23.34,23.63,2935800,23.63
"2014-03-07",23.72,23.73,23.28,23.38,4202000,23.38
"2014-03-10",23.28,23.28,22.98,23.12,3264700,23.12
"2014-03-11",23.19,23.36,23.08,23.34,4030800,23.34
"2014-03-12",23.25,23.55,23.13,23.3,5452000,23.3
"2014-03-13",23.38,23.48,22.51,22.7,4882700,22.7
"2014-03-14",22.65,22.94,22.57,22.76,3969000,22.76
"2014-03-17",22.88,23.12,22.57,22.77,5004600,22.77
