"","MUR.Open","MUR.High","MUR.Low","MUR.Close","MUR.Volume","MUR.Adjusted"
"2007-01-03",50.91,50.91,47.91,48.55,2922300,35.32
"2007-01-04",48.54,49.28,47.86,47.99,2378000,34.91
"2007-01-05",48.02,48.5,47.59,48.19,1490200,35.05
"2007-01-08",48.25,48.97,47.35,47.69,1684800,34.69
"2007-01-09",47.35,48.08,46.55,47.45,1696500,34.51
"2007-01-10",47.05,47.25,46.08,46.41,2413500,33.76
"2007-01-11",46.73,47.9,46.1,46.25,1936200,33.64
"2007-01-12",45.94,47.08,45.45,46.61,3227700,33.9
"2007-01-16",46.6,47.16,45.7,45.93,1931800,33.41
"2007-01-17",45.93,47,45.93,46.55,1799900,33.86
"2007-01-18",46.6,47.17,45.85,46.18,1417600,33.59
"2007-01-19",46.95,46.98,46,46.73,2509700,33.99
"2007-01-22",47.47,47.82,47.01,47.69,2812900,34.69
"2007-01-23",47.91,48.92,47.91,48.63,2084200,35.37
"2007-01-24",48.59,48.6,47.13,48.21,1734100,35.07
"2007-01-25",48.21,48.59,47.37,47.62,1562000,34.64
"2007-01-26",48.59,49.15,47.93,48.7,1976000,35.42
"2007-01-29",48.85,49.09,48.35,48.86,1920200,35.54
"2007-01-30",49.11,50.01,49,49.76,2278800,36.2
"2007-01-31",49.55,50.23,48.94,49.71,1415800,36.16
"2007-02-01",49.72,51.37,48.86,50.68,2938400,36.86
"2007-02-02",52.05,52.1,50.15,51.52,3774400,37.48
"2007-02-05",51.61,51.93,51.04,51.27,1835200,37.29
"2007-02-06",51.45,51.71,50.43,50.95,1678400,37.06
"2007-02-07",51.2,51.36,50.3,50.56,1240900,36.78
"2007-02-08",50.54,51.72,50.27,51.6,1859700,37.53
"2007-02-09",51.46,51.64,50.86,51.19,1092900,37.34
"2007-02-12",50.88,50.88,49.75,50.13,1253300,36.57
"2007-02-13",50.38,51.4,50.38,51.15,1381500,37.31
"2007-02-14",51.15,52.08,50.93,51.68,2286100,37.7
"2007-02-15",51.45,51.71,50.88,51.28,1563300,37.41
"2007-02-16",51.1,51.5,50.99,51.27,651300,37.4
"2007-02-20",50.87,51.06,50.49,50.99,538400,37.2
"2007-02-21",51,51.81,50.63,51.68,1179200,37.7
"2007-02-22",51.69,52.36,51.6,52.17,1367600,38.06
"2007-02-23",52.36,52.51,51.47,51.72,1230700,37.73
"2007-02-26",52.53,53,52.24,52.86,1541400,38.56
"2007-02-27",52.7,52.72,50.45,50.97,2145500,37.18
"2007-02-28",50.98,52.42,50.69,51.82,2458700,37.8
"2007-03-01",51.82,52.14,50.73,51.65,1870600,37.68
"2007-03-02",51.71,51.78,50.65,50.79,1677000,37.05
"2007-03-05",50.52,51.2,50.01,50.73,2636500,37.01
"2007-03-06",51.27,51.8,51.14,51.64,1716700,37.67
"2007-03-07",51.36,52.76,51.36,52.24,2337400,38.11
"2007-03-08",52.56,52.78,52.02,52.26,1033700,38.12
"2007-03-09",52.26,53.23,51.98,52.55,2213400,38.34
"2007-03-12",51.9,52.47,51.71,52.13,935400,38.03
"2007-03-13",52.1,52.5,50.87,51.05,1624600,37.24
"2007-03-14",51.4,51.86,50.61,51.81,1634200,37.8
"2007-03-15",51.86,52.3,51.4,52.16,1111800,38.05
"2007-03-16",52.3,52.33,50.97,51.37,1558900,37.48
"2007-03-19",52,52.28,51.6,52.07,846800,37.99
"2007-03-20",51.9,52.39,51.61,52.29,845900,38.15
"2007-03-21",51.41,53.38,51.41,53.28,1469000,38.87
"2007-03-22",53.63,54.53,53.63,54.07,2323800,39.44
"2007-03-23",54.21,54.74,53.8,54.29,1382300,39.61
"2007-03-26",54.66,54.91,53.93,54.79,946800,39.97
"2007-03-27",54.78,54.78,53.99,54.28,1416900,39.6
"2007-03-28",54.8,54.92,53.61,54.03,1932100,39.42
"2007-03-29",54.58,54.59,53.84,54.25,2338900,39.58
"2007-03-30",54.16,54.17,53.26,53.4,1558600,38.96
"2007-04-02",53.65,54,53.43,53.79,1277700,39.24
"2007-04-03",53.47,54.06,53.22,53.7,1407700,39.18
"2007-04-04",53.41,54.05,53.16,53.75,2100700,39.21
"2007-04-05",53.7,54.27,53.52,53.87,1359000,39.3
"2007-04-09",53.47,53.89,52.87,53.16,1673800,38.78
"2007-04-10",53.3,54.08,53.16,53.96,1029000,39.36
"2007-04-11",54.08,54.5,53.83,54.05,1190700,39.43
"2007-04-12",55.01,56.53,54.79,56.5,3136200,41.22
"2007-04-13",56.35,56.8,55.75,56.51,1776100,41.22
"2007-04-16",56.6,56.83,55.99,56.52,1235200,41.23
"2007-04-17",56.7,57.17,56.28,56.58,1269300,41.28
"2007-04-18",56.17,56.75,56.01,56.53,1245900,41.24
"2007-04-19",56.38,56.7,55.67,56.2,1587300,41
"2007-04-20",56.71,57.06,55.97,57.06,1895200,41.63
"2007-04-23",57.06,57.3,56.54,56.81,1029000,41.44
"2007-04-24",56.8,56.95,56.13,56.52,1380100,41.23
"2007-04-25",57.92,58.7,56.73,58.27,1531200,42.51
"2007-04-26",56.9,57,56.03,56.42,2447000,41.16
"2007-04-27",56.42,56.59,55.52,56.28,1202600,41.06
"2007-04-30",56.29,57.08,55.38,55.44,1444400,40.44
"2007-05-01",55.44,55.78,54.64,55.43,2091000,40.44
"2007-05-02",55.43,56.85,55.27,56.61,1591400,41.3
"2007-05-03",56.27,57.91,56.27,57.67,2156800,42.07
"2007-05-04",57.73,58.37,57.06,57.39,1948000,41.87
"2007-05-07",57.39,57.44,56.64,57.22,1125200,41.74
"2007-05-08",57,57.37,56.22,57.19,1204000,41.72
"2007-05-09",57.23,57.55,56.33,57.37,1319500,41.96
"2007-05-10",57.65,57.8,56.41,56.8,1504000,41.55
"2007-05-11",57.2,57.94,56.85,57.73,982000,42.23
"2007-05-14",57.92,58.05,57.26,57.36,1421300,41.96
"2007-05-15",57.36,58.06,57.06,57.44,968700,42.01
"2007-05-16",57.45,57.75,56.77,57.25,985900,41.87
"2007-05-17",57.42,58.69,57.06,58.12,1509300,42.51
"2007-05-18",58.12,59.99,57.46,59.71,2379500,43.67
"2007-05-21",59.98,61.38,59.69,60.99,2333900,44.61
"2007-05-22",60.95,61.44,59.99,60.11,2943600,43.97
"2007-05-23",60.21,60.45,59.21,59.66,2527100,43.64
"2007-05-24",59.88,60.25,57.9,58.31,1567900,42.65
"2007-05-25",58.82,59.25,58.67,59.03,606200,43.18
"2007-05-29",58.67,59.1,57.73,58.36,1631500,42.69
"2007-05-30",58.19,59.06,57.82,59.06,2103400,43.2
"2007-05-31",59.36,59.43,58.2,59,2225200,43.15
"2007-06-01",59.25,59.79,58.95,59.61,1405200,43.6
"2007-06-04",59.61,60.5,59.38,60.17,1584700,44.01
"2007-06-05",59.67,60.13,59.52,59.96,1294100,43.86
"2007-06-06",59.96,60.11,58.96,59.4,1020000,43.45
"2007-06-07",59.4,59.71,58.59,58.59,1560800,42.85
"2007-06-08",58.6,59.09,58.04,59,1325100,43.15
"2007-06-11",58.11,59.43,58.11,58.99,941700,43.15
"2007-06-12",58.42,59,58.09,58.39,1474700,42.71
"2007-06-13",58.64,59.06,58.11,58.99,1720400,43.15
"2007-06-14",59.4,59.99,59.1,59.31,3630100,43.38
"2007-06-15",59.98,60.42,59.78,59.87,3233300,43.79
"2007-06-18",60.1,60.15,59.57,59.94,2480200,43.84
"2007-06-19",59.5,59.81,59.19,59.6,1479500,43.59
"2007-06-20",59.8,60,58.01,58.14,1400900,42.53
"2007-06-21",58.67,59.72,58.6,59.32,1657800,43.39
"2007-06-22",59.16,59.53,58.28,58.56,2004200,42.83
"2007-06-25",58,59.32,57.68,58.24,1262900,42.6
"2007-06-26",58.44,58.5,56.88,57.11,1598400,41.77
"2007-06-27",56.75,58.21,56.13,58.13,2071800,42.52
"2007-06-28",58.4,59.1,58.36,58.83,1547400,43.03
"2007-06-29",59.16,59.93,59.1,59.44,1764200,43.48
"2007-07-02",59.6,60.69,59.6,60.69,1792700,44.39
"2007-07-03",60.69,60.9,60.51,60.74,608800,44.43
"2007-07-05",60.98,61,59.82,60.53,1067900,44.27
"2007-07-06",60.93,61,60.3,60.81,1312800,44.48
"2007-07-09",60.77,62.14,60.77,61.68,1756500,45.11
"2007-07-10",61.3,62.28,61,61.6,1435900,45.06
"2007-07-11",61.3,61.93,61,61.71,1199600,45.14
"2007-07-12",62.1,62.52,61.57,62.05,1787400,45.39
"2007-07-13",62.15,63.76,61.92,63.39,2009400,46.37
"2007-07-16",63.42,63.66,62.74,63.22,1485500,46.24
"2007-07-17",63.5,64.42,63,63.25,1683800,46.26
"2007-07-18",63.3,64.68,63.12,64.29,1779800,47.02
"2007-07-19",64.87,65.56,64.38,65,1765700,47.54
"2007-07-20",65.1,65.62,63.92,64.54,1984900,47.21
"2007-07-23",64.54,65.34,63.65,65.29,2185800,47.76
"2007-07-24",64.36,64.71,63.45,63.78,2727000,46.65
"2007-07-25",64.25,64.8,62.98,64.4,2037000,47.1
"2007-07-26",63.95,65.17,61.32,63.5,4571100,46.45
"2007-07-27",63.79,63.79,61.79,62.41,3227800,45.65
"2007-07-30",62.85,63.08,61.19,62.3,2715300,45.57
"2007-07-31",62.91,63.5,61.9,62.04,2216500,45.38
"2007-08-01",61.29,62.64,60.03,61.65,2849300,45.09
"2007-08-02",61.9,62.63,60.39,61.02,2501000,44.63
"2007-08-03",60.88,61.87,58.83,58.83,2292000,43.03
"2007-08-06",59.72,59.72,56.61,59.11,3048000,43.24
"2007-08-07",58.5,60.14,57.62,59.51,2596600,43.53
"2007-08-08",59.9,61.29,59.16,60.35,2386300,44.14
"2007-08-09",59.72,60.14,58.47,58.59,3131000,42.85
"2007-08-10",57.98,59.65,56.64,59.43,2151400,43.47
"2007-08-13",59.86,60.56,59.6,59.88,1926000,43.94
"2007-08-14",60.78,63.21,59.1,59.94,1941500,43.98
"2007-08-15",59.74,60.95,58.57,58.83,2232400,43.17
"2007-08-16",58.1,59.65,56.37,59.33,2766300,43.53
"2007-08-17",62.95,65.62,60,61.65,2907300,45.24
"2007-08-20",60.43,61.59,59.29,60.35,2184500,44.28
"2007-08-21",60.42,60.56,57.97,58.27,2132100,42.76
"2007-08-22",59.08,59.39,58.1,59.01,1684700,43.3
"2007-08-23",59.19,59.76,58.35,59.15,1144700,43.4
"2007-08-24",59.05,60.7,59.03,60.38,1149300,44.3
"2007-08-27",60.51,60.78,59.76,59.92,1084800,43.97
"2007-08-28",59.52,59.81,57.71,57.9,1409400,42.48
"2007-08-29",58.69,60.48,58.01,60.32,1412800,44.26
"2007-08-30",60.66,61.26,59.59,60.95,1735400,44.72
"2007-08-31",61.67,62.13,60.81,60.94,1179800,44.72
"2007-09-04",60.38,61.86,60.2,61.58,1230700,45.18
"2007-09-05",61.33,61.61,60.78,61.14,1608800,44.86
"2007-09-06",61.31,62.62,61.23,62.4,1567200,45.79
"2007-09-07",61.49,61.77,60.84,61.19,1366000,44.9
"2007-09-10",60.97,61.41,59.11,60.98,1467300,44.74
"2007-09-11",61,63.22,60.98,63.05,2408100,46.26
"2007-09-12",63.09,64.21,62.4,62.84,1808000,46.11
"2007-09-13",63.25,64.15,63.18,63.82,1212000,46.83
"2007-09-14",63.56,64.8,62.75,64.54,1474900,47.36
"2007-09-17",64.45,64.93,63.6,64.53,1259100,47.35
"2007-09-18",64.76,67.61,64.23,67.36,2634000,49.43
"2007-09-19",68,69.91,67.58,68.88,2350000,50.54
"2007-09-20",68.96,69.34,67.89,68.8,1367300,50.48
"2007-09-21",69.87,70.2,68.8,69.58,1810200,51.05
"2007-09-24",69.15,70.67,69.1,70.05,2050400,51.4
"2007-09-25",69.64,69.64,68.06,68.75,1316200,50.45
"2007-09-26",69.6,70.12,67.92,69.24,1437100,50.81
"2007-09-27",69.47,70.5,68.41,69.14,1210200,50.73
"2007-09-28",69.46,70.18,69.29,69.89,1276700,51.28
"2007-10-01",70.06,73.92,69.95,73.12,2958000,53.65
"2007-10-02",72.77,72.98,70.41,72.11,2530000,52.91
"2007-10-03",71.84,73.65,71.53,72.69,1727400,53.34
"2007-10-04",72.73,74.47,71.78,74.1,1267700,54.37
"2007-10-05",74.25,74.5,73.51,74.2,1475900,54.44
"2007-10-08",73.68,74.25,73.37,73.44,1083900,53.89
"2007-10-09",73.88,74.95,73.52,74.88,1254800,54.94
"2007-10-10",74.06,76.93,73.71,76.33,1581500,56.01
"2007-10-11",76.95,77.25,74.91,75.87,1873300,55.67
"2007-10-12",75.93,76.86,75.75,76.51,1199600,56.14
"2007-10-15",77.7,79.12,77.68,78.55,1952900,57.64
"2007-10-16",78.5,79.38,76.89,78.95,1618700,57.93
"2007-10-17",79.45,79.46,77.9,78.92,1748500,57.91
"2007-10-18",78.89,79.73,78.14,79.52,1580800,58.35
"2007-10-19",78.88,79.12,75.2,75.45,2638600,55.36
"2007-10-22",73.05,76.81,73.05,75.86,2307200,55.66
"2007-10-23",77.63,77.75,74.28,75.68,2042200,55.53
"2007-10-24",75.73,77.25,74.87,77.05,1989100,56.54
"2007-10-25",75.99,76,71.52,74.36,3384400,54.56
"2007-10-26",73.49,77.85,73.49,75.8,1957400,55.62
"2007-10-29",75.92,76.18,74.89,75.14,1684800,55.13
"2007-10-30",75.71,76,71.76,72.15,1878200,52.94
"2007-10-31",72.97,74.68,72.16,73.63,1958300,54.03
"2007-11-01",72.88,74.78,71.48,72.11,1648800,52.91
"2007-11-02",72.75,73.69,71.41,73.54,1666900,53.96
"2007-11-05",72.92,73.3,72,72.73,1349400,53.37
"2007-11-06",74.05,76.41,73.69,76.33,1545700,56.01
"2007-11-07",76.12,76.46,73.24,73.24,1827600,53.87
"2007-11-08",73.22,76.1,72.77,74.75,1875600,54.98
"2007-11-09",74.21,75.25,73.29,74.09,1527600,54.5
"2007-11-12",73.7,73.7,69.89,70.09,2134800,51.56
"2007-11-13",70.2,71.75,68.55,71.75,2410300,52.78
"2007-11-14",72.7,75.11,72.25,73.5,2005800,54.06
"2007-11-15",73.3,73.46,70.44,71.32,2590300,52.46
"2007-11-16",71.94,73.36,71.19,72.85,1506100,53.59
"2007-11-19",72.58,73.19,71.25,71.58,1399300,52.65
"2007-11-20",71.98,73.28,71.43,73.06,2094900,53.74
"2007-11-21",72.6,73.66,71.72,71.91,1666600,52.89
"2007-11-23",72.53,73.03,71.5,72.94,430100,53.65
"2007-11-26",73,73.2,70.34,70.34,1357400,51.74
"2007-11-27",70.06,70.06,66.57,67.97,3590300,50
"2007-11-28",68.26,70.05,67.92,69.9,2159900,51.42
"2007-11-29",70.05,72,69.98,71.3,2091300,52.45
"2007-11-30",71.44,71.67,70.29,71.52,2610800,52.61
"2007-12-03",71.3,73.07,71.01,72.87,1439400,53.6
"2007-12-04",71.59,72.66,70.87,71.88,1301900,52.87
"2007-12-05",72.69,74,72.35,73.88,1536600,54.34
"2007-12-06",73.84,76.13,73.68,75.75,1535700,55.72
"2007-12-07",75.83,75.95,74.54,75.45,1008400,55.5
"2007-12-10",75.54,76.4,75.54,76.32,639100,56.14
"2007-12-11",76.59,77.2,74.58,74.89,1257900,55.09
"2007-12-12",76.43,78.94,76.43,78.53,2075500,57.76
"2007-12-13",78.09,78.91,77.11,78.91,1367900,58.04
"2007-12-14",77.5,78.03,76.45,76.45,1178800,56.23
"2007-12-17",76.27,76.61,74.52,74.97,1215000,55.15
"2007-12-18",75.44,77.29,75.28,76.78,1269500,56.48
"2007-12-19",77.27,78.08,76.75,77.66,1184700,57.12
"2007-12-20",78.05,79.01,77.46,79.01,880800,58.12
"2007-12-21",79.72,81.95,79.51,81.68,1647700,60.08
"2007-12-24",82.4,83.15,81.53,82.82,547300,60.92
"2007-12-26",83.23,84.67,82.88,84.36,1073400,62.05
"2007-12-27",84.32,84.79,83.65,83.89,1236900,61.71
"2007-12-28",84.78,85.62,84.65,85.38,1115600,62.8
"2007-12-31",85.28,85.94,84.64,84.84,1060400,62.41
"2008-01-02",85.34,87.21,85.22,85.85,2599100,63.15
"2008-01-03",85,85,82.65,83.03,2685900,61.07
"2008-01-04",82.15,83.25,80.9,81.33,2138800,59.82
"2008-01-07",81.98,81.98,78.95,80.01,1950500,58.85
"2008-01-08",80.67,81.7,78.04,78.28,1810100,57.58
"2008-01-09",77.89,80.39,77.73,80.35,1789100,59.1
"2008-01-10",80,80.65,78.42,79.98,1928000,58.83
"2008-01-11",79.65,80.49,78.03,78.12,1543700,57.46
"2008-01-14",78.59,80.2,78.59,80.01,1206200,58.85
"2008-01-15",79.18,79.18,76.41,76.55,1784500,56.31
"2008-01-16",76.45,76.94,72.3,72.41,3382700,53.26
"2008-01-17",73,74.69,70.12,70.22,2354600,51.65
"2008-01-18",70.85,72.38,69.51,70.96,2334600,52.2
"2008-01-22",67.4,71.05,66.88,70.13,2416900,51.59
"2008-01-23",66.54,69.6,64.92,69.54,2696200,51.15
"2008-01-24",69.55,72.64,69.13,71.47,2114700,52.57
"2008-01-25",72.39,73.28,70.1,70.79,1314700,52.07
"2008-01-28",71.44,72.4,69.9,72.07,1110200,53.01
"2008-01-29",72.67,74.01,72.13,73.37,1215900,53.97
"2008-01-30",74.05,77.07,73.02,75.23,1922600,55.34
"2008-01-31",77.89,77.89,71.42,73.41,2928200,54
"2008-02-01",73.9,74.51,72.35,73.72,1883300,54.23
"2008-02-04",74.27,74.88,73.19,74.17,1734500,54.56
"2008-02-05",73.62,73.71,71.78,71.78,1701200,52.8
"2008-02-06",72.15,73.92,70.47,70.71,2250600,52.01
"2008-02-07",70.18,72.61,69.71,71.77,1530900,52.79
"2008-02-08",71.54,73.35,71.27,73.05,2102800,53.73
"2008-02-11",73.04,75.02,72.55,74.94,2474400,55.12
"2008-02-12",75.25,75.43,72.8,73.54,2885700,54.09
"2008-02-13",74.27,75.51,73.75,75.37,1728500,55.44
"2008-02-14",75.71,76.27,74.92,75.42,2038000,55.62
"2008-02-15",75.51,75.91,74.36,75.8,1604300,55.9
"2008-02-19",76.47,78.5,76.38,77.43,1545000,57.1
"2008-02-20",76.39,78.5,76.28,78.16,1663000,57.64
"2008-02-21",78.39,78.39,75.62,75.75,1485600,55.86
"2008-02-22",76.2,77.4,75.11,77.12,1649100,56.87
"2008-02-25",77.31,79.65,77.08,79.33,1677200,58.5
"2008-02-26",78.98,81.22,78.38,80.82,1115400,59.6
"2008-02-27",80.49,82.17,80.22,81.42,2401000,60.04
"2008-02-28",80.91,83.62,80.91,83.31,2038000,61.43
"2008-02-29",83.16,83.16,79.87,80.38,1386100,59.27
"2008-03-03",81.01,83.47,80.74,82.82,2238600,61.07
"2008-03-04",82.98,83.26,80.13,81.77,1920900,60.3
"2008-03-05",82.39,84.23,82.13,83.93,1783800,61.89
"2008-03-06",83.35,84.42,81.8,81.8,2400100,60.32
"2008-03-07",81.05,81.35,79.15,79.74,2675700,58.8
"2008-03-10",79.69,79.99,77.68,78.14,2649500,57.62
"2008-03-11",79.74,80.3,78.83,80.29,2842300,59.21
"2008-03-12",79.56,80.94,78.84,79.81,2395600,58.85
"2008-03-13",78.95,81.18,78.28,80.68,2280100,59.49
"2008-03-14",80.68,81,78.23,79.21,2260500,58.41
"2008-03-17",77.47,78.17,74.76,76.09,2387300,56.11
"2008-03-18",77.69,79.18,76.9,79.14,1687100,58.36
"2008-03-19",78.89,79.54,74.99,74.99,1947300,55.3
"2008-03-20",74.36,75.36,72.33,75.36,2555900,55.57
"2008-03-24",75.82,77.27,75.23,76.2,1407400,56.19
"2008-03-25",76.52,78.27,75.54,77.72,1743900,57.31
"2008-03-26",78.59,80.57,78.07,79.7,1561400,58.77
"2008-03-27",80.57,81.51,79,79.21,1432300,58.41
"2008-03-28",81.27,82.13,79.19,80.89,1944400,59.65
"2008-03-31",81.39,82.51,80.67,82.14,2157700,60.57
"2008-04-01",82.76,83.27,80.87,83.26,1899400,61.4
"2008-04-02",83.2,86.32,82.44,85.26,2476800,62.87
"2008-04-03",85,85.5,84.02,84.33,1632200,62.19
"2008-04-04",84.16,87.31,84.16,86.11,1577400,63.5
"2008-04-07",86.64,87.5,84.9,85.36,1508500,62.95
"2008-04-08",84.6,86.86,84.6,86.75,945900,63.97
"2008-04-09",86.75,87.09,86.1,86.65,1603400,63.9
"2008-04-10",86.65,86.92,84.21,85.29,1293300,62.89
"2008-04-11",85,86.31,84.62,85.01,1393900,62.69
"2008-04-14",85.4,89.52,85.4,89,2366000,65.63
"2008-04-15",89.98,89.99,87.97,89.44,1717500,65.95
"2008-04-16",90.47,91.94,89.64,91.92,1321000,67.78
"2008-04-17",91.86,92.71,90.84,91.3,1081300,67.33
"2008-04-18",91.99,92.74,90.11,92.63,1662400,68.31
"2008-04-21",92.98,93.21,91.48,92.69,1558600,68.35
"2008-04-22",92.79,93.19,91.59,92.35,1516700,68.1
"2008-04-23",92,92.5,90.39,91.31,1412800,67.33
"2008-04-24",91,91,88.06,88.95,1226100,65.59
"2008-04-25",89.55,90.83,89.08,90.33,1382400,66.61
"2008-04-28",90.77,91.08,89.39,89.78,904400,66.2
"2008-04-29",88.7,90.29,87.66,89.74,1816400,66.17
"2008-04-30",90.69,91.2,88.28,90.34,2631600,66.62
"2008-05-01",88.21,89.94,82.07,83.98,4476800,61.93
"2008-05-02",83.77,84.9,82,83.48,2695900,61.56
"2008-05-05",83.99,84.49,82.53,83.03,2238000,61.23
"2008-05-06",82.94,85.98,82.58,85.56,2348700,63.09
"2008-05-07",86.29,86.59,83.83,83.93,2650700,61.89
"2008-05-08",84.1,85.11,82.26,85.05,1592700,62.72
"2008-05-09",86.51,86.51,83.55,84.59,1514300,62.38
"2008-05-12",83.77,84.72,83.03,84.24,1209200,62.12
"2008-05-13",84.55,86.67,84.24,86.59,1988200,63.85
"2008-05-14",87.06,88.51,86.38,86.49,2534200,63.92
"2008-05-15",87.13,89.11,86.55,88.68,2649700,65.54
"2008-05-16",89.93,92.89,89.01,92.89,2571100,68.65
"2008-05-19",93.26,96.51,93.05,95.66,2816800,70.69
"2008-05-20",95.7,97.03,94.7,97.03,2118100,71.71
"2008-05-21",97.4,99.72,96.41,96.41,2422500,71.25
"2008-05-22",96.87,97.89,95.19,96.39,2062100,71.23
"2008-05-23",96.74,97.78,93.46,94.41,1673700,69.77
"2008-05-27",93.72,94.04,92.57,93.71,1898100,69.25
"2008-05-28",93.49,95.28,91.92,95.28,1869900,70.41
"2008-05-29",95,95.03,92.14,92.15,2149200,68.1
"2008-05-30",92.5,93.96,91.33,92.65,4070000,68.47
"2008-06-02",92.21,95.3,92.21,94.88,2092600,70.12
"2008-06-03",94.87,96.8,94.08,94.43,3214100,69.78
"2008-06-04",93.69,93.83,89.63,90.11,2931700,66.59
"2008-06-05",90.29,92.84,88.35,92.84,3082800,68.61
"2008-06-06",93.57,97.67,93.32,93.32,2233400,68.96
"2008-06-09",94.17,96.24,93.18,95.31,2265700,70.44
"2008-06-10",94.45,95.99,91.58,92.46,2324000,68.33
"2008-06-11",93.69,93.84,91.53,93.11,1863700,68.81
"2008-06-12",92.92,92.92,89.07,89.63,2634900,66.24
"2008-06-13",89.37,90.96,89.19,90.55,2070000,66.92
"2008-06-16",91.18,92,90.52,91.2,1842300,67.4
"2008-06-17",91.11,93.12,91.05,92.97,1862900,68.71
"2008-06-18",92.64,94.45,92.38,93.58,2027100,69.16
"2008-06-19",93.84,94.8,91.23,91.23,2197800,67.42
"2008-06-20",91.47,91.99,89,89.9,2613100,66.44
"2008-06-23",89.9,94.04,89.9,94.04,1870300,69.5
"2008-06-24",92.69,92.95,90.81,91.7,1998500,67.77
"2008-06-25",91.96,93.01,89.61,92.48,2090400,68.34
"2008-06-26",92.57,93.72,89.73,91.43,2183800,67.57
"2008-06-27",92.1,96.32,91.95,96.29,4595600,71.16
"2008-06-30",96.61,98.95,96.61,98.05,2031900,72.46
"2008-07-01",98.21,100.99,97.51,100.93,3057100,74.59
"2008-07-02",101.25,101.47,95.1,95.13,2724900,70.3
"2008-07-03",94.92,96.64,91.73,94.76,2426100,70.03
"2008-07-07",94.27,94.96,90.03,91.46,2623000,67.59
"2008-07-08",89.79,91.25,88.4,89.76,4527200,66.33
"2008-07-09",89.97,91.6,86.78,87.02,3706900,64.31
"2008-07-10",86.98,90.32,86,90.31,2727700,66.74
"2008-07-11",91.62,91.93,89.47,90.44,2586600,66.84
"2008-07-14",90.17,92.01,89.02,89.75,1849900,66.33
"2008-07-15",89.55,89.93,85.28,85.57,2699200,63.24
"2008-07-16",85.72,85.72,81.89,82.3,3510100,60.82
"2008-07-17",82.3,82.73,77.68,79.12,4080700,58.47
"2008-07-18",79.35,81.07,78.13,79.5,3600000,58.75
"2008-07-21",80.3,82.41,79.35,82.11,2483900,60.68
"2008-07-22",81.96,81.96,78.68,79.59,3001400,58.82
"2008-07-23",78.87,79.85,75.44,75.75,3414200,55.98
"2008-07-24",76.29,77.78,73.75,75.03,3282700,55.45
"2008-07-25",75.25,77.03,74.51,75.66,2723700,55.91
"2008-07-28",75.99,76.58,74.94,75.13,2637200,55.52
"2008-07-29",74.55,74.96,72.44,74.05,3322300,54.72
"2008-07-30",74.81,79.09,73.22,79.09,3310600,58.45
"2008-07-31",80.77,84.08,79.73,79.73,5605100,58.92
"2008-08-01",80.01,82.57,79.8,80.22,2617400,59.28
"2008-08-04",80.5,83.08,76.95,77.42,4395500,57.21
"2008-08-05",77.8,80.25,75.8,79.49,3086300,58.74
"2008-08-06",79.4,82.25,79.09,80.74,3387200,59.67
"2008-08-07",82.57,83.32,76.08,76.26,5502800,56.36
"2008-08-08",74.14,75.34,72.56,75.07,4399500,55.48
"2008-08-11",74.74,76.02,73.73,75.59,3067100,55.86
"2008-08-12",76.39,77.6,75.95,76.07,2421000,56.22
"2008-08-13",76.13,78.46,76.13,77.99,3147400,57.64
"2008-08-14",77.66,77.66,75.3,76.53,1803400,56.74
"2008-08-15",76.36,76.37,73.69,73.86,2580800,54.76
"2008-08-18",74.73,75.47,73.26,73.72,2206000,54.66
"2008-08-19",73.49,76.59,73.46,76.26,1896300,56.54
"2008-08-20",77.76,79.65,76.47,79.08,2787900,58.63
"2008-08-21",80.95,81.25,79.37,79.96,2572500,59.28
"2008-08-22",79,79.86,76.53,77.64,1937900,57.56
"2008-08-25",77.67,78.84,76.89,78.33,2161100,58.07
"2008-08-26",78.85,81.17,78.68,79.54,2147000,58.97
"2008-08-27",80.49,82.07,79.7,80.76,1934300,59.87
"2008-08-28",82.42,82.42,77.89,79.28,2548600,58.78
"2008-08-29",80.47,80.47,78.38,78.53,1576600,58.22
"2008-09-02",76.54,77.56,74.79,75.13,3065100,55.7
"2008-09-03",74.82,75.68,71.7,72.45,4144300,53.71
"2008-09-04",72.45,73.92,71.1,71.91,3213200,53.31
"2008-09-05",71.8,72.4,69.59,72.05,3206600,53.42
"2008-09-08",73.48,74.41,70.16,70.55,2668300,52.3
"2008-09-09",69.61,70.22,63.75,63.8,4823500,47.3
"2008-09-10",64.01,68.45,64.01,67.6,4673700,50.12
"2008-09-11",67.29,68.92,66.08,67.99,3984200,50.41
"2008-09-12",68.15,70.34,68.11,70.17,3198500,52.02
"2008-09-15",66.9,67.7,63.81,64.21,3619300,47.6
"2008-09-16",63.6,64.8,61.12,64.34,5132700,47.7
"2008-09-17",63.99,66.3,61.9,62.38,4424900,46.25
"2008-09-18",65.1,66.89,61.5,65.1,3806600,48.26
"2008-09-19",70,76.23,67.77,74.96,5254100,55.57
"2008-09-22",75.34,76.26,71.43,73.6,3833200,54.57
"2008-09-23",73.45,75.09,70.19,70.26,2591600,52.09
"2008-09-24",70.77,72.23,70,70.8,1721100,52.49
"2008-09-25",70.03,72.66,70.03,71.65,2260900,53.12
"2008-09-26",69.6,70.21,67.49,69.59,1477300,51.59
"2008-09-29",67.49,68.39,59.82,60.61,5263500,44.94
"2008-09-30",61.13,64.4,61.13,64.14,3352500,47.55
"2008-10-01",63.26,63.26,59.82,61.23,2540700,45.4
"2008-10-02",60.18,60.18,52.37,53.35,4547500,39.55
"2008-10-03",53.99,58.07,52.82,54.32,3172800,40.27
"2008-10-06",52,53.79,47.57,53.5,4421400,39.66
"2008-10-07",54.42,55.53,48.89,49.05,3873700,36.37
"2008-10-08",47.11,53.73,46.7,51.73,4999500,38.35
"2008-10-09",52.73,53.8,48.16,50,5155300,37.07
"2008-10-10",47.33,51.93,43.79,47.56,6118300,35.26
"2008-10-13",50.45,56.16,47.83,55.75,4977200,41.33
"2008-10-14",56.99,62.51,51,52.85,3875200,39.18
"2008-10-15",50.95,50.95,43.2,43.79,4027200,32.47
"2008-10-16",43.92,46.94,41.23,46.91,4100400,34.78
"2008-10-17",45.87,49.54,44.35,45.8,3214300,33.96
"2008-10-20",46.78,50.25,46.78,50.18,2012700,37.2
"2008-10-21",48.64,48.64,45.33,46.36,2835900,34.37
"2008-10-22",44.26,44.52,39.4,41.06,3122700,30.44
"2008-10-23",41.93,44.95,40.43,44.48,3592600,32.98
"2008-10-24",40.93,42.9,38.01,41.6,2146800,30.84
"2008-10-27",40.89,43.11,39.26,39.66,2150300,29.4
"2008-10-28",41.9,45.11,38.5,44.9,2540500,33.29
"2008-10-29",46.36,49.86,45.64,47.31,3086500,35.08
"2008-10-30",51.79,51.79,46.19,49.61,2718300,36.78
"2008-10-31",47.93,51.84,47.53,50.64,2910400,37.54
"2008-11-03",49.78,51.12,47.38,48.7,2610800,36.11
"2008-11-04",50.5,53.88,49.58,53.35,3160300,39.55
"2008-11-05",51.98,52.84,49.78,49.85,2206700,36.96
"2008-11-06",49.3,50.5,45.58,46.52,2813200,34.49
"2008-11-07",47.49,49.85,46.93,49.82,2735100,36.94
"2008-11-10",52.03,52.48,48.83,49.75,1682900,36.88
"2008-11-11",48.01,48.83,45.92,46.55,2117200,34.51
"2008-11-12",45.26,45.65,42.64,42.88,2658800,31.96
"2008-11-13",43.32,47.41,40.64,46.4,3705800,34.59
"2008-11-14",44.73,49.32,44.42,46.86,2866700,34.93
"2008-11-17",45.65,47.25,44.9,45.25,2226900,33.73
"2008-11-18",45.41,47,44.3,46.26,2646800,34.48
"2008-11-19",46.98,47,43.4,43.58,2266300,32.48
"2008-11-20",42.21,42.59,36.58,37,3673900,27.58
"2008-11-21",38.33,42.72,38.02,42.22,4496100,31.47
"2008-11-24",44.09,45.99,41.9,44.16,3862200,32.92
"2008-11-25",44.07,45.23,41.34,42.77,6550000,31.88
"2008-11-26",41.95,45.11,41.53,44.97,2309900,33.52
"2008-11-28",44.28,44.48,42.53,44.05,1105000,32.83
"2008-12-01",41.36,41.89,39.55,39.66,3631400,29.56
"2008-12-02",41.25,41.87,39.5,40.93,3250400,30.51
"2008-12-03",39.78,40.89,39.01,40.5,2656300,30.19
"2008-12-04",39.76,41.76,36.63,37.45,4028200,27.91
"2008-12-05",37.26,39.16,35.55,39,2984400,29.07
"2008-12-08",41.25,42.55,40.64,41.47,2796500,30.91
"2008-12-09",40.11,42.65,40.05,41.1,2466500,30.64
"2008-12-10",42.09,44.12,41.67,43.97,2491700,32.77
"2008-12-11",44.47,47.16,44.18,45.02,3057000,33.56
"2008-12-12",43.11,43.32,41.5,42.37,2777600,31.58
"2008-12-15",44.03,44.59,41.84,42.78,1983200,31.89
"2008-12-16",43.18,45.32,43.01,45.32,2208300,33.78
"2008-12-17",44.75,47.33,44.09,45.72,2750500,34.08
"2008-12-18",45.62,45.62,42.05,42.43,2346000,31.63
"2008-12-19",43.17,44.49,41.95,43.53,2453200,32.45
"2008-12-22",44.05,44.05,40.78,41.57,1830600,30.99
"2008-12-23",42.65,42.96,41.38,41.67,1436600,31.06
"2008-12-24",41.16,41.48,40.75,41.37,688100,30.84
"2008-12-26",41.69,42.03,41.04,41.75,869900,31.12
"2008-12-29",42.85,44.58,42.63,44.24,2210700,32.98
"2008-12-30",44.05,44.05,42.72,43.63,3106100,32.52
"2008-12-31",43.23,45.15,43.15,44.35,3295800,33.06
"2009-01-02",44.34,48.13,44.34,47.45,3063400,35.37
"2009-01-05",47.13,49.86,47.13,49.34,3840700,36.78
"2009-01-06",50.99,51.84,50.09,50.91,3949500,37.95
"2009-01-07",50.04,50.04,47.22,47.79,3422900,35.62
"2009-01-08",47.7,49.57,47.17,49.57,2664600,36.95
"2009-01-09",49.72,50.18,47.3,47.63,2708600,35.5
"2009-01-12",47.03,47.55,44.89,45.28,2821200,33.75
"2009-01-13",46.24,47.2,45.3,46.72,2576600,34.82
"2009-01-14",45.98,45.98,43.64,44.18,3166400,32.93
"2009-01-15",43.92,44.49,42.32,44.35,2856000,33.06
"2009-01-16",45.08,46.18,44.25,45.45,2919800,33.88
"2009-01-20",44.51,46.21,42.86,43,2820400,32.05
"2009-01-21",43.53,46.49,43.12,46.42,3686500,34.6
"2009-01-22",44.71,45.56,43.32,44.27,3203500,33
"2009-01-23",42.65,46.4,42.32,45.81,2799800,34.15
"2009-01-26",46.27,48.64,46.02,47.99,3957100,35.77
"2009-01-27",47.32,48.47,46.88,48.06,3988500,35.82
"2009-01-28",48.8,48.8,47.18,48.27,3731300,35.98
"2009-01-29",46.75,47.58,44.68,45.09,4099300,33.61
"2009-01-30",46.06,46.47,43.8,44.18,2974200,32.93
"2009-02-02",43.16,43.53,42.14,43.06,3035200,32.1
"2009-02-03",44,44.95,42.95,44.65,2525400,33.28
"2009-02-04",45,45.55,43.85,44.1,3190200,32.87
"2009-02-05",43.93,45.09,43.18,44.79,2658300,33.39
"2009-02-06",44.02,45.58,43.71,45.14,3064500,33.65
"2009-02-09",47.5,48.41,46.12,47.36,2939600,35.3
"2009-02-10",46.99,48.06,44.76,45.25,3296800,33.73
"2009-02-11",45.5,46.19,44.18,44.91,2146900,33.48
"2009-02-12",43.82,46.09,43.55,45.85,2616000,34.37
"2009-02-13",45.27,47.17,45.27,46.33,1583000,34.73
"2009-02-17",44.52,44.58,42.84,42.84,1938500,32.11
"2009-02-18",43.76,43.76,41.74,42.22,2149800,31.65
"2009-02-19",42.84,43.98,42.68,42.96,2227500,32.2
"2009-02-20",41.54,42.28,40.45,41.55,2223400,31.14
"2009-02-23",42.16,42.71,39.28,39.38,2069200,29.52
"2009-02-24",39.78,41.19,39.29,41.18,1745000,30.87
"2009-02-25",40.97,43.49,40.66,42.14,2901600,31.59
"2009-02-26",43.51,43.8,42.43,42.79,3062900,32.07
"2009-02-27",41.32,43.36,40.6,41.81,2937300,31.34
"2009-03-02",40.72,40.98,38,38.18,2933200,28.62
"2009-03-03",38.97,39.75,37.96,38.48,3135200,28.84
"2009-03-04",39.73,42.37,39.69,41.52,3286300,31.12
"2009-03-05",40.23,40.86,38.79,39.49,2443800,29.6
"2009-03-06",40.53,41.31,38.66,40.08,3384400,30.04
"2009-03-09",39.42,41.1,39.16,40.11,3145100,30.06
"2009-03-10",40.94,42.28,40.74,41.82,3063700,31.35
"2009-03-11",42.11,42.15,39.89,41,3060600,30.73
"2009-03-12",41.01,44.05,40.71,43.94,3214100,32.94
"2009-03-13",44.1,46.31,43.59,46.06,4339300,34.52
"2009-03-16",46.31,48.51,45.4,46.94,3216800,35.18
"2009-03-17",47,47.44,45.53,47.44,3823600,35.56
"2009-03-18",46.46,47.74,45.04,47.44,3411700,35.56
"2009-03-19",49.08,51.37,49.07,50.33,3714300,37.73
"2009-03-20",50.59,50.83,47.8,47.85,2895800,35.87
"2009-03-23",49.09,51.82,48.94,51.79,2385200,38.82
"2009-03-24",51.04,51.04,49.66,50.42,2254500,37.79
"2009-03-25",50.43,50.43,48.26,49.65,1794100,37.22
"2009-03-26",49.06,50.57,49.06,50.43,2061500,37.8
"2009-03-27",49.44,49.44,47.37,47.59,2104800,35.67
"2009-03-30",46.4,46.79,44.81,45.52,2227100,34.12
"2009-03-31",46.42,46.42,44.61,44.77,2502800,33.56
"2009-04-01",43.39,46.02,43.28,45.73,2187200,34.28
"2009-04-02",47.34,49.45,47.34,48.46,2361600,36.32
"2009-04-03",47.92,49.58,47.58,48.88,2093300,36.64
"2009-04-06",48.16,48.16,46.62,47.81,1904600,35.84
"2009-04-07",46.79,46.84,45.66,45.72,1523300,34.27
"2009-04-08",45.98,47,44.76,46.76,1550800,35.05
"2009-04-09",48.26,48.9,47.3,48.03,1654100,36
"2009-04-13",47.11,48.04,46.29,47.54,1955700,35.63
"2009-04-14",47,48.38,47,47.36,1502500,35.5
"2009-04-15",47.22,47.9,46,46.99,1766900,35.22
"2009-04-16",47.81,47.86,46.87,47.38,1534700,35.51
"2009-04-17",47.82,48.46,46.85,47.29,1953500,35.45
"2009-04-20",46.24,46.32,43.85,43.93,2080600,32.93
"2009-04-21",43.54,45.39,43.46,45.2,1672300,33.88
"2009-04-22",44.77,45.67,44.23,44.7,1445500,33.51
"2009-04-23",45,45.83,44.58,45.66,1796800,34.23
"2009-04-24",46.04,47.32,46.04,47.05,1852000,35.27
"2009-04-27",46.1,47.12,45.66,46.37,1573800,34.76
"2009-04-28",45.71,46.59,45.3,46.02,1050300,34.49
"2009-04-29",46.45,48.07,46.41,47.8,1757800,35.83
"2009-04-30",47.94,49.07,46.92,47.71,2060200,35.76
"2009-05-01",47.92,49.75,47.64,49.46,1642600,37.07
"2009-05-04",49.89,53.19,49.48,53.15,2624000,39.84
"2009-05-05",52.51,53.15,50.61,51.73,1783600,38.77
"2009-05-06",52.8,55.43,52.08,55.35,2940600,41.49
"2009-05-07",54.72,56.38,53.11,53.56,3551500,40.15
"2009-05-08",53.37,56.65,53.37,56.05,2554000,42.01
"2009-05-11",54.92,55.15,54.08,54.76,2481400,41.05
"2009-05-12",55.81,56.15,55.01,55.66,3057200,41.72
"2009-05-13",54.72,55.31,53.36,53.74,2652600,40.46
"2009-05-14",53.7,54.61,52.8,54.19,2650900,40.8
"2009-05-15",53.7,54.27,51.93,52.33,2394400,39.4
"2009-05-18",53.24,55.75,53.24,55.74,2562700,41.97
"2009-05-19",55.99,56.78,55.48,56.14,2754300,42.27
"2009-05-20",57.31,59.15,56.95,57.18,2992000,43.05
"2009-05-21",56.15,56.2,54.06,55.14,2107300,41.52
"2009-05-22",55.85,55.85,54.93,55.17,1413900,41.54
"2009-05-26",54.54,56.71,53.78,56.68,2497700,42.68
"2009-05-27",57.26,57.78,56.09,56.18,1925900,42.3
"2009-05-28",56.8,57.64,55.64,57.29,3245300,43.14
"2009-05-29",58.55,59.25,57.76,59.01,2390900,44.43
"2009-06-01",60.3,61.05,59.5,59.93,2383900,45.12
"2009-06-02",59.48,59.85,58.58,58.96,2210700,44.39
"2009-06-03",58.01,58.01,55.64,56.46,2455500,42.51
"2009-06-04",57.7,58.98,57.07,58.6,1805600,44.12
"2009-06-05",59.33,59.84,57.7,59,2590800,44.42
"2009-06-08",58.29,58.89,57.28,58.54,2018300,44.08
"2009-06-09",59.68,60.09,58.43,59.24,2033000,44.6
"2009-06-10",60.22,60.95,58.52,59.56,1645600,44.85
"2009-06-11",60,61.82,59.66,60.49,2330800,45.55
"2009-06-12",59.74,60.3,58.78,60.2,1528000,45.33
"2009-06-15",59.12,59.24,57.06,57.87,2974300,43.57
"2009-06-16",58.77,58.94,56.47,56.69,1865700,42.68
"2009-06-17",56.46,56.52,54.77,55.42,2183500,41.73
"2009-06-18",55.42,56.16,54.65,54.95,2374200,41.37
"2009-06-19",55.69,55.8,54.65,54.95,2389800,41.37
"2009-06-22",53.93,53.97,50.33,50.7,3087200,38.17
"2009-06-23",51.45,52.06,50.46,51.51,2185300,38.78
"2009-06-24",51.89,53.49,51.61,52.83,3808000,39.78
"2009-06-25",53.25,54.46,52.71,54.37,2848000,40.94
"2009-06-26",54.2,54.76,53.6,53.85,5926600,40.55
"2009-06-29",54.74,55.46,54.25,54.72,2025100,41.2
"2009-06-30",54.16,55.38,53.41,54.32,2951300,40.9
"2009-07-01",54.96,55.75,54.48,54.64,2356500,41.14
"2009-07-02",53.65,53.66,51.7,51.7,2152700,38.93
"2009-07-06",50.6,51.15,49.38,51.1,3419500,38.48
"2009-07-07",51.55,51.62,50.09,50.87,3882200,38.3
"2009-07-08",51.12,51.47,49.51,50.38,3122200,37.93
"2009-07-09",51.04,52.39,50.72,51.77,2913200,38.98
"2009-07-10",50.81,51.21,49.71,51.01,2412000,38.41
"2009-07-13",50.87,51.8,49.98,51.73,2134400,38.95
"2009-07-14",52.44,52.95,51.62,52.39,1917600,39.45
"2009-07-15",53.23,54.68,53.23,54.34,2883200,40.92
"2009-07-16",53.85,55.5,53.43,55.12,2605200,41.5
"2009-07-17",55.71,56.17,54.72,55.56,2826400,41.83
"2009-07-20",55.88,56.98,55.7,56.91,2228100,42.85
"2009-07-21",57.5,58.13,56.64,57.63,2459700,43.39
"2009-07-22",56.76,57.65,56.33,56.6,2437700,42.62
"2009-07-23",56.5,58.83,56.5,58.62,2184600,44.14
"2009-07-24",57.61,59,57.61,58.6,1727000,44.12
"2009-07-27",58.85,59.25,58.13,58.8,1305800,44.27
"2009-07-28",58.12,58.76,56.93,58.27,1824200,43.87
"2009-07-29",57.36,57.48,56.18,56.81,1478800,42.77
"2009-07-30",57.4,58.67,57.4,58.1,1926000,43.75
"2009-07-31",57.81,58.45,56.89,58.2,2353800,43.82
"2009-08-03",59.49,60.1,58.82,59.71,2469000,44.96
"2009-08-04",59.07,59.42,58.62,59,1584700,44.42
"2009-08-05",59,60.26,58.38,59.68,2401200,44.94
"2009-08-06",59.22,59.59,56.5,57.62,3009800,43.38
"2009-08-07",58.54,58.68,57.3,57.51,1546200,43.3
"2009-08-10",57.17,58.67,57.17,58.55,1908600,44.08
"2009-08-11",58.25,58.28,57.17,57.32,1693700,43.16
"2009-08-12",57.13,58.35,57.1,57.8,1676100,43.52
"2009-08-13",58.16,59.29,57.77,58.78,2056400,44.45
"2009-08-14",58.82,59.06,57.64,58.16,1376500,43.98
"2009-08-17",56.91,57.05,55.61,55.86,1270100,42.24
"2009-08-18",55.69,56.54,55.69,56.32,1630100,42.59
"2009-08-19",55.66,58.78,55.29,58.05,2096300,43.9
"2009-08-20",58.24,58.54,57.46,57.94,1395600,43.82
"2009-08-21",58.62,59.42,58.46,59.3,1349000,44.84
"2009-08-24",59.86,61.28,59.7,60.66,2020100,45.87
"2009-08-25",61.05,61.36,58.96,59.11,1631900,44.7
"2009-08-26",58.56,59.01,57.6,58.54,2021200,44.27
"2009-08-27",58.08,58.81,57,58.69,1568400,44.38
"2009-08-28",59.07,59.29,58.3,58.63,1261400,44.34
"2009-08-31",57.58,57.94,56.64,57,1431500,43.1
"2009-09-01",56.8,57.66,55.83,55.91,1795900,42.28
"2009-09-02",55.71,56.72,55.57,56.3,1669300,42.57
"2009-09-03",57.24,57.24,55.6,56.13,1812200,42.45
"2009-09-04",56.15,57.1,55.95,57.02,892600,43.12
"2009-09-08",57.98,58.83,57.98,58.4,2162800,44.16
"2009-09-09",58.62,58.93,57.97,58.66,1450200,44.36
"2009-09-10",58.25,60.15,58.25,60.13,1688900,45.47
"2009-09-11",60.3,60.84,59.32,59.88,1278900,45.28
"2009-09-14",59.09,60.92,58.99,60.75,1958500,45.94
"2009-09-15",61,61.72,60.47,61.16,2171400,46.25
"2009-09-16",62.01,62.01,61.24,61.79,1732800,46.73
"2009-09-17",61.44,61.97,60.56,60.97,1524900,46.11
"2009-09-18",61.47,61.47,60.2,60.43,1624700,45.7
"2009-09-21",59.4,60.2,58.87,59.92,1073200,45.31
"2009-09-22",60.93,62.12,60.53,61.46,1803900,46.48
"2009-09-23",61.63,61.66,59.82,59.86,1951300,45.27
"2009-09-24",59.43,60.17,57.69,58.03,1817400,43.88
"2009-09-25",57.97,58.6,57.19,57.62,2099800,43.57
"2009-09-28",57.61,58.65,57.32,58.4,1567700,44.16
"2009-09-29",58.45,58.62,57.27,58.1,2294200,43.94
"2009-09-30",58.41,58.57,56.89,57.57,2263000,43.54
"2009-10-01",57.4,57.76,55.78,55.9,2172600,42.27
"2009-10-02",54.98,55.95,54.55,55.57,1713300,42.02
"2009-10-05",56.33,57.72,55.64,57.56,2388600,43.53
"2009-10-06",58.12,59.42,57.68,58.99,2321200,44.61
"2009-10-07",58.63,59.4,58.08,59.38,2074400,44.9
"2009-10-08",59.78,61.36,59.59,61.2,2130000,46.28
"2009-10-09",60.78,61.5,60.73,61.42,1547900,46.45
"2009-10-12",61.99,62.78,61.69,62.03,1224100,46.91
"2009-10-13",62,62.08,60.66,61.76,1666000,46.7
"2009-10-14",62.72,63.02,62.1,62.95,1936200,47.6
"2009-10-15",62.77,64.66,62.28,64.66,1919800,48.9
"2009-10-16",63.88,64.27,63.13,63.87,1668300,48.3
"2009-10-19",63.75,64.53,63.16,64.36,1324100,48.67
"2009-10-20",64.7,64.7,62.7,63.79,1546000,48.24
"2009-10-21",63.44,65,63.2,63.68,1363400,48.16
"2009-10-22",63.77,64.05,62.73,63.95,1227500,48.36
"2009-10-23",64.14,64.4,62.65,63.1,1610900,47.72
"2009-10-26",63.33,65.12,61.94,62.23,1783000,47.06
"2009-10-27",62.62,64.25,62.19,63.54,2096200,48.05
"2009-10-28",63.05,63.05,60.76,60.94,2055500,46.08
"2009-10-29",61.52,63.49,61.52,63.49,1783700,48.01
"2009-10-30",63.27,63.42,60.66,61.14,2136900,46.24
"2009-11-02",61.49,63.13,61.24,62.29,2366500,47.1
"2009-11-03",61.38,63.79,60.51,63.23,2094400,47.82
"2009-11-04",63.83,64.51,63.02,63.27,1822000,47.85
"2009-11-05",63.26,63.26,59.11,60.81,4495000,45.99
"2009-11-06",60.16,61.24,59.68,60.4,2555200,45.68
"2009-11-09",61.17,62.81,61.17,62.81,2113000,47.5
"2009-11-10",62.15,62.26,60.75,61.73,2259600,46.87
"2009-11-11",62.38,62.88,61.22,61.58,1244200,46.75
"2009-11-12",61.14,61.54,59.33,59.58,1800100,45.24
"2009-11-13",59.46,60.53,58.78,59.77,2490000,45.38
"2009-11-16",60.33,61.53,60.33,60.9,2488400,46.24
"2009-11-17",60.97,60.97,59.88,60.53,1727700,45.96
"2009-11-18",60.77,60.93,59.36,59.66,1965600,45.3
"2009-11-19",59.15,59.25,57.14,57.61,3321800,43.74
"2009-11-20",57.13,57.45,56.81,57.06,2674700,43.32
"2009-11-23",58.12,58.74,57.56,57.74,2152300,43.84
"2009-11-24",57.68,57.74,56.5,57.51,2995700,43.66
"2009-11-25",57.51,58.47,57.31,58.4,1118600,44.34
"2009-11-27",56.65,57.17,55.75,56.7,1018800,43.05
"2009-11-30",56.37,57.36,55.92,56.39,2481500,42.81
"2009-12-01",57.34,57.7,56.84,57.28,2507500,43.49
"2009-12-02",57.16,57.5,56.4,56.66,1540500,43.02
"2009-12-03",56.66,57.01,55.69,55.71,1740100,42.3
"2009-12-04",56.52,57.35,54.75,55.09,2413700,41.83
"2009-12-07",54.69,55.55,54.51,54.81,2512700,41.61
"2009-12-08",54.46,54.53,53.62,53.8,1971500,40.85
"2009-12-09",53.86,54.05,52.55,53.23,2459400,40.41
"2009-12-10",53.43,53.93,53.05,53.43,3062600,40.57
"2009-12-11",53.79,53.82,52.52,53.18,3530500,40.38
"2009-12-14",53.95,54.59,53.4,53.94,2405400,40.95
"2009-12-15",53.59,54.63,53.26,53.86,2009700,40.89
"2009-12-16",54.18,55.43,53.93,54.65,2103400,41.49
"2009-12-17",54.08,54.49,53.65,53.86,1512700,40.89
"2009-12-18",54.09,54.68,53.04,53.4,3902500,40.54
"2009-12-21",53.66,54.34,53.59,53.88,1859200,40.91
"2009-12-22",53.85,54.48,53.75,54.27,1401300,41.2
"2009-12-23",54.67,55.46,54.22,55.4,1455300,42.06
"2009-12-24",55.52,55.99,55.39,55.99,497000,42.51
"2009-12-28",56.3,56.5,54.81,55.04,1623400,41.79
"2009-12-29",55.27,55.63,54.35,54.42,1251700,41.32
"2009-12-30",54.23,54.69,54.04,54.58,880100,41.44
"2009-12-31",55,55.02,54.07,54.2,1088300,41.15
"2010-01-04",55.12,56.06,55.11,55.92,1642400,42.46
"2010-01-05",56.12,56.92,55.77,56.83,1788000,43.15
"2010-01-06",56.85,58.03,56.55,57.7,2139300,43.81
"2010-01-07",57.6,58.55,57.32,58.35,2000200,44.3
"2010-01-08",58.11,59.92,57.63,59.71,2745500,45.33
"2010-01-11",60.17,60.29,59.15,59.59,2579800,45.24
"2010-01-12",58.15,58.58,56.5,57.47,3130000,43.63
"2010-01-13",57.47,57.65,56,57.46,1908800,43.63
"2010-01-14",57.15,57.89,56.79,57.75,1212200,43.85
"2010-01-15",57.48,57.87,56.22,56.85,1969300,43.16
"2010-01-19",56.48,56.94,55.87,56.85,1657700,43.16
"2010-01-20",56.22,56.23,55.37,56,1429700,42.52
"2010-01-21",55.89,55.95,53.78,54.1,2995200,41.07
"2010-01-22",53.91,54.51,52.66,52.76,2360200,40.06
"2010-01-25",53.3,53.72,52.47,52.8,1666200,40.09
"2010-01-26",52.26,53.25,51.97,52.12,1793900,39.57
"2010-01-27",51.97,52.49,51.14,51.87,2317300,39.38
"2010-01-28",51.62,52.44,50.17,51.07,3173300,38.77
"2010-01-29",51.63,52.02,50.72,51.08,4210400,38.78
"2010-02-01",51.5,52.59,51.49,52.5,1722100,39.86
"2010-02-02",52.58,53.53,52.16,53.42,2307000,40.56
"2010-02-03",53.03,53.2,52.11,52.49,1766600,39.85
"2010-02-04",51.87,51.98,50.23,50.38,1832200,38.25
"2010-02-05",50.63,50.77,49,50.75,2526300,38.53
"2010-02-08",50.63,51.14,50.12,50.13,2382600,38.06
"2010-02-09",50.87,52.03,50.51,51.52,2441200,39.12
"2010-02-10",51.4,51.66,50.35,50.9,1989900,38.65
"2010-02-11",50.6,51.7,50.31,51.52,1663600,39.31
"2010-02-12",50.63,51.64,50.33,51.26,1929700,39.11
"2010-02-16",51.93,52.7,51.86,52.7,2032300,40.21
"2010-02-17",52.81,52.87,52.04,52.48,1619000,40.04
"2010-02-18",52.36,53.2,52.12,53.06,1395600,40.48
"2010-02-19",52.82,53.77,52.81,53.5,1449200,40.82
"2010-02-22",53.69,54.03,53.02,53.15,1790400,40.55
"2010-02-23",52.98,53.1,51.75,51.78,1696600,39.51
"2010-02-24",52.01,52.28,51.39,51.9,1318600,39.6
"2010-02-25",50.82,51.66,50.32,51.55,1361300,39.33
"2010-02-26",51.83,52.13,51.13,51.9,1992900,39.6
"2010-03-01",52.33,53.29,52.19,53.25,1991600,40.63
"2010-03-02",53.5,54.09,53.3,53.66,2064000,40.94
"2010-03-03",53.82,54.1,53.28,53.44,1825000,40.77
"2010-03-04",53.4,53.58,52.65,53.21,1698400,40.6
"2010-03-05",53.69,54.25,53.62,53.9,1934600,41.12
"2010-03-08",53.88,54.32,53.52,53.7,1619600,40.97
"2010-03-09",53.31,53.95,53.19,53.57,1884100,40.87
"2010-03-10",53.39,54.14,53.39,53.94,1552900,41.16
"2010-03-11",53.72,54.04,53.5,53.79,1212300,41.04
"2010-03-12",54.15,54.25,53.71,54,1658600,41.2
"2010-03-15",53.74,53.81,52.98,53.71,1603300,40.98
"2010-03-16",53.99,54.98,53.84,54.68,3902700,41.72
"2010-03-17",54.99,55.98,54.94,55.62,2039500,42.44
"2010-03-18",55.45,55.71,54.92,55.42,1916000,42.28
"2010-03-19",55.54,55.67,54.21,55.03,2232700,41.99
"2010-03-22",54.3,55.27,54.04,55,1301600,41.96
"2010-03-23",55.13,55.55,54.73,55.27,1350200,42.17
"2010-03-24",54.77,55.82,54.61,55.08,2132700,42.03
"2010-03-25",55.72,55.75,53.88,53.89,2310000,41.12
"2010-03-26",54.2,54.34,52.92,53.43,2351300,40.77
"2010-03-29",53.79,54.98,53.63,54.98,2173300,41.95
"2010-03-30",55.13,55.5,54.8,55.14,1852700,42.07
"2010-03-31",55.37,56.7,55.31,56.19,2694400,42.87
"2010-04-01",56.75,57.87,56.72,57.64,2549600,43.98
"2010-04-05",57.9,59.66,57.74,59.47,2446300,45.37
"2010-04-06",59.24,60.02,58.89,59.73,2491700,45.57
"2010-04-07",59.68,59.85,59.13,59.36,2431200,45.29
"2010-04-08",58.71,59.93,58.52,59.76,1955500,45.6
"2010-04-09",60.06,60.46,59.66,60.4,2123800,46.08
"2010-04-12",60.39,61.59,60.27,61.29,3174300,46.76
"2010-04-13",61.23,61.39,60.36,60.98,2204400,46.53
"2010-04-14",61.28,61.79,60.79,61.71,1754400,47.08
"2010-04-15",61.67,62.2,61.46,61.67,2216500,47.05
"2010-04-16",61.13,61.5,59.9,60.2,2771600,45.93
"2010-04-19",59.59,60.19,59.15,60.08,2371800,45.84
"2010-04-20",60.83,61.86,60.63,61.68,2062900,47.06
"2010-04-21",61.36,61.57,60.22,60.83,1929000,46.41
"2010-04-22",59.94,61.07,59.56,60.98,1311900,46.53
"2010-04-23",61.14,61.86,60.46,61.82,1663100,47.17
"2010-04-26",62,62.1,61.38,61.55,1667100,46.96
"2010-04-27",61.1,61.96,59.75,59.83,1707200,45.65
"2010-04-28",60.48,61.11,59.97,60.95,1721900,46.5
"2010-04-29",61.43,61.96,60.14,60.69,1608900,46.31
"2010-04-30",61.02,61.04,59.54,60.15,2429900,45.89
"2010-05-03",60.53,61.24,59.51,60.71,1909200,46.32
"2010-05-04",59.83,59.83,58.05,58.31,2024800,44.49
"2010-05-05",57.67,58.17,55.89,56.38,3517400,43.02
"2010-05-06",55.82,56.84,50.6,54.03,4092100,41.22
"2010-05-07",54.02,54.7,51.83,52.7,3274600,40.21
"2010-05-10",55.55,56.12,54.3,55.34,2570600,42.22
"2010-05-11",54.4,56.3,54.4,55.78,4050200,42.56
"2010-05-12",56.58,58.39,56.5,58.04,3732000,44.48
"2010-05-13",57.79,58.14,57.04,57.44,2612900,44.02
"2010-05-14",56.68,56.93,55.18,56.47,2591300,43.28
"2010-05-17",56.43,56.93,54.2,55.46,2388400,42.51
"2010-05-18",56.37,56.83,54.12,54.46,2824800,41.74
"2010-05-19",54.04,54.72,52.85,53.88,2317600,41.29
"2010-05-20",52.49,52.72,51,51.31,2559300,39.33
"2010-05-21",50.5,52.34,50.1,52.32,2647800,40.1
"2010-05-24",52.32,52.32,50.44,50.57,2651400,38.76
"2010-05-25",49.35,51.5,49.08,51.38,3112000,39.38
"2010-05-26",51.86,52.32,50.75,51.04,2370300,39.12
"2010-05-27",51.97,53.55,51.75,53.46,2190900,40.97
"2010-05-28",54.34,54.41,52.94,53.38,2628500,40.91
"2010-06-01",52.54,53.59,51.05,51.08,2317300,39.15
"2010-06-02",51.4,51.73,50.64,51.73,5255500,39.65
"2010-06-03",52.11,52.25,51.02,52.13,2479400,39.95
"2010-06-04",51.02,51.87,50,50.23,2297100,38.5
"2010-06-07",50.6,51.16,49.86,50,2851300,38.32
"2010-06-08",50.23,50.8,49.32,50.73,2137300,38.88
"2010-06-09",51.27,52.55,50.44,50.68,2149200,38.84
"2010-06-10",51.95,54.27,51.95,54.23,3345100,41.56
"2010-06-11",53.48,54.36,52.92,54.26,2182300,41.59
"2010-06-14",55.04,55.77,54.42,54.56,1918700,41.82
"2010-06-15",55,55.91,54.87,55.78,2025200,42.75
"2010-06-16",55.32,56.09,55.06,55.66,1812200,42.66
"2010-06-17",55.84,55.99,54.96,55.59,1610700,42.61
"2010-06-18",55.5,55.78,54.97,55.7,2144800,42.69
"2010-06-21",56.61,56.9,55.2,55.64,1180600,42.64
"2010-06-22",55.68,55.68,53.72,53.78,1805300,41.22
"2010-06-23",53.7,53.97,52.99,53.5,1845900,41
"2010-06-24",53.34,53.61,52.19,52.38,1651200,40.15
"2010-06-25",52.47,53.06,51.81,52.6,2798500,40.31
"2010-06-28",52.44,52.81,51.56,51.63,1874800,39.57
"2010-06-29",50.7,50.81,49.25,49.71,2880100,38.1
"2010-06-30",49.74,50.79,49.41,49.55,2306200,37.98
"2010-07-01",49.5,49.9,48.2,48.93,2395200,37.5
"2010-07-02",48.93,49.67,48.28,48.44,2016300,37.13
"2010-07-06",49.36,49.79,48.14,48.67,1940900,37.3
"2010-07-07",48.84,50.43,48.63,50.35,2019200,38.59
"2010-07-08",50.8,51.11,50.02,51.02,1835100,39.1
"2010-07-09",50.9,51.16,50.59,50.88,1663200,39
"2010-07-12",50.63,51.28,50.14,50.6,1169100,38.78
"2010-07-13",51.39,51.39,50.68,50.9,2805900,39.01
"2010-07-14",50.55,50.89,50.16,50.56,1659100,38.75
"2010-07-15",50.59,50.88,49.55,50.71,1481400,38.87
"2010-07-16",51.01,51.01,49.86,50.18,2918300,38.46
"2010-07-19",50.52,50.71,49.7,50.16,1098200,38.44
"2010-07-20",49.5,51.02,49.31,50.93,2480100,39.03
"2010-07-21",51.14,51.35,50.02,50.51,1758700,38.71
"2010-07-22",51.15,52.15,50.74,51.82,1803700,39.72
"2010-07-23",52.21,55.35,52.09,55.2,6517900,42.31
"2010-07-26",55.14,55.97,54.78,55.77,2132900,42.74
"2010-07-27",56,56.48,55.19,55.52,2392100,42.55
"2010-07-28",55.04,55.51,54.72,54.87,1453300,42.05
"2010-07-29",55.33,55.85,53.87,54.43,2210900,41.72
"2010-07-30",53.74,54.99,53.69,54.75,1983900,41.96
"2010-08-02",55.69,56.9,55.26,56.31,2248100,43.16
"2010-08-03",56,56.27,55.48,55.75,1805900,42.73
"2010-08-04",56.08,57.05,55.88,56.73,2459900,43.48
"2010-08-05",56,57.83,55.01,57.24,2974800,43.87
"2010-08-06",56.37,56.99,55.45,56.34,2003200,43.18
"2010-08-09",56.52,56.87,56.15,56.75,1338200,43.49
"2010-08-10",55.84,56.24,55.43,56.17,2498300,43.05
"2010-08-11",55.03,55.16,53.58,53.81,1945400,41.24
"2010-08-12",52.8,53.84,52.8,53.59,2120200,41.28
"2010-08-13",53.59,55.19,53.59,54.82,2917500,42.23
"2010-08-16",54.54,55.63,54.02,55.46,1985300,42.72
"2010-08-17",56.06,56.95,55.56,56.59,2423500,43.59
"2010-08-18",56.14,56.26,55.34,55.95,2064300,43.1
"2010-08-19",55.65,55.85,54.83,55.45,2402200,42.72
"2010-08-20",54.97,55.39,54.28,54.9,2187500,42.29
"2010-08-23",55.13,55.97,55.03,55.03,1303100,42.39
"2010-08-24",54.26,54.61,53.89,54.07,1770000,41.65
"2010-08-25",53.67,54.39,52.96,54.18,1601100,41.74
"2010-08-26",54.44,54.85,53.66,53.9,1335500,41.52
"2010-08-27",54.31,55.21,53.17,55.09,1663600,42.44
"2010-08-30",54.99,55.37,54.44,54.45,988500,41.95
"2010-08-31",54.29,54.61,53.32,53.56,2287200,41.26
"2010-09-01",54.42,56.31,54.42,56.27,2025500,43.35
"2010-09-02",56.48,57.08,56.07,57.08,1445000,43.97
"2010-09-03",57.36,57.95,57.03,57.65,1196200,44.41
"2010-09-07",57.07,57.57,56.63,57.09,1506600,43.98
"2010-09-08",57.23,57.48,56.77,57.02,1428200,43.93
"2010-09-09",57.85,58,56.84,57.18,1152400,44.05
"2010-09-10",57.53,58.6,57.48,58.38,1790200,44.97
"2010-09-13",59.14,59.7,58.9,59.49,2110100,45.83
"2010-09-14",59.33,59.87,59,59.26,2844200,45.65
"2010-09-15",58.8,59.63,58.65,59.5,1594700,45.84
"2010-09-16",58.99,59.3,58.43,58.8,1737800,45.3
"2010-09-17",58.87,59.3,58.3,59.03,1554000,45.47
"2010-09-20",59.27,61.14,58.97,60.74,2544400,46.79
"2010-09-21",60.71,60.74,59.22,60.22,2083600,46.39
"2010-09-22",60.06,60.86,59.73,59.87,2081600,46.12
"2010-09-23",59.23,59.75,58.58,59.29,1597600,45.67
"2010-09-24",60.03,60.92,59.67,60.92,2235600,46.93
"2010-09-27",60.84,60.87,60.01,60.31,1520200,46.46
"2010-09-28",60.54,61.74,59.76,61.54,2821100,47.41
"2010-09-29",61.33,61.7,60.53,61.26,2022700,47.19
"2010-09-30",61.71,62.38,60.97,61.92,3091600,47.7
"2010-10-01",62.56,62.65,61.6,62.14,2287200,47.87
"2010-10-04",62.1,62.54,60.56,61.01,2395300,47
"2010-10-05",61.92,63.05,61.53,62.91,2270600,48.46
"2010-10-06",62.6,63.15,62,62.81,1847700,48.39
"2010-10-07",63.35,63.44,62.28,63.33,2671900,48.79
"2010-10-08",63.48,64.64,62.88,64.4,2370300,49.61
"2010-10-11",64.54,66.27,64.3,65.16,1913200,50.2
"2010-10-12",64.57,65.16,63.74,64.96,2003200,50.04
"2010-10-13",65.29,65.81,65.09,65.45,1544100,50.42
"2010-10-14",65.43,65.95,64.29,65.05,1886400,50.11
"2010-10-15",65.7,65.71,64.51,65.61,1563500,50.54
"2010-10-18",65.34,65.55,64.6,65.24,2353500,50.26
"2010-10-19",64.2,64.24,63,63.39,2104200,48.83
"2010-10-20",63.37,64.62,63.37,64.49,2175000,49.68
"2010-10-21",64.65,65.6,64.22,65.22,2754700,50.24
"2010-10-22",65.52,65.52,64.57,65.39,1463500,50.37
"2010-10-25",66,67.24,65.4,65.68,1690200,50.6
"2010-10-26",65.25,65.62,64.96,65.21,2101000,50.24
"2010-10-27",64.78,64.91,64.23,64.84,1742800,49.95
"2010-10-28",65.4,65.5,64.73,64.98,1205400,50.06
"2010-10-29",64.7,65.69,64.58,65.16,1351800,50.2
"2010-11-01",65.71,66.24,64.8,65.26,1659900,50.27
"2010-11-02",65.88,66.06,65.5,65.85,1076700,50.73
"2010-11-03",66.02,66.18,64.55,65.72,2110600,50.63
"2010-11-04",65.3,67.89,64.75,67.26,4349800,51.81
"2010-11-05",67.26,67.86,67.02,67.84,1616700,52.26
"2010-11-08",67.55,68.97,67.55,68.91,1850800,53.09
"2010-11-09",68.99,69.19,66.48,66.9,2269200,51.74
"2010-11-10",67.01,67.83,66.15,67.83,1368900,52.46
"2010-11-11",67.45,68.68,67.14,68.46,1121300,52.95
"2010-11-12",67.84,67.84,66.06,66.55,1629500,51.47
"2010-11-15",67.4,68.24,66.85,67.19,1849000,51.97
"2010-11-16",66.66,66.66,65.05,65.46,1668100,50.63
"2010-11-17",65.51,66.26,65.15,65.66,1947900,50.78
"2010-11-18",66.27,67.22,66.27,66.94,1949000,51.77
"2010-11-19",66.78,66.9,65.97,66.87,2234500,51.72
"2010-11-22",66.46,66.84,65.83,66.73,1714400,51.61
"2010-11-23",65.89,65.92,64.88,65.3,1839300,50.51
"2010-11-24",65.73,66.84,65.64,66.79,1598400,51.66
"2010-11-26",66.69,66.86,65.69,65.74,763800,50.85
"2010-11-29",65.18,67.85,64.8,67.57,2767700,52.26
"2010-11-30",66.56,68.25,66.35,67.52,2272000,52.22
"2010-12-01",68.98,69.59,68.34,69.32,1403100,53.62
"2010-12-02",69.29,70.96,69.11,70.75,1443400,54.72
"2010-12-03",70.51,71.24,70.49,70.91,996100,54.84
"2010-12-06",70.77,71.12,70.23,70.92,1265600,54.85
"2010-12-07",71.81,72.14,70.83,71.18,1973700,55.05
"2010-12-08",71.18,71.77,69.66,70.06,1395500,54.19
"2010-12-09",70.74,70.96,69.57,70.16,1907900,54.26
"2010-12-10",70.54,71.21,70.26,70.83,919300,54.78
"2010-12-13",71.42,72.11,71.04,71.13,861300,55.02
"2010-12-14",70.93,71.79,70.39,70.46,1246000,54.5
"2010-12-15",70.53,71.04,69.55,69.69,1330700,53.9
"2010-12-16",69.4,70.88,69.24,70.74,1512800,54.71
"2010-12-17",70.74,72.2,70.49,72.11,1977200,55.77
"2010-12-20",72.47,73.1,71.61,72.77,1534600,56.28
"2010-12-21",72.97,73.62,72.77,73.44,1301900,56.8
"2010-12-22",73.37,74.27,73.27,74.23,975300,57.41
"2010-12-23",74.16,74.34,73.61,73.99,912000,57.23
"2010-12-27",73.8,74.46,73.79,74.02,759300,57.25
"2010-12-28",74.18,74.97,73.96,74.79,783500,57.85
"2010-12-29",75,76,74.6,75.37,917000,58.29
"2010-12-30",75.33,75.51,74.35,74.5,918200,57.62
"2010-12-31",74.48,75.16,74.4,74.55,696800,57.66
"2011-01-03",75.46,76.72,75.26,76.11,1861600,58.87
"2011-01-04",76.54,76.74,73.84,74.92,2222400,57.95
"2011-01-05",74.56,75.71,74.19,75.39,1806800,58.31
"2011-01-06",75.59,76.14,73.42,74.03,1327400,57.26
"2011-01-07",71.27,72.91,69.75,71.05,5661500,54.95
"2011-01-10",72.43,73.07,71.19,72.91,2698500,56.39
"2011-01-11",73.32,74.35,72.91,74.33,1957900,57.49
"2011-01-12",74.96,75.05,74,74.52,1549100,57.64
"2011-01-13",74.71,75.21,72.81,73.3,2510500,56.69
"2011-01-14",73.76,74.35,72.86,74.15,1672400,57.35
"2011-01-18",74.24,74.51,73.54,74.31,2195100,57.47
"2011-01-19",74.4,74.75,72.78,73.06,2834600,56.51
"2011-01-20",72.9,72.99,71.19,72.25,2016500,55.88
"2011-01-21",72.88,72.88,72.11,72.32,1956400,55.94
"2011-01-24",72.64,72.74,71.87,72.08,1687700,55.75
"2011-01-25",71.98,71.98,70.11,71.04,3426500,54.95
"2011-01-26",71.4,73.43,71.36,73.23,2260400,56.64
"2011-01-27",64.44,67.4,63.6,65.74,12421900,50.85
"2011-01-28",65.38,66.78,65.38,66.13,5189200,51.15
"2011-01-31",65.97,66.88,65.56,66.3,4447800,51.28
"2011-02-01",66.88,68.46,66.81,68.37,3035800,52.88
"2011-02-02",68.75,68.75,67.07,67.14,2278700,51.93
"2011-02-03",67.08,68.13,66.75,67.99,1911000,52.59
"2011-02-04",68.01,68.46,66.98,67.4,2313200,52.13
"2011-02-07",67.76,68.28,67.45,67.6,1798300,52.28
"2011-02-08",67.71,68.83,67,68.67,2291300,53.11
"2011-02-09",68.51,68.63,67.55,68.07,2109200,52.65
"2011-02-10",68.24,69.89,68.05,69.73,2738200,53.93
"2011-02-11",69.24,69.68,68.5,68.97,1977500,53.56
"2011-02-14",68.76,71,68.69,70.91,2335600,55.06
"2011-02-15",70.72,70.85,69.87,70.48,2906700,54.73
"2011-02-16",70.64,72.15,70.64,72.08,2555500,55.97
"2011-02-17",71.73,72.92,71.43,72.67,2861000,56.43
"2011-02-18",72.73,74.35,72.55,73.88,3012900,57.37
"2011-02-22",74.53,76.4,73.11,73.72,3350600,57.24
"2011-02-23",73.75,74.49,73.72,74.04,3293500,57.49
"2011-02-24",73.92,74.79,72.31,72.87,2283200,56.58
"2011-02-25",73.3,73.69,72.96,73.47,1471100,57.05
"2011-02-28",73.88,74.03,72.27,73.53,2201600,57.1
"2011-03-01",73.96,74.3,72.74,72.85,1852700,56.57
"2011-03-02",72.86,73.65,71.84,73.36,2207000,56.96
"2011-03-03",73.6,74.65,73.32,74.48,2351900,57.83
"2011-03-04",74.35,74.7,73.36,73.9,1703400,57.38
"2011-03-07",74.42,74.87,72.73,73.44,1680300,57.03
"2011-03-08",73.2,73.27,71.6,71.84,1992300,55.78
"2011-03-09",71.81,72.29,70.98,71.12,1593900,55.23
"2011-03-10",70.37,70.37,68.49,68.66,2659700,53.31
"2011-03-11",68.28,70.24,68.23,69.58,2142400,54.03
"2011-03-14",69.86,70.27,69.28,70.14,2168100,54.46
"2011-03-15",67.71,69.99,66.89,69.37,1706000,53.87
"2011-03-16",69.36,70.23,67.67,68.48,2013200,53.18
"2011-03-17",69.61,70.69,69.29,70.36,1851200,54.64
"2011-03-18",71.42,71.68,69.36,69.61,2499200,54.05
"2011-03-21",70.62,71.93,70.47,71.25,1822000,55.33
"2011-03-22",71.35,71.4,70.78,71.17,1717900,55.26
"2011-03-23",70.97,71.6,70.65,70.92,1377100,55.07
"2011-03-24",71.43,71.62,70.45,71.12,789300,55.23
"2011-03-25",71.37,72.66,71.1,72.55,1966400,56.34
"2011-03-28",72.57,72.91,71.84,71.87,1097600,55.81
"2011-03-29",71.81,72.9,71.1,72.43,1149700,56.24
"2011-03-30",72.77,73.58,72.22,73.14,1474400,56.79
"2011-03-31",73.15,74.31,73.15,73.42,1483700,57.01
"2011-04-01",74.82,75,73.4,73.73,1518600,57.25
"2011-04-04",73.99,74.32,73.09,73.33,988500,56.94
"2011-04-05",73.27,75.4,73.27,75.04,2440500,58.27
"2011-04-06",75.42,76.84,74.76,75.46,3065000,58.6
"2011-04-07",75.27,75.67,74.45,75.07,2064900,58.29
"2011-04-08",75.87,77.83,75.86,77,2572700,59.79
"2011-04-11",77,77.3,74.99,75.1,1840300,58.32
"2011-04-12",74.46,74.61,72.51,73.06,2567300,56.73
"2011-04-13",74.06,74.36,73.1,73.4,1512500,57
"2011-04-14",72.93,74.08,72.5,73.67,1734900,57.21
"2011-04-15",73.88,75.1,73.34,74.35,2119100,57.73
"2011-04-18",73.26,73.3,72.19,72.78,1923800,56.51
"2011-04-19",72.74,73.75,72.61,73.46,1334500,57.04
"2011-04-20",74.67,75.48,74.58,74.73,1560600,58.03
"2011-04-21",75.08,75.37,74.3,75.26,988800,58.44
"2011-04-25",75.16,75.61,74.62,74.93,1139100,58.18
"2011-04-26",75,75.16,74.5,74.75,1505400,58.04
"2011-04-27",74.99,76.33,74.26,76.27,3440800,59.22
"2011-04-28",76.14,76.6,75.26,76.45,1393000,59.36
"2011-04-29",76.5,78.16,76.47,77.48,2390300,60.16
"2011-05-02",77.93,77.96,76.18,76.37,2673500,59.3
"2011-05-03",75.94,75.94,74.01,74.63,2555200,57.95
"2011-05-04",74.42,74.56,72.41,73.24,2663100,56.87
"2011-05-05",70.82,71.72,67.88,68.57,6031000,53.25
"2011-05-06",69.31,71.12,67.88,68.64,3563400,53.3
"2011-05-09",68.93,70.81,68.93,70.59,2419500,54.81
"2011-05-10",70.33,71.26,69.33,70.31,2183900,54.6
"2011-05-11",69.91,69.91,67.16,67.5,3021100,52.62
"2011-05-12",67.02,67.5,65.77,66.63,2634200,51.94
"2011-05-13",67.25,67.4,65.64,66.38,2951700,51.75
"2011-05-16",66.15,67.24,65.51,65.71,2862900,51.22
"2011-05-17",65.48,66.38,65.15,66.09,2392200,51.52
"2011-05-18",66.36,67.65,66.09,67.08,1522100,52.29
"2011-05-19",67.45,67.78,66.75,67.26,1951000,52.43
"2011-05-20",66.97,68.1,66.39,66.88,2533200,52.14
"2011-05-23",65.94,66.7,65.39,65.89,1590000,51.36
"2011-05-24",66.49,68.19,66.49,67.33,1848500,52.49
"2011-05-25",68.19,68.43,66.7,68.19,1658700,53.16
"2011-05-26",67.83,68.28,67.2,68.02,1338800,53.03
"2011-05-27",68.55,69.13,68.17,68.5,1036800,53.4
"2011-05-31",69.45,69.54,67.83,68.89,1531500,53.7
"2011-06-01",68.71,69.1,67.36,67.62,2278400,52.71
"2011-06-02",67.65,68.11,66.68,67.05,1748000,52.27
"2011-06-03",66,67.37,65.75,66.84,1363800,52.11
"2011-06-06",66.52,66.79,65.04,65.18,1440100,50.81
"2011-06-07",65.8,66.13,64.95,64.98,1421300,50.66
"2011-06-08",64.99,65.78,64.81,64.94,1795000,50.62
"2011-06-09",65.32,66.1,64.94,65.91,1552200,51.38
"2011-06-10",65.77,65.8,64.76,64.9,1695000,50.59
"2011-06-13",63.95,65.66,63.34,63.95,2076600,49.85
"2011-06-14",64.57,65.57,64.57,64.89,1895100,50.59
"2011-06-15",64.06,64.57,63.03,63.51,2056300,49.51
"2011-06-16",63.73,63.74,62.56,63.11,2783600,49.2
"2011-06-17",63.59,63.98,62.67,63.13,1925800,49.21
"2011-06-20",62.87,63.59,62.78,63.36,1454800,49.39
"2011-06-21",63.71,64.59,63.65,64.33,1587500,50.15
"2011-06-22",63.96,64.92,63.84,64.04,1321700,49.92
"2011-06-23",62.62,63.24,61.81,63.22,2567200,49.28
"2011-06-24",63.27,63.38,62.53,62.81,2514600,48.96
"2011-06-27",62.79,62.93,62.2,62.53,1762900,48.75
"2011-06-28",62.93,63.52,62.4,63.22,2338900,49.28
"2011-06-29",63.33,64.67,63.01,64.59,2578200,50.35
"2011-06-30",65.06,65.73,64.64,65.66,1974500,51.19
"2011-07-01",66.08,66.54,65.24,66.49,1751000,51.83
"2011-07-05",66.54,67.13,66.38,66.65,1775800,51.96
"2011-07-06",66.52,66.52,65.17,65.43,1854800,51.01
"2011-07-07",66.31,66.51,65.6,65.95,1764100,51.41
"2011-07-08",64.94,65.65,64.91,65.55,1879500,51.1
"2011-07-11",64.58,64.58,63.8,64.03,1688000,49.91
"2011-07-12",63.69,64.73,63.63,63.85,1839000,49.77
"2011-07-13",64.1,65.26,63.93,64.12,1355800,49.99
"2011-07-14",64.84,65.16,63.68,63.75,3084200,49.7
"2011-07-15",64.14,65.31,64.06,65.03,2312200,50.69
"2011-07-18",64.57,64.67,63.89,64.32,1632800,50.14
"2011-07-19",64.73,65.68,64.71,65.41,1909300,50.99
"2011-07-20",65.67,69.67,65.42,68.44,4969200,53.35
"2011-07-21",68.78,68.99,67.78,68.19,2237400,53.16
"2011-07-22",68.43,69.91,67.98,69.71,3199800,54.34
"2011-07-25",69.16,70.27,69,69.52,2177700,54.19
"2011-07-26",68.97,69.74,68.29,68.56,2145200,53.45
"2011-07-27",67.73,68.19,66.14,66.92,3102100,52.17
"2011-07-28",62.49,64.65,62.26,63.89,6687700,49.81
"2011-07-29",63.06,64.84,63.02,64.22,3587600,50.06
"2011-08-01",65.1,65.25,63.15,63.58,2553300,49.56
"2011-08-02",63.21,63.75,61.75,61.76,3548800,48.15
"2011-08-03",61.81,62.02,59.5,60.41,3562600,47.09
"2011-08-04",59.5,59.62,56.61,56.82,4242700,44.29
"2011-08-05",57.73,58,52.88,55.2,4190800,43.03
"2011-08-08",53.26,53.64,50.02,50.48,5218600,39.35
"2011-08-09",51.3,51.77,48.42,51.71,4947000,40.31
"2011-08-10",51.09,51.34,48.77,48.94,4098000,38.15
"2011-08-11",49.15,51.94,48.29,51.27,4128800,40.19
"2011-08-12",51.78,52.38,51.3,51.9,2639900,40.69
"2011-08-15",52.39,53.77,52.18,53.61,2324300,42.03
"2011-08-16",52.74,52.98,51.56,52.47,2470200,41.13
"2011-08-17",52.82,53.38,52.42,53.04,2481800,41.58
"2011-08-18",51.22,51.33,49.15,49.64,2663600,38.92
"2011-08-19",49.08,50.68,48.64,48.69,1792000,38.17
"2011-08-22",50.12,50.28,47.71,47.86,2345800,37.52
"2011-08-23",48.28,50.1,48.04,50.02,2536700,39.21
"2011-08-24",49.7,50.24,48.64,49.49,3139900,38.8
"2011-08-25",49.72,50.42,48.18,48.63,1872300,38.12
"2011-08-26",48.31,49.63,47.24,49.39,1905500,38.72
"2011-08-29",50.3,51.6,50.02,51.54,1941000,40.41
"2011-08-30",51.11,51.88,50.53,51.54,2354800,40.41
"2011-08-31",52.14,54.56,52.02,53.58,4307200,42
"2011-09-01",53.63,54.52,53.3,53.54,3094400,41.97
"2011-09-02",52.29,52.36,51.23,51.95,2738900,40.73
"2011-09-06",50.01,50.43,48.79,50.35,2183200,39.47
"2011-09-07",51.29,52.89,51.28,52.63,1770600,41.26
"2011-09-08",51.93,52.71,51.03,51.43,1890800,40.32
"2011-09-09",50.59,51.44,49.95,50.18,3356700,39.34
"2011-09-12",49.5,50.2,48.75,49.92,2363700,39.14
"2011-09-13",50.05,51.8,49.59,51.33,3303000,40.24
"2011-09-14",51.53,52.32,50.59,51.65,2942400,40.49
"2011-09-15",52.36,52.59,51.59,52.29,2808300,40.99
"2011-09-16",52.58,53.21,51.7,52.21,2762500,40.93
"2011-09-19",50.69,51.4,50.14,50.9,2483900,39.9
"2011-09-20",51.32,51.88,50.63,50.74,2272000,39.78
"2011-09-21",50.42,50.57,48.01,48.03,2966600,37.65
"2011-09-22",46.02,46.3,43.03,44.05,4742100,34.53
"2011-09-23",43.58,45.71,43.45,44.86,3504500,35.17
"2011-09-26",45.28,46.44,44,46.29,3116600,36.29
"2011-09-27",47.08,48.48,46.22,46.49,2418400,36.45
"2011-09-28",46.51,46.91,44.67,44.74,2721000,35.07
"2011-09-29",46,46.14,44.25,45.3,2721400,35.51
"2011-09-30",44.27,45.17,44.01,44.16,2330000,34.62
"2011-10-03",43.47,43.89,42.1,42.1,3146900,33
"2011-10-04",41.49,44.9,40.41,44.83,4400400,35.14
"2011-10-05",45.11,47.5,44.61,47.26,3545800,37.05
"2011-10-06",47.01,48.68,46.77,48.49,2425200,38.01
"2011-10-07",49.03,49.03,46.87,47.14,2801100,36.96
"2011-10-10",48.3,50.15,48.3,49.94,2276200,39.15
"2011-10-11",49.41,50.68,49.34,50.24,2148400,39.39
"2011-10-12",50.87,51.75,50.53,50.81,1695500,39.83
"2011-10-13",50.22,50.51,48.71,50.02,1956200,39.21
"2011-10-14",51.07,52.52,51.07,52.51,2136000,41.17
"2011-10-17",52.32,52.59,51.42,51.55,2050200,40.41
"2011-10-18",51.61,53.38,50.51,53.01,1800200,41.56
"2011-10-19",52.45,53.85,52.4,52.97,1732100,41.53
"2011-10-20",53.03,54.09,51.9,53.7,2170300,42.1
"2011-10-21",54.52,55.37,54.36,55.27,2323200,43.33
"2011-10-24",55.3,56.05,55.07,55.8,1760300,43.75
"2011-10-25",55.82,55.82,54.23,54.48,1850300,42.71
"2011-10-26",55.59,56.35,54.25,56.13,1487300,44
"2011-10-27",57.62,59.29,57.44,58.67,1952300,45.99
"2011-10-28",58.38,58.63,57.67,58.06,2552200,45.52
"2011-10-31",57.28,57.48,55.36,55.37,2532900,43.41
"2011-11-01",53.25,54.98,53.13,54.14,2805700,42.44
"2011-11-02",55.05,56.17,54.82,55.63,1527100,43.61
"2011-11-03",56.97,60,55.94,57.43,5705400,45.02
"2011-11-04",56.34,56.86,54.47,55.39,3460800,43.42
"2011-11-07",55.37,55.96,54.45,55.09,3450700,43.19
"2011-11-08",55.14,55.93,54.48,55.78,2879700,43.95
"2011-11-09",54.15,54.7,53.23,53.31,2320400,42
"2011-11-10",54.32,55,54.07,54.49,3997100,42.93
"2011-11-11",55.3,55.68,55.17,55.6,1736800,43.81
"2011-11-14",55.47,55.65,54.57,55.32,1339600,43.59
"2011-11-15",55.05,55.97,54.73,55.58,1820000,43.79
"2011-11-16",54.94,56.57,54.57,54.7,1574400,43.1
"2011-11-17",54.45,54.78,52.07,52.48,1719400,41.35
"2011-11-18",53.11,53.96,52.41,52.61,1873800,41.45
"2011-11-21",51.8,52.4,51,52.07,1315500,41.03
"2011-11-22",52.14,52.31,50.73,51.03,1467400,40.21
"2011-11-23",50.27,50.5,49.57,49.99,2284800,39.39
"2011-11-25",49.96,50.4,49.4,49.44,700600,38.95
"2011-11-28",50.98,52.75,50.83,52.49,2356400,41.36
"2011-11-29",52.74,53.52,52.36,52.95,1796600,41.72
"2011-11-30",54.88,56.29,54.8,55.92,1881500,44.06
"2011-12-01",55.72,56.23,55.19,55.35,1340600,43.61
"2011-12-02",56.1,56.19,54.65,54.78,1641000,43.16
"2011-12-05",55.98,56.61,55.03,55.39,2208900,43.64
"2011-12-06",55.65,55.82,54.19,55.32,2678200,43.59
"2011-12-07",55.13,55.72,54.65,55.43,1811200,43.67
"2011-12-08",55.16,55.25,53.5,53.69,1470700,42.3
"2011-12-09",54.01,54.86,53.95,54.55,1355400,42.98
"2011-12-12",53.71,53.74,52.21,53.02,1499100,41.77
"2011-12-13",53.9,55.06,52.81,53.28,2355700,41.98
"2011-12-14",52.57,52.88,51.34,51.5,1827200,40.58
"2011-12-15",52.3,52.52,51.12,51.27,1647900,40.4
"2011-12-16",51.79,52.27,51.31,52.19,2369700,41.12
"2011-12-19",52.64,52.8,50.68,50.85,1533100,40.06
"2011-12-20",52.03,53.29,51.98,53.02,1704000,41.77
"2011-12-21",53.43,54.86,53.18,54.7,1910600,43.1
"2011-12-22",54.99,56.39,54.77,56.28,1791700,44.34
"2011-12-23",56.7,56.8,55.84,56.33,1171900,44.38
"2011-12-27",56.34,56.89,56.17,56.53,773900,44.54
"2011-12-28",56.66,56.74,54.94,55.12,942100,43.43
"2011-12-29",55.37,55.75,54.88,55.7,957900,43.89
"2011-12-30",55.7,56.03,55.5,55.74,788600,43.92
"2012-01-03",57.35,58.39,56.87,58.11,1746400,45.78
"2012-01-04",57.72,57.87,56.74,57.49,1925400,45.3
"2012-01-05",56.86,57.11,56.2,56.89,1700300,44.82
"2012-01-06",56.85,57.05,56.35,56.71,1212100,44.68
"2012-01-09",56.9,56.95,56.39,56.74,1191200,44.71
"2012-01-10",57.81,59.4,57.54,59.2,3500900,46.64
"2012-01-11",58.86,59.34,58.2,58.95,2319000,46.45
"2012-01-12",58.98,59.34,58.31,58.6,1318300,46.17
"2012-01-13",58.06,58.76,57.14,58.75,2013400,46.29
"2012-01-17",59.44,59.98,58.76,59.01,1743100,46.49
"2012-01-18",58.97,60.82,58.79,60.75,1730600,47.86
"2012-01-19",60.91,61.3,60.3,60.39,1772300,47.58
"2012-01-20",60.36,60.77,60,60.52,1918000,47.68
"2012-01-23",60.7,61.55,60.53,60.98,1453400,48.05
"2012-01-24",59.94,60.21,59.45,59.72,1924400,47.05
"2012-01-25",59.42,60.91,58.26,60.65,2451000,47.79
"2012-01-26",61.77,64.5,59.4,61.91,6860300,48.78
"2012-01-27",61.55,62.01,61.08,61.42,2354800,48.39
"2012-01-30",60.81,60.81,59.27,59.79,2573300,47.11
"2012-01-31",60.53,60.53,58.78,59.6,2531900,46.96
"2012-02-01",60.55,60.55,59.31,59.33,2030700,46.75
"2012-02-02",59.54,60.17,59.02,59.44,1868500,46.83
"2012-02-03",60.23,61.29,59.72,61.26,1940000,48.27
"2012-02-06",60.94,61.8,60.59,61.74,946200,48.64
"2012-02-07",61.41,62.07,60.82,61.91,1176200,48.78
"2012-02-08",61.83,62.12,60.57,61.2,1593900,48.22
"2012-02-09",61.43,61.57,60.43,61.37,1419600,48.35
"2012-02-10",60.36,60.74,59.72,60.46,1298300,47.85
"2012-02-13",61,61.33,60.36,60.93,1017100,48.22
"2012-02-14",61.13,61.93,60.73,61.75,1927600,48.87
"2012-02-15",62,62.98,61.57,62.64,1976200,49.58
"2012-02-16",62.4,63.09,61.88,62.63,1781700,49.57
"2012-02-17",63.1,63.35,62.43,62.69,1657100,49.62
"2012-02-21",63.31,63.36,62.55,62.79,1723000,49.69
"2012-02-22",62.64,63,62.33,62.72,1912800,49.64
"2012-02-23",62.88,64.26,62.65,64.12,1609700,50.75
"2012-02-24",64.12,64.81,64,64.76,2001000,51.25
"2012-02-27",64.29,64.78,63.67,64.34,1700800,50.92
"2012-02-28",64.55,65.6,64.36,64.74,1985400,51.24
"2012-02-29",64.36,64.7,63.75,63.94,3592100,50.6
"2012-03-01",64.05,64.53,63.13,64.37,2565400,50.95
"2012-03-02",64.02,64.02,61.82,62.19,3200500,49.22
"2012-03-05",62.2,62.38,60.56,61.01,2910200,48.29
"2012-03-06",60.08,60.13,59.36,59.66,2222100,47.22
"2012-03-07",59.79,60.14,59.36,59.76,1573300,47.3
"2012-03-08",60.4,60.83,59.87,60.51,1610700,47.89
"2012-03-09",60.54,61.45,60.34,60.39,1314700,47.8
"2012-03-12",60.07,60.24,58.15,58.33,2878100,46.16
"2012-03-13",58.59,59.22,58.06,59.09,2923700,46.77
"2012-03-14",59.19,59.19,57.68,57.86,2719600,45.79
"2012-03-15",58.19,58.69,57.66,58.27,1438500,46.12
"2012-03-16",58.32,58.95,58.12,58.67,2328500,46.43
"2012-03-19",58.53,59.94,58.34,59.84,2528800,47.36
"2012-03-20",59.2,59.2,57.88,57.94,1861700,45.86
"2012-03-21",57.9,58.29,57.46,57.77,2506500,45.72
"2012-03-22",57.08,57.25,55.4,55.82,2980300,44.18
"2012-03-23",55.91,57.29,55.91,57.17,2314300,45.25
"2012-03-26",57.51,57.78,56.75,57.41,1529800,45.44
"2012-03-27",57.47,57.55,56.5,56.64,2363400,44.83
"2012-03-28",56.54,56.55,55.26,55.87,1162900,44.22
"2012-03-29",55.35,56,54.46,55.94,1853100,44.27
"2012-03-30",56.54,56.57,55.62,56.27,1501000,44.53
"2012-04-02",56.17,57.66,55.93,57.12,1695900,45.21
"2012-04-03",56.83,56.9,55.06,55.61,2845800,44.01
"2012-04-04",54.97,55.29,54.32,54.6,3301000,43.21
"2012-04-05",54.31,54.74,53.55,53.81,2385000,42.59
"2012-04-09",52.6,53.66,52.43,53.17,2067600,42.08
"2012-04-10",53.17,53.32,51.88,51.98,2041900,41.14
"2012-04-11",52.75,53.21,51.85,51.92,1568400,41.09
"2012-04-12",51.97,53.73,51.96,53.45,2550600,42.3
"2012-04-13",53.15,53.38,52.66,52.76,1930600,41.76
"2012-04-16",52.95,53.14,51.89,52.01,1457300,41.16
"2012-04-17",52.43,53.55,52.43,53.44,2066800,42.29
"2012-04-18",53.32,53.53,52.9,53.36,1984700,42.23
"2012-04-19",53.37,54.39,53.16,54,2856800,42.74
"2012-04-20",54.23,54.65,53.38,53.56,2368000,42.39
"2012-04-23",52.37,53.06,51.91,52.94,2482500,41.9
"2012-04-24",52.84,53.17,52.49,52.91,1840600,41.88
"2012-04-25",53.36,53.63,52.55,53.58,1464900,42.41
"2012-04-26",53.44,54.74,53.2,54.62,1231500,43.23
"2012-04-27",54.69,54.82,54.04,54.45,1079100,43.09
"2012-04-30",54.4,55.01,54.03,54.97,1374000,43.51
"2012-05-01",54.95,56.47,54.75,55.91,2401700,44.25
"2012-05-02",55.4,55.71,54.72,55.29,2793400,43.76
"2012-05-03",54.36,54.98,51.15,51.82,5724700,41.01
"2012-05-04",51.08,51.26,49.65,50.86,4374600,40.25
"2012-05-07",50.77,51.21,50.3,50.52,2523900,39.98
"2012-05-08",49.92,50.32,49.09,50.16,2980300,39.7
"2012-05-09",49.33,50.06,48.87,49.36,3579700,39.07
"2012-05-10",49.94,50.14,49.07,49.22,2275900,38.95
"2012-05-11",48.9,49.38,48.28,48.35,3045400,38.27
"2012-05-14",47.62,47.93,46.92,46.99,2723400,37.4
"2012-05-15",47.05,47.62,46.47,46.63,3730500,37.12
"2012-05-16",46.92,47.78,46.5,46.72,2643000,37.19
"2012-05-17",46.82,47.26,46.23,46.29,1522200,36.85
"2012-05-18",46.61,47.14,46.04,46.29,2259100,36.85
"2012-05-21",46.32,47.57,46.14,47.36,2486600,37.7
"2012-05-22",47.42,47.93,46.52,46.81,1859300,37.26
"2012-05-23",46.4,47.24,45.67,47.13,1909300,37.51
"2012-05-24",47.4,47.4,46.49,47.3,1608100,37.65
"2012-05-25",46.99,47.95,46.99,47.67,1323400,37.94
"2012-05-29",48.22,48.91,48.09,48.59,1689500,38.68
"2012-05-30",47.87,47.87,46.76,47.1,1849000,37.49
"2012-05-31",47.05,47.17,45.94,46.62,3471200,37.11
"2012-06-01",45.65,45.75,45.08,45.2,2518000,35.98
"2012-06-04",45.13,45.41,44.17,45.01,2541200,35.83
"2012-06-05",44.83,45.89,44.71,45.55,1482700,36.26
"2012-06-06",46.1,47.1,46.06,46.92,1903100,37.35
"2012-06-07",47.98,48.06,45.84,45.92,3749300,36.55
"2012-06-08",45.55,46.1,45.19,45.8,1907700,36.46
"2012-06-11",46.42,46.45,44.58,44.64,2009100,35.53
"2012-06-12",45.37,45.51,44.66,45.31,1945600,36.07
"2012-06-13",45,45.34,44.16,44.32,1770600,35.28
"2012-06-14",44.34,44.98,44.08,44.55,1946000,35.46
"2012-06-15",44.62,45.69,44.45,45.67,2121200,36.35
"2012-06-18",45.38,45.41,44.86,44.97,2070300,35.79
"2012-06-19",45.18,45.95,45.18,45.6,1393000,36.3
"2012-06-20",45.51,46.24,45.16,45.6,2474300,36.3
"2012-06-21",45.73,45.75,43.56,43.65,3537100,34.74
"2012-06-22",43.96,44.82,43.65,44.57,3102300,35.48
"2012-06-25",43.9,44.1,43.29,43.96,2452900,34.99
"2012-06-26",43.91,44.43,43.65,44.19,2116400,35.17
"2012-06-27",44.51,46.46,44.5,46.4,3070400,36.93
"2012-06-28",46.06,48.34,45.56,48.26,4455300,38.41
"2012-06-29",48.98,50.36,48.71,50.29,4222600,40.03
"2012-07-02",50.25,50.39,49.27,50.36,2229000,40.08
"2012-07-03",50.77,51.61,50.65,51.59,1555800,41.06
"2012-07-05",51.2,51.27,50.3,50.73,1787000,40.38
"2012-07-06",49.99,50.6,49.77,50.22,1630200,39.97
"2012-07-09",50.03,50.21,49.42,49.94,2179000,39.75
"2012-07-10",50.39,50.39,48.47,48.8,1967300,38.84
"2012-07-11",49.14,50.27,49.14,49.92,2211400,39.73
"2012-07-12",49.16,49.58,48.86,49.18,2420100,39.15
"2012-07-13",49.54,50,49.43,49.77,1254700,39.62
"2012-07-16",49.6,50.73,49.51,50.46,1851500,40.16
"2012-07-17",50.68,51.05,49.97,50.65,2687600,40.32
"2012-07-18",50.38,51.17,50.22,51.17,1602100,40.73
"2012-07-19",51.35,51.94,51.08,51.83,1843000,41.26
"2012-07-20",51.49,51.91,51.08,51.77,2196600,41.21
"2012-07-23",50.4,52.21,50.35,51.9,4154300,41.31
"2012-07-24",51.9,51.98,50.34,50.91,3006500,40.52
"2012-07-25",51.29,51.85,51,51.53,3134100,41.02
"2012-07-26",52.32,52.88,51.88,52.79,2507400,42.02
"2012-07-27",53.11,54.49,52.56,54.3,2944800,43.22
"2012-07-30",54.19,54.61,53.96,54.51,2316100,43.39
"2012-07-31",54.44,54.63,53.65,53.66,2996100,42.71
"2012-08-01",54.19,54.99,53.5,54.4,3895600,43.3
"2012-08-02",53.8,54.56,52.83,54,5395800,42.98
"2012-08-03",55.27,56.04,55.03,55.21,2590300,43.95
"2012-08-06",55.34,55.67,54.54,54.63,3305600,43.48
"2012-08-07",55.11,55.91,55.11,55.23,2379600,43.96
"2012-08-08",54.84,55.52,54.52,55.28,1842500,44
"2012-08-09",55.08,56,54.99,55.11,1742900,43.87
"2012-08-10",54.65,54.99,54.23,54.96,1713700,43.75
"2012-08-13",54.93,55.01,53.79,54.21,1232100,43.15
"2012-08-14",54.57,54.6,53.95,54.06,1191900,43.03
"2012-08-15",53.75,54.49,53.56,54.29,1336100,43.46
"2012-08-16",54.45,55.2,54.34,54.78,1584800,43.86
"2012-08-17",54.9,54.97,54.15,54.8,1601700,43.87
"2012-08-20",54.74,55,54.47,54.64,1285500,43.74
"2012-08-21",54.93,55.6,54.8,55,1226100,44.03
"2012-08-22",54.84,54.85,53.53,53.82,2430400,43.09
"2012-08-23",53.75,53.79,52.59,52.64,1507100,42.14
"2012-08-24",52.62,52.99,52.06,52.72,1141200,42.21
"2012-08-27",52.73,52.95,52.4,52.52,1142600,42.05
"2012-08-28",52.4,52.96,51.98,52.82,1752300,42.29
"2012-08-29",52.96,52.96,51.75,52.12,1478100,41.73
"2012-08-30",51.83,51.91,50.83,51.09,1467500,40.9
"2012-08-31",51.64,51.75,51.01,51.33,1033500,41.09
"2012-09-04",51.38,51.46,50.59,51.23,1356900,41.01
"2012-09-05",51.25,51.34,50.03,50.03,2137700,40.05
"2012-09-06",50.53,52.1,50.5,51.4,2025800,41.15
"2012-09-07",51.47,52.48,51.41,52.32,1057800,41.89
"2012-09-10",52.34,53.18,52.29,52.65,1252800,42.15
"2012-09-11",52.76,53.15,52.68,52.87,1311300,42.33
"2012-09-12",53.07,53.21,52.55,52.87,1028100,42.33
"2012-09-13",53.1,55.13,52.54,54.94,1997700,43.99
"2012-09-14",55.3,56.74,55,56.24,2364300,45.03
"2012-09-17",56.09,56.36,55.3,55.63,1278000,44.54
"2012-09-18",55.47,55.59,54.51,54.84,1573000,43.91
"2012-09-19",54.82,54.86,53.93,54.11,1199300,43.32
"2012-09-20",53.65,54.63,53.11,54.44,1394100,43.58
"2012-09-21",55.08,55.74,54.88,55.63,3399500,44.54
"2012-09-24",55.13,55.68,54.98,55.12,1707200,44.13
"2012-09-25",55.41,55.52,54.36,54.36,1241800,43.52
"2012-09-26",54.13,54.21,52.8,53.04,1497300,42.46
"2012-09-27",53.24,54.28,53,54.04,2091500,43.26
"2012-09-28",53.73,53.98,53.32,53.69,1608000,42.98
"2012-10-01",54.14,55.01,54.02,55,2168500,44.03
"2012-10-02",55.38,55.93,54.88,55.9,1904700,44.75
"2012-10-03",57,58.65,54.78,58.21,9053900,46.6
"2012-10-04",58.83,59.79,57.73,58.43,7394900,46.78
"2012-10-05",58.64,59.18,58.23,58.45,2808600,46.8
"2012-10-08",58.12,58.38,57.77,58.05,1493200,46.48
"2012-10-09",58.2,58.93,57.85,57.87,1853100,46.33
"2012-10-10",57.66,58.42,57.08,57.11,1615900,45.72
"2012-10-11",57.71,58.81,57.71,58.39,2334100,46.75
"2012-10-12",58.2,58.75,57.77,58.7,2544200,47
"2012-10-15",58.53,59.06,57.65,59,1824000,47.24
"2012-10-16",62.95,64.91,61.83,63.74,10658000,51.03
"2012-10-17",63.72,63.79,62.4,62.7,5179300,50.2
"2012-10-18",62.45,63.23,62.45,63.21,3324500,50.61
"2012-10-19",62.86,63.38,61.93,62.2,2967800,49.8
"2012-10-22",62.2,62.93,61.37,62.39,3146400,49.95
"2012-10-23",61.15,61.34,60.16,60.54,3298900,48.47
"2012-10-24",60.72,61.26,60.12,60.17,2280000,48.17
"2012-10-25",60.83,61.01,59.65,59.85,2841400,47.92
"2012-10-26",59.68,60.34,59.44,59.81,2487800,47.88
"2012-10-31",61.78,61.98,59.72,60,3435300,48.04
"2012-11-01",60,60.5,59.44,60,3241900,48.04
"2012-11-02",60.17,60.97,59.12,59.35,6146500,47.52
"2012-11-05",59.06,59.94,58.89,59.83,2452800,47.9
"2012-11-06",59.98,61.13,59.83,60.71,3407900,48.6
"2012-11-07",59.86,59.86,58.76,59.02,1968300,47.25
"2012-11-08",58.91,59.54,57.97,58.02,6389000,46.45
"2012-11-09",57.69,58.94,57.64,58.37,6035000,46.73
"2012-11-12",58.57,58.87,58.3,58.56,2122300,46.88
"2012-11-13",57.84,58.63,57.16,57.23,2042200,45.82
"2012-11-14",54.73,55.65,54.73,54.97,3495100,46.28
"2012-11-15",54.96,55.39,54.78,55.22,2967300,46.49
"2012-11-16",55.2,56.42,54.79,56.23,3497400,47.35
"2012-11-19",57.2,58.49,56.7,57.7,2859100,48.58
"2012-11-20",57.56,57.84,57.34,57.67,1395900,48.56
"2012-11-21",57.65,57.86,57.35,57.53,1493200,48.44
"2012-11-23",57.95,58.44,57.54,58.41,551200,49.18
"2012-11-26",57.95,58.13,57.53,57.88,1540700,48.73
"2012-11-27",57.69,57.93,56.99,57.05,1799500,48.04
"2012-11-28",56.66,57.58,56.35,57.58,2215500,48.48
"2012-11-29",58.03,58.13,56.92,57.09,1207100,48.07
"2012-11-30",57.55,57.85,56.38,56.74,1849200,47.77
"2012-12-03",57.26,57.45,56.08,56.14,1421000,47.27
"2012-12-04",55.85,56.15,55.34,55.6,1610100,46.81
"2012-12-05",55.83,56.38,55.65,56.16,2001600,47.29
"2012-12-06",55.98,56.21,55.7,56.03,1708600,47.18
"2012-12-07",56.24,56.43,55.85,56.01,1316000,47.16
"2012-12-10",56.05,56.65,55.9,56.61,1718100,47.67
"2012-12-11",56.9,57.5,56.74,57.26,2322700,48.21
"2012-12-12",57.38,59.1,57.38,58.59,2618500,49.33
"2012-12-13",58.21,59.06,57.87,59.06,3580800,49.73
"2012-12-14",58.69,59.48,58.54,59.36,2779800,49.98
"2012-12-17",59.46,60.06,59.29,60.03,3348600,50.54
"2012-12-18",59.94,61.85,59.33,61.46,7002300,51.75
"2012-12-19",61.41,61.49,60.38,60.44,4905800,50.89
"2012-12-20",60.5,61.45,60.05,61.44,3750600,51.73
"2012-12-21",60.67,60.76,59.73,60.39,5559200,50.85
"2012-12-24",60.57,60.85,59.82,59.92,655900,50.45
"2012-12-26",60.27,60.45,59.63,59.71,1271300,50.28
"2012-12-27",59.75,59.79,58.71,59.47,3472700,50.07
"2012-12-28",59.12,59.39,58.46,58.48,1510700,49.24
"2012-12-31",58.53,59.62,58.31,59.55,1745200,50.14
"2013-01-02",60.75,60.76,59.91,60.58,1589000,51.01
"2013-01-03",60.46,61.64,60.29,60.81,1329500,51.2
"2013-01-04",60.78,61.35,60.74,60.93,923400,51.3
"2013-01-07",60.7,60.72,59.95,60.21,1162400,50.7
"2013-01-08",59.95,60.17,59.68,60.12,2097300,50.62
"2013-01-09",60.11,60.37,59.78,59.98,1959700,50.5
"2013-01-10",60.47,60.75,59.81,60.69,1307300,51.1
"2013-01-11",60.73,61.26,60.52,61.18,1390500,51.51
"2013-01-14",61.1,61.81,61.1,61.34,1559800,51.65
"2013-01-15",60.96,61.93,60.85,61.76,1553800,52
"2013-01-16",61.47,61.97,61.13,61.68,1374400,51.93
"2013-01-17",62,62.1,61.49,61.79,2011400,52.03
"2013-01-18",61.82,62,60.98,61.33,2054600,51.64
"2013-01-22",61.43,61.88,60.91,61.71,1381100,51.96
"2013-01-23",61.58,61.8,61.04,61.47,815200,51.76
"2013-01-24",61.7,62.49,61.34,61.48,2824900,51.77
"2013-01-25",61.94,62.09,61.59,61.79,1223800,52.03
"2013-01-28",62.16,62.16,61.1,61.51,1536900,51.79
"2013-01-29",61.98,63.93,61.6,63.81,2847500,53.73
"2013-01-30",63.85,64.1,62.71,62.84,2342100,52.91
"2013-01-31",61.81,62.2,59.4,59.52,4864300,50.12
"2013-02-01",60.01,60.67,59.4,60.3,3920800,50.77
"2013-02-04",59.92,60.36,59.19,59.33,1866000,49.96
"2013-02-05",59.74,60.33,59.7,60.08,1571400,50.59
"2013-02-06",59.64,60.69,59.3,60.3,1333000,50.77
"2013-02-07",60.21,60.27,59.46,59.87,1594000,50.41
"2013-02-08",60,60.23,59.74,60.07,2150400,50.58
"2013-02-11",60.09,60.39,59.9,60.03,1288200,50.54
"2013-02-12",60.1,60.57,59.8,60.1,1301200,50.6
"2013-02-13",60.25,60.71,59.93,60.08,1367500,50.59
"2013-02-14",59.71,60.54,59.43,60.32,1604400,51.05
"2013-02-15",60.72,61.86,60.67,61.35,2598200,51.93
"2013-02-19",61.55,62.28,61.55,61.99,1339100,52.47
"2013-02-20",61.82,62.04,61.08,61.51,2825500,52.06
"2013-02-21",61.07,61.42,60.47,61.04,2207800,51.66
"2013-02-22",61.25,61.76,60.95,61.68,1289100,52.21
"2013-02-25",61.94,62.48,60.09,60.11,1629700,50.88
"2013-02-26",60.5,60.92,59.85,60.63,1460700,51.32
"2013-02-27",60.3,61.53,60.3,61.06,1163700,51.68
"2013-02-28",61.01,61.37,60.48,60.88,1347700,51.53
"2013-03-01",60.42,61.06,59.88,60.4,1884800,51.12
"2013-03-04",60.48,60.56,59.94,60.37,1900300,51.1
"2013-03-05",60.7,61.21,60.45,60.81,1179800,51.47
"2013-03-06",60.92,61.67,60.82,61.34,1650700,51.92
"2013-03-07",61.45,61.84,61.08,61.53,1004300,52.08
"2013-03-08",61.75,62.55,61.25,62.29,1430700,52.72
"2013-03-11",62.11,62.2,61.36,61.76,1603000,52.27
"2013-03-12",61.91,62.67,61.62,61.68,1560800,52.21
"2013-03-13",61.63,61.83,61.26,61.37,1275100,51.94
"2013-03-14",61.53,61.71,61.25,61.66,2002500,52.19
"2013-03-15",61.44,62.33,61.36,62.14,2269800,52.6
"2013-03-18",61.42,62.09,61.32,61.93,1332700,52.42
"2013-03-19",61.97,61.97,60.4,60.92,1753600,51.56
"2013-03-20",61.31,62.13,61.13,61.84,1312800,52.34
"2013-03-21",61.51,61.92,60.99,61.28,1435100,51.87
"2013-03-22",61.49,61.85,61.31,61.71,1358200,52.23
"2013-03-25",61.78,62.14,61.58,62.03,1367500,52.5
"2013-03-26",62.45,63.64,62.4,63.59,1816200,53.82
"2013-03-27",63.4,63.85,62.9,63.8,1451300,54
"2013-03-28",63.79,63.89,63.34,63.73,1611500,53.94
"2013-04-01",63.67,63.85,62.96,63.29,1120600,53.57
"2013-04-02",63.44,63.75,62.97,63.2,913200,53.49
"2013-04-03",63.19,63.56,62.55,62.95,1710000,53.28
"2013-04-04",62.82,63.03,62.34,62.76,2421800,53.12
"2013-04-05",61.88,63.09,61.88,62.75,1207400,53.11
"2013-04-08",62.6,63.67,62.51,63.6,1411100,53.83
"2013-04-09",63.61,64.87,63.46,64.66,1480400,54.73
"2013-04-10",64.74,64.86,63.87,64.14,1382700,54.29
"2013-04-11",64.43,64.43,63.54,63.71,980400,53.92
"2013-04-12",63.22,63.26,61.25,61.54,2218500,52.09
"2013-04-15",61.1,61.28,59.89,60.24,3979800,50.99
"2013-04-16",60.95,61.09,60.1,60.63,2481200,51.32
"2013-04-17",60.25,60.28,58.96,59.98,3918700,50.77
"2013-04-18",60.03,61.22,59.62,60.93,2616200,51.57
"2013-04-19",61.37,61.54,60,60.6,2018500,51.29
"2013-04-22",60.75,60.85,59.79,60.4,1833600,51.12
"2013-04-23",60.57,60.9,60.02,60.85,2170900,51.5
"2013-04-24",60.96,61.71,60.95,61.06,1586100,51.68
"2013-04-25",61.45,61.94,60.86,61.41,1518000,51.98
"2013-04-26",61.4,61.42,60.58,61.19,1034000,51.79
"2013-04-29",61.63,62.49,61.45,62.24,1409100,52.68
"2013-04-30",62.37,62.64,61.77,62.09,1878500,52.55
"2013-05-01",61.42,61.58,60.56,60.8,2284600,51.46
"2013-05-02",61.19,61.28,59.85,60.63,2042500,51.32
"2013-05-03",61.1,61.81,61.04,61.44,1505400,52
"2013-05-06",61.35,62.92,61.15,62.6,1542300,52.98
"2013-05-07",62.9,64.27,62.81,64.21,1986100,54.35
"2013-05-08",64.22,64.48,63.56,64.06,2628400,54.22
"2013-05-09",64.13,64.5,63.51,63.91,1399300,54.09
"2013-05-10",63.74,63.74,62.01,62.75,1891400,53.11
"2013-05-13",62.46,63.23,62.41,62.93,1465200,53.26
"2013-05-14",63.23,64.72,63.23,64.63,1899100,54.7
"2013-05-15",63.94,64.29,63.34,64.24,1105000,54.64
"2013-05-16",63.99,64.36,63.56,63.72,1475500,54.19
"2013-05-17",63.96,64.43,63.47,64.27,1278100,54.66
"2013-05-20",64.28,65.68,64.28,64.79,1951300,55.11
"2013-05-21",64.89,65.33,64.32,64.39,1264300,54.76
"2013-05-22",64.32,64.53,62.23,62.63,2344100,53.27
"2013-05-23",62.08,62.11,61.15,61.99,1999900,52.72
"2013-05-24",61.79,62.29,61.1,61.58,1945400,52.37
"2013-05-28",62.32,62.41,61.45,61.7,1791500,52.48
"2013-05-29",61.51,63.14,61.4,62.96,2380500,53.55
"2013-05-30",62.98,64.49,62.88,64.12,1832900,54.54
"2013-05-31",64,64.36,63.29,63.32,2019600,53.85
"2013-06-03",63.38,63.68,62.78,63.32,1600900,53.85
"2013-06-04",63.2,64.1,62.81,63.02,1410300,53.6
"2013-06-05",62.98,63.65,62.74,63.05,1910600,53.63
"2013-06-06",62.99,64.08,62.79,64.05,1488100,54.48
"2013-06-07",64.18,65.86,63.56,65.74,2138800,55.91
"2013-06-10",65.74,66.28,65.52,66.09,1967200,56.21
"2013-06-11",65.14,65.7,64.46,64.65,1612600,54.99
"2013-06-12",65.04,65.3,63.24,63.36,1357900,53.89
"2013-06-13",63.22,64.24,62.89,63.96,1590900,54.4
"2013-06-14",63.08,64.38,62.84,63.06,1478200,53.63
"2013-06-17",63.64,63.85,63.22,63.62,1226600,54.11
"2013-06-18",63.48,64.33,63.42,63.6,1678600,54.09
"2013-06-19",63.41,63.91,62.67,62.71,1669300,53.34
"2013-06-20",61.96,62.08,60.91,61.15,2326500,52.01
"2013-06-21",61.58,61.78,60.77,61.29,2104000,52.13
"2013-06-24",60.63,60.82,59.29,60.31,1736100,51.29
"2013-06-25",61.06,61.56,60.7,61.23,1541600,52.08
"2013-06-26",61.55,61.73,60.55,61.19,2619200,52.04
"2013-06-27",61.64,62.05,61.05,61.55,1727000,52.35
"2013-06-28",61.29,61.89,60.89,60.89,1793600,51.79
"2013-07-01",61.41,61.71,61.08,61.19,1170900,52.04
"2013-07-02",61.45,61.52,60.45,60.89,2028800,51.79
"2013-07-03",60.89,61.55,60.29,61.19,1348100,52.04
"2013-07-05",61.61,61.71,60.77,61.59,951800,52.38
"2013-07-08",61.93,62.38,61.58,61.78,1555800,52.54
"2013-07-09",62.36,62.95,62.28,62.65,1784400,53.28
"2013-07-10",62.72,63.32,62.51,62.89,1216500,53.49
"2013-07-11",63.81,64.5,63.36,64.18,1232200,54.59
"2013-07-12",64.05,64.58,63.62,64.58,1137500,54.93
"2013-07-15",64.61,65.06,64.4,64.88,1202000,55.18
"2013-07-16",64.91,65.18,64.09,64.38,981800,54.76
"2013-07-17",64.49,65.03,64.33,65.03,917500,55.31
"2013-07-18",65.13,65.99,65.11,65.73,1202600,55.9
"2013-07-19",65.98,66.9,65.49,66.9,1289000,56.9
"2013-07-22",67,67.47,66.75,67.3,1149300,57.24
"2013-07-23",67.29,68.76,67.18,68.55,1921100,58.3
"2013-07-24",67.9,68.65,67.21,67.71,1561200,57.59
"2013-07-25",67.77,68.52,67.36,68.32,1205400,58.11
"2013-07-26",67.93,68.18,67.31,67.69,1172500,57.57
"2013-07-29",67.53,67.72,66.67,67.17,1029900,57.13
"2013-07-30",67.28,67.55,66.59,67.31,1197000,57.25
"2013-07-31",67.31,68.49,67.17,67.72,1775400,57.6
"2013-08-01",68.15,72.23,68.15,71.84,3236600,61.1
"2013-08-02",71.86,72.38,70.89,71.28,1296100,60.62
"2013-08-05",71.11,71.56,70.7,70.99,1368200,60.38
"2013-08-06",71.06,71.37,70.08,70.48,1626100,59.94
"2013-08-07",70.07,70.39,69.04,69.67,1822100,59.26
"2013-08-08",70.99,71.05,69.85,70.23,982700,59.73
"2013-08-09",70.34,71.1,70.04,70.9,799500,60.3
"2013-08-12",70.49,71.25,70.27,71.23,1199500,60.58
"2013-08-13",71.12,71.16,70.05,70.44,1303100,59.91
"2013-08-14",70.37,70.67,69.51,69.84,1092800,59.4
"2013-08-15",69.51,70.24,68.97,69.84,1058100,59.4
"2013-08-16",69.53,69.53,68.14,68.69,1670000,58.42
"2013-08-19",68.14,68.65,67.69,67.84,1164500,57.96
"2013-08-20",67.76,68.39,67.4,67.65,1361300,57.8
"2013-08-21",67.41,67.81,66.22,66.49,1417000,56.81
"2013-08-22",66.78,67.44,66.73,67.2,794700,57.42
"2013-08-23",67.34,67.36,66.7,66.97,1128000,57.22
"2013-08-26",67.03,67.42,65.92,66.13,1539200,56.5
"2013-08-27",65.47,66.4,65.3,65.41,1524500,55.89
"2013-08-28",65.6,66.77,65.55,66.06,1450000,56.44
"2013-08-29",65.94,66.18,65.71,65.81,1493100,56.23
"2013-08-30",66.07,67.53,65.99,67.42,2635700,57.6
"2013-09-03",59.06,59.87,58.01,59.8,5840000,59.17
"2013-09-04",59.88,60.87,59.55,60.43,2948200,59.79
"2013-09-05",60.51,61.11,60.5,61.07,1839300,60.42
"2013-09-06",61.26,62.14,60.74,61.77,1644900,61.12
"2013-09-09",61.73,62.31,61.56,62.26,1490700,61.6
"2013-09-10",62.51,62.55,61.67,62.3,1625700,61.64
"2013-09-11",62.42,63.23,62.02,62.54,2194800,61.88
"2013-09-12",62.66,62.89,61.79,61.88,1683800,61.22
"2013-09-13",61.99,62.35,61.44,61.56,1175300,60.91
"2013-09-16",62.21,62.28,61.5,61.61,956900,60.96
"2013-09-17",61.7,62.13,61.62,61.72,845400,61.07
"2013-09-18",61.61,62.5,61.02,62.27,919800,61.61
"2013-09-19",62.3,62.85,61.56,61.73,1443900,61.08
"2013-09-20",61.56,62.14,61.09,61.52,2194600,60.87
"2013-09-23",61.19,61.36,60.38,61.06,1186800,60.41
"2013-09-24",61.02,62.56,61.02,61.44,1310100,60.79
"2013-09-25",61.5,61.91,61.28,61.36,995800,60.71
"2013-09-26",61.45,61.69,60.9,61.54,945200,60.89
"2013-09-27",61.06,61.63,60.94,61.27,889900,60.62
"2013-09-30",60.52,60.63,60.02,60.32,1542800,59.68
"2013-10-01",60.08,60.85,60.06,60.85,1741700,60.21
"2013-10-02",60.56,62.01,60.32,62.01,1563600,61.35
"2013-10-03",61.73,62.03,61.35,61.81,1642400,61.16
"2013-10-04",61.9,62.94,61.57,62.92,1287700,62.25
"2013-10-07",62.46,62.46,61.42,61.84,1718100,61.18
"2013-10-08",61.8,62.41,60.98,61.16,1212100,60.51
"2013-10-09",61.18,61.31,59.95,60.23,2005700,59.59
"2013-10-10",61.01,61.57,60.67,61.53,1332000,60.88
"2013-10-11",61.13,62.33,61.02,61.88,921500,61.22
"2013-10-14",61.12,61.39,60.36,61.38,2203800,60.73
"2013-10-15",61.39,62.03,61.03,61.93,1867800,61.27
"2013-10-16",62.27,62.84,61.7,62.1,1261100,61.44
"2013-10-17",62.08,62.19,61.54,61.95,1225300,61.29
"2013-10-18",62.43,62.55,62.1,62.44,1297100,61.78
"2013-10-21",62.24,62.64,61.45,61.55,1598200,60.9
"2013-10-22",61.74,61.99,61.15,61.72,954200,61.07
"2013-10-23",61.3,61.6,60.57,61.34,1259200,60.69
"2013-10-24",61.34,61.72,61.1,61.65,952700,61
"2013-10-25",61.89,61.96,60.98,61.75,672300,61.1
"2013-10-28",61.93,62.65,61.47,62.11,1358200,61.45
"2013-10-29",62.24,62.93,62,62.83,1132900,62.16
"2013-10-30",62.91,62.99,61.21,62.02,1742000,61.36
"2013-10-31",60.8,60.8,58.37,60.32,4038100,59.68
"2013-11-01",59.9,60.51,58.72,60.4,2491900,59.76
"2013-11-04",60.57,61.44,60.4,61.36,1463300,60.71
"2013-11-05",61.31,61.57,60.11,60.36,2067800,59.72
"2013-11-06",60.66,61.11,59.73,60.25,1354900,59.61
"2013-11-07",60.16,60.82,59.69,59.93,2184800,59.3
"2013-11-08",60.1,61.21,59.88,61.04,1408700,60.39
"2013-11-11",61.25,62.15,61.09,61.84,1094800,61.18
"2013-11-12",62.77,63.01,61.7,61.87,2352200,61.21
"2013-11-13",61.14,61.72,60.89,61.56,1289900,61.22
"2013-11-14",61.54,62.38,61.2,62.24,1156900,61.89
"2013-11-15",62.27,63.1,61.95,62.83,1089500,62.48
"2013-11-18",63.17,63.62,62.73,62.99,2068100,62.64
"2013-11-19",62.85,63.34,62.35,63.1,1592300,62.75
"2013-11-20",63.45,64.1,62.6,62.88,1385100,62.53
"2013-11-21",63.3,63.67,62.81,63.55,759600,63.2
"2013-11-22",63.69,64.35,63.36,64.25,1154200,63.89
"2013-11-25",64.08,64.55,63.43,64.22,1679000,63.86
"2013-11-26",63.98,65.29,63.91,64.95,1451400,64.59
"2013-11-27",64.78,65.54,64.42,65.09,2072900,64.73
"2013-11-29",65.03,65.6,64.7,64.93,687900,64.57
"2013-12-02",65.18,66.2,64.75,65.12,1782000,64.76
"2013-12-03",64.86,65.75,64.65,65.55,1627500,65.19
"2013-12-04",65.21,65.36,63.64,64.55,1693500,64.19
"2013-12-05",64.53,64.65,63.41,63.54,1498700,63.19
"2013-12-06",64.08,64.46,63.58,63.9,1087000,63.54
"2013-12-09",64.66,64.84,63.37,64.12,1201600,63.76
"2013-12-10",64.03,64.45,63.84,64.1,1085800,63.74
"2013-12-11",64.19,64.26,63.2,63.45,1502800,63.1
"2013-12-12",63.55,63.81,62.88,63.15,1128100,62.8
"2013-12-13",63.03,63.53,62.48,63.01,1011500,62.66
"2013-12-16",63.16,63.72,62.85,63.3,1057300,62.95
"2013-12-17",63.08,63.35,62.49,63.11,1444800,62.76
"2013-12-18",63.18,64.21,62.83,63.9,1211500,63.54
"2013-12-19",63.83,64.67,63.47,64.41,1141500,64.05
"2013-12-20",64.52,64.8,63.55,63.59,2282200,63.24
"2013-12-23",63.99,64.3,63.6,63.67,888900,63.32
"2013-12-24",63.74,64.04,63.69,63.72,291300,63.37
"2013-12-26",63.96,64.31,63.64,64.12,691900,63.76
"2013-12-27",64.41,64.56,63.9,64.42,408700,64.06
"2013-12-30",64.59,64.65,63.74,64.14,600400,63.78
"2013-12-31",64.12,64.94,64.01,64.88,868300,64.52
"2014-01-02",64.56,64.76,63.29,63.7,936800,63.35
"2014-01-03",63.63,63.98,62.9,63.3,928500,62.95
"2014-01-06",63.17,63.26,62.49,62.77,1617000,62.42
"2014-01-07",63.02,63.72,62.73,63.4,1175000,63.05
"2014-01-08",63.4,63.71,62.57,62.89,1676000,62.54
"2014-01-09",62.91,63.49,62.69,63.39,1420800,63.04
"2014-01-14",62.43,62.81,61.9,62.7,1763200,62.35
"2014-01-15",62.64,63.2,62.41,62.94,1351100,62.59
"2014-01-16",62.79,63.15,62.39,62.53,899300,62.18
"2014-01-17",62.88,63.4,62.6,62.77,1451500,62.42
"2014-01-21",63.11,63.28,62.32,62.93,1201100,62.58
"2014-01-22",63.22,63.77,63.08,63.35,1108600,63
"2014-01-23",63,63.24,62.02,62.51,1509100,62.16
"2014-01-24",61.96,62.02,60.5,60.5,1760100,60.16
"2014-01-27",60.57,60.87,59.57,60.29,1186700,59.95
"2014-01-28",60.19,61.33,60.19,61.17,1177900,60.83
"2014-01-29",60.95,61.22,60.04,60.47,2300400,60.13
"2014-01-30",58.94,60.05,55.89,57.44,3459400,57.12
"2014-01-31",56.46,57.65,56.05,56.61,2595800,56.3
"2014-02-03",56.25,56.37,55.3,55.37,2774800,55.06
"2014-02-04",55.58,56.26,55.38,55.68,1833200,55.37
"2014-02-05",55.64,55.73,54.67,54.74,2083400,54.44
"2014-02-06",55.2,55.97,55.12,55.87,3910900,55.56
"2014-02-07",56.3,58.28,55.87,57.93,5908000,57.61
"2014-02-10",58,58,56.91,56.93,2638400,56.61
"2014-02-11",57.1,57.99,56.88,57.17,1926900,56.85
"2014-02-12",57.31,57.68,56.23,56.28,2181700,55.97
"2014-02-13",55.56,57.47,55.31,57.22,2986300,57.22
"2014-02-14",57.19,60.42,57.17,60.06,5243900,60.06
"2014-02-18",60.11,60.33,58.53,58.59,2279400,58.59
"2014-02-19",58.28,59.05,57.54,57.59,2374300,57.59
"2014-02-20",57.52,58.3,57.5,58.11,1481000,58.11
"2014-02-21",58.04,58.28,57.47,57.67,1592600,57.67
"2014-02-24",58.1,59.43,57.97,59.13,2232600,59.13
"2014-02-25",59.11,59.79,58.62,59.08,1254700,59.08
"2014-02-26",59.01,59.53,58.91,59.25,1554000,59.25
"2014-02-27",59.21,59.43,58.83,59.31,1140500,59.31
"2014-02-28",59.26,60.14,58.83,59.37,1495100,59.37
"2014-03-03",59.23,60.18,59.07,59.21,1246300,59.21
"2014-03-04",59.54,59.78,59,59.44,1084200,59.44
"2014-03-05",59.46,60.11,59.33,59.49,1681400,59.49
"2014-03-06",59.51,60.14,59.48,59.89,983200,59.89
"2014-03-07",60.17,60.29,59.6,59.87,1045600,59.87
"2014-03-10",59.87,60.19,59.27,59.69,1405200,59.69
"2014-03-11",59.78,60.31,59.06,59.33,1575300,59.33
"2014-03-12",59,59.91,58.99,59.5,1328800,59.5
"2014-03-13",59.65,59.86,58.86,59.02,1493900,59.02
"2014-03-14",59,60.31,59,60.26,1934100,60.26
"2014-03-17",61.3,61.31,59.62,60.06,1281200,60.06
