"","MWV.Open","MWV.High","MWV.Low","MWV.Close","MWV.Volume","MWV.Adjusted"
"2007-01-03",29.85,30.74,29.71,30.54,1883000,22.64
"2007-01-04",30.53,30.57,29.54,29.6,1530200,21.94
"2007-01-05",29.42,29.52,28.88,28.91,1325700,21.43
"2007-01-08",29.13,29.36,28.89,29,1222100,21.49
"2007-01-09",28.99,29.13,28.52,28.96,2293100,21.46
"2007-01-10",28.96,28.96,28.56,28.69,1245000,21.26
"2007-01-11",28.82,29.34,28.8,29.01,1821300,21.5
"2007-01-12",29.07,29.48,29.04,29.31,2033700,21.72
"2007-01-16",29.43,29.63,29.21,29.4,1862900,21.79
"2007-01-17",29.41,29.56,29.13,29.32,798100,21.73
"2007-01-18",29.44,29.54,29.1,29.19,967000,21.63
"2007-01-19",29.29,29.59,29.25,29.48,1231400,21.85
"2007-01-22",29.55,29.55,29.19,29.51,903100,21.87
"2007-01-23",29.53,29.9,29.5,29.8,722000,22.09
"2007-01-24",29.9,29.95,29.73,29.88,550000,22.15
"2007-01-25",29.9,29.9,29.5,29.59,782200,21.93
"2007-01-26",29.6,29.78,29.47,29.78,1247400,22.07
"2007-01-29",29.86,30.14,29.7,29.8,1397800,22.09
"2007-01-30",29.94,30.13,29.55,29.78,1582800,22.07
"2007-01-31",29.4,30.3,29.2,30.14,1599100,22.51
"2007-02-01",30.14,30.39,29.99,30.01,890300,22.42
"2007-02-02",30.03,30.47,30.03,30.38,978500,22.69
"2007-02-05",30.26,30.6,30.01,30.06,1139000,22.45
"2007-02-06",30.18,30.55,30.07,30.55,973600,22.82
"2007-02-07",30.5,30.65,30.34,30.51,974400,22.79
"2007-02-08",30.75,31.35,30.64,31.33,1578600,23.4
"2007-02-09",31.21,31.44,30.92,31.09,1220400,23.22
"2007-02-12",31.18,31.31,30.91,31.15,625000,23.27
"2007-02-13",31.07,32.02,31.07,31.91,2439400,23.83
"2007-02-14",31.8,32.11,31.8,31.93,1249300,23.85
"2007-02-15",31.93,32.32,31.78,32.2,1188400,24.05
"2007-02-16",32.1,32.25,31.72,31.88,919200,23.81
"2007-02-20",31.94,32.03,31.7,31.9,707100,23.83
"2007-02-21",31.9,32.08,31.71,32.05,678500,23.94
"2007-02-22",32,32.22,31.67,31.89,549500,23.82
"2007-02-23",31.81,31.9,31.61,31.73,521500,23.7
"2007-02-26",31.96,32.46,31.88,32.11,1330600,23.98
"2007-02-27",31.96,31.97,30.4,30.41,1903400,22.71
"2007-02-28",30.41,30.55,29.85,30.45,1772600,22.74
"2007-03-01",29.95,30.59,29.65,30.49,1326700,22.77
"2007-03-02",30.36,30.45,29.8,29.85,1412200,22.3
"2007-03-05",29.85,29.98,29.49,29.62,1459600,22.12
"2007-03-06",29.93,30.1,29.71,30.01,1292000,22.42
"2007-03-07",30.01,30.18,29.74,29.78,633100,22.24
"2007-03-08",30.09,30.24,29.77,29.86,761200,22.3
"2007-03-09",29.86,30.16,29.73,29.83,911600,22.28
"2007-03-12",29.74,29.95,29.62,29.87,589100,22.31
"2007-03-13",29.75,29.8,29.06,29.06,981200,21.71
"2007-03-14",29.2,29.4,28.39,29.15,1494200,21.77
"2007-03-15",29.15,29.68,29.15,29.6,757900,22.11
"2007-03-16",29.7,29.74,29.29,29.31,1431300,21.89
"2007-03-19",29.57,30,29.5,29.78,973400,22.24
"2007-03-20",29.75,29.91,29.43,29.88,670200,22.32
"2007-03-21",29.89,30.42,29.69,30.31,1937300,22.64
"2007-03-22",30.39,30.62,30.27,30.33,1094900,22.65
"2007-03-23",30.42,30.78,30.35,30.73,1332100,22.95
"2007-03-26",30.73,30.82,30.24,30.69,864200,22.92
"2007-03-27",30.69,30.69,30.46,30.66,839100,22.9
"2007-03-28",30.5,30.51,30,30.38,1248200,22.69
"2007-03-29",30.67,30.72,30.25,30.53,810800,22.8
"2007-03-30",30.61,30.99,30.53,30.84,1214300,23.04
"2007-04-02",30.92,31.42,30.92,31.39,2059000,23.45
"2007-04-03",31.38,32.09,31.28,32.08,2049300,23.96
"2007-04-04",32.08,32.41,31.8,32.22,1739800,24.07
"2007-04-05",32.1,32.11,31.07,31.33,3929700,23.4
"2007-04-09",31.04,32.46,31.01,32.07,3082600,23.95
"2007-04-10",32,32.35,31.8,32.15,1052400,24.01
"2007-04-11",32.24,32.24,31.77,31.81,1343100,23.76
"2007-04-12",31.81,32.5,31.51,32.4,1320800,24.2
"2007-04-13",32.41,32.75,32.32,32.65,1794800,24.39
"2007-04-16",32.65,32.95,32.58,32.87,1653400,24.55
"2007-04-17",32.8,32.86,32.49,32.72,733700,24.44
"2007-04-18",32.59,32.95,32.55,32.75,793900,24.46
"2007-04-19",33.48,33.48,32.33,32.7,829400,24.42
"2007-04-20",32.94,32.94,32.56,32.81,1097700,24.51
"2007-04-23",32.75,32.87,32.56,32.68,854500,24.41
"2007-04-24",32.59,32.6,32.11,32.27,1476400,24.1
"2007-04-25",32.5,33.05,32.4,33.01,2686800,24.66
"2007-04-26",33,33.45,32.8,33.2,1580400,24.8
"2007-04-27",32.98,33.2,32.86,33.04,1099500,24.68
"2007-04-30",33,33.83,32.73,33.36,2821100,24.92
"2007-05-01",33.28,33.53,33.05,33.48,1610900,25.01
"2007-05-02",33.5,33.98,31.24,32.54,7520600,24.31
"2007-05-03",32.5,32.57,32.04,32.32,3143300,24.14
"2007-05-04",32.23,32.69,32.11,32.48,1791100,24.26
"2007-05-07",32.49,32.74,32.33,32.57,3655000,24.33
"2007-05-08",32.3,32.41,32.08,32.23,1478500,24.24
"2007-05-09",32.15,32.36,31.9,32.3,1798500,24.3
"2007-05-10",32.27,32.39,31.76,32,2226000,24.07
"2007-05-11",32,32.27,31.97,32.04,1457900,24.1
"2007-05-14",32.05,32.41,31.99,32.09,1419100,24.14
"2007-05-15",32.07,32.16,31.8,31.86,1868500,23.97
"2007-05-16",31.87,32.09,31.78,32.05,1436200,24.11
"2007-05-17",32.05,32.39,32.02,32.3,1240000,24.3
"2007-05-18",32.36,33,32.36,32.92,1689700,24.76
"2007-05-21",32.77,33.05,32.77,32.97,2643800,24.8
"2007-05-22",32.91,33.35,32.85,33.34,1876900,25.08
"2007-05-23",33.36,33.8,33.3,33.7,1511500,25.35
"2007-05-24",33.66,34.6,33.66,33.9,4043500,25.5
"2007-05-25",33.98,34.24,33.83,34.15,1372100,25.69
"2007-05-29",34.18,34.38,34,34.08,1403500,25.64
"2007-05-30",34,34.92,33.98,34.84,2749000,26.21
"2007-05-31",34.9,35.32,34.8,35,1902400,26.33
"2007-06-01",35,35.54,34.94,35.42,2240500,26.64
"2007-06-04",35.05,35.98,35,35.93,1449100,27.03
"2007-06-05",35.5,36.01,35.44,35.86,1758600,26.98
"2007-06-06",35.75,35.99,35.44,35.9,1412600,27.01
"2007-06-07",35.72,35.78,34.38,34.38,2604400,25.86
"2007-06-08",34.39,35.04,34.32,34.97,1754800,26.31
"2007-06-11",34.85,34.95,34.58,34.81,1046000,26.19
"2007-06-12",34.74,34.86,34.15,34.21,1612200,25.73
"2007-06-13",34.46,35.03,34.44,34.95,1437700,26.29
"2007-06-14",34.85,35.21,34.75,34.91,1200000,26.26
"2007-06-15",35.21,35.59,35.21,35.47,1331000,26.68
"2007-06-18",35.48,35.9,35.48,35.71,708900,26.86
"2007-06-19",35.46,35.8,35.25,35.77,684700,26.91
"2007-06-20",35.74,35.77,35.3,35.32,797400,26.57
"2007-06-21",35.23,35.39,34.87,35.39,1299000,26.62
"2007-06-22",35.13,35.38,34.98,35.12,1202100,26.42
"2007-06-25",35,35.2,34.46,34.57,1165800,26.01
"2007-06-26",34.85,35.05,34.43,34.43,1147600,25.9
"2007-06-27",34.44,34.69,34.05,34.58,1590900,26.01
"2007-06-28",34.59,35,34.4,34.64,1359400,26.06
"2007-06-29",34.82,35.6,34.65,35.32,1886700,26.57
"2007-07-02",35.58,35.94,35.5,35.73,1205700,26.88
"2007-07-03",35.99,36,35.77,35.87,728100,26.98
"2007-07-05",35.94,36.41,35.92,36.3,1284700,27.31
"2007-07-06",36.29,36.29,35.9,36,1213400,27.08
"2007-07-09",35.96,36.04,35.59,35.94,1077600,27.04
"2007-07-10",35.83,35.93,35.33,35.37,1123000,26.61
"2007-07-11",35.37,35.97,35.31,35.72,3960600,26.87
"2007-07-12",35.95,36.5,35.72,36.49,2072000,27.45
"2007-07-13",36.4,36.5,36.2,36.46,1799600,27.43
"2007-07-16",35.61,36.45,35.61,36.13,2010800,27.18
"2007-07-17",36.33,36.5,36.04,36.09,1543400,27.15
"2007-07-18",35.7,36.09,35.67,36.05,1721000,27.12
"2007-07-19",36.33,36.5,36.23,36.44,1206300,27.41
"2007-07-20",36.39,36.39,35.07,35.1,1526600,26.4
"2007-07-23",35.4,35.95,35.3,35.4,1275300,26.63
"2007-07-24",35.1,35.35,34.36,34.44,1589900,25.91
"2007-07-25",34.53,34.98,33.54,33.86,2086400,25.47
"2007-07-26",33.59,33.59,32.01,32.53,2350800,24.47
"2007-07-27",32.63,33.13,31.81,31.86,2340900,23.97
"2007-07-30",31.81,32.43,31.64,32.23,1350600,24.24
"2007-07-31",33,33.36,32.46,32.54,1921100,24.48
"2007-08-01",30.7,32.06,30.64,31.83,2418400,24.11
"2007-08-02",32.07,32.51,31.89,32.19,1775700,24.39
"2007-08-03",32.19,32.42,30.98,30.98,2682000,23.47
"2007-08-06",31.28,31.89,30.56,31.86,2438100,24.14
"2007-08-07",31.62,32.88,31.45,32.57,2302000,24.68
"2007-08-08",32.6,32.96,32.15,32.45,2261300,24.58
"2007-08-09",32,32.46,31.59,31.64,1968200,23.97
"2007-08-10",31.17,31.75,30.97,31.33,1770000,23.74
"2007-08-13",31.4,31.75,31.22,31.45,1684900,23.83
"2007-08-14",31.5,31.52,30.6,30.92,1674100,23.42
"2007-08-15",30.86,31.42,29.66,29.74,3353600,22.53
"2007-08-16",29.39,30.3,28.66,30.14,1835400,22.83
"2007-08-17",32.03,32.71,29.85,30.3,1892400,22.96
"2007-08-20",30.27,30.77,29.77,30.69,1172700,23.25
"2007-08-21",30.55,30.96,30.22,30.9,900600,23.41
"2007-08-22",31.06,31.6,30.99,31.57,973700,23.92
"2007-08-23",31.74,31.99,31.28,31.53,973900,23.89
"2007-08-24",31.49,31.76,31.3,31.73,740700,24.04
"2007-08-27",31.69,32.06,31.55,31.65,567200,23.98
"2007-08-28",31.35,31.52,30.29,30.32,938000,22.97
"2007-08-29",30.58,31.28,30.58,31.24,497400,23.67
"2007-08-30",30.87,31.49,30.79,31.17,608400,23.61
"2007-08-31",31.58,31.79,31.21,31.59,753800,23.93
"2007-09-04",31.55,31.75,31.29,31.54,656900,23.89
"2007-09-05",31.22,31.4,30.74,30.91,626200,23.42
"2007-09-06",30.91,31.21,30.76,31.21,527000,23.64
"2007-09-07",30.67,30.71,30.31,30.48,693900,23.09
"2007-09-10",30.56,30.64,29.59,29.84,632900,22.61
"2007-09-11",29.88,30.08,29.62,30,666600,22.73
"2007-09-12",29.81,30.2,29.63,30.14,632600,22.83
"2007-09-13",30.85,31.55,30.78,31.2,1149300,23.64
"2007-09-14",30.81,31.12,30.17,30.26,2620200,22.92
"2007-09-17",30.03,30.41,29.88,30.05,856000,22.77
"2007-09-18",30.3,31.29,30.07,31.27,1553600,23.69
"2007-09-19",31.31,31.82,31.1,31.29,1052100,23.71
"2007-09-20",31.15,31.19,30.52,30.63,896900,23.21
"2007-09-21",30.97,31.09,30.63,30.84,806900,23.36
"2007-09-24",30.74,30.9,30.25,30.31,828200,22.96
"2007-09-25",29.97,30.17,29.77,29.91,2431200,22.66
"2007-09-26",29.98,30.12,29.46,29.57,1768800,22.4
"2007-09-27",29.81,30.05,29.51,30.03,1658600,22.75
"2007-09-28",29.34,30.01,29.2,29.53,1725200,22.37
"2007-10-01",29.53,29.98,29.53,29.78,1050700,22.56
"2007-10-02",29.83,30.2,29.62,30.18,1154600,22.86
"2007-10-03",30.06,30.35,29.75,29.82,879500,22.59
"2007-10-04",29.81,29.97,29.64,29.7,860000,22.5
"2007-10-05",29.99,30.74,29.86,30.61,1308300,23.19
"2007-10-08",30.46,30.62,30.31,30.5,1037300,23.11
"2007-10-09",30.55,31.85,30.5,31.83,2119400,24.11
"2007-10-10",31.55,31.66,31.27,31.37,1917900,23.77
"2007-10-11",31.49,31.83,31.36,31.51,2614200,23.87
"2007-10-12",31.53,32.06,31.49,31.87,1501700,24.14
"2007-10-15",31.9,32.25,30.98,31.26,1481300,23.68
"2007-10-16",31.2,31.25,30.42,30.49,1851700,23.1
"2007-10-17",30.75,31.3,30.64,31.15,3304800,23.6
"2007-10-18",31.13,31.78,30.91,31.51,1916700,23.87
"2007-10-19",31.35,31.5,30.86,30.88,1404500,23.39
"2007-10-22",30.85,31.1,30.46,30.89,828200,23.4
"2007-10-23",30.95,31.19,30.58,31.01,781200,23.49
"2007-10-24",30.77,31.1,30.41,30.94,1167400,23.44
"2007-10-25",31,32.72,31,32.43,2543700,24.57
"2007-10-26",32.88,33.4,32.64,32.83,1723300,24.87
"2007-10-29",32.95,33.33,32.75,32.86,1295000,24.89
"2007-10-30",32.81,33.26,32.76,32.91,1375600,24.93
"2007-10-31",33.14,33.96,32.94,33.64,1319800,25.49
"2007-11-01",33.3,33.38,32.89,32.92,1457300,24.94
"2007-11-02",32.99,33.1,32.23,32.6,1643800,24.7
"2007-11-05",32.39,32.9,32.02,32.56,1094100,24.67
"2007-11-06",32.61,33.46,32.37,33.38,1135400,25.29
"2007-11-07",32.89,33.02,31.87,31.87,1282600,24.31
"2007-11-08",31.88,32.18,31.27,32.15,1384300,24.53
"2007-11-09",31.7,32.2,31.26,31.64,973600,24.14
"2007-11-12",31.12,31.46,30.26,30.51,2119500,23.27
"2007-11-13",30.76,31.72,30.7,31.72,1167400,24.2
"2007-11-14",31.7,32,31.56,31.75,1210700,24.22
"2007-11-15",31.7,31.93,30.57,30.9,1310900,23.57
"2007-11-16",31.17,31.22,30.42,30.94,1145900,23.6
"2007-11-19",30.76,30.76,29.6,29.66,1241900,22.63
"2007-11-20",29.77,30.44,29.53,30.29,3122100,23.11
"2007-11-21",30.34,31.1,29.96,30.18,1789900,23.02
"2007-11-23",30.44,30.94,30.32,30.83,485100,23.52
"2007-11-26",30.59,31.61,30.44,30.44,1300600,23.22
"2007-11-27",30.55,31.04,30.19,30.64,1295400,23.37
"2007-11-28",30.64,32.49,30.64,32.48,1414900,24.78
"2007-11-29",32.29,32.65,32.12,32.42,1186800,24.73
"2007-11-30",33.01,33.01,32.04,32.87,1942300,25.08
"2007-12-03",32.58,33.64,32.55,33.41,1800000,25.49
"2007-12-04",33.32,33.54,32.96,33.42,1697600,25.49
"2007-12-05",33.74,33.94,33.49,33.77,1172900,25.76
"2007-12-06",33.76,34.48,33.7,34.45,1294300,26.28
"2007-12-07",34.52,34.61,34.01,34.24,1620600,26.12
"2007-12-10",34.25,34.49,34.14,34.43,942500,26.27
"2007-12-11",34.36,34.45,32.63,32.71,1693100,24.95
"2007-12-12",33.51,33.75,32.83,33.28,1297400,25.39
"2007-12-13",33.24,33.24,32.53,33.06,962400,25.22
"2007-12-14",32.85,32.85,31.92,31.95,824600,24.37
"2007-12-17",31.9,31.96,31.35,31.38,901200,23.94
"2007-12-18",31.55,31.89,30.82,31.15,2644400,23.76
"2007-12-19",31.37,31.42,30.95,31.25,871300,23.84
"2007-12-20",31.42,31.63,30.98,31.56,921100,24.08
"2007-12-21",31.97,32.47,31.68,32.27,1433100,24.62
"2007-12-24",32.73,32.73,31.9,31.99,358800,24.4
"2007-12-26",31.78,32.08,31.7,32.04,636800,24.44
"2007-12-27",32.12,32.14,31.6,31.69,1085100,24.17
"2007-12-28",32.19,32.24,31.6,31.72,914200,24.2
"2007-12-31",31.51,32.12,31.3,31.3,1489600,23.88
"2008-01-02",30.1,31.43,29.78,31.12,1781700,23.74
"2008-01-03",31.28,31.44,30.95,31.06,1180100,23.69
"2008-01-04",30.56,30.8,29.59,29.65,3938200,22.62
"2008-01-07",30,30.01,28.95,29.18,3370000,22.26
"2008-01-08",29.38,29.49,28.5,28.58,2175200,21.8
"2008-01-09",28.59,28.59,27.42,28.31,3443200,21.6
"2008-01-10",27.88,28.84,27.69,28.53,1775600,21.76
"2008-01-11",28.12,28.65,27.98,28.07,1742600,21.41
"2008-01-14",28.16,28.57,28.07,28.48,1410600,21.73
"2008-01-15",28,28.41,27.82,27.92,1300500,21.3
"2008-01-16",27.57,28.5,27.57,27.99,1744300,21.35
"2008-01-17",28.04,28.13,26.76,26.76,2007000,20.41
"2008-01-18",26.96,27.57,26.84,27.23,2747300,20.77
"2008-01-22",25.98,26.74,24.73,26.34,3493100,20.09
"2008-01-23",23.92,27.06,23.92,26.99,3773000,20.59
"2008-01-24",27,27.27,26.66,27.02,2009700,20.61
"2008-01-25",27.34,27.73,26.7,27.1,2186100,20.67
"2008-01-28",27.08,27.66,26.73,27.66,2139100,21.1
"2008-01-29",27.9,28.29,27.63,27.9,1402000,21.28
"2008-01-30",27.87,28.3,27.31,27.51,1044200,20.99
"2008-01-31",27.09,28.5,26.95,28.32,1708500,21.6
"2008-02-01",28.01,28.52,26.45,28.1,5016600,21.44
"2008-02-04",28.11,28.11,26.81,27.07,2295600,20.65
"2008-02-05",26.39,26.58,25.9,26.06,2370700,20.05
"2008-02-06",26.33,26.53,25.76,25.88,1926300,19.91
"2008-02-07",25.8,26.43,25.74,26.21,1605100,20.17
"2008-02-08",25.96,26.45,25.64,26.31,2197200,20.24
"2008-02-11",26.25,26.49,26,26.43,1257600,20.34
"2008-02-12",26.64,26.8,26.12,26.43,1908600,20.34
"2008-02-13",26.77,27.18,26.28,26.75,2252900,20.58
"2008-02-14",26.72,26.93,25.61,25.75,1825600,19.81
"2008-02-15",25.7,25.77,25.12,25.56,1418200,19.67
"2008-02-19",25.9,26.15,25.64,25.85,1735500,19.89
"2008-02-20",25.55,25.97,25.44,25.91,1495100,19.93
"2008-02-21",26.02,26.35,25.68,26.11,2959000,20.09
"2008-02-22",26.27,26.51,25.94,26.48,3029000,20.37
"2008-02-25",26.59,27.33,26.28,27.2,1799100,20.93
"2008-02-26",27.06,27.36,26.73,27.28,1771800,20.99
"2008-02-27",27.16,27.52,26.92,27.08,2019000,20.84
"2008-02-28",26.95,26.96,26.45,26.71,1393100,20.55
"2008-02-29",26.42,26.42,25.48,25.66,2295600,19.74
"2008-03-03",26.02,26.05,25.46,25.85,1519400,19.89
"2008-03-04",25.76,25.82,24.95,25.56,2040700,19.67
"2008-03-05",25.61,26.45,25.55,26.2,1917800,20.16
"2008-03-06",26.15,26.15,25.6,25.66,1448600,19.74
"2008-03-07",25.42,26.05,25.36,25.67,2296700,19.75
"2008-03-10",25.64,25.64,25.01,25.24,1853500,19.42
"2008-03-11",25.86,26.31,25.51,26.31,1715400,20.24
"2008-03-12",26.3,26.9,25.98,26.03,1662900,20.03
"2008-03-13",25.73,26.6,25.24,26.5,1659900,20.39
"2008-03-14",26.59,26.77,25.74,26.41,2181500,20.32
"2008-03-17",25.85,26.55,25.59,26.24,1927300,20.19
"2008-03-18",26.64,27.31,26.47,27.23,3602400,20.95
"2008-03-19",27.62,27.81,26.49,26.49,2669300,20.38
"2008-03-20",26.66,26.66,25.97,26.49,2906800,20.38
"2008-03-24",26.93,27.88,26.51,27.4,1414100,21.08
"2008-03-25",27.66,27.82,27.12,27.7,1569500,21.31
"2008-03-26",27.7,27.97,27.22,27.35,2395900,21.04
"2008-03-27",27.5,27.58,26.78,26.84,2394600,20.65
"2008-03-28",27.03,27.24,26.72,26.77,1488400,20.6
"2008-03-31",26.59,27.32,26.59,27.22,1983900,20.94
"2008-04-01",27.4,28.69,27.4,28.59,2463600,22
"2008-04-02",28.57,29.4,28.57,29.21,1794300,22.47
"2008-04-03",29.19,29.33,28.63,28.98,1255500,22.3
"2008-04-04",29.1,29.23,28.79,28.98,1134700,22.3
"2008-04-07",29.14,29.3,28.36,28.44,1574800,21.88
"2008-04-08",28.3,28.45,27.9,28.14,1176600,21.65
"2008-04-09",28.33,28.37,27.39,27.66,1235000,21.28
"2008-04-10",27.53,27.68,27.12,27.56,1459500,21.2
"2008-04-11",27.28,27.28,26.71,26.84,1408300,20.65
"2008-04-14",26.89,26.92,26.57,26.62,1198900,20.48
"2008-04-15",26.74,27,26.28,26.47,1221400,20.37
"2008-04-16",26.79,27.79,26.68,27.66,1716300,21.28
"2008-04-17",27.1,27.98,26.72,27.71,1291000,21.32
"2008-04-18",28.27,28.37,27.89,28.19,886000,21.69
"2008-04-21",27.86,27.86,26.99,27.26,3241900,20.97
"2008-04-22",27.25,27.25,26.7,27.04,1339600,20.8
"2008-04-23",27.21,27.34,26.71,27.07,930300,20.83
"2008-04-24",26.82,27.68,26.72,27.34,942300,21.04
"2008-04-25",27.47,28.23,27.38,28.13,805200,21.64
"2008-04-28",28.15,28.23,27.59,27.92,749300,21.48
"2008-04-29",27.94,27.94,27.22,27.41,1440500,21.09
"2008-04-30",27.44,27.44,26.13,26.3,1616500,20.24
"2008-05-01",26.22,26.73,25.86,26.41,1511800,20.32
"2008-05-02",26.57,26.75,25.89,26.03,1703000,20.03
"2008-05-05",25.85,26.19,25.72,25.91,927600,19.93
"2008-05-06",25.54,26.2,25.48,26.08,1691900,20.25
"2008-05-07",26.05,26.09,25.42,25.48,1071600,19.78
"2008-05-08",25.45,26.02,25.38,25.92,1280800,20.12
"2008-05-09",25.78,25.78,25.4,25.51,1039000,19.8
"2008-05-12",25.66,26,25.31,25.91,942700,20.11
"2008-05-13",25.75,26.12,25.66,25.74,1293700,19.98
"2008-05-14",25.8,26.1,25.73,25.83,1323200,20.05
"2008-05-15",25.89,26.6,25.89,26.06,1953500,20.23
"2008-05-16",26.46,26.97,25.97,26.54,1984200,20.6
"2008-05-19",26.5,26.77,26.1,26.25,2432200,20.38
"2008-05-20",26.25,26.34,25.91,26.26,2882200,20.39
"2008-05-21",26.33,26.44,25.45,25.58,1762600,19.86
"2008-05-22",25.62,25.93,25.53,25.65,1365300,19.91
"2008-05-23",25.55,25.71,25.08,25.33,804900,19.66
"2008-05-27",25.32,25.47,24.86,25.14,1194900,19.52
"2008-05-28",25.26,25.67,24.96,25.61,2042200,19.88
"2008-05-29",25.45,26.13,25.41,26.04,1655500,20.21
"2008-05-30",26.17,26.22,25.7,25.73,1907700,19.97
"2008-06-02",25.54,25.89,25.46,25.66,1946000,19.92
"2008-06-03",25.78,25.84,25.11,25.34,1575200,19.67
"2008-06-04",25.33,26.02,25.24,25.74,1364100,19.98
"2008-06-05",25.99,26.11,25.79,26.07,1013800,20.24
"2008-06-06",25.79,25.95,25.05,25.05,1178000,19.45
"2008-06-09",25.26,25.26,24.32,24.62,1172600,19.11
"2008-06-10",24.28,24.4,23.8,24,1343300,18.63
"2008-06-11",23.8,24.07,23.64,23.78,1431500,18.46
"2008-06-12",23.8,24.26,23.69,23.87,1089000,18.53
"2008-06-13",24.63,25.41,24.42,25.09,1844100,19.48
"2008-06-16",25.39,25.45,25.05,25.26,1595800,19.61
"2008-06-17",25.31,25.48,24.88,24.92,967900,19.35
"2008-06-18",24.89,25.03,24.64,24.76,1196100,19.22
"2008-06-19",24.76,25.29,24.76,25.11,2018500,19.49
"2008-06-20",24.82,25.14,24.23,24.36,1423300,18.91
"2008-06-23",24.49,24.6,24.18,24.45,1497400,18.98
"2008-06-24",24.41,24.41,23.67,23.84,2099700,18.51
"2008-06-25",24,24.44,23.95,24.21,1653100,18.79
"2008-06-26",23.76,24.08,22.96,22.96,1292900,17.82
"2008-06-27",22.98,23.3,22.75,23.19,2230400,18
"2008-06-30",23.18,23.9,23.15,23.84,2537600,18.51
"2008-07-01",23.72,24.45,23.57,24,2577900,18.63
"2008-07-02",24,24.29,23.17,23.2,2029600,18.01
"2008-07-03",23.42,23.58,23.07,23.31,1121500,18.1
"2008-07-07",24.15,24.15,22.6,22.78,1846800,17.68
"2008-07-08",22.89,23.65,22.63,23.65,1378100,18.36
"2008-07-09",23.59,23.78,22.9,22.9,1514100,17.78
"2008-07-10",22.93,23.25,22.72,23.08,1316100,17.92
"2008-07-11",22.78,22.83,22.07,22.42,1373400,17.4
"2008-07-14",22.5,22.78,22.11,22.2,952600,17.23
"2008-07-15",21.95,22.25,21.46,21.89,1625500,16.99
"2008-07-16",21.8,23.06,21.69,22.87,1544400,17.75
"2008-07-17",23.02,24.05,22.74,23.86,1987700,18.52
"2008-07-18",23.96,24.15,23.43,23.7,1396300,18.4
"2008-07-21",23.75,23.96,23.55,23.83,849900,18.5
"2008-07-22",23.71,24.22,23.44,24.18,979600,18.77
"2008-07-23",24.16,24.79,24.07,24.46,1175100,18.99
"2008-07-24",25.46,25.99,25.07,25.18,2807700,19.55
"2008-07-25",25.19,25.63,24.64,24.9,1946500,19.33
"2008-07-28",24.92,26.16,24.61,25.79,2235200,20.02
"2008-07-29",25.53,27.13,25.53,26.59,2253900,20.64
"2008-07-30",26.54,27.83,26.35,27.12,2032100,21.24
"2008-07-31",27.18,27.75,26.75,26.81,2450600,20.99
"2008-08-01",27.04,27.13,26.75,26.85,2279300,21.03
"2008-08-04",26.8,26.85,26.25,26.64,1827800,20.86
"2008-08-05",26.8,27.01,26.59,26.91,1917900,21.07
"2008-08-06",26.74,27.23,26.37,26.51,1638200,20.76
"2008-08-07",25.96,26.47,25.5,25.64,1758500,20.08
"2008-08-08",25.6,26.91,25.6,26.84,1275100,21.02
"2008-08-11",26.84,26.87,26.61,26.76,1172500,20.95
"2008-08-12",26.73,26.97,26.52,26.64,945700,20.86
"2008-08-13",26.65,27.06,26.22,26.87,1309000,21.04
"2008-08-14",26.59,27.23,26.39,26.93,1199300,21.09
"2008-08-15",26.93,27.24,26.76,27.13,1170900,21.24
"2008-08-18",27.32,27.32,26.57,26.69,887700,20.9
"2008-08-19",26.5,26.73,25.85,25.92,1076400,20.3
"2008-08-20",26.07,26.13,25.59,25.97,847000,20.34
"2008-08-21",25.6,26.12,25.6,25.99,767900,20.35
"2008-08-22",26.13,26.52,25.94,26.17,773400,20.49
"2008-08-25",26.07,26.13,25.39,25.59,863700,20.04
"2008-08-26",25.53,25.76,25.18,25.39,969700,19.88
"2008-08-27",25.48,25.92,25.25,25.65,787200,20.09
"2008-08-28",25.8,27,25.73,26.98,1511500,21.13
"2008-08-29",26.88,26.94,26.43,26.48,988400,20.74
"2008-09-02",26.97,27.35,26.67,26.74,1150400,20.94
"2008-09-03",26.62,27.31,26.62,27.12,1183100,21.24
"2008-09-04",26.98,27.06,26.16,26.25,1654500,20.56
"2008-09-05",26.14,27.17,25.96,27,1359400,21.14
"2008-09-08",27.64,28.05,27.37,27.73,2107200,21.71
"2008-09-09",27.43,27.95,27.43,27.61,2324600,21.62
"2008-09-10",27.68,27.97,27.13,27.42,1563800,21.47
"2008-09-11",27.01,27.72,26.77,27.63,1881600,21.64
"2008-09-12",27.34,27.73,26.98,27.65,1553700,21.65
"2008-09-15",26.99,27.66,26.59,26.64,1217100,20.86
"2008-09-16",26.33,27.18,26.14,27.05,2254000,21.18
"2008-09-17",26.4,26.76,24.59,24.59,2282300,19.26
"2008-09-18",24.85,25.01,23.22,24.79,2368800,19.41
"2008-09-19",24.8,27.57,23.53,25.69,2460300,20.12
"2008-09-22",24.77,25.73,24.53,24.62,1193000,19.28
"2008-09-23",24.75,25.3,24.42,24.46,1277900,19.15
"2008-09-24",24.68,25.3,24.27,25.17,1412700,19.71
"2008-09-25",25.2,25.95,24.98,25.34,1508800,19.84
"2008-09-26",25.3,25.3,24.74,25.11,1065900,19.66
"2008-09-29",24.65,24.86,22.12,22.57,2663700,17.67
"2008-09-30",23.21,23.38,22.32,23.31,1975400,18.25
"2008-10-01",23.22,24.03,22.98,23.66,2394900,18.53
"2008-10-02",23.6,23.69,22.28,22.4,3697300,17.54
"2008-10-03",22.85,23.98,22.53,22.59,2472300,17.69
"2008-10-06",22.25,22.32,20.65,21.8,2149800,17.07
"2008-10-07",21.93,22.44,20.49,20.49,2046300,16.04
"2008-10-08",19.83,21.34,19.43,20.33,3118800,15.92
"2008-10-09",20.35,21.13,18.88,18.88,2125900,14.78
"2008-10-10",17.86,20.39,17,18.89,3480600,14.79
"2008-10-13",19.61,20.4,18.51,20.31,1737800,15.9
"2008-10-14",20.3,21.48,19.38,20.39,3818100,15.97
"2008-10-15",20,20,16.79,16.92,3884900,13.25
"2008-10-16",17.01,17.26,14.71,15.14,5702000,11.86
"2008-10-17",14.78,15.87,14.77,15.22,2891800,11.92
"2008-10-20",15.22,16.15,15.19,16.06,2269200,12.58
"2008-10-21",15.77,15.97,15.35,15.42,1059000,12.07
"2008-10-22",15.05,15.07,13.7,14.29,1983800,11.19
"2008-10-23",14.5,14.82,13.35,14.1,2054400,11.04
"2008-10-24",13.31,13.75,12.75,13.15,1708900,10.3
"2008-10-27",12.91,13.7,12.75,13.05,1867200,10.22
"2008-10-28",13.48,13.61,12.39,13.59,2618100,10.64
"2008-10-29",14.96,14.96,12.4,12.59,2982100,9.86
"2008-10-30",12.1,13.08,12.1,12.87,2028900,10.08
"2008-10-31",12.79,14.35,12.67,14.03,2535600,10.99
"2008-11-03",14.03,14.8,13.98,14.71,2428500,11.52
"2008-11-04",15.29,15.35,14.66,14.91,1823300,11.68
"2008-11-05",14.77,15.11,14.13,14.21,1955000,11.13
"2008-11-06",14.32,14.41,13.11,13.2,1572300,10.34
"2008-11-07",13.27,13.82,13.01,13.37,1545600,10.47
"2008-11-10",13.69,13.69,12.67,12.91,1305600,10.11
"2008-11-11",12.71,12.84,12.06,12.39,1058000,9.7
"2008-11-12",12.1,12.21,11.65,11.71,1505900,9.17
"2008-11-13",11.78,12.9,11.19,12.9,1959000,10.1
"2008-11-14",12.19,13.67,12.03,12.23,1466700,9.58
"2008-11-17",12.01,12.19,11.37,11.39,1974300,8.92
"2008-11-18",11.28,11.55,11,11.41,1777500,8.93
"2008-11-19",11.34,11.56,10.7,10.7,1781700,8.38
"2008-11-20",10.59,10.89,9.48,9.56,2437000,7.49
"2008-11-21",9.7,10.23,9.44,10.18,2818000,7.97
"2008-11-24",10.4,11.49,10.14,11.22,1657500,8.79
"2008-11-25",11.33,11.48,10.55,11.12,2182100,8.89
"2008-11-26",10.81,11.71,10.67,11.61,1085700,9.28
"2008-11-28",11.81,11.92,11.53,11.66,745500,9.32
"2008-12-01",11.51,11.52,10.54,10.56,1996800,8.44
"2008-12-02",10.88,11.16,10.62,11.07,1296100,8.85
"2008-12-03",10.77,11.26,10.51,11.26,1491500,9
"2008-12-04",11.14,11.32,10.55,10.8,1352300,8.63
"2008-12-05",10.76,10.79,9.88,10.78,2069200,8.62
"2008-12-08",11,11.55,10.8,10.97,2353900,8.77
"2008-12-09",10.83,11.5,10.82,11.02,2009700,8.81
"2008-12-10",11.15,11.91,11.09,11.67,1448500,9.33
"2008-12-11",11.64,11.64,10.7,10.84,2140100,8.67
"2008-12-12",10.61,11.31,10.48,11.15,2688900,8.91
"2008-12-15",11.35,11.35,10.73,10.94,1707800,8.75
"2008-12-16",11.01,12.02,10.95,11.94,2221700,9.55
"2008-12-17",11.7,12.68,11.53,12.45,2598400,9.95
"2008-12-18",12.69,12.69,11.01,11.33,3978600,9.06
"2008-12-19",11.3,11.48,10.77,11.32,4268500,9.05
"2008-12-22",11.45,11.45,10.86,11.19,1647000,8.95
"2008-12-23",11.34,11.47,10.93,10.95,1701500,8.75
"2008-12-24",10.99,11,10.68,10.72,979800,8.57
"2008-12-26",10.81,10.91,10.66,10.81,707600,8.64
"2008-12-29",10.7,10.91,10.42,10.61,1478200,8.48
"2008-12-30",10.63,10.78,10.49,10.69,1592400,8.55
"2008-12-31",10.68,11.29,10.68,11.19,1973400,8.95
"2009-01-02",11.35,11.48,11.27,11.44,1919200,9.15
"2009-01-05",11.39,11.84,11.31,11.38,2951800,9.1
"2009-01-06",11.55,12.57,11.55,12.45,2418500,9.95
"2009-01-07",12.35,12.77,12.17,12.26,3470200,9.8
"2009-01-08",12.12,12.34,11.9,12.34,2187800,9.87
"2009-01-09",12.34,12.39,11.79,11.9,1763300,9.51
"2009-01-12",11.79,12.02,11.36,11.56,1415500,9.24
"2009-01-13",11.59,11.8,11.32,11.57,1492700,9.25
"2009-01-14",11.57,11.57,10.82,10.99,1800500,8.79
"2009-01-15",11.03,11.77,10.56,11.55,2811100,9.23
"2009-01-16",11.72,11.89,11.34,11.78,2255400,9.42
"2009-01-20",11.53,11.72,10.77,10.8,2915000,8.63
"2009-01-21",10.85,11.36,10.78,11.34,2772100,9.07
"2009-01-22",11.22,11.71,10.93,11.35,2134800,9.07
"2009-01-23",11.12,11.93,10.92,11.7,1905500,9.35
"2009-01-26",11.8,12.25,11.61,11.8,1674400,9.43
"2009-01-27",11.89,12.35,11.74,12.3,1706500,9.83
"2009-01-28",12.52,13.33,11.99,13.16,2217300,10.52
"2009-01-29",12.97,13.19,12.18,12.26,1829100,9.8
"2009-01-30",12.35,12.45,11.5,11.64,1940700,9.31
"2009-02-02",11.29,11.76,11.26,11.55,2357000,9.23
"2009-02-03",11.5,11.63,11.29,11.53,2052600,9.4
"2009-02-04",11.5,11.81,11.2,11.36,2658700,9.27
"2009-02-05",11.31,11.74,11,11.45,2184800,9.34
"2009-02-06",11.34,11.91,11.34,11.84,1876900,9.66
"2009-02-09",11.82,12.13,11.78,11.99,1690000,9.78
"2009-02-10",11.89,12.03,10.98,11.09,1846100,9.05
"2009-02-11",11.21,11.46,10.73,11.07,1919600,9.03
"2009-02-12",10.84,11.04,10.52,11,1384000,8.97
"2009-02-13",11.01,11.1,10.81,10.85,1750400,8.85
"2009-02-17",10.5,10.5,10.14,10.23,2127300,8.34
"2009-02-18",10.31,10.39,10.03,10.2,1544500,8.32
"2009-02-19",10.2,10.38,9.75,9.82,1809300,8.01
"2009-02-20",9.5,9.86,9.35,9.67,1883000,7.89
"2009-02-23",9.71,9.71,9.04,9.08,1622200,7.41
"2009-02-24",9.08,9.65,8.41,9.61,2783400,7.84
"2009-02-25",9.57,9.74,9.13,9.53,2487900,7.77
"2009-02-26",9.8,9.92,9.27,9.36,1563500,7.63
"2009-02-27",9.16,9.79,9.05,9.34,2946400,7.62
"2009-03-02",8.99,9.37,8.31,8.36,3199900,6.82
"2009-03-03",8.57,8.57,7.79,7.83,2647100,6.39
"2009-03-04",8.04,8.33,7.79,8.15,2846000,6.65
"2009-03-05",8.07,8.23,7.81,7.89,2803700,6.44
"2009-03-06",7.85,8.38,7.53,7.85,2792200,6.4
"2009-03-09",7.71,8.12,7.64,8.07,2091900,6.58
"2009-03-10",8.08,9.08,8.07,9.07,2269300,7.4
"2009-03-11",9.02,9.23,8.79,9.1,2100400,7.42
"2009-03-12",9.12,9.55,8.96,9.48,1794500,7.73
"2009-03-13",9.36,9.82,9.36,9.75,1631500,7.95
"2009-03-16",9.92,10.49,9.86,9.91,1384500,8.08
"2009-03-17",9.91,10.43,9.68,10.39,2069300,8.48
"2009-03-18",10.38,11.5,10.38,11.46,2807300,9.35
"2009-03-19",11.58,11.93,11.33,11.52,1806100,9.4
"2009-03-20",11.53,11.74,10.99,11.25,1916500,9.18
"2009-03-23",11.24,12.07,11.24,12.05,2587100,9.83
"2009-03-24",11.85,12.8,11.76,12.36,2070000,10.08
"2009-03-25",12.49,12.86,11.82,12.41,2728300,10.12
"2009-03-26",12.53,13.17,12.53,13.15,1750500,10.73
"2009-03-27",12.96,13.14,12.76,12.99,1263600,10.6
"2009-03-30",12.6,12.73,11.7,11.91,2635200,9.71
"2009-03-31",12.18,12.21,11.86,11.99,2333100,9.78
"2009-04-01",11.83,12.41,11.43,12.37,2512200,10.09
"2009-04-02",12.59,13.18,12.55,13,2060800,10.6
"2009-04-03",13.02,13.43,12.88,13.32,1349500,10.86
"2009-04-06",13.18,13.36,12.77,13.3,1807700,10.85
"2009-04-07",12.92,12.94,12.08,12.12,1689100,9.89
"2009-04-08",12.18,12.29,11.93,12.18,1497600,9.94
"2009-04-09",12.5,13.19,12.39,13.16,1722800,10.73
"2009-04-13",13.01,13.19,12.74,13.08,1456100,10.67
"2009-04-14",12.95,13.07,12.31,12.46,1641800,10.16
"2009-04-15",12.39,12.89,12.38,12.82,1933100,10.46
"2009-04-16",12.95,13.66,12.66,13.51,1909400,11.02
"2009-04-17",13.54,13.86,13.34,13.74,1477600,11.21
"2009-04-20",13.52,13.59,12.87,12.95,1483100,10.56
"2009-04-21",12.65,14,12.65,13.88,1998200,11.32
"2009-04-22",13.56,14.77,13.13,14.24,2340800,11.62
"2009-04-23",14.2,14.8,13.88,14.73,2662900,12.02
"2009-04-24",14.85,15.77,14.62,15.55,2494900,12.68
"2009-04-27",15.05,15.44,14.6,14.98,2445600,12.22
"2009-04-28",14.73,15.52,14.61,15.31,2625300,12.49
"2009-04-29",15.42,15.75,15.13,15.44,2417900,12.59
"2009-04-30",15.55,15.96,15.35,15.66,2735600,12.77
"2009-05-01",15.61,16.35,15.46,16.25,1873500,13.25
"2009-05-04",16.28,17.2,16.28,17.17,1860400,14.01
"2009-05-05",16.8,17.16,16.49,16.74,1690200,13.84
"2009-05-06",17,17.25,16.32,16.89,2827800,13.96
"2009-05-07",17.33,17.33,14.61,14.77,4521700,12.21
"2009-05-08",14.96,16.01,14.85,15.85,2105000,13.1
"2009-05-11",15.78,16.06,15.33,15.56,1995800,12.86
"2009-05-12",15.74,15.81,14.98,15.57,1866600,12.87
"2009-05-13",15.12,15.12,13.81,13.9,3014900,11.49
"2009-05-14",14.1,14.66,13.44,14.47,2484300,11.96
"2009-05-15",14.56,15.04,14.2,14.47,2035300,11.96
"2009-05-18",14.47,15.69,14.46,15.67,1624900,12.96
"2009-05-19",15.78,16.37,15.58,16.1,1848100,13.31
"2009-05-20",16.28,17,15.58,15.68,2603700,12.96
"2009-05-21",15.43,15.69,14.97,15.44,1287800,12.77
"2009-05-22",15.52,16.04,15.44,15.75,964200,13.02
"2009-05-26",15.57,16.41,15.57,16.36,1788400,13.53
"2009-05-27",16.31,16.49,15.27,15.36,1585000,12.7
"2009-05-28",15.64,15.88,15.06,15.81,1546400,13.07
"2009-05-29",15.97,16.09,15.54,15.97,1381200,13.2
"2009-06-01",16.09,17.14,16.09,17.02,1902200,14.07
"2009-06-02",17,17.28,16.86,16.98,1647300,14.04
"2009-06-03",16.81,16.85,16.05,16.37,1199000,13.53
"2009-06-04",16.4,17.24,15.96,17.14,1736200,14.17
"2009-06-05",17.46,17.54,16.66,16.97,1611200,14.03
"2009-06-08",16.75,16.89,16.45,16.71,1364600,13.82
"2009-06-09",16.67,16.86,16.4,16.7,1181300,13.81
"2009-06-10",17,17.08,16.31,16.67,1294700,13.78
"2009-06-11",16.72,17.5,16.6,17.09,1513200,14.13
"2009-06-12",16.97,17,16.1,16.59,1465000,13.72
"2009-06-15",16.37,16.37,15.73,16.11,1149400,13.32
"2009-06-16",16.2,16.24,15.28,15.58,1351100,12.88
"2009-06-17",15.46,15.8,15.12,15.49,1455500,12.81
"2009-06-18",15.43,16,15.25,15.47,1279400,12.79
"2009-06-19",15.69,15.89,15.49,15.57,1738200,12.87
"2009-06-22",15.4,15.49,14.55,14.58,1477400,12.05
"2009-06-23",14.47,15.07,14.44,14.7,2089800,12.15
"2009-06-24",14.84,15.85,14.76,15.69,2290400,12.97
"2009-06-25",15.62,16.13,15.46,16.08,2205000,13.29
"2009-06-26",15.97,16.31,15.96,16.24,1984300,13.43
"2009-06-29",16.3,16.7,16.09,16.55,1544100,13.68
"2009-06-30",16.56,16.99,16.29,16.41,1859100,13.57
"2009-07-01",16.55,16.77,16.17,16.49,1893300,13.63
"2009-07-02",16.26,16.38,15.93,16.15,1309200,13.35
"2009-07-06",15.84,16.08,15.62,15.84,2663300,13.1
"2009-07-07",15.78,16.09,15.57,15.74,3264200,13.01
"2009-07-08",15.75,15.88,15.43,15.76,2282600,13.03
"2009-07-09",15.95,16.12,15.63,15.77,2237800,13.04
"2009-07-10",15.71,15.97,15.41,15.9,1326200,13.15
"2009-07-13",15.87,16.29,15.37,16.23,1714600,13.42
"2009-07-14",16.23,16.41,15.84,16.09,2653100,13.3
"2009-07-15",16.32,17.29,16.32,17.25,2299400,14.26
"2009-07-16",17.01,17.36,16.85,17.11,2993900,14.15
"2009-07-17",17.11,17.46,16.91,17.45,1870700,14.43
"2009-07-20",17.59,17.96,17.46,17.94,1285900,14.83
"2009-07-21",18.24,18.5,17.91,18.22,1837500,15.06
"2009-07-22",18.03,18.75,17.96,18.47,1556600,15.27
"2009-07-23",18.47,19.24,18.39,19,1824100,15.71
"2009-07-24",18.85,19.22,18.54,19.11,1015500,15.8
"2009-07-27",19.13,19.19,18.85,19.12,1280400,15.81
"2009-07-28",19.01,19.47,18.81,19.3,1780500,15.96
"2009-07-29",19.65,20.15,19.3,19.68,2805200,16.27
"2009-07-30",19.3,19.83,19.18,19.52,2525200,16.33
"2009-07-31",19.51,19.9,19.38,19.49,1749800,16.3
"2009-08-03",19.74,20.15,19.58,20.11,1512500,16.82
"2009-08-04",19.96,21.04,19.96,21.02,2406400,17.58
"2009-08-05",20.89,21.17,20.64,20.95,2232100,17.53
"2009-08-06",21.09,21.17,20.4,20.65,1430600,17.27
"2009-08-07",21.04,21.62,21.02,21.49,1499000,17.98
"2009-08-10",21.26,21.29,20.61,20.99,2069200,17.56
"2009-08-11",21.08,21.22,20.56,20.97,1761300,17.54
"2009-08-12",21.09,22,20.97,21.71,2154500,18.16
"2009-08-13",21.87,22.21,21.64,22.07,2099900,18.46
"2009-08-14",22.05,22.13,21.11,21.36,1220900,17.87
"2009-08-17",20.99,21.1,20.32,20.65,1506400,17.27
"2009-08-18",20.69,21.12,20.61,21.03,1010100,17.59
"2009-08-19",20.75,21.77,20.69,21.43,1714800,17.93
"2009-08-20",21.36,21.69,21.28,21.41,1577600,17.91
"2009-08-21",21.66,22.24,21.25,22.11,1842900,18.5
"2009-08-24",22.13,22.57,21.85,21.94,2253100,18.35
"2009-08-25",22.21,22.69,22.18,22.44,1593200,18.77
"2009-08-26",22.44,22.8,22.09,22.57,1557400,18.88
"2009-08-27",22.49,22.79,22.2,22.32,2514800,18.67
"2009-08-28",22.5,22.71,22.04,22.17,2099800,18.55
"2009-08-31",21.78,22.05,21.41,21.95,1993500,18.36
"2009-09-01",21.78,22.32,21.14,21.26,1908900,17.78
"2009-09-02",21.14,21.54,20.92,21.28,1060100,17.8
"2009-09-03",21.31,21.66,21.07,21.66,1099100,18.12
"2009-09-04",21.72,22.06,21.46,21.98,1081400,18.39
"2009-09-08",22.04,22.16,21.73,21.83,1184300,18.26
"2009-09-09",21.98,22.22,21.63,22.08,1616200,18.47
"2009-09-10",21.99,22.41,21.69,22.39,1617700,18.73
"2009-09-11",22.45,22.56,22,22.23,1977800,18.6
"2009-09-14",22.17,22.65,21.95,22.59,1754500,18.9
"2009-09-15",22.68,23.1,22.46,22.93,3071900,19.18
"2009-09-16",23.07,23.4,22.56,23.34,2462200,19.52
"2009-09-17",23.34,23.52,22.84,22.89,2503800,19.15
"2009-09-18",23.07,23.16,22.71,22.89,2008000,19.15
"2009-09-21",22.57,22.98,22.06,22.87,2007400,19.13
"2009-09-22",23.09,23.3,22.83,23.06,1640700,19.29
"2009-09-23",23.08,23.48,22.77,22.8,1507100,19.07
"2009-09-24",22.96,22.96,22.01,22.18,1942800,18.55
"2009-09-25",21.99,22.48,21.83,22.14,1353300,18.52
"2009-09-28",22.21,23.06,22.07,22.88,1184400,19.14
"2009-09-29",23.04,23.6,22.92,23.26,1272100,19.46
"2009-09-30",23.33,23.36,22.27,22.31,2828700,18.66
"2009-10-01",22.3,22.33,21.65,21.69,1927900,18.14
"2009-10-02",21.47,21.83,21.21,21.57,1639600,18.04
"2009-10-05",21.72,22.36,21.49,22.28,1584900,18.64
"2009-10-06",22.53,23.31,22.53,23.18,1854600,19.39
"2009-10-07",23.24,23.39,22.92,23.06,1302000,19.29
"2009-10-08",23.43,24.19,23.4,24.05,1657400,20.12
"2009-10-09",24.09,24.2,23.78,23.99,1029800,20.07
"2009-10-12",24.17,24.5,23.92,24.03,1052600,20.1
"2009-10-13",23.97,24.37,23.78,24.29,1678700,20.32
"2009-10-14",24.36,24.7,24.27,24.41,2707600,20.42
"2009-10-15",24.31,25.01,24.25,25,2797200,20.91
"2009-10-16",24.61,24.7,24.2,24.54,1963000,20.53
"2009-10-19",24.55,24.89,24.28,24.81,1530900,20.75
"2009-10-20",24.79,24.79,24.24,24.57,1698500,20.55
"2009-10-21",24.41,24.78,23.88,23.91,1752700,20
"2009-10-22",23.94,24.64,23.66,24.47,1324800,20.47
"2009-10-23",24.5,24.65,23.66,23.93,1536000,20.02
"2009-10-26",23.87,24.37,23.06,23.15,2046800,19.37
"2009-10-27",23.17,23.4,22.76,22.77,2085700,19.05
"2009-10-28",22.95,23.2,21.48,21.68,3464400,18.14
"2009-10-29",22.14,23.91,22.14,23.7,2761200,19.83
"2009-10-30",23.73,23.92,22.65,22.83,3188000,19.1
"2009-11-02",23.07,23.58,22.62,23.25,2834100,19.45
"2009-11-03",22.96,23.55,22.74,23.44,1969000,19.61
"2009-11-04",23.7,24,23.3,23.41,1939500,19.58
"2009-11-05",23.61,24.33,23.48,24.29,1310500,20.32
"2009-11-06",24.11,24.67,23.97,24.61,1962100,20.59
"2009-11-09",24.92,25.8,24.82,25.67,1652800,21.47
"2009-11-10",25.55,25.71,25.08,25.52,1142200,21.35
"2009-11-11",25.85,26.03,25.52,26,1558300,21.75
"2009-11-12",25.93,26.31,25.3,25.48,1583300,21.32
"2009-11-13",25.47,25.98,25.42,25.84,901000,21.62
"2009-11-16",26.04,26.8,26.01,26.44,2052200,22.12
"2009-11-17",26.4,26.57,26.07,26.48,2274000,22.15
"2009-11-18",26.57,26.72,26.02,26.72,1950200,22.35
"2009-11-19",26.53,26.59,25.95,26.37,1620500,22.06
"2009-11-20",26.21,26.44,26.02,26.28,1444200,21.98
"2009-11-23",26.82,27.33,26.67,26.99,1964100,22.58
"2009-11-24",26.84,27.13,26.55,26.65,2108200,22.49
"2009-11-25",26.71,27.43,26.57,27.27,1331100,23.01
"2009-11-27",26.27,26.88,26.07,26.46,875400,22.33
"2009-11-30",26.34,27.44,26.28,27.37,2366400,23.09
"2009-12-01",27.59,28,27.34,27.74,2194100,23.41
"2009-12-02",27.88,28.17,27.71,28.07,2327500,23.68
"2009-12-03",28.07,28.4,27.59,27.63,1413700,23.31
"2009-12-04",28.25,28.65,27.37,27.98,2301600,23.61
"2009-12-07",27.86,28.45,27.78,28.3,1511400,23.88
"2009-12-08",28.29,28.5,27.88,28.07,2129600,23.68
"2009-12-09",27.97,28.13,27.5,28.08,1342600,23.69
"2009-12-10",28.31,28.37,27.95,28.07,1368400,23.68
"2009-12-11",28.07,28.32,27.67,27.98,1322700,23.61
"2009-12-14",28.13,28.89,28.01,28.85,1425000,24.34
"2009-12-15",28.79,28.79,28.19,28.27,1492100,23.85
"2009-12-16",28.56,28.7,28.4,28.52,1513800,24.06
"2009-12-17",28.29,28.36,27.64,27.67,1854800,23.35
"2009-12-18",27.89,28.04,27.17,27.51,3368200,23.21
"2009-12-21",27.59,28.28,27.55,28,1881100,23.62
"2009-12-22",27.98,28.62,27.9,28.52,2005400,24.06
"2009-12-23",28.51,28.79,28.37,28.72,1391800,24.23
"2009-12-24",28.82,29,28.68,28.72,309000,24.23
"2009-12-28",28.8,28.98,28.77,28.97,871800,24.44
"2009-12-29",28.93,29.33,28.86,29.25,1219100,24.68
"2009-12-30",28.99,29.08,28.75,29.08,1102800,24.54
"2009-12-31",29.13,29.3,28.62,28.63,1154500,24.16
"2010-01-04",29.01,29.18,28.85,29.03,1395200,24.49
"2010-01-05",28.93,29.74,28.87,29.55,2085800,24.93
"2010-01-06",29.45,29.66,29.29,29.44,1979000,24.84
"2010-01-07",29.22,29.3,28.84,29.12,1715100,24.57
"2010-01-08",28.71,28.94,28.12,28.86,1769400,24.35
"2010-01-11",29,29,28.32,28.65,1602900,24.17
"2010-01-12",28.47,29.17,28.32,28.85,1709300,24.34
"2010-01-13",28.93,29.16,28.5,29.1,1062100,24.55
"2010-01-14",28.93,29.18,28.56,28.65,726700,24.17
"2010-01-15",28.64,28.75,28.09,28.22,1064100,23.81
"2010-01-19",28.22,28.98,28.19,28.97,967700,24.44
"2010-01-20",28.62,28.64,27.84,28.17,917400,23.77
"2010-01-21",28.17,28.17,26.43,26.43,2432100,22.3
"2010-01-22",26.13,26.91,25.51,26.15,1942900,22.06
"2010-01-25",26.5,26.93,26.19,26.32,813700,22.21
"2010-01-26",26.15,27.35,26.1,26.6,1642200,22.44
"2010-01-27",26.58,26.67,24.6,25.09,2840000,21.17
"2010-01-28",25.24,25.25,24.17,24.54,1858100,20.71
"2010-01-29",24.7,24.84,24,24.07,1749600,20.31
"2010-02-01",24.39,25.04,24.08,25.01,1571300,21.1
"2010-02-02",24.96,25.22,24.77,24.98,1324100,21.27
"2010-02-03",24.62,24.79,23.91,24.37,1363500,20.75
"2010-02-04",24.04,24.12,23.3,23.32,2116000,19.86
"2010-02-05",23.29,23.34,22.25,23.04,2397500,19.62
"2010-02-08",23.01,23.37,22.66,22.77,1566900,19.39
"2010-02-09",23.09,23.65,22.79,23.2,1819200,19.76
"2010-02-10",23.12,23.17,22.35,22.75,1500600,19.37
"2010-02-11",22.76,23.05,22.53,23.04,1478000,19.62
"2010-02-12",22.7,23.18,22.35,23.06,1439200,19.64
"2010-02-16",23.11,23.74,23.11,23.73,1171100,20.21
"2010-02-17",23.84,24.08,23.32,23.41,1126600,19.94
"2010-02-18",23.29,23.82,23.29,23.77,911800,20.24
"2010-02-19",23.7,23.91,23.44,23.54,1503300,20.05
"2010-02-22",23.78,24.03,23.21,23.83,1587100,20.29
"2010-02-23",23.81,24,23.33,23.45,1501400,19.97
"2010-02-24",23.45,23.8,23.2,23.59,1089200,20.09
"2010-02-25",23.06,23.68,22.79,23.64,1550500,20.13
"2010-02-26",23.53,23.75,22.9,22.94,1806100,19.53
"2010-03-01",23.11,23.94,23.02,23.87,1641400,20.33
"2010-03-02",23.95,24.25,23.92,24,1452800,20.44
"2010-03-03",24.11,24.87,24.05,24.37,1692600,20.75
"2010-03-04",24.48,24.55,23.66,24.11,1882000,20.53
"2010-03-05",24.27,24.7,24.2,24.54,1376600,20.9
"2010-03-08",24.59,25.02,24.54,24.93,1325800,21.23
"2010-03-09",24.81,25.27,24.69,24.96,1447200,21.25
"2010-03-10",24.92,25.28,24.64,25.16,1442400,21.43
"2010-03-11",24.95,25.37,24.79,25.35,761600,21.59
"2010-03-12",25.36,25.66,25.25,25.41,999900,21.64
"2010-03-15",25.34,25.54,24.9,25.1,1025700,21.37
"2010-03-16",25.1,25.65,25.03,25.53,1118000,21.74
"2010-03-17",25.74,26.06,25.68,25.87,1225000,22.03
"2010-03-18",25.82,25.99,25.53,25.74,987600,21.92
"2010-03-19",25.78,25.87,24.82,24.93,1960400,21.23
"2010-03-22",24.78,25.38,24.6,25.28,916300,21.53
"2010-03-23",25.24,25.81,25.19,25.7,990000,21.89
"2010-03-24",25.57,25.71,25.39,25.43,866400,21.66
"2010-03-25",25.69,25.75,25.05,25.07,1320400,21.35
"2010-03-26",25.16,25.62,25.1,25.36,1249500,21.6
"2010-03-29",25.58,26.38,25.53,25.99,1217400,22.13
"2010-03-30",26.08,26.26,25.7,25.97,1202300,22.12
"2010-03-31",25.91,25.98,25.47,25.55,1350300,21.76
"2010-04-01",25.73,26.26,25.73,26.12,850600,22.24
"2010-04-05",26.29,26.47,26.14,26.39,615200,22.47
"2010-04-06",26.24,26.3,26.07,26.3,1059100,22.4
"2010-04-07",26.3,26.54,26.18,26.37,1714800,22.46
"2010-04-08",26.28,26.36,25.88,26.29,1123600,22.39
"2010-04-09",26.31,26.54,26.17,26.51,1328700,22.57
"2010-04-12",26.55,26.55,26.17,26.33,1005800,22.42
"2010-04-13",26.29,26.42,26.09,26.35,1196700,22.44
"2010-04-14",26.42,26.95,26.37,26.9,1036500,22.91
"2010-04-15",26.79,27.24,26.63,27.15,1439800,23.12
"2010-04-16",26.99,27.16,26.17,26.58,1970100,22.63
"2010-04-19",26.43,26.81,26.15,26.8,982900,22.82
"2010-04-20",27.01,27.27,26.94,27.17,890400,23.14
"2010-04-21",27.04,28.03,27.03,27.8,1969700,23.67
"2010-04-22",27.57,28,27.08,27.99,846400,23.84
"2010-04-23",27.9,28.42,27.86,28.41,1054200,24.19
"2010-04-26",28.5,28.69,28.18,28.25,1341900,24.06
"2010-04-27",28.17,28.43,27.15,27.25,1437100,23.21
"2010-04-28",27.66,28.26,26.94,27.08,2051000,23.06
"2010-04-29",27.41,27.84,27.38,27.73,1390000,23.61
"2010-04-30",27.81,27.93,27.14,27.17,1512800,23.14
"2010-05-03",27.35,27.73,27.3,27.45,1396100,23.38
"2010-05-04",26.99,27.2,25.94,26.09,1303000,22.4
"2010-05-05",25.73,26.66,25.49,25.94,1814800,22.28
"2010-05-06",25.77,26.14,22.05,24.79,2627300,21.29
"2010-05-07",24.72,25.18,24.01,24.7,3291800,21.21
"2010-05-10",26.01,26.41,25.16,25.52,1858400,21.92
"2010-05-11",25.12,25.93,24.98,25.26,1879900,21.69
"2010-05-12",25.44,26.04,25.29,25.94,1094900,22.28
"2010-05-13",25.92,26.1,25.52,25.6,911700,21.98
"2010-05-14",25.39,25.39,24.72,25,1171900,21.47
"2010-05-17",25.22,25.71,24.4,25.06,1579400,21.52
"2010-05-18",25.29,25.73,24.4,24.5,1194800,21.04
"2010-05-19",24.37,24.47,23.57,24.21,1453700,20.79
"2010-05-20",23.45,23.96,23.13,23.31,2220500,20.02
"2010-05-21",22.91,24.03,22.74,23.85,2329100,20.48
"2010-05-24",23.56,23.95,23.03,23.06,2317900,19.8
"2010-05-25",22.25,23.4,22.08,23.36,2328200,20.06
"2010-05-26",23.72,24.01,23,23.07,2284900,19.81
"2010-05-27",23.64,24.34,23.52,24.3,1171300,20.87
"2010-05-28",24.31,24.33,23.6,23.9,1698000,20.52
"2010-06-01",23.64,24.14,23.01,23.03,1535000,19.78
"2010-06-02",23.26,23.82,23.05,23.82,1147200,20.46
"2010-06-03",23.84,24.04,23.47,23.8,1061200,20.44
"2010-06-04",23.18,23.48,22.64,22.74,1267400,19.53
"2010-06-07",22.75,22.88,22.17,22.21,1229200,19.07
"2010-06-08",22.26,22.51,21.96,22.48,1587400,19.3
"2010-06-09",22.75,23.15,22.23,22.36,1140800,19.2
"2010-06-10",22.88,23.27,22.64,23.27,944300,19.98
"2010-06-11",22.9,23.82,22.9,23.75,837100,20.4
"2010-06-14",24.04,24.52,23.8,23.86,931200,20.49
"2010-06-15",23.94,24.33,23.85,24.28,1253500,20.85
"2010-06-16",24.15,24.35,23.88,24.2,1369300,20.78
"2010-06-17",24.25,24.3,23.66,24.17,1234100,20.76
"2010-06-18",24.23,24.5,24.21,24.34,1019400,20.9
"2010-06-21",24.79,25.04,24.01,24.18,1601200,20.76
"2010-06-22",24.28,24.49,23.41,23.48,1335800,20.16
"2010-06-23",23.37,23.9,23.06,23.74,2361600,20.39
"2010-06-24",23.57,23.74,23,23.06,1394900,19.8
"2010-06-25",23.13,23.28,22.6,23.16,1936000,19.89
"2010-06-28",23.26,23.31,22.78,23.17,2191900,19.9
"2010-06-29",22.67,23.27,22.35,22.53,3930100,19.35
"2010-06-30",22.47,22.85,22.13,22.2,1974000,19.06
"2010-07-01",22.17,22.52,21.55,22.31,2136800,19.16
"2010-07-02",22.41,22.61,21.86,22.17,1162100,19.04
"2010-07-06",22.7,22.76,21.92,22.18,1551300,19.05
"2010-07-07",22.09,22.68,22.07,22.68,2099300,19.48
"2010-07-08",22.89,23.37,22.74,23.3,1778900,20.01
"2010-07-09",23.46,23.84,23.31,23.68,895500,20.34
"2010-07-12",23.6,23.85,23.32,23.46,986100,20.15
"2010-07-13",23.77,24.26,23.71,24.14,961100,20.73
"2010-07-14",24.03,24.15,23.69,23.94,1303100,20.56
"2010-07-15",23.95,23.99,23.37,23.93,925600,20.55
"2010-07-16",23.78,23.81,23.2,23.3,1306800,20.01
"2010-07-19",23.33,23.38,22.79,23.16,1152100,19.89
"2010-07-20",22.73,23.72,22.73,23.68,2420800,20.34
"2010-07-21",23.88,23.93,22.99,23.17,1926700,19.9
"2010-07-22",23.55,24.04,23.46,23.91,1544500,20.53
"2010-07-23",23.88,24.73,23.82,24.64,1613600,21.16
"2010-07-26",24.86,25.26,24.7,24.87,2086000,21.36
"2010-07-27",24.95,25,24.56,24.76,1567900,21.26
"2010-07-28",25.35,25.35,24.5,24.67,1167600,21.19
"2010-07-29",24.48,24.54,23.68,23.92,1926000,20.73
"2010-07-30",23.71,24.16,23.6,23.96,1709100,20.77
"2010-08-02",24.12,24.43,23.99,24.02,2042600,20.82
"2010-08-03",23.83,24.05,23.69,23.87,1177800,20.69
"2010-08-04",23.98,24.13,23.85,23.9,1264500,20.72
"2010-08-05",23.83,24.02,23.6,23.81,1490700,20.64
"2010-08-06",23.62,23.86,23.27,23.7,983600,20.54
"2010-08-09",23.83,23.99,23.5,23.53,1390500,20.4
"2010-08-10",23.24,23.5,23,23.24,1170100,20.15
"2010-08-11",22.9,22.9,21.99,22.04,1719400,19.11
"2010-08-12",21.72,22.18,21.55,22.04,1327100,19.11
"2010-08-13",21.91,22.35,21.87,21.97,1422800,19.04
"2010-08-16",21.82,22.09,21.76,21.77,918500,18.87
"2010-08-17",22.08,22.34,21.96,22.04,1414600,19.11
"2010-08-18",22.04,22.22,21.77,22.04,846300,19.11
"2010-08-19",21.93,22.05,21.31,21.48,934600,18.62
"2010-08-20",21.55,21.93,21.5,21.79,1423000,18.89
"2010-08-23",22.02,22.1,21.26,21.3,1084000,18.46
"2010-08-24",21.13,21.35,20.91,21.17,2235800,18.35
"2010-08-25",21.07,21.58,20.81,21.48,1855400,18.62
"2010-08-26",21.58,21.9,21.49,21.49,1844700,18.63
"2010-08-27",21.67,21.85,21.13,21.83,2246200,18.92
"2010-08-30",21.69,21.82,21.49,21.58,1346800,18.71
"2010-08-31",21.42,22.03,21.39,21.76,1499200,18.86
"2010-09-01",22.08,22.73,22.08,22.64,1613300,19.63
"2010-09-02",22.8,23.23,22.7,23.16,1407100,20.08
"2010-09-03",23.39,23.66,23.07,23.34,1197400,20.23
"2010-09-07",23.12,23.34,22.98,23.06,1150900,19.99
"2010-09-08",23.09,23.43,23.06,23.34,1211500,20.23
"2010-09-09",23.49,23.64,23.24,23.46,1228000,20.34
"2010-09-10",23.45,23.68,23.34,23.66,1278300,20.51
"2010-09-13",23.8,23.98,23.75,23.92,1078400,20.73
"2010-09-14",23.9,24.14,23.69,23.86,916000,20.68
"2010-09-15",23.69,23.87,23.57,23.77,1367800,20.6
"2010-09-16",23.75,24.02,23.7,23.99,1003100,20.8
"2010-09-17",24.19,24.39,23.91,24.2,1162000,20.98
"2010-09-20",24.22,24.23,23.49,24.21,1216300,20.99
"2010-09-21",24.25,24.45,24.08,24.28,1680000,21.05
"2010-09-22",24.28,24.61,23.99,24.02,945400,20.82
"2010-09-23",23.85,23.99,23.52,23.59,696600,20.45
"2010-09-24",24.16,24.89,24.16,24.7,1070400,21.41
"2010-09-27",24.76,24.77,24.42,24.49,695100,21.23
"2010-09-28",24.63,24.71,24,24.67,970800,21.38
"2010-09-29",24.53,24.74,24.32,24.43,1094500,21.18
"2010-09-30",24.64,24.75,24.1,24.38,1566900,21.13
"2010-10-01",24.65,24.99,24.53,24.58,1410700,21.31
"2010-10-04",24.48,24.63,23.74,23.82,1322300,20.65
"2010-10-05",24.16,24.74,24.09,24.54,1455500,21.27
"2010-10-06",24.61,24.83,24.54,24.83,900300,21.52
"2010-10-07",25,25,24.42,24.53,774900,21.26
"2010-10-08",24.6,24.94,24.48,24.81,1148500,21.51
"2010-10-11",24.79,24.85,24.57,24.72,435900,21.43
"2010-10-12",24.71,24.87,24.38,24.84,852000,21.53
"2010-10-13",24.98,25.54,24.87,25.19,855700,21.84
"2010-10-14",25.16,25.21,24.62,24.86,911900,21.55
"2010-10-15",25.22,25.55,24.82,25.29,1206500,21.92
"2010-10-18",25.33,25.65,25.22,25.6,2198400,22.19
"2010-10-19",25.22,25.28,24.71,24.87,1152000,21.56
"2010-10-20",25,25.55,24.92,25.33,713200,21.96
"2010-10-21",25.49,25.6,24.96,25.14,844600,21.79
"2010-10-22",25.16,25.3,25.05,25.14,550700,21.79
"2010-10-25",25.45,25.78,25.41,25.55,1122900,22.15
"2010-10-26",25.42,25.66,25.13,25.25,1149700,21.89
"2010-10-27",26.82,26.82,25.41,25.77,2394700,22.34
"2010-10-28",25.97,26.02,25.27,25.63,1175800,22.22
"2010-10-29",25.6,25.93,25.52,25.73,1041100,22.3
"2010-11-01",25.99,26.21,25.43,25.61,822800,22.2
"2010-11-02",25.92,26.2,25.74,25.78,742100,22.35
"2010-11-03",25.93,25.93,25.35,25.84,1006400,22.4
"2010-11-04",26.14,26.84,26.12,26.83,979800,23.26
"2010-11-05",26.93,27.12,26.29,26.46,1597500,22.94
"2010-11-08",26.35,26.82,26.27,26.73,837900,23.17
"2010-11-09",26.8,26.85,25.93,26.06,938600,22.59
"2010-11-10",26.05,26.58,25.85,26.43,1290200,22.91
"2010-11-11",26.1,26.47,25.97,26.35,831600,22.84
"2010-11-12",26.09,26.2,25.61,25.8,1083900,22.36
"2010-11-15",25.86,26.14,25.73,25.76,908100,22.33
"2010-11-16",25.5,25.61,24.93,25.21,1504900,21.85
"2010-11-17",25.19,25.64,25.01,25.41,1166000,22.03
"2010-11-18",25.76,26.03,25.4,25.44,1224900,22.05
"2010-11-19",25.45,25.47,25.12,25.38,827000,22
"2010-11-22",25.27,25.96,25.01,25.95,1435900,22.49
"2010-11-23",25.35,25.5,24.86,25.04,933300,21.92
"2010-11-24",25.22,25.67,25.22,25.63,643000,22.43
"2010-11-26",25.34,25.51,25.1,25.44,422100,22.27
"2010-11-29",25.18,25.28,24.7,25.2,834900,22.06
"2010-11-30",24.91,25.08,24.64,24.84,1204500,21.74
"2010-12-01",25.31,25.68,25.28,25.61,893400,22.42
"2010-12-02",25.63,26.68,25.63,26.61,1493100,23.29
"2010-12-03",26.44,27,26.41,26.86,2619600,23.51
"2010-12-06",26.83,26.92,26.42,26.52,837600,23.21
"2010-12-07",26.73,26.73,25.8,25.86,1948100,22.63
"2010-12-08",25.95,26,25.46,25.61,1087500,22.42
"2010-12-09",25.79,25.96,25.61,25.82,801000,22.6
"2010-12-10",25.94,26.04,25.61,25.77,679800,22.56
"2010-12-13",26.01,26.09,25.77,25.88,682400,22.65
"2010-12-14",25.96,26.11,25.77,25.91,636700,22.68
"2010-12-15",25.81,25.81,24.9,24.95,1556500,21.84
"2010-12-16",25.09,25.25,24.92,25.06,871300,21.93
"2010-12-17",25,25.18,24.87,25.18,2220400,22.04
"2010-12-20",25.34,25.47,25.11,25.33,644700,22.17
"2010-12-21",25.52,25.84,25.26,25.76,803400,22.55
"2010-12-22",25.83,26.01,25.75,25.91,823700,22.68
"2010-12-23",25.87,26.35,25.87,26.02,619700,22.77
"2010-12-27",26.06,26.29,26,26.23,569700,22.96
"2010-12-28",26.34,26.34,26.06,26.24,485100,22.97
"2010-12-29",26.36,26.49,26.29,26.34,850300,23.05
"2010-12-30",26.35,26.54,26.3,26.3,502200,23.02
"2010-12-31",26.27,26.43,26.11,26.16,471700,22.9
"2011-01-03",26.49,27.17,26.49,26.97,1236900,23.61
"2011-01-04",27.1,27.11,26.4,26.78,1282100,23.44
"2011-01-05",26.76,27.13,26.6,26.99,1777200,23.62
"2011-01-06",27.05,27.5,26.87,27.23,1866000,23.83
"2011-01-07",27.3,27.49,26.85,27.21,1756500,23.82
"2011-01-10",27.15,27.17,26.71,27.07,1622200,23.69
"2011-01-11",27.22,27.33,26.92,27.19,687800,23.8
"2011-01-12",27.45,27.45,27.03,27.18,1277000,23.79
"2011-01-13",27.21,27.31,27.01,27.19,958400,23.8
"2011-01-14",27.18,27.25,27.01,27.19,882300,23.8
"2011-01-18",27.26,27.45,26.86,26.96,1034600,23.6
"2011-01-19",27.01,27.06,26.67,26.84,1021200,23.49
"2011-01-20",26.71,26.78,26.28,26.47,1060900,23.17
"2011-01-21",26.7,27.53,26.66,27.42,1937000,24
"2011-01-24",27.84,28.75,27.84,28.49,3297800,24.94
"2011-01-25",28.38,28.38,27.74,28.04,2673000,24.54
"2011-01-26",28.25,28.9,28.08,28.82,1832700,25.23
"2011-01-27",28.95,29.71,28.9,29.51,1988000,25.83
"2011-01-28",29.55,29.66,28.45,28.5,1687800,24.95
"2011-01-31",28.66,28.94,28.51,28.63,1802500,25.06
"2011-02-01",28.78,29.37,28.63,29.32,1646100,25.89
"2011-02-02",29.27,29.27,28.68,28.68,1718900,25.32
"2011-02-03",28.67,29.03,28.41,28.88,1227000,25.5
"2011-02-04",28.89,28.94,28.4,28.85,1472600,25.47
"2011-02-07",28.96,29.04,28.7,29.03,1180300,25.63
"2011-02-08",28.97,29.25,28.85,29.25,1093400,25.83
"2011-02-09",29.23,29.34,28.92,29.29,1181100,25.86
"2011-02-10",29.11,29.64,29.06,29.26,1442400,25.84
"2011-02-11",29.16,30,29.14,29.99,1339400,26.48
"2011-02-14",29.8,30.02,29.67,30.01,1584100,26.5
"2011-02-15",29.81,30.46,29.75,30.23,1266200,26.69
"2011-02-16",30.39,30.5,30.24,30.41,1138900,26.85
"2011-02-17",30.34,30.92,30.34,30.76,1161800,27.16
"2011-02-18",30.82,30.9,30.04,30.36,1207400,26.81
"2011-02-22",29.94,30.05,29.49,29.55,1889000,26.09
"2011-02-23",29.33,29.89,28.7,29,2008100,25.61
"2011-02-24",29.01,29.5,28.53,29.22,1783600,25.8
"2011-02-25",29.37,29.71,29.16,29.71,951900,26.23
"2011-02-28",29.77,29.99,29.12,29.35,1385400,25.92
"2011-03-01",29.54,29.65,28.63,28.74,2027400,25.38
"2011-03-02",28.77,29.06,28.6,28.96,1734600,25.57
"2011-03-03",29.28,30.01,29.28,29.96,1687000,26.45
"2011-03-04",29.87,29.88,28.92,29.19,1258600,25.77
"2011-03-07",29.39,29.66,28.54,28.58,1295700,25.24
"2011-03-08",28.7,29.09,28.26,28.81,1084400,25.44
"2011-03-09",28.68,28.85,28.27,28.56,1279000,25.22
"2011-03-10",28.13,28.29,27.83,28.01,1289300,24.73
"2011-03-11",27.98,28.44,27.86,28.33,2189500,25.01
"2011-03-14",28.11,28.48,27.85,28.16,2417600,24.86
"2011-03-15",27.05,28.04,27.05,27.86,1284600,24.6
"2011-03-16",27.78,27.85,27.15,27.42,1551800,24.21
"2011-03-17",27.91,28.2,27.61,27.83,985400,24.57
"2011-03-18",28.85,29.1,28.64,28.78,1942600,25.41
"2011-03-21",29.23,29.42,29.08,29.31,1018100,25.88
"2011-03-22",29.41,29.42,28.91,28.96,844500,25.57
"2011-03-23",28.94,29.13,28.51,29,826400,25.61
"2011-03-24",29.2,29.29,28.82,29.17,943100,25.76
"2011-03-25",29.33,29.85,29.21,29.75,1270100,26.27
"2011-03-28",29.79,30.34,29.71,30.08,1906900,26.56
"2011-03-29",30,30.14,29.47,29.75,2499700,26.27
"2011-03-30",30.02,30.14,29.64,29.81,1715300,26.32
"2011-03-31",29.82,30.46,29.78,30.33,1322300,26.78
"2011-04-01",30.53,31.49,30.4,31.46,2519200,27.78
"2011-04-04",31.48,31.48,31.1,31.2,1849800,27.55
"2011-04-05",31.06,31.85,31.05,31.71,1809500,28
"2011-04-06",31.87,32.1,31.81,32.02,1814000,28.27
"2011-04-07",31.98,32.24,31.68,31.72,1438300,28.01
"2011-04-08",31.95,32.18,31.51,31.72,1611500,28.01
"2011-04-11",31.62,31.93,31.17,31.2,1570200,27.55
"2011-04-12",31.04,31.35,30.9,31.11,1628200,27.47
"2011-04-13",31.34,31.57,30.6,30.98,1685400,27.35
"2011-04-14",30.77,31.28,30.66,31.18,1303800,27.53
"2011-04-15",31.3,31.86,31.3,31.73,1636500,28.02
"2011-04-18",31.3,31.53,31.14,31.28,1295600,27.62
"2011-04-19",31.31,32.01,31.29,31.93,1248300,28.19
"2011-04-20",32.48,32.62,32.14,32.25,1509000,28.48
"2011-04-21",32.48,32.48,32.15,32.32,1147600,28.54
"2011-04-25",32.29,32.35,32.03,32.22,1589400,28.45
"2011-04-26",32.38,33,32.25,32.99,2600000,29.13
"2011-04-27",33.24,33.61,32.45,33.57,2861400,29.64
"2011-04-28",33.35,34,33.35,33.82,2142600,30.09
"2011-04-29",33.75,34.13,33.4,33.69,1800000,29.97
"2011-05-02",33.98,34.37,33.77,33.92,1339900,30.18
"2011-05-03",33.88,34.08,33.29,33.66,1478000,29.94
"2011-05-04",33.71,33.86,32.98,33.32,2143100,29.64
"2011-05-05",33.11,33.7,32.97,33.27,1726900,29.6
"2011-05-06",33.65,34.19,33.43,33.68,1803200,29.96
"2011-05-09",33.74,33.99,33.55,33.92,1050500,30.18
"2011-05-10",34.04,34.51,33.97,34.34,999900,30.55
"2011-05-11",34.2,34.44,33.58,33.83,2007000,30.1
"2011-05-12",33.77,34.06,33.36,34.01,1159600,30.26
"2011-05-13",34.05,34.1,33.3,33.36,1484200,29.68
"2011-05-16",33.24,33.69,33.16,33.4,1266000,29.71
"2011-05-17",33.18,33.43,32.78,33.14,1599100,29.48
"2011-05-18",33.26,33.57,33.05,33.47,1207900,29.78
"2011-05-19",33.68,33.94,33.42,33.62,857200,29.91
"2011-05-20",33.59,33.63,32.96,33.22,1047600,29.55
"2011-05-23",32.72,32.76,32.34,32.62,1125500,29.02
"2011-05-24",32.77,33.06,32.54,32.66,967800,29.05
"2011-05-25",32.96,33.04,32.36,32.96,1205300,29.32
"2011-05-26",32.77,33.19,32.61,33.15,879200,29.49
"2011-05-27",33.24,33.62,33.21,33.52,856600,29.82
"2011-05-31",33.91,34.02,33.4,34.02,1147900,30.26
"2011-06-01",33.85,33.92,32.78,32.84,1388700,29.21
"2011-06-02",32.78,33.46,32.73,33.16,2154400,29.5
"2011-06-03",32.56,32.86,32.16,32.25,1670500,28.69
"2011-06-06",32.24,32.35,31.52,31.6,2131000,28.11
"2011-06-07",32.11,33.21,32.05,32.68,2915600,29.07
"2011-06-08",32.65,32.69,31.95,32.11,1771200,28.57
"2011-06-09",32.11,33.02,31.91,32.71,1802800,29.1
"2011-06-10",32.45,32.52,31.95,31.97,1633100,28.44
"2011-06-13",32.01,32.58,31.79,32.01,1586300,28.48
"2011-06-14",32.41,32.84,32.35,32.53,1592600,28.94
"2011-06-15",32.19,32.31,31.43,31.56,2219900,28.08
"2011-06-16",31.54,31.54,30.51,30.96,2353000,27.54
"2011-06-17",31.28,31.52,31.01,31.05,1954300,27.62
"2011-06-20",30.99,31.37,30.95,31.32,1408300,27.86
"2011-06-21",31.52,32.3,31.51,32.22,1200700,28.66
"2011-06-22",32.15,32.31,31.91,31.94,1008000,28.41
"2011-06-23",31.48,32.08,31.18,32,1414600,28.47
"2011-06-24",31.97,32.07,31.48,31.86,1341000,28.34
"2011-06-27",31.86,32.41,31.86,32.23,1131600,28.67
"2011-06-28",32.34,32.67,32.23,32.67,1027600,29.06
"2011-06-29",32.86,32.95,32.35,32.7,1023500,29.09
"2011-06-30",32.92,33.43,32.71,33.31,1348600,29.63
"2011-07-01",33.21,33.99,33.16,33.91,944300,30.17
"2011-07-05",33.86,33.91,33.2,33.78,1705200,30.05
"2011-07-06",33.7,33.86,33.38,33.67,2279700,29.95
"2011-07-07",34,34.23,33.86,34.05,1058500,30.29
"2011-07-08",33.6,33.95,33.56,33.88,1434800,30.14
"2011-07-11",33.4,33.54,33.12,33.28,1412900,29.61
"2011-07-12",33.23,33.43,32.91,32.94,1378900,29.3
"2011-07-13",33.18,33.75,33.08,33.13,875200,29.47
"2011-07-14",33.22,33.48,32.6,33.01,2339100,29.37
"2011-07-15",33.1,33.3,32.89,33.15,3110500,29.49
"2011-07-18",33.03,33.11,32.7,33.11,2754600,29.45
"2011-07-19",33.06,33.5,32.81,33.24,1499100,29.57
"2011-07-20",33.34,33.39,32.88,33,1077000,29.36
"2011-07-21",33.13,33.63,33.07,33.51,1073800,29.81
"2011-07-22",33.56,33.6,33.24,33.35,702300,29.67
"2011-07-25",32.99,33.37,32.81,33.22,1063200,29.55
"2011-07-26",33.18,33.39,32.96,33.04,991000,29.39
"2011-07-27",33.05,33.16,31.71,32.03,2048300,28.49
"2011-07-28",31.66,31.94,31.23,31.5,1678200,28.24
"2011-07-29",31.12,31.41,30.77,31.14,1177400,27.92
"2011-08-01",31.48,31.5,30.54,30.72,2182800,27.54
"2011-08-02",30.43,30.6,29.45,29.47,2179200,26.42
"2011-08-03",29.45,29.61,28.88,29.53,1997000,26.48
"2011-08-04",29,29.17,27.61,27.7,2852900,24.84
"2011-08-05",28.21,28.7,27.03,27.94,4374500,25.05
"2011-08-08",27.2,27.51,25.58,25.58,3699500,22.94
"2011-08-09",25.62,26.56,24.63,26.52,3330100,23.78
"2011-08-10",25.91,26.88,25.64,25.73,3065100,23.07
"2011-08-11",25.88,27.11,25.64,26.72,2257500,23.96
"2011-08-12",27,27.14,26.58,26.94,1844500,24.15
"2011-08-15",27.44,27.92,27.28,27.86,2279000,24.98
"2011-08-16",27.6,28.07,27.34,27.63,2264700,24.77
"2011-08-17",27.75,28.01,27.19,27.46,1025400,24.62
"2011-08-18",26.65,26.66,25.52,25.75,2008300,23.09
"2011-08-19",25.36,25.98,25.16,25.23,1463600,22.62
"2011-08-22",25.96,26.01,24.85,24.95,1939200,22.37
"2011-08-23",25.06,25.81,24.72,25.81,1987700,23.14
"2011-08-24",25.68,26.36,25.63,26.3,1255600,23.58
"2011-08-25",26.46,26.7,25.64,25.71,1148800,23.05
"2011-08-26",25.38,26.37,25.01,26.25,1255900,23.54
"2011-08-29",26.67,27.28,26.63,27.27,882000,24.45
"2011-08-30",27.14,27.51,26.94,27.33,1601100,24.5
"2011-08-31",27.56,27.88,27.32,27.52,1282800,24.67
"2011-09-01",27.66,27.66,26.81,26.86,1758300,24.08
"2011-09-02",26.32,26.62,26.1,26.14,1097300,23.44
"2011-09-06",25.25,26.19,25.15,26.17,1293500,23.46
"2011-09-07",26.69,27.31,26.56,27.27,1051100,24.45
"2011-09-08",27.03,27.28,26.61,26.7,1112800,23.94
"2011-09-09",26.31,26.47,25.77,25.96,1152500,23.28
"2011-09-12",25.6,25.95,25.15,25.81,1089500,23.14
"2011-09-13",25.84,26.71,25.7,26.62,1411100,23.87
"2011-09-14",27.18,27.61,26.41,27.27,1444100,24.45
"2011-09-15",27.65,27.82,27.38,27.72,1019800,24.85
"2011-09-16",27.87,28.19,27.72,27.97,1573300,25.08
"2011-09-19",27.26,27.56,26.93,27.42,892300,24.58
"2011-09-20",27.64,27.71,27.09,27.09,831200,24.29
"2011-09-21",27.06,27.3,25.94,25.95,1150900,23.27
"2011-09-22",25.14,25.41,24.7,25.07,2099200,22.48
"2011-09-23",24.9,25.46,24.81,25.15,1385200,22.55
"2011-09-26",25.52,25.69,24.83,25.67,1132300,23.02
"2011-09-27",26.43,27,26.15,26.34,1020900,23.62
"2011-09-28",26.83,26.83,25.28,25.31,1348600,22.69
"2011-09-29",25.94,26.07,25.12,25.76,1595800,23.1
"2011-09-30",25.37,25.38,24.56,24.56,1625900,22.02
"2011-10-03",24.5,24.85,23.62,23.66,1515800,21.21
"2011-10-04",23.46,24.2,22.75,24.17,2093600,21.67
"2011-10-05",24.29,24.86,23.93,24.78,1478700,22.22
"2011-10-06",24.76,25.46,24.38,25.4,1181100,22.77
"2011-10-07",25.53,25.58,24.79,25.1,1324000,22.5
"2011-10-10",25.63,26.39,25.63,26.39,903900,23.66
"2011-10-11",26.15,26.57,25.96,26.33,934600,23.61
"2011-10-12",26.61,27.06,26.55,26.79,1002100,24.02
"2011-10-13",26.51,26.64,26.09,26.56,936200,23.81
"2011-10-14",27.03,27.19,26.61,27.18,1010500,24.37
"2011-10-17",26.92,27.03,26.29,26.4,1069700,23.67
"2011-10-18",26.44,27.63,26.16,27.44,1264200,24.6
"2011-10-19",27.3,27.4,26.53,26.65,1209900,23.89
"2011-10-20",26.63,27.12,26.3,26.95,1166400,24.16
"2011-10-21",27.36,27.55,26.89,27.44,1112600,24.6
"2011-10-24",27.58,28.45,27.58,28.39,1010500,25.45
"2011-10-25",28.37,28.37,27.71,27.79,1160500,24.92
"2011-10-26",28.37,28.99,27.51,28.17,1226200,25.26
"2011-10-27",28.8,29.65,28.52,29.26,1900500,26.23
"2011-10-28",29.2,29.27,28.66,28.93,1415100,25.94
"2011-10-31",28.56,28.76,27.91,27.91,1323800,25.02
"2011-11-01",26.97,27.61,26.9,27.13,1563400,24.32
"2011-11-02",27.61,27.89,27.21,27.55,1468300,24.7
"2011-11-03",27.96,28.81,27.56,28.74,1572400,25.77
"2011-11-04",28.39,28.95,28.11,28.79,1232700,25.81
"2011-11-07",28.62,28.74,28.01,28.59,1227200,25.63
"2011-11-08",28.74,29.22,28.22,29.14,1032400,26.13
"2011-11-09",28.5,28.53,27.68,27.83,1248600,24.95
"2011-11-10",28.14,28.46,27.83,28.18,1044300,25.27
"2011-11-11",28.59,29.01,28.53,28.84,700200,25.86
"2011-11-14",28.46,28.66,28.12,28.33,668500,25.4
"2011-11-15",28.14,28.49,27.8,28.24,973200,25.32
"2011-11-16",27.92,28.58,27.7,27.87,990000,24.99
"2011-11-17",28.82,29.64,28.03,29.51,3984000,26.46
"2011-11-18",29.69,29.7,29.04,29.1,2133200,26.09
"2011-11-21",28.75,28.96,28.03,28.48,1962400,25.54
"2011-11-22",28.26,28.7,28.1,28.23,1685400,25.54
"2011-11-23",28.16,28.17,27.06,27.06,1944300,24.48
"2011-11-25",27.09,27.81,26.98,27.22,936600,24.62
"2011-11-28",28.26,28.56,27.73,27.96,1600100,25.29
"2011-11-29",28.13,28.51,27.86,28.24,1725200,25.54
"2011-11-30",29.35,29.92,29.32,29.85,2008300,27
"2011-12-01",29.82,30.17,29.5,29.71,902500,26.87
"2011-12-02",30.04,30.49,29.79,29.84,995900,26.99
"2011-12-05",30.32,30.55,29.55,29.84,1732200,26.99
"2011-12-06",29.95,29.95,29.38,29.57,1292000,26.75
"2011-12-07",29.36,29.59,28.97,29.43,1199700,26.62
"2011-12-08",29.22,29.34,28.39,28.47,1453400,25.75
"2011-12-09",28.57,29.9,28.57,29.42,1621700,26.61
"2011-12-12",29.05,29.08,28.4,28.75,854000,26.01
"2011-12-13",28.95,29.21,27.96,28.2,1040200,25.51
"2011-12-14",27.99,28.26,27.8,27.85,1318400,25.19
"2011-12-15",28.74,28.86,28.34,28.71,1443100,25.97
"2011-12-16",28.97,29.31,28.53,28.79,2102600,26.04
"2011-12-19",28.92,29.04,28.07,28.15,868300,25.46
"2011-12-20",28.82,29.49,28.74,29.24,715300,26.45
"2011-12-21",29.1,29.51,28.95,29.42,793600,26.61
"2011-12-22",29.62,29.91,29.45,29.74,816200,26.9
"2011-12-23",29.79,30.03,29.62,29.97,363700,27.11
"2011-12-27",29.87,30.16,29.77,30.03,373600,27.16
"2011-12-28",29.95,30.12,29.6,29.68,468600,26.85
"2011-12-29",29.7,30.05,29.7,30.03,444500,27.16
"2011-12-30",29.98,30.29,29.95,29.95,576300,27.09
"2012-01-03",30.74,31.07,30.32,30.42,1207400,27.52
"2012-01-04",30.27,30.45,29.86,30.15,1271200,27.27
"2012-01-05",29.89,30.16,29.48,29.84,1618800,26.99
"2012-01-06",29.78,30,29.4,29.43,1632200,26.62
"2012-01-09",29.43,29.65,29.13,29.65,1570100,26.82
"2012-01-10",30.09,30.27,29.92,29.95,906600,27.09
"2012-01-11",29.75,30.32,29.75,30.23,1023100,27.34
"2012-01-12",30.37,30.64,30.17,30.61,618200,27.69
"2012-01-13",30.38,30.97,30.25,30.95,1915400,28
"2012-01-17",31.24,31.85,31.19,31.74,2288300,28.71
"2012-01-18",30.32,31.54,30.32,31.22,2608500,28.24
"2012-01-19",31.32,32.13,31.23,31.9,1259700,28.85
"2012-01-20",31.88,31.9,31.28,31.61,1199800,28.59
"2012-01-23",31.49,31.49,31.02,31.18,995700,28.2
"2012-01-24",31.01,31.43,30.95,31.36,749100,28.37
"2012-01-25",30.72,30.92,30.29,30.73,1706100,27.8
"2012-01-26",30.72,30.91,30.31,30.48,1485800,27.57
"2012-01-27",30.27,30.48,30.17,30.18,978600,27.3
"2012-01-30",29.95,29.95,29.5,29.77,1533600,26.93
"2012-01-31",29.79,29.87,29.23,29.44,1175400,26.86
"2012-02-01",29.64,30.28,29.52,29.86,1444100,27.24
"2012-02-02",29.98,30.25,29.87,29.88,1037500,27.26
"2012-02-03",30.3,30.76,30.22,30.69,1042800,28
"2012-02-06",30.43,30.53,29.85,30.02,1208200,27.38
"2012-02-07",29.82,30.31,29.8,29.8,1293500,27.18
"2012-02-08",29.79,30.06,29.72,29.85,685400,27.23
"2012-02-09",29.99,30.21,29.92,30.21,773200,27.56
"2012-02-10",29.83,29.9,29.58,29.78,1038200,27.17
"2012-02-13",30.05,30.28,29.69,30.01,1762100,27.38
"2012-02-14",29.87,30.06,29.66,30.03,1302700,27.39
"2012-02-15",30.1,30.18,29.83,30.12,873800,27.48
"2012-02-16",30.14,30.77,30,30.59,895100,27.9
"2012-02-17",30.74,30.82,30.55,30.7,672800,28
"2012-02-21",30.82,30.96,30.36,30.53,833100,27.85
"2012-02-22",30.39,30.59,30.25,30.37,775700,27.7
"2012-02-23",30.3,30.67,30.19,30.52,943600,27.84
"2012-02-24",30.5,30.78,30.22,30.51,681800,27.83
"2012-02-27",30.19,30.98,30.01,30.61,1319800,27.92
"2012-02-28",30.64,30.75,30.29,30.38,1253700,27.71
"2012-02-29",30.45,30.75,30.11,30.28,1382100,27.62
"2012-03-01",30.45,30.77,30.17,30.6,962700,27.91
"2012-03-02",30.6,31.1,30.56,30.88,1200200,28.17
"2012-03-05",30.69,30.8,30.31,30.76,1447900,28.06
"2012-03-06",30.46,30.63,30.1,30.53,1515800,27.85
"2012-03-07",30.61,30.79,30.3,30.65,1194100,27.96
"2012-03-08",30.9,31.06,30.65,30.84,968800,28.13
"2012-03-09",30.88,31.21,30.75,30.87,784400,28.16
"2012-03-12",30.79,30.9,30.56,30.69,1030500,28
"2012-03-13",30.87,31.57,30.85,31.54,968900,28.77
"2012-03-14",31.5,31.5,31.13,31.23,882500,28.49
"2012-03-15",31.23,31.53,31.02,31.33,956700,28.58
"2012-03-16",31.47,31.49,30.99,31.24,1298900,28.5
"2012-03-19",31.15,31.42,30.9,30.95,1008100,28.23
"2012-03-20",30.72,30.88,30.54,30.87,707700,28.16
"2012-03-21",30.84,31.07,30.6,30.88,901000,28.17
"2012-03-22",30.72,30.72,30.22,30.51,845700,27.83
"2012-03-23",30.51,30.84,30.25,30.78,833100,28.08
"2012-03-26",30.99,31.32,30.87,31.32,909600,28.57
"2012-03-27",31.41,31.62,31.32,31.6,1030300,28.83
"2012-03-28",31.58,31.61,31.03,31.51,1384000,28.74
"2012-03-29",31.21,31.53,31.01,31.46,875000,28.7
"2012-03-30",31.69,31.69,31.24,31.59,1489900,28.82
"2012-04-02",31.34,31.75,31.22,31.6,1092200,28.83
"2012-04-03",31.57,31.92,31.24,31.38,1221000,28.62
"2012-04-04",31.17,31.35,30.96,31.32,747000,28.57
"2012-04-05",31.16,31.75,31.11,31.32,1018400,28.57
"2012-04-09",30.93,31.18,30.86,30.97,1042200,28.25
"2012-04-10",30.83,31.03,30.13,30.13,1316300,27.48
"2012-04-11",30.56,30.62,30.27,30.44,662300,27.77
"2012-04-12",30.46,31.29,30.46,31.22,840000,28.48
"2012-04-13",31.21,31.39,30.91,31.03,1381900,28.31
"2012-04-16",31.11,31.39,30.96,31.15,750100,28.42
"2012-04-17",31.33,31.52,31,31.27,1139000,28.52
"2012-04-18",31.18,31.3,30.99,31.06,751100,28.33
"2012-04-19",31.06,31.48,31,31.43,1203200,28.67
"2012-04-20",31.53,32.14,31.46,31.98,1903800,29.17
"2012-04-23",31.53,31.53,31.09,31.51,1910400,28.74
"2012-04-24",31.62,31.92,31.41,31.56,763600,28.79
"2012-04-25",32.11,32.5,31.84,32.29,1275500,29.46
"2012-04-26",31.63,31.99,31.38,31.76,1598200,28.97
"2012-04-27",31.78,31.82,31.53,31.82,1386100,29.03
"2012-04-30",31.68,32.01,31.4,31.82,1561400,29.03
"2012-05-01",29.35,29.63,28.96,28.99,2052500,26.44
"2012-05-02",28.89,28.98,28.44,28.66,1984400,26.14
"2012-05-03",28.7,28.96,28.52,28.63,1601900,26.12
"2012-05-04",28.53,28.63,28.02,28.29,1228700,25.81
"2012-05-07",27.71,28.46,27.71,28.25,1396200,26
"2012-05-08",28.03,28.15,27.48,27.97,1799800,25.74
"2012-05-09",27.57,27.75,27.26,27.61,1520000,25.41
"2012-05-10",27.82,28.05,27.7,27.86,1472500,25.64
"2012-05-11",27.64,28.08,27.38,27.86,1428700,25.64
"2012-05-14",27.55,27.92,27.32,27.85,1200000,25.63
"2012-05-15",27.84,28.26,27.79,27.9,1817100,25.68
"2012-05-16",28.21,28.31,27.44,27.44,1653300,25.25
"2012-05-17",27.46,27.67,26.98,27.03,1918000,24.88
"2012-05-18",27.19,27.22,26.72,26.83,1075600,24.69
"2012-05-21",26.88,27.85,26.84,27.75,1496000,25.54
"2012-05-22",27.88,27.91,27.2,27.38,1277200,25.2
"2012-05-23",27.1,27.87,27.01,27.83,1983000,25.61
"2012-05-24",27.9,28.13,27.53,27.97,1150400,25.74
"2012-05-25",27.82,28.06,27.65,27.73,819600,25.52
"2012-05-29",27.94,28.27,27.71,28.18,1097700,25.94
"2012-05-30",27.96,27.98,27.45,27.53,1025700,25.34
"2012-05-31",27.53,27.71,26.92,27.5,1344100,25.31
"2012-06-01",26.74,26.88,26.17,26.34,1994500,24.24
"2012-06-04",26.42,26.7,26.15,26.56,1715000,24.44
"2012-06-05",26.45,26.81,26.43,26.74,668800,24.61
"2012-06-06",26.93,27.34,26.93,27.34,930000,25.16
"2012-06-07",27.75,27.8,27.4,27.47,811100,25.28
"2012-06-08",27.42,28,27.23,27.99,732700,25.76
"2012-06-11",28.14,28.17,27.46,27.48,552900,25.29
"2012-06-12",27.61,28.03,27.52,28.03,1008100,25.8
"2012-06-13",27.93,28.13,27.51,27.62,914800,25.42
"2012-06-14",27.71,27.91,27.41,27.86,928000,25.64
"2012-06-15",28.02,28.27,27.89,28.21,1165700,25.96
"2012-06-18",28.06,28.44,27.88,28.39,619500,26.13
"2012-06-19",28.64,28.83,28.45,28.54,1106500,26.27
"2012-06-20",28.49,28.69,28.13,28.37,1091600,26.11
"2012-06-21",28.43,28.48,27.71,27.77,1020500,25.56
"2012-06-22",27.97,28.31,27.57,28.18,1157100,25.94
"2012-06-25",27.88,28.06,27.63,27.95,989100,25.72
"2012-06-26",27.95,28.29,27.95,28.12,1157700,25.88
"2012-06-27",28.12,28.27,27.73,27.89,1002100,25.67
"2012-06-28",27.69,28.05,27.56,27.96,1276600,25.73
"2012-06-29",28.43,29.56,28.43,28.75,1142300,26.46
"2012-07-02",28.76,28.94,28.17,28.5,1098500,26.23
"2012-07-03",28.51,28.84,28.35,28.83,550700,26.53
"2012-07-05",28.7,28.78,28.4,28.65,1264900,26.37
"2012-07-06",28.36,28.42,28.1,28.22,776000,25.97
"2012-07-09",28.11,28.21,27.93,28.09,701100,25.85
"2012-07-10",28.23,28.52,28.02,28.39,1810800,26.13
"2012-07-11",28.4,28.81,28.4,28.56,1148400,26.28
"2012-07-12",28.36,28.63,28.04,28.43,1287400,26.17
"2012-07-13",28.49,28.78,28.41,28.57,1212600,26.29
"2012-07-16",28.55,28.61,28.25,28.43,786000,26.17
"2012-07-17",28.52,28.73,28.31,28.64,1023100,26.36
"2012-07-18",28.54,29.16,28.44,29.06,920300,26.75
"2012-07-19",29.15,29.29,28.97,29.21,823900,26.88
"2012-07-20",28.99,29.16,28.88,29.07,735100,26.75
"2012-07-23",28.6,28.75,28.37,28.6,697500,26.32
"2012-07-24",28.59,28.6,27.73,27.92,1209300,25.7
"2012-07-25",28.47,29.6,28.15,28.27,2107500,26.02
"2012-07-26",28.03,28.67,27.83,28.37,1240800,26.11
"2012-07-27",28.58,28.86,28.45,28.7,1123100,26.41
"2012-07-30",28.56,28.65,28.26,28.34,1138000,26.31
"2012-07-31",28.41,28.64,28.26,28.4,1222100,26.37
"2012-08-01",28.48,28.51,27.78,27.78,1069500,25.79
"2012-08-02",27.51,27.58,26.97,27.29,1135800,25.34
"2012-08-03",27.81,27.98,27.69,27.79,643900,25.8
"2012-08-06",27.83,27.99,27.73,27.74,507200,25.75
"2012-08-07",27.94,28.23,27.82,27.97,527400,25.97
"2012-08-08",27.83,27.98,27.57,27.57,944800,25.6
"2012-08-09",27.54,27.97,27.49,27.89,700900,25.89
"2012-08-10",27.75,28.22,27.63,28.18,835900,26.16
"2012-08-13",28.21,28.48,27.94,28.23,570100,26.21
"2012-08-14",28.37,28.46,28.1,28.19,789300,26.17
"2012-08-15",28.08,28.24,27.92,28.24,638400,26.22
"2012-08-16",28.21,28.76,28.16,28.73,979800,26.67
"2012-08-17",28.82,28.98,28.56,28.76,784300,26.7
"2012-08-20",28.63,28.74,28.5,28.69,716900,26.64
"2012-08-21",28.8,28.87,28.57,28.62,534300,26.57
"2012-08-22",28.56,28.83,28.38,28.83,686800,26.77
"2012-08-23",28.73,28.79,28.51,28.53,573300,26.49
"2012-08-24",28.5,28.83,28.34,28.74,857900,26.68
"2012-08-27",28.77,28.88,28.62,28.67,619000,26.62
"2012-08-28",28.6,28.79,28.57,28.61,443300,26.56
"2012-08-29",28.6,29,28.58,28.89,663100,26.82
"2012-08-30",28.69,28.77,28.43,28.64,699000,26.59
"2012-08-31",28.81,28.97,28.68,28.76,514900,26.7
"2012-09-04",28.74,28.83,28.43,28.71,660600,26.66
"2012-09-05",28.66,28.82,28.41,28.8,607600,26.74
"2012-09-06",28.99,29.32,28.91,29.29,749900,27.19
"2012-09-07",29.37,29.77,29.33,29.63,817700,27.51
"2012-09-10",29.43,29.71,29.33,29.5,709600,27.39
"2012-09-11",29.4,29.76,29.25,29.55,1391500,27.43
"2012-09-12",29.66,29.89,29.48,29.88,1332700,27.74
"2012-09-13",29.82,30.6,29.75,30.46,1625400,28.28
"2012-09-14",30.42,31.04,30.29,30.81,1084700,28.6
"2012-09-17",29.47,30.41,29.42,30.29,939800,28.12
"2012-09-18",30.32,30.63,30.15,30.3,795600,28.13
"2012-09-19",30.3,30.4,30.21,30.3,541700,28.13
"2012-09-20",30.14,30.59,30.03,30.55,856300,28.36
"2012-09-21",30.85,31.12,30.6,30.7,1324000,28.5
"2012-09-24",30.71,30.97,30.66,30.86,654800,28.65
"2012-09-25",30.91,31.09,30.54,30.55,1003000,28.36
"2012-09-26",30.58,30.67,30.3,30.54,727800,28.35
"2012-09-27",30.62,30.79,30.37,30.66,623300,28.47
"2012-09-28",30.52,30.89,30.37,30.6,1133300,28.41
"2012-10-01",30.71,31.17,30.67,30.89,890200,28.68
"2012-10-02",30.97,31.08,30.73,30.88,505000,28.67
"2012-10-03",30.94,31.16,30.87,31.15,509400,28.92
"2012-10-04",31.24,31.34,31.11,31.2,771600,28.97
"2012-10-05",30.89,31.23,30.45,30.45,2059400,28.27
"2012-10-08",30.32,30.47,30.26,30.34,1157600,28.17
"2012-10-09",30.38,30.58,30.14,30.14,842600,27.98
"2012-10-10",30.18,30.28,29.98,30.06,1105600,27.91
"2012-10-11",30.37,30.5,30.07,30.09,797300,27.94
"2012-10-12",30.2,30.25,29.98,30.08,807100,27.93
"2012-10-15",30.07,30.18,29.98,30.15,1366900,27.99
"2012-10-16",30.27,30.58,30.21,30.58,765500,28.39
"2012-10-17",30.66,30.95,30.52,30.67,1023300,28.47
"2012-10-18",30.64,31.03,30.55,30.89,886700,28.68
"2012-10-19",30.69,30.87,30.27,30.37,868000,28.2
"2012-10-22",30.45,30.5,30.1,30.39,697600,28.21
"2012-10-23",30.11,30.38,29.44,29.82,1474500,27.69
"2012-10-24",29.86,29.93,29.47,29.6,1047600,27.48
"2012-10-25",29.77,29.83,29.3,29.59,645000,27.47
"2012-10-26",29.64,29.71,29.35,29.61,671500,27.49
"2012-10-31",29.69,30.08,29.42,29.69,776400,27.56
"2012-11-01",29.63,30.4,29.55,30.38,852200,28.21
"2012-11-02",30.53,30.55,29.91,29.92,611500,27.78
"2012-11-05",29.8,30.11,29.74,30.03,663100,27.88
"2012-11-06",30.08,30.36,29.95,30.26,516200,28.09
"2012-11-07",29.99,30.13,29.72,29.9,985200,27.76
"2012-11-08",29.95,30.01,29.46,29.51,686500,27.4
"2012-11-09",29.43,29.93,29.21,29.52,706500,27.41
"2012-11-12",29.57,29.77,29.52,29.58,651000,27.46
"2012-11-13",29.43,29.73,29.11,29.42,642000,27.31
"2012-11-14",29.45,29.45,28.76,28.87,1063200,26.8
"2012-11-15",28.78,28.92,28.28,28.28,1660300,26.26
"2012-11-16",28.31,28.69,27.93,28.66,2363100,26.61
"2012-11-19",29.04,29.27,28.97,29.27,1507700,27.18
"2012-11-20",29.12,29.12,28.71,28.9,1025700,27.06
"2012-11-21",28.96,29.06,28.9,29.03,470900,27.18
"2012-11-23",29.17,29.46,29.16,29.42,301000,27.55
"2012-11-26",29.44,29.44,29.21,29.38,774400,27.51
"2012-11-27",29.45,30.16,29.39,30.11,1656000,28.2
"2012-11-28",30.07,30.45,29.85,30.45,1128200,28.51
"2012-11-29",30.55,30.82,30.46,30.71,983800,28.76
"2012-11-30",30.72,30.98,30.69,30.91,1279700,28.94
"2012-12-03",31.04,31.1,30.59,30.66,856800,28.71
"2012-12-04",30.7,30.95,30.54,30.55,836900,28.61
"2012-12-05",30.53,30.69,30.11,30.34,867500,28.41
"2012-12-06",30.35,30.56,30.24,30.49,931000,28.55
"2012-12-07",30.54,30.7,30.41,30.69,633700,28.74
"2012-12-10",30.62,31.01,30.52,30.82,759400,28.86
"2012-12-11",30.88,31.04,30.84,30.99,619000,29.02
"2012-12-12",31.03,31.11,30.56,30.65,1007600,28.7
"2012-12-13",30.71,30.75,30.28,30.3,1079100,28.37
"2012-12-14",30.32,30.45,30.22,30.29,847900,28.36
"2012-12-17",30.37,30.81,30.32,30.81,1096300,28.85
"2012-12-18",30.77,31.24,30.59,31.15,794400,29.17
"2012-12-19",31.17,31.3,30.98,31.11,1368200,29.13
"2012-12-20",31.16,31.71,31.09,31.69,756900,29.68
"2012-12-21",31.35,31.55,31.21,31.48,1681400,29.48
"2012-12-24",31.5,31.64,31.19,31.56,411700,29.55
"2012-12-26",31.65,31.78,31.43,31.69,843400,29.68
"2012-12-27",31.66,31.75,31.33,31.68,652400,29.67
"2012-12-28",31.44,31.67,31.26,31.38,733600,29.38
"2012-12-31",31.27,31.93,31.19,31.87,951500,29.84
"2013-01-02",32.24,32.54,32.18,32.52,820000,30.45
"2013-01-03",32.55,32.86,32.44,32.81,1033000,30.72
"2013-01-04",32.85,33.26,32.68,33.21,794100,31.1
"2013-01-07",33.2,33.2,32.89,32.99,896500,30.89
"2013-01-08",33.06,33.13,32.77,32.77,873600,30.69
"2013-01-09",32.88,33.01,32.62,32.8,562700,30.71
"2013-01-10",32.92,32.94,32.38,32.61,1078000,30.54
"2013-01-11",32.76,33.06,32.6,33.06,710300,30.96
"2013-01-14",33.02,33.02,32.45,32.75,968700,30.67
"2013-01-15",32.62,32.87,32.51,32.72,587500,30.64
"2013-01-16",32.59,32.71,32.4,32.42,890500,30.36
"2013-01-17",32.43,32.62,32.42,32.58,1819500,30.51
"2013-01-18",32.68,32.82,32.43,32.49,1319200,30.42
"2013-01-22",32.4,32.56,32.29,32.49,1149200,30.42
"2013-01-23",32.41,32.59,31.96,31.98,1836900,29.95
"2013-01-24",32,32.47,32,32.38,1459800,30.32
"2013-01-25",32.62,33.05,32.47,33.05,1776700,30.95
"2013-01-28",32.99,33,32.5,32.77,1104500,30.69
"2013-01-29",32.56,33.03,32.51,32.93,1130000,30.84
"2013-01-30",32.48,32.48,31.19,31.63,3622500,29.62
"2013-01-31",31.53,31.6,31.21,31.35,2001000,29.36
"2013-02-01",31.5,32.05,31.33,31.98,1335100,29.95
"2013-02-04",31.74,31.85,31.5,31.58,857600,29.57
"2013-02-05",31.63,31.82,31.54,31.7,650300,29.92
"2013-02-06",31.47,31.75,31.4,31.62,672000,29.85
"2013-02-07",31.57,31.63,31.14,31.44,571300,29.68
"2013-02-08",31.45,31.73,31.43,31.72,502500,29.94
"2013-02-11",31.7,31.7,31.43,31.49,465400,29.72
"2013-02-12",31.43,31.62,31.41,31.51,563100,29.74
"2013-02-13",31.52,31.63,31.38,31.62,388200,29.85
"2013-02-14",31.48,31.74,31.42,31.68,597200,29.9
"2013-02-15",33.12,35.8,33.05,35.65,5928000,33.65
"2013-02-19",35.51,35.75,34.85,35.17,2945700,33.2
"2013-02-20",35.06,35.15,34.5,34.51,1561100,32.57
"2013-02-21",34.34,34.83,34.02,34.29,1753200,32.37
"2013-02-22",34.46,35.26,34.43,34.96,1057400,33
"2013-02-25",35.04,35.18,34.34,34.34,869700,32.41
"2013-02-26",34.63,35.1,34.49,34.91,1288400,32.95
"2013-02-27",34.87,35.7,34.74,35.64,1310900,33.64
"2013-02-28",35.55,36.06,35.42,35.71,1233000,33.71
"2013-03-01",35.49,35.84,35.14,35.6,1141800,33.6
"2013-03-04",35.45,35.65,35.2,35.58,763700,33.58
"2013-03-05",35.82,36.06,35.73,35.82,933000,33.81
"2013-03-06",35.9,36.21,35.79,35.91,602400,33.9
"2013-03-07",35.91,36.09,35.78,35.86,537700,33.85
"2013-03-08",35.97,36.48,35.93,36.42,909200,34.38
"2013-03-11",36.48,36.81,36.35,36.76,931000,34.7
"2013-03-12",36.85,36.89,36.56,36.76,1364900,34.7
"2013-03-13",36.81,37.2,36.65,37.18,1389900,35.09
"2013-03-14",37.2,37.71,37.2,37.63,1222700,35.52
"2013-03-15",37.5,37.84,37.47,37.7,1603600,35.58
"2013-03-18",37.27,37.84,37.2,37.68,859100,35.57
"2013-03-19",37.79,38.05,37.47,37.86,933400,35.74
"2013-03-20",38.09,38.39,37.72,38,1354800,35.87
"2013-03-21",37.71,37.93,36.72,36.77,1891000,34.71
"2013-03-22",36.83,36.89,36.5,36.67,1092000,34.61
"2013-03-25",36.31,36.83,35.95,36.34,1184300,34.3
"2013-03-26",35.9,36.52,35.83,36.39,1042200,34.35
"2013-03-27",36.24,36.33,35.79,36.19,658400,34.16
"2013-03-28",36.14,36.46,36.1,36.3,1489100,34.26
"2013-04-01",36.32,36.46,36,36.22,729100,34.19
"2013-04-02",36.5,36.72,36.33,36.53,921500,34.48
"2013-04-03",36.7,36.73,35.81,36.04,1350800,34.02
"2013-04-04",36.18,36.33,35.97,36.13,1289700,34.1
"2013-04-05",35.75,36.11,35.4,36.01,900600,33.99
"2013-04-08",35.98,36.43,35.83,36.42,629900,34.38
"2013-04-09",36.48,36.55,36.11,36.19,934200,34.16
"2013-04-10",36.06,36.49,35.8,36.37,1217100,34.33
"2013-04-11",36.42,36.74,36.11,36.18,1577600,34.15
"2013-04-12",35.85,36.03,35.1,35.77,2129700,33.76
"2013-04-15",35.62,35.62,34.42,34.48,1115300,32.55
"2013-04-16",34.67,35.12,34.61,34.69,1500700,32.74
"2013-04-17",34.52,34.58,33.97,34.4,1185500,32.47
"2013-04-18",34.33,34.47,33.83,34,768600,32.09
"2013-04-19",34.12,34.81,34.09,34.4,908600,32.47
"2013-04-22",34.59,35.1,34.13,34.79,871800,32.84
"2013-04-23",34.9,35.33,34.85,35.05,806700,33.08
"2013-04-24",35.17,35.37,34.98,35.1,1103900,33.13
"2013-04-25",35.33,35.33,34.61,34.7,972000,32.75
"2013-04-26",34.62,34.7,34.1,34.19,1084400,32.27
"2013-04-29",34.38,34.64,34.21,34.54,1316900,32.6
"2013-04-30",34.32,35.46,34.17,34.48,2353500,32.78
"2013-05-01",34.34,34.44,33.47,33.6,1300400,31.95
"2013-05-02",33.59,34.06,33.58,33.86,1181500,32.19
"2013-05-03",34.16,34.66,34.16,34.5,1377800,32.8
"2013-05-06",34.5,34.72,34.36,34.57,1276500,32.87
"2013-05-07",34.55,34.9,34.46,34.74,1259800,33.03
"2013-05-08",34.67,35.08,34.51,35.03,1497300,33.31
"2013-05-09",34.95,35.19,34.89,35.11,1258700,33.38
"2013-05-10",35.05,35.27,34.87,35.24,1051500,33.51
"2013-05-13",35.23,35.62,35.16,35.57,941300,33.82
"2013-05-14",35.51,35.76,35.4,35.74,1202200,33.98
"2013-05-15",35.56,36.26,35.41,36.24,1609800,34.46
"2013-05-16",36.05,36.47,35.77,36.3,2223100,34.51
"2013-05-17",35.97,36.17,35.2,35.77,1813400,34.01
"2013-05-20",35.57,35.77,35.25,35.3,881600,33.56
"2013-05-21",35.38,35.48,35.1,35.29,776400,33.55
"2013-05-22",35.24,35.56,34.61,34.69,1579700,32.98
"2013-05-23",34.34,35.31,34.18,35.28,2007600,33.54
"2013-05-24",35.04,35.22,34.78,35,1547700,33.28
"2013-05-28",35.65,36,35.62,35.69,1234400,33.93
"2013-05-29",35.41,35.62,35.29,35.45,1439700,33.71
"2013-05-30",35.47,35.73,35.31,35.52,1069000,33.77
"2013-05-31",35.28,35.6,34.96,35,1400800,33.28
"2013-06-03",35.09,35.52,34.8,35.5,1280800,33.75
"2013-06-04",35.44,35.6,34.93,35.03,1181200,33.31
"2013-06-05",34.98,34.99,34.62,34.67,1135900,32.96
"2013-06-06",34.7,35.21,34.55,35.19,784800,33.46
"2013-06-07",35.37,35.69,35.22,35.67,572400,33.91
"2013-06-10",35.75,35.84,35.42,35.6,691800,33.85
"2013-06-11",35.27,35.56,35.09,35.46,702800,33.71
"2013-06-12",35.81,35.81,35.08,35.14,762800,33.41
"2013-06-13",35.08,35.79,34.96,35.71,537700,33.95
"2013-06-14",35.66,35.9,35.52,35.72,450200,33.96
"2013-06-17",35.56,35.86,35.1,35.7,1294700,33.94
"2013-06-18",35.73,35.88,35.37,35.41,897500,33.67
"2013-06-19",35.32,35.44,34.95,35,1106000,33.28
"2013-06-20",34.65,35.01,34.45,34.52,1512400,32.82
"2013-06-21",34.86,34.89,34.02,34.65,1703900,32.94
"2013-06-24",34.26,34.41,33.63,33.75,1391100,32.09
"2013-06-25",33.99,34.1,33.51,33.86,1069800,32.19
"2013-06-26",34.08,34.46,33.92,34.26,1372200,32.57
"2013-06-27",34.46,34.67,34.27,34.33,850200,32.64
"2013-06-28",34.23,34.42,34,34.11,988600,32.43
"2013-07-01",34.36,34.86,34.11,34.72,685500,33.01
"2013-07-02",34.61,34.84,34.13,34.27,898200,32.58
"2013-07-03",34.14,34.27,33.95,34.18,556300,32.5
"2013-07-05",34.47,34.56,34.23,34.48,558300,32.78
"2013-07-08",34.64,34.83,34.53,34.66,676900,32.95
"2013-07-09",34.84,35.04,34.74,34.88,652200,33.16
"2013-07-10",34.81,34.82,34.48,34.78,833600,33.07
"2013-07-11",35.1,35.65,35.03,35.63,588700,33.88
"2013-07-12",35.74,36.04,35.52,36.04,838100,34.27
"2013-07-15",35.87,36.28,35.78,36.07,558700,34.29
"2013-07-16",36.09,36.12,35.58,35.85,722300,34.09
"2013-07-17",36.04,36.11,35.82,36.1,623300,34.32
"2013-07-18",36.11,36.62,36.03,36.6,640200,34.8
"2013-07-19",36.61,36.71,36.22,36.64,619500,34.84
"2013-07-22",36.57,36.88,36.4,36.65,404200,34.85
"2013-07-23",36.69,36.72,36.18,36.45,535300,34.66
"2013-07-24",36.48,36.62,35.94,36.28,980900,34.49
"2013-07-25",36.15,36.63,36.15,36.59,602500,34.79
"2013-07-26",36.38,36.63,35.85,36.35,538000,34.56
"2013-07-29",36.26,36.3,35.82,36.17,578100,34.39
"2013-07-30",36.4,36.58,35.85,36.3,726200,34.75
"2013-07-31",36.54,37.41,36.54,36.95,1500700,35.38
"2013-08-01",37.18,37.73,37.16,37.71,527800,36.1
"2013-08-02",37.62,37.71,37.46,37.61,599600,36.01
"2013-08-05",37.47,37.47,37.15,37.37,509900,35.78
"2013-08-06",37.36,37.48,37.06,37.16,483000,35.58
"2013-08-07",37.08,37.24,36.83,37.07,480400,35.49
"2013-08-08",37.25,37.36,36.98,37.02,512300,35.44
"2013-08-09",36.89,37.2,36.78,36.9,412000,35.33
"2013-08-12",36.77,37.17,36.57,37.15,487100,35.57
"2013-08-13",37.2,37.35,37.09,37.15,469100,35.57
"2013-08-14",37.07,37.3,36.94,37.06,386900,35.48
"2013-08-15",36.67,36.74,36.03,36.14,679000,34.6
"2013-08-16",36.01,36.45,35.62,36.37,557400,34.82
"2013-08-19",36.28,36.43,36.13,36.13,331400,34.59
"2013-08-20",36.19,36.37,36.04,36.26,312600,34.72
"2013-08-21",36.15,36.32,36,36.13,414300,34.59
"2013-08-22",36.21,36.35,35.95,36.32,360900,34.77
"2013-08-23",36.34,36.47,35.96,36.33,476900,34.78
"2013-08-26",36.31,36.93,36.09,36.75,735700,35.18
"2013-08-27",36.45,36.45,36.03,36.24,675200,34.7
"2013-08-28",36.15,36.39,36.01,36.27,801000,34.72
"2013-08-29",36.15,36.65,36.04,36.31,724900,34.76
"2013-08-30",36.34,36.39,35.67,35.85,681400,34.32
"2013-09-03",36.29,36.56,36,36.35,865600,34.8
"2013-09-04",36.3,36.82,36.13,36.81,517300,35.24
"2013-09-05",36.77,37.15,36.58,37.1,637700,35.52
"2013-09-06",37.21,37.38,36.66,36.98,429300,35.4
"2013-09-09",37.03,37.91,37.01,37.91,822900,36.29
"2013-09-10",38.22,38.31,37.9,38.06,567300,36.44
"2013-09-11",38.04,38.3,37.8,38.3,565000,36.67
"2013-09-12",38.18,38.26,37.91,38.12,579000,36.5
"2013-09-13",38.31,38.57,37.99,38.56,765200,36.92
"2013-09-16",39.01,39.38,38.4,38.55,1608500,36.91
"2013-09-17",38.51,38.6,37.91,38.27,1278400,36.64
"2013-09-18",38.22,38.86,37.62,38.85,1152600,37.19
"2013-09-19",38.91,39.1,38.72,38.79,474600,37.14
"2013-09-20",38.86,38.9,38.26,38.31,891200,36.68
"2013-09-23",38.13,38.53,37.99,38.46,687300,36.82
"2013-09-24",38.48,38.89,38.43,38.62,953200,36.97
"2013-09-25",38.29,38.72,38.15,38.36,453800,36.73
"2013-09-26",38.43,39.05,38.23,39.03,783300,37.37
"2013-09-27",38.68,38.87,38.41,38.69,950600,37.04
"2013-09-30",38.25,38.56,38.08,38.38,721700,36.74
"2013-10-01",38.42,38.62,38.26,38.47,692900,36.83
"2013-10-02",38.27,38.47,38,38.11,753700,36.49
"2013-10-03",37.97,37.97,37.36,37.46,749400,35.86
"2013-10-04",37.51,37.75,37.42,37.52,688100,35.92
"2013-10-07",37.26,37.78,37.13,37.52,1050700,35.92
"2013-10-08",37.47,37.55,36.87,36.89,631700,35.32
"2013-10-09",36.93,37.02,36.58,36.72,708000,35.16
"2013-10-10",37.21,37.53,36.95,37.51,518500,35.91
"2013-10-11",37.35,37.87,37.18,37.76,404400,36.15
"2013-10-14",37.45,38.06,37.42,38.04,380900,36.42
"2013-10-15",38.08,38.24,37.45,37.52,556900,35.92
"2013-10-16",37.65,37.72,37.42,37.5,762700,35.9
"2013-10-17",37.43,38.56,37.43,38.53,823100,36.89
"2013-10-18",38.73,38.79,38.42,38.68,658500,37.03
"2013-10-21",38.68,38.79,38.11,38.53,375000,36.89
"2013-10-22",38.68,39,38.53,38.87,396600,37.21
"2013-10-23",38.75,38.8,38.41,38.56,591000,36.92
"2013-10-24",38.66,39.14,38.63,39.12,413000,37.45
"2013-10-25",39.29,39.33,38.8,39.31,353400,37.64
"2013-10-28",39.1,39.25,38.73,38.77,1080100,37.12
"2013-10-29",37.38,37.88,34.76,35.13,3402600,33.63
"2013-10-30",35.49,35.99,34.95,35.1,2031700,33.6
"2013-10-31",35.09,35.12,34.7,34.85,1578300,33.37
"2013-11-01",34.98,35.22,34.92,35.13,1414400,33.63
"2013-11-04",35.16,35.35,35.03,35.33,1218700,33.82
"2013-11-05",35.15,35.21,34.08,34.18,1611700,32.72
"2013-11-06",34.23,34.4,33.68,34.09,1621000,32.64
"2013-11-07",34.09,34.15,33.38,33.5,2149200,32.07
"2013-11-08",33.48,34.1,33.4,33.99,1647300,32.54
"2013-11-11",34.03,34.35,33.86,34.25,1056000,32.79
"2013-11-12",34.1,34.16,33.65,34,1162400,32.55
"2013-11-13",33.89,34.09,33.84,33.95,1474700,32.5
"2013-11-14",34.03,34.28,33.92,34.26,1740800,32.8
"2013-11-15",34.45,34.84,34.37,34.78,1412800,33.3
"2013-11-18",34.86,34.87,34.46,34.56,984100,33.09
"2013-11-19",34.57,34.68,34.34,34.43,674100,32.96
"2013-11-20",34.17,34.35,34,34.02,666600,32.81
"2013-11-21",34.09,34.63,34.06,34.56,861800,33.33
"2013-11-22",34.53,35.22,34.37,35.19,1119200,33.94
"2013-11-25",35.19,35.32,34.86,34.95,1140500,33.71
"2013-11-26",34.94,35.22,34.77,35.01,663000,33.76
"2013-11-27",35.18,35.5,34.9,35.42,751500,34.16
"2013-11-29",35.38,35.46,35.11,35.11,350600,33.86
"2013-12-02",35.09,35.56,35.01,35.13,666500,33.88
"2013-12-03",35,35.09,34.79,34.99,1091500,33.74
"2013-12-04",34.82,35.16,34.82,35.03,1006400,33.78
"2013-12-05",34.91,35.34,34.9,35.33,1046800,34.07
"2013-12-06",35.63,35.9,35.55,35.71,869200,34.44
"2013-12-09",35.74,35.94,35.46,35.65,496500,34.38
"2013-12-10",35.46,35.53,35.29,35.34,593200,34.08
"2013-12-11",34.89,35.03,34.65,34.96,1215300,33.72
"2013-12-12",34.85,35.03,34.81,34.96,726600,33.72
"2013-12-13",35.05,35.31,34.96,35.16,667700,33.91
"2013-12-16",35.17,35.67,35.17,35.56,972600,34.29
"2013-12-17",35.67,36.05,35.48,35.95,876000,34.67
"2013-12-18",35.93,36.72,35.93,36.67,1508700,35.36
"2013-12-19",36.6,36.67,36.01,36.16,1094100,34.87
"2013-12-20",36.21,36.39,35.85,35.85,1868300,34.57
"2013-12-23",36.06,36.46,35.93,36.27,971700,34.98
"2013-12-24",36.34,36.75,36.22,36.64,286200,35.34
"2013-12-26",36.67,36.78,36.48,36.68,362000,35.37
"2013-12-27",36.71,36.79,36.6,36.67,349600,35.36
"2013-12-30",36.64,36.74,36.5,36.61,362600,35.31
"2013-12-31",36.69,37.04,36.49,36.93,854300,35.62
"2014-01-02",36.81,37.02,36.51,36.69,706500,35.38
"2014-01-03",36.16,36.51,36.06,36.11,886000,34.82
"2014-01-06",36.12,36.31,35.8,36.03,1205900,34.75
"2014-01-07",36.33,36.71,36.27,36.31,1389600,35.02
"2014-01-08",36.31,36.5,36,36.24,1849200,34.95
"2014-01-09",36.1,36.13,35.29,35.62,2222500,34.35
"2014-01-10",35.72,35.76,35.46,35.61,1403400,34.34
"2014-01-13",35.45,35.63,34.91,35.02,994400,33.77
"2014-01-14",35.16,35.66,34.96,35.66,1151600,34.39
"2014-01-15",37.2,37.85,36.73,37.38,3758900,36.05
"2014-01-16",37.67,37.99,37.49,37.58,1894300,36.24
"2014-01-17",37.54,37.55,37.17,37.32,1132200,35.99
"2014-01-21",37.57,37.67,37.21,37.55,1209500,36.21
"2014-01-22",37.62,37.68,37.29,37.42,698200,36.09
"2014-01-23",37.1,37.23,36.9,36.98,1102300,35.66
"2014-01-24",36.73,36.81,35.72,35.77,1543800,34.5
"2014-01-27",35.73,36.31,35.67,36.2,1433900,34.91
"2014-01-28",36.44,37.1,35.73,35.85,2953500,34.57
"2014-01-29",35.62,36.26,35.12,35.64,2464000,34.37
"2014-01-30",36,36.35,35.75,36.18,2509300,34.89
"2014-01-31",35.75,36.27,35.6,36.07,4386800,34.79
"2014-02-03",36.07,36.22,34.97,35.11,1868300,33.86
"2014-02-04",34.41,34.41,33.75,34.19,2194400,34.19
"2014-02-05",34,34.27,33.59,34.15,1123000,34.15
"2014-02-06",34.19,34.76,34.14,34.48,1059200,34.48
"2014-02-07",34.93,35.14,34.57,34.84,1499900,34.84
"2014-02-10",34.69,35.58,34.69,35.57,2573600,35.57
"2014-02-11",35.65,35.98,35.6,35.84,1557100,35.84
"2014-02-12",35.92,36.3,35.81,36.11,852500,36.11
"2014-02-13",35.81,36.36,35.81,36.23,794500,36.23
"2014-02-14",36.22,36.37,36.07,36.23,872300,36.23
"2014-02-18",36.27,36.37,36.16,36.2,855200,36.2
"2014-02-19",36.03,36.56,35.77,35.81,897300,35.81
"2014-02-20",35.9,36.09,35.57,35.86,1181700,35.86
"2014-02-21",35.91,36.05,35.68,35.7,860900,35.7
"2014-02-24",35.7,36.16,35.62,35.89,1060300,35.89
"2014-02-25",35.84,36.02,35.48,35.63,1116800,35.63
"2014-02-26",35.65,36.3,35.65,36.21,1232200,36.21
"2014-02-27",36.13,36.55,36.05,36.52,1359600,36.52
"2014-02-28",36.51,37.56,36.37,37.43,2292400,37.43
"2014-03-03",37.03,37.75,36.92,37.37,2143100,37.37
"2014-03-04",37.76,37.94,37.39,37.66,1714500,37.66
"2014-03-05",37.6,37.66,37.37,37.6,684100,37.6
"2014-03-06",37.69,37.86,37.52,37.63,803900,37.63
"2014-03-07",37.71,37.96,37.51,37.76,875300,37.76
"2014-03-10",37.66,37.8,37.46,37.56,1260500,37.56
"2014-03-11",37.62,37.7,37.17,37.29,1042500,37.29
"2014-03-12",37.11,37.59,37.03,37.46,1023200,37.46
"2014-03-13",37.56,37.69,36.46,36.5,1841600,36.5
"2014-03-14",36.45,36.71,36.33,36.4,1913500,36.4
"2014-03-17",36.56,36.84,36.47,36.65,831800,36.65
