"","NEE.Open","NEE.High","NEE.Low","NEE.Close","NEE.Volume","NEE.Adjusted"
"2007-01-03",54.42,55.58,54.32,55.1,2522300,42.88
"2007-01-04",54.8,55.3,54.74,55.06,2319500,42.84
"2007-01-05",54.95,55,54.05,54.33,2294200,42.28
"2007-01-08",54.25,54.68,54.01,54.26,1632900,42.22
"2007-01-09",54.15,54.73,53.94,54.31,2386600,42.26
"2007-01-10",54.35,54.52,54.1,54.33,1114800,42.28
"2007-01-11",54.5,54.61,54.1,54.22,2358400,42.19
"2007-01-12",54.2,54.42,53.72,53.85,1852300,41.9
"2007-01-16",54,54.38,53.78,54.15,1597000,42.14
"2007-01-17",54.09,54.6,53.9,54.4,2117500,42.33
"2007-01-18",54.63,54.82,54.42,54.48,1658700,42.39
"2007-01-19",54.75,54.95,54.51,54.73,2056100,42.59
"2007-01-22",54,54.86,54,54.75,2092000,42.6
"2007-01-23",54.6,55.22,54.55,55.21,1308300,42.96
"2007-01-24",55.21,55.54,55.16,55.42,1822700,43.12
"2007-01-25",55.34,55.68,55.25,55.41,1512800,43.12
"2007-01-26",56.08,56.1,55.25,56,3253500,43.58
"2007-01-29",55.6,56.14,55.56,56.13,1884000,43.68
"2007-01-30",56.13,56.3,55.9,56.22,1671600,43.75
"2007-01-31",56.13,56.87,56,56.65,2579800,44.08
"2007-02-01",56.75,57.51,56.67,57.45,2941200,44.7
"2007-02-02",57.47,57.72,57.2,57.65,1634800,44.86
"2007-02-05",57.53,58.68,57.45,58.63,2312100,45.62
"2007-02-06",58.8,59.1,58.7,59.07,2801600,45.96
"2007-02-07",59.05,59.19,58.73,58.89,1810000,45.82
"2007-02-08",58.99,59.54,58.92,59.25,2519300,46.1
"2007-02-09",59.26,59.54,58.8,58.95,1306800,45.87
"2007-02-12",59,59.27,58.62,58.98,954200,45.89
"2007-02-13",59.14,59.45,58.87,59.44,1147400,46.25
"2007-02-14",59.58,59.86,59.42,59.65,1286800,46.42
"2007-02-15",59.55,59.58,58.79,59.05,1502400,45.95
"2007-02-16",58.82,59.24,58.74,59.24,1078000,46.1
"2007-02-20",58.83,59.84,58.83,59.81,823400,46.54
"2007-02-21",59.69,59.73,59.19,59.22,1777900,46.08
"2007-02-22",59.34,59.45,58.67,59.06,1738200,45.96
"2007-02-23",59.07,59.74,58.81,59.64,1148600,46.41
"2007-02-26",61.17,63.07,60.3,61.17,5448900,47.6
"2007-02-27",60.5,60.91,58.54,59.25,2924600,46.1
"2007-02-28",58.54,59.54,58.25,59.1,2610100,46.31
"2007-03-01",58.18,59.73,56.76,59.45,2411900,46.58
"2007-03-02",59.08,59.3,57.85,57.95,2100100,45.41
"2007-03-05",57,57.68,56.5,57.09,2373100,44.73
"2007-03-06",57.3,57.97,57.08,57.86,2645700,45.34
"2007-03-07",57.8,58.25,57.49,57.7,2478800,45.21
"2007-03-08",58.2,58.48,57.8,57.94,1827200,45.4
"2007-03-09",58.18,58.3,57.77,58,1511200,45.45
"2007-03-12",57.98,58.85,57.82,58.8,1393500,46.07
"2007-03-13",58.65,59.22,58.22,58.31,2314100,45.69
"2007-03-14",58.55,58.98,58.01,58.82,2111000,46.09
"2007-03-15",58.68,59.55,58.45,59.18,2150800,46.37
"2007-03-16",59.48,60.05,59,59.6,3835700,46.7
"2007-03-19",59.66,60.25,59.58,59.8,1614700,46.86
"2007-03-20",59.75,60.29,59.4,60.29,1991700,47.24
"2007-03-21",60.2,61,59.68,60.92,2523400,47.73
"2007-03-22",60.11,61.39,60.11,61.1,2492900,47.88
"2007-03-23",61.1,61.71,60.92,61.69,2918100,48.34
"2007-03-26",61.9,62.11,61.6,62.11,2427500,48.67
"2007-03-27",62.12,62.35,61.69,61.74,3323700,48.38
"2007-03-28",61.67,62.11,61.11,61.25,4657800,47.99
"2007-03-29",61.67,61.8,61.2,61.7,2070200,48.35
"2007-03-30",62.14,62.15,60.5,61.17,3163700,47.93
"2007-04-02",61.53,62.69,61.29,62.55,3353600,49.01
"2007-04-03",62.95,62.98,62.33,62.57,2305400,49.03
"2007-04-04",62.63,62.84,61.68,61.75,4052400,48.38
"2007-04-05",61.58,61.81,61.23,61.4,2486300,48.11
"2007-04-09",61.5,61.98,61.43,61.75,2067900,48.38
"2007-04-10",61.71,62.14,61.53,61.87,2281300,48.48
"2007-04-11",62.1,62.15,61.17,61.2,3242400,47.95
"2007-04-12",62.05,62.05,60.58,60.78,3275400,47.62
"2007-04-13",61.63,61.63,60.34,60.47,2078600,47.38
"2007-04-16",60.7,61.62,60.6,61.51,2137000,48.2
"2007-04-17",61.51,62.23,61.51,62.08,3442900,48.64
"2007-04-18",62,62.55,61.81,62.39,3031300,48.89
"2007-04-19",63.23,63.23,61.65,61.67,2245400,48.32
"2007-04-20",62.15,62.32,61.82,62.25,3116700,48.78
"2007-04-23",63.08,63.76,62.5,63.69,3015700,49.9
"2007-04-24",63.93,64.46,63.43,64.32,2156300,50.4
"2007-04-25",64.55,64.97,64.35,64.51,1708800,50.55
"2007-04-26",64.75,64.9,64.29,64.31,1656300,50.39
"2007-04-27",64.26,64.27,63.59,63.9,1385200,50.07
"2007-04-30",64.3,65.76,64.12,64.37,3448300,50.44
"2007-05-01",64.45,64.79,64,64.61,2256400,50.63
"2007-05-02",64.7,64.83,64.3,64.5,2102100,50.54
"2007-05-03",64.51,64.7,63.96,64.32,1470700,50.4
"2007-05-04",64.42,64.51,63.76,63.96,1790500,50.12
"2007-05-07",63.66,64.3,63.6,63.84,1826500,50.02
"2007-05-08",63.78,63.79,63.18,63.56,1845200,49.8
"2007-05-09",63.48,63.83,63.48,63.74,1574400,49.94
"2007-05-10",63.65,64.14,63.5,63.61,2100700,49.84
"2007-05-11",63.7,64.59,63.64,64.59,2926900,50.61
"2007-05-14",64.76,65.82,64.7,65.63,2898200,51.42
"2007-05-15",65.85,66.15,65.34,65.36,1822100,51.21
"2007-05-16",66.2,66.24,65.3,65.6,969300,51.4
"2007-05-17",65.4,65.52,64.88,65.07,1628200,50.99
"2007-05-18",65.2,65.43,64.85,65.07,1615800,50.99
"2007-05-21",65.2,65.6,65.2,65.52,1173400,51.34
"2007-05-22",65.8,66.52,65.73,66.09,1993600,51.79
"2007-05-23",66.08,66.13,64.67,64.73,1825000,50.72
"2007-05-24",65.57,65.61,62.55,62.83,3191100,49.23
"2007-05-25",63.49,63.71,61.81,62.58,2745500,49.03
"2007-05-29",62.63,63.58,62.63,62.85,1420900,49.25
"2007-05-30",62.48,63.8,62.29,63.75,1647100,49.95
"2007-05-31",63.7,64.44,63.37,63.93,2150900,50.09
"2007-06-01",63.88,64.13,63.13,63.34,2643400,49.63
"2007-06-04",63.05,63.45,62.21,62.91,2558300,49.29
"2007-06-05",62.69,62.8,61.27,61.34,3575700,48.06
"2007-06-06",60.5,60.7,58.36,59.93,6313500,47.27
"2007-06-07",59.75,60.1,57.75,57.84,5873100,45.63
"2007-06-08",57.35,58.68,57.1,58.51,3207800,46.15
"2007-06-11",57.68,60.56,57.68,60.38,4791400,47.63
"2007-06-12",60.12,60.25,58.9,59,3797900,46.54
"2007-06-13",59.5,60.35,59.29,60.25,3370000,47.53
"2007-06-14",60.65,60.84,59.83,60.21,2440100,47.5
"2007-06-15",60.99,61.8,60.55,61.3,3725500,48.36
"2007-06-18",61.78,62,60.52,60.61,1617000,47.81
"2007-06-19",60.57,60.84,59.95,60.55,1923300,47.76
"2007-06-20",60.63,60.95,58.88,58.96,2124900,46.51
"2007-06-21",58.98,59.8,58.43,59.3,2035200,46.78
"2007-06-22",59,59.13,57.9,57.98,3105400,45.74
"2007-06-25",57.77,58.74,57.57,57.76,2444300,45.56
"2007-06-26",58,58.37,56.63,56.66,3795500,44.69
"2007-06-27",56.94,57.72,56.18,57.69,3144600,45.51
"2007-06-28",57.76,58.49,57.33,57.35,2540900,45.24
"2007-06-29",57.76,57.78,56.25,56.74,3212800,44.76
"2007-07-02",57.27,57.5,56.94,57.4,2682300,45.28
"2007-07-03",57.55,57.57,56.4,56.81,1636600,44.81
"2007-07-05",56.55,57.21,55.72,56.81,2202400,44.81
"2007-07-06",56.74,57.02,56,56.5,1748900,44.57
"2007-07-09",56.54,56.84,55.94,55.98,2441000,44.16
"2007-07-10",56.2,56.51,55.5,55.54,3119700,43.81
"2007-07-11",55.3,56.07,54.61,55.32,3481900,43.64
"2007-07-12",55.44,56.44,55.25,56.43,2471100,44.51
"2007-07-13",56.73,57.62,56.4,57.46,1340700,45.33
"2007-07-16",58.44,58.75,57.41,57.49,2789900,45.35
"2007-07-17",57.78,58.21,57.53,58,2525500,45.75
"2007-07-18",57.65,58.7,57.5,58.5,3296300,46.15
"2007-07-19",58.7,59.7,58.62,59.55,2049200,46.97
"2007-07-20",59.55,59.8,58.53,58.62,2254300,46.24
"2007-07-23",60.05,60.44,59.73,59.85,2151200,47.21
"2007-07-24",60.62,60.63,57.42,57.5,2147300,45.36
"2007-07-25",56.72,58.54,56.72,58.26,3557100,45.96
"2007-07-26",57.6,57.91,55.8,56.31,3824600,44.42
"2007-07-27",56,56.55,54.88,54.92,2808300,43.32
"2007-07-30",57,57.96,55.86,57.79,4385900,45.59
"2007-07-31",58.99,59.3,57.7,57.73,4299000,45.54
"2007-08-01",57.8,59.48,57.38,59.46,3081800,46.9
"2007-08-02",59.8,60.26,58.81,59.86,3707800,47.22
"2007-08-03",59.86,60.32,56.92,57.11,3949400,45.05
"2007-08-06",57.7,60.82,57.36,60.74,3477500,47.91
"2007-08-07",60,63.65,59.78,62.92,4794300,49.63
"2007-08-08",62.92,64.2,61.06,62.6,4845700,49.38
"2007-08-09",61,62.49,60.63,61.25,5370200,48.32
"2007-08-10",60.85,61.98,60.05,60.2,3647400,47.49
"2007-08-13",60.46,60.82,59.87,60.27,2624600,47.54
"2007-08-14",60.8,61.03,59.25,59.34,2081200,46.81
"2007-08-15",59.18,60.85,58.77,58.97,2713100,46.52
"2007-08-16",58.51,59.64,56.63,59.29,3609800,46.77
"2007-08-17",60.57,60.85,57.95,60,3563800,47.33
"2007-08-20",59.99,60.27,58.75,59.56,1720700,46.98
"2007-08-21",59.1,60.59,59.1,60.13,1565700,47.43
"2007-08-22",60.46,61,59.85,60.75,1466900,47.92
"2007-08-23",60.94,60.96,59.9,60.44,1164700,47.68
"2007-08-24",60.39,60.65,59.75,60,1850700,47.33
"2007-08-27",60,60,57.82,58,2262200,45.75
"2007-08-28",57.7,58.27,57.22,57.26,1416500,45.17
"2007-08-29",57.38,58.79,57.15,58.69,1466500,46.63
"2007-08-30",58.58,59.27,58.01,58.47,1488900,46.46
"2007-08-31",59.25,59.35,58.21,58.84,2227600,46.75
"2007-09-04",58.94,60.76,58.5,60.38,2208000,47.97
"2007-09-05",59.86,60.07,58.77,59.09,2153100,46.95
"2007-09-06",59.04,59.74,58.31,59.6,1990100,47.35
"2007-09-07",59.6,59.79,58.23,58.59,1885600,46.55
"2007-09-10",58.94,59.72,58.52,59.51,1729200,47.28
"2007-09-11",59.65,60.41,59.4,60.23,1365100,47.85
"2007-09-12",60.25,61.34,60.06,60.78,1903400,48.29
"2007-09-13",61.25,61.34,60.73,60.94,1107800,48.42
"2007-09-14",60.72,61.7,60.65,61.39,1332900,48.78
"2007-09-17",61.2,61.3,60.46,61.26,1421800,48.67
"2007-09-18",61.88,63,61.44,62.76,1786900,49.86
"2007-09-19",62.87,63.44,62.5,63.14,2010900,50.17
"2007-09-20",62.97,63.25,62.37,62.63,1010700,49.76
"2007-09-21",63.25,63.49,62.63,63.1,2008300,50.13
"2007-09-24",62.92,63.15,61.87,62.02,1743900,49.28
"2007-09-25",61.7,62.48,61.66,61.91,1457000,49.19
"2007-09-26",62.3,63.05,62.2,62.73,1511400,49.84
"2007-09-27",62.79,62.81,61.77,61.81,1563600,49.11
"2007-09-28",61.86,62.19,60.75,60.88,1576400,48.37
"2007-10-01",60.99,62.3,60.99,62.24,1056600,49.45
"2007-10-02",62.18,62.34,61.81,62.19,794200,49.41
"2007-10-03",62.07,62.41,62,62.26,1065600,49.47
"2007-10-04",62.39,62.7,62.14,62.49,956400,49.65
"2007-10-05",62.88,63.36,62.6,62.83,1195500,49.92
"2007-10-08",62.75,63.33,62.25,62.33,764800,49.52
"2007-10-09",62.7,63.59,62.58,63.52,1509800,50.47
"2007-10-10",63.39,63.64,62.81,63.05,1546000,50.09
"2007-10-11",63.5,63.89,62.62,62.96,2010300,50.02
"2007-10-12",62.89,63.54,62.86,63.54,1848600,50.48
"2007-10-15",63.48,63.55,62.75,63.15,1727800,50.17
"2007-10-16",63.08,63.7,63.01,63.24,2183400,50.25
"2007-10-17",63.65,63.85,62.82,63.24,1633000,50.25
"2007-10-18",63.21,63.5,62.32,62.57,1740000,49.71
"2007-10-19",62.67,62.67,60.6,60.69,2382000,48.22
"2007-10-22",60.3,61.39,60.26,61.22,1675400,48.64
"2007-10-23",61.48,61.8,60.99,61.77,1412700,49.08
"2007-10-24",61.54,61.98,61.2,61.89,1428700,49.17
"2007-10-25",61.87,64.79,61.7,64.52,3107300,51.26
"2007-10-26",64.81,66.63,64.7,66.63,2279200,52.94
"2007-10-29",66.67,67.39,66.15,67.11,2778800,53.32
"2007-10-30",66.95,67.53,66.26,66.97,3037500,53.21
"2007-10-31",67.2,68.48,66.92,68.42,2273100,54.36
"2007-11-01",67.85,68.32,66.33,66.46,2374300,52.8
"2007-11-02",66.67,67.74,66.02,66.59,2562400,52.91
"2007-11-05",65.53,67.74,65.53,67.28,1882000,53.46
"2007-11-06",67.33,67.62,66.29,67.34,1422000,53.5
"2007-11-07",66.45,67.55,66.05,66.05,2147700,52.48
"2007-11-08",66.6,68,66.11,67.72,2514400,53.8
"2007-11-09",66.96,69.46,66.96,68.89,3307900,54.73
"2007-11-12",68.91,70.11,68.24,68.61,3820000,54.51
"2007-11-13",69.33,69.33,66.57,67.59,4361000,53.7
"2007-11-14",67.86,68,66.81,67.17,2388100,53.37
"2007-11-15",66.83,67.7,66.24,67.25,3012400,53.43
"2007-11-16",67.71,68.22,67.1,67.97,2019800,54
"2007-11-19",67.44,67.85,67.06,67.58,2098600,53.69
"2007-11-20",67.55,69.47,67.4,69.15,2159500,54.94
"2007-11-21",68.44,70.12,68.3,68.44,2634700,54.38
"2007-11-23",68.78,69,68,68.49,502100,54.42
"2007-11-26",68.53,69.9,67.77,67.77,2236100,53.84
"2007-11-27",67.99,68.34,67.21,67.94,1783100,53.98
"2007-11-28",68.56,68.9,67.37,68.78,1712500,54.98
"2007-11-29",68.42,69.62,68.02,69.28,2310600,55.38
"2007-11-30",69.97,70.14,69.35,69.76,1990100,55.76
"2007-12-03",69.55,71.62,69.55,71.44,3511500,57.1
"2007-12-04",71,72.58,71,72.13,2632100,57.66
"2007-12-05",70.53,72.77,70.53,72.56,2313600,58
"2007-12-06",72.53,72.53,70.2,70.91,3653600,56.68
"2007-12-07",71.18,71.48,70.51,71.2,1912600,56.91
"2007-12-10",71.26,71.48,70.91,71.23,1770200,56.94
"2007-12-11",71.2,71.72,68.95,69.14,2650000,55.27
"2007-12-12",70.83,71.13,68.55,69.15,2289500,55.27
"2007-12-13",68.74,70.05,68.28,70.02,2039500,55.97
"2007-12-14",70.02,70.12,69.39,69.39,2065000,55.47
"2007-12-17",68.95,69.5,68.65,68.83,1843200,55.02
"2007-12-18",69.19,70.5,69.13,70.06,2057200,56
"2007-12-19",70.21,70.82,69.55,69.56,1603300,55.6
"2007-12-20",69.93,70.32,68.91,69.13,2239000,55.26
"2007-12-21",69.8,70.74,68.12,68.38,5899700,54.66
"2007-12-24",68.26,69,68.26,68.41,709200,54.68
"2007-12-26",68.6,68.95,68.11,68.58,1166400,54.82
"2007-12-27",68.67,68.86,68.28,68.43,1486100,54.7
"2007-12-28",68.36,68.99,68.32,68.62,1274500,54.85
"2007-12-31",68.28,68.8,67.52,67.78,1314500,54.18
"2008-01-02",67.87,68.14,66.25,66.35,1889700,53.04
"2008-01-03",66.69,67.87,66.35,66.97,1579500,53.53
"2008-01-04",66.47,69.4,66.39,68.82,2896800,55.01
"2008-01-07",69.27,73.75,68.89,72.03,6058500,57.58
"2008-01-08",72.24,73.16,71.37,71.55,3184700,57.19
"2008-01-09",71.62,71.72,70.18,71.46,3456200,57.12
"2008-01-10",70.79,72.68,70.79,72.01,3392400,57.56
"2008-01-11",71.28,72.64,71.05,71.26,2506500,56.96
"2008-01-14",71.98,71.98,71.23,71.29,2097000,56.98
"2008-01-15",71,71.83,70.73,71.01,3299400,56.76
"2008-01-16",70.58,71.14,67.77,67.81,4728300,54.2
"2008-01-17",67.51,68.02,65.29,65.32,3154900,52.21
"2008-01-18",65.64,67.19,63.09,63.7,4710000,50.92
"2008-01-22",61.46,62.17,57.21,60.87,5374700,48.66
"2008-01-23",59.21,63.6,59.03,62.81,5963200,50.21
"2008-01-24",63.01,63.22,61.24,61.5,3679600,49.16
"2008-01-25",62,63.14,60.56,61.07,3780400,48.82
"2008-01-28",60.42,62.44,60.42,62.16,3899300,49.69
"2008-01-29",62.78,63.5,62.17,62.59,2605700,50.03
"2008-01-30",62.44,63.99,62.44,62.63,2518500,50.06
"2008-01-31",62.79,65.09,61.19,64.35,3262200,51.44
"2008-02-01",64.63,65.78,64.32,65.33,2361800,52.22
"2008-02-04",65.5,67.34,65.5,66.75,1754000,53.36
"2008-02-05",66.58,66.58,63.76,63.91,2469000,51.09
"2008-02-06",64.22,65.67,63.71,63.99,2497700,51.15
"2008-02-07",63.93,64.08,62.97,63.71,2090000,50.93
"2008-02-08",63.49,63.77,62.81,63.23,1343000,50.54
"2008-02-11",63.08,63.68,62.69,63.51,1612600,50.77
"2008-02-12",63.64,64.75,63.28,64.1,1696300,51.24
"2008-02-13",64.46,65.07,64.03,64.45,1708200,51.52
"2008-02-14",64.6,65.5,63.47,63.71,1481800,50.93
"2008-02-15",63.51,64.76,63.25,64.69,1825800,51.71
"2008-02-19",65.29,65.3,64.07,64.41,1413800,51.49
"2008-02-20",63.98,64.99,63.58,64.77,1897300,51.77
"2008-02-21",64.87,65.5,63.63,63.86,1892100,51.05
"2008-02-22",64.04,64.73,63.46,64.58,1404900,51.62
"2008-02-25",64.58,65.35,64.07,64.76,1383000,51.77
"2008-02-26",64.47,65.19,64.06,64.85,2060600,51.84
"2008-02-27",64.33,64.95,63.91,64.33,2180500,51.78
"2008-02-28",63.86,64.28,62.54,63.13,2321300,50.81
"2008-02-29",63.21,63.21,59.71,60.29,3807000,48.53
"2008-03-03",60,61.35,59.32,61.35,3052200,49.38
"2008-03-04",60.9,62.81,60.55,62.15,2305000,50.02
"2008-03-05",62.43,62.8,61.27,62.17,2839000,50.04
"2008-03-06",62,62.1,60.54,60.54,2228500,48.73
"2008-03-07",60.18,60.63,59.51,60.29,2420600,48.53
"2008-03-10",60.2,60.34,59.02,59.8,1832800,48.13
"2008-03-11",61.01,61.3,60.18,60.88,3424200,49
"2008-03-12",60.83,61.79,60.72,60.72,1874000,48.87
"2008-03-13",60.39,61.71,60.28,61.45,2676700,49.46
"2008-03-14",61.45,62,60.21,61.44,3019500,49.45
"2008-03-17",60.1,62.51,60.1,62.13,4010700,50.01
"2008-03-18",63.19,63.19,61.2,62.16,2852300,50.03
"2008-03-19",62.34,63.31,60.81,60.81,2512400,48.94
"2008-03-20",60.88,61.2,59.59,60.87,3159700,48.99
"2008-03-24",61.85,62.86,61.23,62.41,3396300,50.23
"2008-03-25",62.56,63.27,62.33,62.6,2346700,50.38
"2008-03-26",62.42,63.54,62.24,62.69,1956800,50.46
"2008-03-27",62.95,63.92,62.93,63.27,2226700,50.92
"2008-03-28",63.75,63.95,61.81,61.96,1782400,49.87
"2008-03-31",61.82,63.11,61.48,62.74,2172400,50.5
"2008-04-01",62.94,64.98,62.75,64.89,2190500,52.23
"2008-04-02",64.82,66.5,64.72,65.77,2399300,52.94
"2008-04-03",65.39,66.14,65.29,65.78,2231200,52.94
"2008-04-04",65.75,67,65.52,65.95,1357900,53.08
"2008-04-07",66.55,66.55,65.21,65.76,1112200,52.93
"2008-04-08",65.43,66.38,65.4,66.15,1076300,53.24
"2008-04-09",66.2,66.69,65.64,66,1089500,53.12
"2008-04-10",65.75,65.88,64.65,65.15,1523400,52.44
"2008-04-11",64.56,65.3,64.56,64.84,1054300,52.19
"2008-04-14",64.69,65.07,64.22,64.55,990600,51.95
"2008-04-15",65.09,65.42,64.5,65.06,975500,52.36
"2008-04-16",65.49,67.47,65.17,67.34,1902700,54.2
"2008-04-17",67.26,68.14,67.01,67.3,1082200,54.17
"2008-04-18",68.02,68.02,66.02,66.44,1915600,53.48
"2008-04-21",65.95,66.76,65.95,66.61,1020200,53.61
"2008-04-22",66.62,66.96,65.94,66.37,1018800,53.42
"2008-04-23",66.76,67.76,66.57,67.71,1170000,54.5
"2008-04-24",68.04,68.09,66.67,66.99,1305900,53.92
"2008-04-25",66.78,67.6,66.24,66.63,1095500,53.63
"2008-04-28",66.8,66.99,66.21,66.44,882700,53.48
"2008-04-29",66.02,67.19,66.02,66.92,1331100,53.86
"2008-04-30",67.05,67.66,65.38,66.29,3010300,53.35
"2008-05-01",66.07,67.85,66.07,67.55,1256800,54.37
"2008-05-02",67.88,68.98,67.75,68.45,1267700,55.09
"2008-05-05",68.42,68.42,66.52,67.15,1845400,54.05
"2008-05-06",67.16,67.33,65.88,66.69,1799900,53.68
"2008-05-07",66.23,66.69,64.65,64.87,3129600,52.21
"2008-05-08",64.99,65.63,64.68,65.37,1057100,52.61
"2008-05-09",65.09,65.61,64.52,65.24,1059500,52.51
"2008-05-12",65.18,65.93,64.76,65.7,1222300,52.88
"2008-05-13",65.99,66,64.46,64.72,1309700,52.09
"2008-05-14",64.89,65.74,64.3,64.96,1864300,52.28
"2008-05-15",64.87,64.98,64.1,64.31,2156100,51.76
"2008-05-16",64.5,64.67,63.75,64.37,2321900,51.81
"2008-05-19",64.39,66.15,64.39,65.99,2594100,53.11
"2008-05-20",65.8,66.73,65.43,65.7,2452600,52.88
"2008-05-21",65.7,67.49,65.65,66.03,2169100,53.15
"2008-05-22",66.25,66.91,65.75,66.56,1513900,53.57
"2008-05-23",66.38,67,65.39,65.48,1276300,52.7
"2008-05-27",65.38,66.36,65.38,65.8,1395000,52.96
"2008-05-28",66.1,66.64,65.52,66.15,1253400,53.24
"2008-05-29",66.07,67.84,65.92,67.4,2584500,54.25
"2008-05-30",67.47,68.03,66.95,67.52,1792000,54.34
"2008-06-02",67.39,67.46,65.99,66.47,1862000,53.5
"2008-06-03",66.5,67.24,65.26,65.81,2177400,52.97
"2008-06-04",65.41,65.84,64.8,65.39,2456600,52.99
"2008-06-05",65.3,65.97,64.81,65.97,1568300,53.46
"2008-06-06",65.55,65.99,63.87,64.01,2103000,51.87
"2008-06-09",64.06,64.54,63.84,64.2,1698500,52.02
"2008-06-10",63.63,64.71,63.51,64.56,1322400,52.32
"2008-06-11",64.56,64.98,63.78,64.16,1985300,51.99
"2008-06-12",64.61,65.67,64.61,65.51,2894700,53.09
"2008-06-13",66,67.42,65.69,67.42,2526700,54.63
"2008-06-16",67.64,67.88,66.11,67.16,1848800,54.42
"2008-06-17",67.37,68.16,67.35,67.56,1965100,54.75
"2008-06-18",67.26,68.16,67,67.07,1662400,54.35
"2008-06-19",67,67.51,66.33,67.48,1942100,54.68
"2008-06-20",67.11,67.76,66.12,66.41,2157100,53.81
"2008-06-23",66.56,67.5,66.44,66.88,1344800,54.2
"2008-06-24",66.75,66.94,65.86,66.05,1740500,53.52
"2008-06-25",66.16,66.6,65.63,65.95,2285800,53.44
"2008-06-26",65.35,65.92,63.79,63.82,2278400,51.72
"2008-06-27",63.76,64.43,63,63.52,1612100,51.47
"2008-06-30",63.49,66,63.29,65.58,4145000,53.14
"2008-07-01",64.98,66.35,64.53,65.71,2608300,53.25
"2008-07-02",66.03,66.8,65.38,65.76,1822600,53.29
"2008-07-03",66.18,66.81,64.79,64.85,1580900,52.55
"2008-07-07",65,65.77,64.13,64.66,1730700,52.4
"2008-07-08",64.49,66.25,64.49,66,4202500,53.48
"2008-07-09",66.17,67.49,65.8,67.06,3527400,54.34
"2008-07-10",66.98,68.17,66.62,68.07,2704300,55.16
"2008-07-11",67.6,68.76,67.01,67.91,2401700,55.03
"2008-07-14",68.58,68.58,67.2,67.48,2254900,54.68
"2008-07-15",66.91,67.8,66.25,66.82,3243800,54.15
"2008-07-16",66.77,67.54,65.63,66.19,2974500,53.64
"2008-07-17",65.75,65.97,63.84,64.41,3207300,52.19
"2008-07-18",64.59,65.87,63.89,65.21,2646900,52.84
"2008-07-21",65.34,65.57,64.6,65.42,1663000,53.01
"2008-07-22",65.09,66.58,65.09,65.74,2258400,53.27
"2008-07-23",65.74,65.9,63.49,63.76,2608900,51.67
"2008-07-24",63.89,64.39,62.77,63.2,2791800,51.21
"2008-07-25",63.31,63.78,62.75,63.07,1597300,51.11
"2008-07-28",63.05,64.32,62.71,63.44,2431600,51.41
"2008-07-29",63.61,63.98,63.28,63.75,1836500,51.66
"2008-07-30",63.64,64.49,63.54,64.17,2324700,52
"2008-07-31",64.12,64.68,63.67,64.53,1728400,52.29
"2008-08-01",64.44,64.94,61.2,61.24,2980100,49.63
"2008-08-04",61.31,61.54,59.62,59.64,3499900,48.33
"2008-08-05",60.13,60.63,58.45,59,4163200,47.81
"2008-08-06",59.15,59.21,57.16,57.21,3885800,46.36
"2008-08-07",57.43,60.57,57,59.09,3947300,47.88
"2008-08-08",59.1,60.42,59.02,60.05,1945900,48.66
"2008-08-11",60.6,61.01,59.93,60.69,2290000,49.18
"2008-08-12",60.38,60.57,58.74,59.04,1924300,47.84
"2008-08-13",59.01,60.24,58.9,60.09,1919900,48.69
"2008-08-14",59.76,59.99,59,59.15,1998000,47.93
"2008-08-15",59.37,59.75,59.08,59.73,1877000,48.4
"2008-08-18",59.75,60.43,59.71,60.17,2440500,48.76
"2008-08-19",60.02,60.99,60.02,60.52,2875700,49.04
"2008-08-20",60.55,60.97,60.1,60.8,1587000,49.27
"2008-08-21",60.62,61.34,60.17,61.1,1381800,49.51
"2008-08-22",61.44,61.9,61.19,61.41,1390100,49.76
"2008-08-25",61.33,61.63,60.09,60.52,1047100,49.04
"2008-08-26",60.61,60.99,60.04,60.83,1496000,49.29
"2008-08-27",60.68,60.98,60.25,60.73,1003500,49.57
"2008-08-28",60.97,61.15,60.37,61.15,1010000,49.92
"2008-08-29",60.98,61.35,59.99,60.06,1087100,49.03
"2008-09-02",60.61,60.81,58.67,59,2081800,48.16
"2008-09-03",58.8,59,56.3,56.85,4784900,46.41
"2008-09-04",56.56,57.3,56.09,56.4,2632300,46.04
"2008-09-05",56.25,56.35,54.22,55.06,3768900,44.95
"2008-09-08",55.99,57.01,55.61,55.92,3735700,45.65
"2008-09-09",56.17,56.81,54.13,54.15,3415700,44.2
"2008-09-10",54.42,55,53.66,54.78,2849600,44.72
"2008-09-11",54.78,55.47,53.55,55.43,2139800,45.25
"2008-09-12",55.26,56.27,54.83,55.98,2265100,45.7
"2008-09-15",55.01,55.59,53.4,53.45,3177000,43.63
"2008-09-16",53.3,53.44,51.21,52.97,5560400,43.24
"2008-09-17",52.16,52.36,50,50.02,4656300,40.83
"2008-09-18",50.57,53.3,49.95,52.64,4594300,42.97
"2008-09-19",54.99,57.21,54.6,55.97,5601900,45.69
"2008-09-22",55.98,55.98,53.21,53.6,2399100,43.75
"2008-09-23",53.61,54.46,53,53.25,2280700,43.47
"2008-09-24",53.5,53.91,52.38,53.75,1867300,43.88
"2008-09-25",53.98,55.75,53.98,55.45,2162100,45.26
"2008-09-26",54.73,55.5,54,55.32,1928300,45.16
"2008-09-29",54.78,54.78,49.87,51.61,5793000,42.13
"2008-09-30",52.35,52.35,49.74,50.3,5941500,41.06
"2008-10-01",50.22,51.06,48.82,50.19,4480600,40.97
"2008-10-02",50.27,50.49,48.25,48.34,4782800,39.46
"2008-10-03",49.74,49.89,47.54,48.4,3914500,39.51
"2008-10-06",47.48,48.34,43.93,44.9,4770200,36.65
"2008-10-07",45.25,45.49,43,43.48,5124500,35.49
"2008-10-08",42.64,43.88,40.74,41.25,5767800,33.67
"2008-10-09",42.33,42.75,39.1,39.1,4989000,31.92
"2008-10-10",37.39,39.34,33.81,37.08,7636400,30.27
"2008-10-13",40.35,42.76,38.8,42.25,5981900,34.49
"2008-10-14",47.19,47.52,40.21,42.48,9193000,34.68
"2008-10-15",41.53,41.8,37.29,37.49,9217500,30.6
"2008-10-16",37.43,41.15,36.12,40.57,8209200,33.12
"2008-10-17",39.86,44,38.72,41.82,6409300,34.14
"2008-10-20",42.25,46.57,41.93,46.53,3690600,37.98
"2008-10-21",45.93,46.04,43.17,43.67,2870700,35.65
"2008-10-22",43.17,43.17,40.05,41.28,3939600,33.7
"2008-10-23",41.55,45.45,40.91,44.9,6964600,36.65
"2008-10-24",41.25,44.89,40.76,43.2,5151100,35.26
"2008-10-27",41.93,42.69,40.61,40.68,6132600,33.21
"2008-10-28",41.5,45.49,40.65,45.14,4262000,36.85
"2008-10-29",44.51,47.82,44.51,45.2,4071300,36.9
"2008-10-30",46.5,48.75,45.35,47.3,4278100,38.61
"2008-10-31",47.2,48.14,46.29,47.24,3956700,38.56
"2008-11-03",47.2,47.24,45.19,46.58,2945400,38.02
"2008-11-04",47.2,48.47,45.71,47.33,3368000,38.64
"2008-11-05",46.79,48.08,45.81,45.98,1992200,37.53
"2008-11-06",45.97,46.99,42.95,43.64,3123500,35.62
"2008-11-07",43.4,47.03,43,46.92,2576900,38.3
"2008-11-10",47.92,47.92,44.35,45.49,2700500,37.13
"2008-11-11",44.78,45.3,43,44.38,2731300,36.23
"2008-11-12",43.48,44.22,42.76,43.29,2804000,35.34
"2008-11-13",43.05,48.23,42.56,48.04,4303300,39.22
"2008-11-14",47.55,49.55,45.33,47.3,4584500,38.61
"2008-11-17",46.59,48.4,45.6,45.63,3519300,37.25
"2008-11-18",45.63,46.98,44.58,46.63,3172800,38.06
"2008-11-19",46.51,48,44.6,44.67,3210900,36.46
"2008-11-20",44.08,45.78,42.54,43,5673200,35.1
"2008-11-21",44.26,48.5,42.96,48.37,6622200,39.49
"2008-11-24",48.58,49.73,46.51,48.36,4256600,39.48
"2008-11-25",48.36,49.61,46.88,47.97,3348300,39.52
"2008-11-26",46.98,48.68,46.2,48.46,2317200,39.93
"2008-11-28",48.55,49.42,48.07,48.76,1282400,40.17
"2008-12-01",48.14,48.14,45.27,45.3,2886600,37.32
"2008-12-02",45.91,46.5,44.32,45.79,3758400,37.73
"2008-12-03",44.95,47.04,44.5,46.92,2788600,38.66
"2008-12-04",46.55,47.39,43.88,44.58,2605500,36.73
"2008-12-05",44.07,46.51,43.02,46.35,3475900,38.19
"2008-12-08",47.43,47.43,45.16,45.82,2918700,37.75
"2008-12-09",45.4,46.07,45.06,45.43,2320700,37.43
"2008-12-10",45.95,46.11,44.26,45.33,3545000,37.35
"2008-12-11",44.99,47.04,44.84,45.67,2509100,37.63
"2008-12-12",44.74,46.49,44.2,46.29,2250600,38.14
"2008-12-15",46.31,46.91,44.76,45.37,2342500,37.38
"2008-12-16",45.87,48.15,45.8,47.99,2700000,39.54
"2008-12-17",47.56,47.89,46.45,47.34,2067400,39
"2008-12-18",47.63,50.69,47.39,50.31,6099900,41.45
"2008-12-19",49.95,51.69,49.95,50.39,4490000,41.52
"2008-12-22",50.3,51.87,50.05,50.93,2815600,41.96
"2008-12-23",51.14,51.59,49.52,49.62,1766800,40.88
"2008-12-24",49.65,50.6,49.65,50.16,591900,41.33
"2008-12-26",50.19,50.75,49.79,50.01,709900,41.2
"2008-12-29",49.07,49.6,48.09,49.12,1827100,40.47
"2008-12-30",49.32,49.7,48.75,49.58,2169000,40.85
"2008-12-31",49.7,50.71,49,50.33,2013900,41.47
"2009-01-02",50.26,51.98,50.11,51.66,1822300,42.56
"2009-01-05",51.53,52.63,51.25,51.94,2483000,42.79
"2009-01-06",52.05,53.31,50.82,51.21,2598500,42.19
"2009-01-07",50.77,50.77,49.6,50.65,4558500,41.73
"2009-01-08",50.66,51.2,50.37,51.1,2332000,42.1
"2009-01-09",51.17,51.35,49.8,50.02,2187100,41.21
"2009-01-12",50.15,50.52,49.5,49.72,2244400,40.96
"2009-01-13",49.58,50.1,48.95,49.25,2183800,40.58
"2009-01-14",48.71,49.16,47.1,48.33,2430100,39.82
"2009-01-15",48.18,48.66,47.1,48.44,2418000,39.91
"2009-01-16",49.29,50.2,48.74,49.83,3019500,41.05
"2009-01-20",49.67,50.8,49.15,49.8,3127700,41.03
"2009-01-21",50.62,50.62,47.67,49.01,3881100,40.38
"2009-01-22",48.58,48.96,47.43,48.65,2590700,40.08
"2009-01-23",47.75,48.07,46.75,47.95,2825800,39.51
"2009-01-26",48.15,49.48,48.04,48.94,3331200,40.32
"2009-01-27",49.31,51.62,49.09,50.78,3615100,41.84
"2009-01-28",51.61,52.26,50.56,51.48,2655000,42.41
"2009-01-29",51.06,52.63,50.58,51.17,2058000,42.16
"2009-01-30",51.3,52.25,51.14,51.55,4025000,42.47
"2009-02-02",51.03,51.38,49.75,50.86,3217000,41.9
"2009-02-03",50.9,52.63,50.66,52.2,2859900,43.01
"2009-02-04",52.53,53.99,52.53,52.95,3912500,43.63
"2009-02-05",52.79,53.25,52.14,52.71,3794400,43.43
"2009-02-06",52.89,52.89,51.71,52.36,3331800,43.14
"2009-02-09",52.28,52.66,51.4,52.06,3012400,42.89
"2009-02-10",51.65,52.06,49.81,50.51,3074000,41.61
"2009-02-11",50.63,51,49.86,50.82,2334900,41.87
"2009-02-12",50.5,50.68,49.14,50.62,2414500,41.71
"2009-02-13",50.35,51.44,50.35,50.91,2476300,41.94
"2009-02-17",49.78,49.99,48.63,48.81,2541700,40.21
"2009-02-18",49.05,49.1,48.05,48.4,2385300,39.88
"2009-02-19",48.51,50.33,48.51,49.89,3952500,41.1
"2009-02-20",48.75,49.72,48.34,48.99,4024700,40.36
"2009-02-23",49.03,49.95,47.65,47.87,2691400,39.44
"2009-02-24",48.18,49.25,47.94,49.1,2720000,40.45
"2009-02-25",48.45,48.75,47.4,47.42,4096600,39.45
"2009-02-26",47.81,47.91,45.87,45.97,2469000,38.24
"2009-02-27",45.22,46.05,44.4,45.33,2854500,37.71
"2009-03-02",44.6,46.27,44.11,44.42,3627300,36.95
"2009-03-03",45.1,45.66,43.16,43.3,3325900,36.02
"2009-03-04",43.95,45.25,43.73,44.62,2687600,37.12
"2009-03-05",43.78,44.12,42.5,42.87,2915000,35.66
"2009-03-06",42.84,44.6,41.81,42.82,3251800,35.62
"2009-03-09",42.68,42.84,41.48,41.78,2247000,34.76
"2009-03-10",42.43,43.6,42.12,43.4,2960100,36.1
"2009-03-11",43.87,44.36,43.29,43.76,2469400,36.4
"2009-03-12",43.77,44.83,43.25,44.54,1882700,37.05
"2009-03-13",44.82,45.57,44.82,45.21,1848600,37.61
"2009-03-16",45.66,47.39,45.66,46.65,2021400,38.81
"2009-03-17",46.78,48.19,46.35,48.19,2950500,40.09
"2009-03-18",47.79,49.99,47.13,49.93,3540800,41.54
"2009-03-19",49.89,50.5,49.08,49.91,3126300,41.52
"2009-03-20",49.96,50.79,49.25,49.35,2759000,41.05
"2009-03-23",50.23,50.98,49.51,50.9,2371100,42.34
"2009-03-24",50.42,51.65,50.02,51.1,3305000,42.51
"2009-03-25",51.14,52.23,51,51.72,3226800,43.03
"2009-03-26",52.05,52.25,51.01,51.77,2808500,43.07
"2009-03-27",51.24,51.35,50.11,50.49,2437500,42
"2009-03-30",49.63,50,48.86,49.49,2342500,41.17
"2009-03-31",49.84,51.58,49.47,50.73,3101800,42.2
"2009-04-01",50.19,51.71,50.01,51.17,2924900,42.57
"2009-04-02",51.76,52.25,50.32,51.43,3440400,42.79
"2009-04-03",51.38,53.33,51,52.87,3897800,43.98
"2009-04-06",52.5,52.87,51.25,51.56,2110800,42.89
"2009-04-07",51.01,52.22,50.8,51.76,1997300,43.06
"2009-04-08",51.86,53.19,51.79,52.62,2083400,43.78
"2009-04-09",53.54,53.93,51.5,52.32,2086800,43.53
"2009-04-13",52.24,52.35,50.43,50.58,3072000,42.08
"2009-04-14",50.21,50.67,49.7,50.2,2476400,41.76
"2009-04-15",50.27,50.78,49.89,50.54,1965600,42.04
"2009-04-16",50.89,50.98,49.95,50.63,1941600,42.12
"2009-04-17",51.11,51.25,50.27,50.98,2138300,42.41
"2009-04-20",50.79,51.1,50.22,50.54,1583300,42.04
"2009-04-21",50.19,51.24,50.19,50.9,1776100,42.34
"2009-04-22",50.6,51.03,49.88,50.35,2079300,41.89
"2009-04-23",50.53,50.6,49.71,50.6,1815500,42.09
"2009-04-24",50.96,51.08,50,50.52,1989200,42.03
"2009-04-27",50.08,52.21,50.08,51.28,2348100,42.66
"2009-04-28",54.28,54.75,52.34,54.27,6552200,45.15
"2009-04-29",53.7,54.52,53.41,53.86,3210600,44.81
"2009-04-30",54.22,54.48,53.34,53.79,2384800,44.75
"2009-05-01",54.13,56.08,53.93,56.05,2622100,46.63
"2009-05-04",56.05,57.6,55.69,57.6,3501200,47.92
"2009-05-05",57.28,58,56.9,57.96,2916600,48.22
"2009-05-06",57.9,58.44,56.36,56.81,2971500,47.26
"2009-05-07",57.28,57.44,56.28,56.34,2789100,46.87
"2009-05-08",56.98,58.5,56.34,57.16,3381200,47.55
"2009-05-11",57,57.54,56.39,57.11,2114200,47.51
"2009-05-12",57.28,57.99,56.77,57.86,2163400,48.13
"2009-05-13",57.56,57.56,55.47,55.51,3098200,46.18
"2009-05-14",55.6,55.89,54.4,55.04,3665300,45.79
"2009-05-15",54.69,55.04,53.81,54.44,2644600,45.29
"2009-05-18",54.96,55.4,53.57,54.38,2405800,45.24
"2009-05-19",54.45,56.2,54.45,55.67,2331400,46.31
"2009-05-20",54.15,54.66,53.66,53.92,4833000,44.86
"2009-05-21",53.59,53.59,52.4,53.06,2893700,44.14
"2009-05-22",53.28,54,52.86,53.51,1576200,44.52
"2009-05-26",53.65,55.14,52.96,54.98,2826700,45.74
"2009-05-27",55.1,55.1,54.12,54.35,2106000,45.21
"2009-05-28",54.73,56.05,54.44,55.48,2052500,46.15
"2009-05-29",55.91,56.6,54.78,56.53,2448200,47.03
"2009-06-01",56.99,58.37,56.89,58.2,2486900,48.42
"2009-06-02",58.08,58.53,57.48,57.69,1960700,47.99
"2009-06-03",57.36,57.36,55.27,55.8,3022500,46.8
"2009-06-04",56.02,56.25,55.33,55.58,3063900,46.62
"2009-06-05",56.13,56.33,54.74,55.08,3543300,46.2
"2009-06-08",55.15,55.85,54.54,55.37,1927500,46.44
"2009-06-09",55.65,55.65,54.74,55.05,1520700,46.18
"2009-06-10",55.33,55.65,54.39,55.22,3247600,46.32
"2009-06-11",55.41,57.2,55.18,56.52,2412000,47.41
"2009-06-12",56.33,57.9,55.72,57.39,1827200,48.14
"2009-06-15",57.49,57.9,55.83,56.49,1876400,47.38
"2009-06-16",56.79,57.13,56.37,56.75,2229700,47.6
"2009-06-17",56.78,57.12,56.28,56.71,2354700,47.57
"2009-06-18",56.84,57.9,56.61,57.75,2018800,48.44
"2009-06-19",58.12,58.47,56.84,57.05,2650700,47.85
"2009-06-22",56.75,57.84,56.66,57.19,2356000,47.97
"2009-06-23",57.34,57.57,56.02,56.93,2391600,47.75
"2009-06-24",57.34,59,57,57.45,2717100,48.19
"2009-06-25",57.18,57.72,56.71,57.5,4095700,48.23
"2009-06-26",57.04,57.64,56.37,56.69,3338600,47.55
"2009-06-29",56.92,57.94,56.23,57.62,2323700,48.33
"2009-06-30",57.73,58,55.74,56.86,2657400,47.69
"2009-07-01",57.24,57.5,56.83,56.96,1841700,47.78
"2009-07-02",56.24,56.47,55.3,55.3,1892000,46.38
"2009-07-06",54.88,55.79,54.02,55.71,2433200,46.73
"2009-07-07",55.72,55.76,54.3,54.45,2032600,45.67
"2009-07-08",54.76,55.08,53.72,54.14,1838600,45.41
"2009-07-09",54.27,54.82,53.69,54.47,1722200,45.69
"2009-07-10",54.29,54.55,53.68,54.3,1723800,45.55
"2009-07-13",54.5,55.36,53.66,55.25,1623300,46.34
"2009-07-14",55.21,56.3,55.06,56.26,1895400,47.19
"2009-07-15",56.34,57.44,56.34,57.41,2413800,48.15
"2009-07-16",57.19,57.52,56.55,57.37,1795100,48.12
"2009-07-17",57.05,57.37,56.37,56.82,1823900,47.66
"2009-07-20",57.1,58.15,56.9,58.05,1891900,48.69
"2009-07-21",58.49,58.73,57.76,58.72,2267600,49.25
"2009-07-22",58.34,58.98,58.04,58.46,1986900,49.04
"2009-07-23",58.37,60,58.15,59.84,2282200,50.19
"2009-07-24",59.43,60.61,59.43,60.05,3219300,50.37
"2009-07-27",59.81,60.29,59.55,60.04,2435700,50.36
"2009-07-28",59.59,59.59,55.66,57.09,6676400,47.89
"2009-07-29",56.66,57.28,55.44,57.25,3009700,48.02
"2009-07-30",57.33,57.91,56.81,57.54,2217500,48.26
"2009-07-31",57.35,57.8,56.56,56.67,2828400,47.53
"2009-08-03",56.9,57.14,56.34,57.01,1968200,47.82
"2009-08-04",56.82,57.23,56.16,56.41,2041400,47.32
"2009-08-05",56.41,56.7,55.58,56.47,2498300,47.37
"2009-08-06",56.51,57.2,56.2,56.99,1992500,47.8
"2009-08-07",57.43,57.49,56.61,56.82,1751500,47.66
"2009-08-10",56.72,57.31,56.33,57.24,983400,48.01
"2009-08-11",57.15,57.73,56.76,57.48,1382600,48.21
"2009-08-12",57.49,58.42,57.13,57.87,1629900,48.54
"2009-08-13",57.87,57.87,56.27,57.05,2391500,47.85
"2009-08-14",57.16,57.16,56.28,56.82,1546200,47.66
"2009-08-17",56.19,56.62,56.1,56.42,1683500,47.32
"2009-08-18",56.43,57.01,56.15,56.97,1828200,47.79
"2009-08-19",56.73,57.19,56.5,57.17,2431400,47.95
"2009-08-20",57.08,57.53,56.88,57.34,1950100,48.1
"2009-08-21",57.58,58.3,57.29,58.03,2664800,48.67
"2009-08-24",58.32,58.44,57.7,58.17,1421000,48.79
"2009-08-25",58.45,58.5,57.77,57.82,1997200,48.5
"2009-08-26",57.38,57.49,56.32,56.48,3076000,47.77
"2009-08-27",56.41,56.56,56.01,56.37,2483700,47.67
"2009-08-28",56.77,56.92,55.87,56.4,1874000,47.7
"2009-08-31",56.16,56.39,55.92,56.18,1574700,47.51
"2009-09-01",56.11,56.54,55.56,55.98,2414200,47.34
"2009-09-02",55.75,55.84,55.14,55.47,2240200,46.91
"2009-09-03",55.57,55.94,55,55.42,2226000,46.87
"2009-09-04",55.43,55.65,54.86,55.13,1737700,46.62
"2009-09-08",55.46,55.46,54.4,54.5,3118400,46.09
"2009-09-09",54.6,54.79,53.85,54.06,3196000,45.72
"2009-09-10",54.08,54.31,53.13,54.12,4351500,45.77
"2009-09-11",53.94,54.27,53.37,53.42,3326100,45.18
"2009-09-14",53.31,55,53.3,54.94,3088600,46.46
"2009-09-15",55.06,55.11,54.25,54.37,2680700,45.98
"2009-09-16",54.43,55.68,54,55.15,3925200,46.64
"2009-09-17",55.13,55.61,54.78,54.95,3179400,46.47
"2009-09-18",55.1,55.29,54.64,55.03,3491800,46.54
"2009-09-21",54.85,55.29,54.35,54.97,1769100,46.49
"2009-09-22",55.08,55.25,54.05,54.3,2700900,45.92
"2009-09-23",54.36,54.51,53.73,53.87,3705000,45.56
"2009-09-24",54.08,54.27,53.75,53.94,2556400,45.62
"2009-09-25",54,54.74,53.89,54.39,3532100,46
"2009-09-28",54.45,55.39,54.37,54.96,2341800,46.48
"2009-09-29",55.16,55.35,54.6,55.14,1702900,46.63
"2009-09-30",55.1,55.33,54.81,55.23,3517300,46.71
"2009-10-01",54.94,55.28,53.72,53.75,3409000,45.46
"2009-10-02",53.61,53.61,52.75,53.23,3675000,45.02
"2009-10-05",53.3,53.62,52.54,53.45,3165100,45.2
"2009-10-06",53.72,54.38,53.38,53.89,2650700,45.58
"2009-10-07",53.75,53.86,52.78,52.89,3784100,44.73
"2009-10-08",53.09,53.59,52.84,53,3800700,44.82
"2009-10-09",53.1,53.28,52.91,53.1,2979800,44.91
"2009-10-12",53.46,53.59,53.12,53.3,1980400,45.08
"2009-10-13",53.15,53.27,52.61,53.01,2824500,44.83
"2009-10-14",53,53.41,52.33,52.99,3637200,44.81
"2009-10-15",53.05,53.92,53.05,53.75,3799400,45.46
"2009-10-16",53.72,53.88,53.12,53.5,2512400,45.25
"2009-10-19",53.68,54.98,53.33,54.7,2905500,46.26
"2009-10-20",54.75,54.75,53.29,53.48,3377000,45.23
"2009-10-21",53.68,54.77,53.34,53.9,3649800,45.58
"2009-10-22",53.57,53.9,52.95,53.56,3899500,45.3
"2009-10-23",53.52,53.67,52.5,52.63,2969300,44.51
"2009-10-26",52.8,53.34,51.79,52.13,4575700,44.09
"2009-10-27",51.2,52.07,48.78,50.81,8171300,42.97
"2009-10-28",50.56,50.89,50,50.12,3767800,42.39
"2009-10-29",50.34,50.84,49.87,50.09,4229700,42.36
"2009-10-30",50.4,50.44,49,49.1,4359500,41.52
"2009-11-02",49.3,49.49,48.55,49.04,3358900,41.47
"2009-11-03",48.83,49.37,48.78,49.21,2808700,41.62
"2009-11-04",49.39,50.68,49.39,49.87,3395600,42.18
"2009-11-05",50.24,50.64,49.84,50.23,2276900,42.48
"2009-11-06",50.12,50.15,49.4,49.76,2586000,42.08
"2009-11-09",50.14,50.84,49.83,50.84,1981400,43
"2009-11-10",50.58,50.94,50.41,50.61,1652600,42.8
"2009-11-11",52.01,52.15,51.13,51.27,4079400,43.36
"2009-11-12",51.3,51.6,50.74,50.79,2854100,42.95
"2009-11-13",51.08,51.5,50.5,51.14,1985000,43.25
"2009-11-16",51.69,52.21,51.67,51.99,2199300,43.97
"2009-11-17",52.06,52.16,51.27,51.54,2304600,43.59
"2009-11-18",51.45,51.67,51.09,51.58,2215900,43.62
"2009-11-19",51.5,51.54,50.56,50.86,1770400,43.01
"2009-11-20",50.85,51.17,50.58,51.11,1856900,43.22
"2009-11-23",51.34,52.24,51.34,52.01,2779100,43.99
"2009-11-24",51.82,52.1,51.3,52.1,2598000,44.47
"2009-11-25",52.14,52.65,51.96,52.48,1889200,44.79
"2009-11-27",51.88,52.21,51.35,51.58,992600,44.02
"2009-11-30",51.58,52.18,51.55,51.97,2797900,44.35
"2009-12-01",52.11,53.06,52.11,52.89,2397200,45.14
"2009-12-02",52.89,53.57,52.76,53.32,1853300,45.51
"2009-12-03",53.41,53.77,52.93,53,2742500,45.23
"2009-12-04",53.39,53.77,52.1,52.75,2599900,45.02
"2009-12-07",52.87,53.28,52.7,52.96,1666200,45.2
"2009-12-08",52.86,53.39,52.34,53.29,1992800,45.48
"2009-12-09",53.53,53.77,53.4,53.69,2091000,45.82
"2009-12-10",53.89,55.05,53.87,55.03,3497700,46.97
"2009-12-11",55.18,56.39,54.97,56.25,3510300,48.01
"2009-12-14",56.45,56.57,55.52,55.77,2863100,47.6
"2009-12-15",55.8,55.9,55.15,55.4,1924500,47.28
"2009-12-16",55.52,55.86,54.76,54.86,2303400,46.82
"2009-12-17",54.75,54.91,54.11,54.26,2122500,46.31
"2009-12-18",54.62,54.92,54,54.62,2805000,46.62
"2009-12-21",54.52,55.08,54.43,54.5,1524800,46.51
"2009-12-22",54.5,54.78,53.76,53.82,1716000,45.93
"2009-12-23",53.75,54.01,52.78,52.95,4412900,45.19
"2009-12-24",53,53.35,52.87,52.91,898100,45.16
"2009-12-28",53.02,53.55,52.7,53.42,1449000,45.59
"2009-12-29",53.38,53.72,53.28,53.39,1101500,45.57
"2009-12-30",53.33,53.71,53.17,53.7,1083100,45.83
"2009-12-31",53.78,53.87,52.77,52.82,1269000,45.08
"2010-01-04",53.04,53.74,52.87,53.25,2602200,45.45
"2010-01-05",53.3,53.42,52.26,52.73,2796600,45
"2010-01-06",52.64,53.34,52.63,53.25,3373300,45.45
"2010-01-07",53.19,53.2,52.65,53.1,2442200,45.32
"2010-01-08",52.98,53.18,52.45,52.64,2268600,44.93
"2010-01-11",52.77,53.75,51.9,52.6,6142900,44.89
"2010-01-12",52.2,52.2,51.02,51.32,5625100,43.8
"2010-01-13",51.19,51.75,50.58,51.5,5857800,43.95
"2010-01-14",50.5,50.64,49.65,50.01,8078600,42.68
"2010-01-15",49.71,50.63,49.41,50.55,6041900,43.14
"2010-01-19",50.24,50.9,50.13,50.89,3545300,43.43
"2010-01-20",50.58,50.58,49.38,49.98,3963700,42.66
"2010-01-21",49.93,50.31,48.9,49.03,4666100,41.85
"2010-01-22",49.02,49.11,48.12,48.14,3557500,41.09
"2010-01-25",48.41,48.54,47.68,47.75,5432900,40.75
"2010-01-26",48.5,49.57,48.11,49.22,6315000,42.01
"2010-01-27",49.15,49.77,48.78,49.76,4373600,42.47
"2010-01-28",49.82,49.82,48.87,49.01,3314100,41.83
"2010-01-29",48.99,49.2,48.69,48.76,5815700,41.62
"2010-02-01",48.65,49.29,48.54,49.23,2774100,42.02
"2010-02-02",49.21,49.59,48.7,49.58,2613400,42.31
"2010-02-03",49.3,49.48,49.09,49.4,3764200,42.16
"2010-02-04",49.03,49.13,47.97,48.02,4624900,40.98
"2010-02-05",47.93,48,46.74,47.4,6330000,40.45
"2010-02-08",47.39,49.3,46.87,46.89,2303100,40.02
"2010-02-09",47.18,47.33,46.32,46.46,7402200,39.65
"2010-02-10",46.48,46.48,45.79,45.92,4655300,39.19
"2010-02-11",45.99,46.09,45.47,45.96,4351900,39.23
"2010-02-12",45.61,45.83,45.29,45.57,3253700,38.89
"2010-02-16",45.82,46.39,45.82,46.38,2915600,39.58
"2010-02-17",46.48,46.6,45.7,45.77,2862800,39.06
"2010-02-18",45.85,45.9,45.57,45.74,2949000,39.04
"2010-02-19",45.83,47.08,45.7,46.88,4188600,40.01
"2010-02-22",47.16,47.24,46.75,46.82,3395300,39.96
"2010-02-23",46.81,47.02,46.64,46.8,3712500,39.94
"2010-02-24",47.04,47.29,46.8,47.06,5837100,40.6
"2010-02-25",46.7,46.96,46.25,46.88,3019000,40.44
"2010-02-26",46.99,47.07,46.37,46.37,3332500,40
"2010-03-01",46.96,47.71,46.8,47.38,3510200,40.87
"2010-03-02",47.44,48,47.18,47.19,3018300,40.71
"2010-03-03",47.17,47.46,46.75,46.93,3047400,40.49
"2010-03-04",46.94,47.33,46.78,47.25,2326600,40.76
"2010-03-05",47.46,47.7,47.26,47.65,2341200,41.11
"2010-03-08",47.75,47.85,47.55,47.75,1893400,41.19
"2010-03-09",47.6,47.66,46.93,47.02,2996900,40.56
"2010-03-10",46.98,47.19,46.74,46.97,1984100,40.52
"2010-03-11",46.89,47.44,46.7,47.37,2990400,40.87
"2010-03-12",47.58,47.6,46.95,47.07,2513000,40.61
"2010-03-15",47.14,47.31,46.82,47.31,1521800,40.81
"2010-03-16",47.34,47.92,47.1,47.85,1726500,41.28
"2010-03-17",48.09,48.09,47.84,48.02,2367200,41.43
"2010-03-18",48.07,48.18,47.79,47.97,2880300,41.38
"2010-03-19",48.02,48.56,47.81,48.16,3301700,41.55
"2010-03-22",48.09,48.17,47.65,47.84,2175000,41.27
"2010-03-23",47.87,48.13,47.65,47.82,2260300,41.25
"2010-03-24",47.79,47.89,47.1,47.27,2739300,40.78
"2010-03-25",47.49,47.6,47.11,47.45,2693700,40.93
"2010-03-26",47.61,47.92,47.41,47.81,2710000,41.24
"2010-03-29",47.85,48.59,47.75,48.58,2789600,41.91
"2010-03-30",48.72,48.72,47.53,47.66,4356100,41.12
"2010-03-31",47.6,48.7,47.42,48.33,3788800,41.69
"2010-04-01",48.55,48.94,48.5,48.84,2503400,42.13
"2010-04-05",48.9,49.01,48.58,48.97,2383000,42.25
"2010-04-06",48.7,49.31,48.57,49.19,2108800,42.44
"2010-04-07",49.19,49.21,48.6,49.1,2807200,42.36
"2010-04-08",49.04,49.18,48.58,49.04,3409600,42.31
"2010-04-09",49.1,49.72,48.66,49.71,3473300,42.88
"2010-04-12",49.72,49.9,49.5,49.74,2607700,42.91
"2010-04-13",49.61,49.61,48.95,49.49,3208300,42.69
"2010-04-14",49.34,49.52,48.4,48.6,4300700,41.93
"2010-04-15",48.63,48.9,48.44,48.83,2733100,42.12
"2010-04-16",48.78,49.24,48.14,48.43,2662900,41.78
"2010-04-19",48.32,48.61,48.27,48.41,1987600,41.76
"2010-04-20",48.92,50.05,48.84,50.05,3994100,43.18
"2010-04-21",50,50.5,49.9,50.37,3604400,43.45
"2010-04-22",50.2,50.97,49.9,50.9,4389300,43.91
"2010-04-23",50.84,51.32,50.47,51.3,2992100,44.26
"2010-04-26",51.4,51.42,50.62,51.06,3046700,44.05
"2010-04-27",50.79,51.22,49.99,50.02,3663800,43.15
"2010-04-28",50.18,51.06,49.97,50.75,3589000,43.78
"2010-04-29",50.88,51.1,50.5,50.69,1914100,43.73
"2010-04-30",50.88,52.22,50.84,52.05,4741800,44.9
"2010-05-03",52.28,53.09,51.89,52.66,4232800,45.43
"2010-05-04",52.3,52.3,51.19,51.45,3895700,44.39
"2010-05-05",50.96,51.99,50.7,50.94,4614600,43.95
"2010-05-06",50.77,52,49,51.07,8468000,44.06
"2010-05-07",51,51.97,50.26,51.22,5434500,44.19
"2010-05-10",52.07,53,52.04,52.62,3341500,45.39
"2010-05-11",52.24,53.27,51.99,52.66,3050700,45.43
"2010-05-12",52.75,52.9,52.19,52.87,2295100,45.61
"2010-05-13",52.87,53.5,52.43,52.85,1794800,45.59
"2010-05-14",52.76,53.43,52.41,52.71,2657300,45.47
"2010-05-17",52.78,52.87,51.63,52.62,2331000,45.39
"2010-05-18",52.59,53.1,52.27,52.33,2019600,45.14
"2010-05-19",52.22,52.45,51.5,52.02,2005600,44.88
"2010-05-20",51.42,51.42,50.15,50.15,3258700,43.26
"2010-05-21",49.55,50.59,49.26,50.59,4122300,43.64
"2010-05-24",50.49,51.16,50.13,50.3,2056100,43.39
"2010-05-25",49.59,49.62,48.52,49.53,4649800,42.73
"2010-05-26",49.42,49.7,48.45,48.45,5577300,41.8
"2010-05-27",49.08,49.84,49,49.78,3752100,42.94
"2010-05-28",49.72,50.48,49.71,49.93,2406400,43.07
"2010-06-01",49.46,50.01,48.91,48.94,2779300,42.22
"2010-06-02",49.01,49.93,48.63,49.66,2427600,43.28
"2010-06-03",50.04,50.32,49.67,50.19,1502500,43.75
"2010-06-04",49.82,49.82,48.47,48.63,2104000,42.39
"2010-06-07",48.77,49.56,48.57,49.03,2029300,42.73
"2010-06-08",48.99,49.17,48.59,48.93,4544300,42.65
"2010-06-09",49.08,49.26,48.31,48.4,2455900,42.18
"2010-06-10",49.14,50.3,48.88,50.3,2454200,43.84
"2010-06-11",49.86,50.09,49.49,50,1956400,43.58
"2010-06-14",50.51,50.96,50.15,50.5,1868400,44.02
"2010-06-15",50.9,51.31,50.71,51.31,2030200,44.72
"2010-06-16",50.98,51.99,50.98,51.68,2026600,45.04
"2010-06-17",51.85,52.45,51.25,52.37,2026300,45.65
"2010-06-18",52.35,52.74,52.1,52.51,2254100,45.77
"2010-06-21",52.99,52.99,51.61,51.93,1663200,45.26
"2010-06-22",51.86,51.89,50.54,50.71,1980600,44.2
"2010-06-23",48,51.08,48,50.2,1419800,43.75
"2010-06-24",49.99,50.72,49.48,49.58,1643700,43.21
"2010-06-25",49.81,49.81,49.03,49.22,2519600,42.9
"2010-06-28",49.28,49.45,48.91,49.19,1838800,42.87
"2010-06-29",48.39,48.99,47.96,48.37,2399400,42.16
"2010-06-30",48.55,49.63,48.53,48.76,2951000,42.5
"2010-07-01",49.02,49.02,48.44,48.95,2345200,42.66
"2010-07-02",49.13,49.36,48.83,48.96,1489600,42.67
"2010-07-06",49.42,49.89,48.97,49.4,1143800,43.06
"2010-07-07",49.7,50.83,49.32,50.8,1965700,44.28
"2010-07-08",51,51,50.66,51,1368100,44.45
"2010-07-09",50.93,51.51,50.75,51.43,889800,44.83
"2010-07-12",51.2,51.92,51.16,51.91,907600,45.24
"2010-07-13",52.02,52.44,51.9,52.28,1058300,45.57
"2010-07-14",52,52.37,51.75,52.1,1000300,45.41
"2010-07-15",51.98,52.99,51.72,52.94,1994700,46.14
"2010-07-16",52.8,52.98,52.29,52.61,2452700,45.85
"2010-07-19",52.56,52.93,52.29,52.77,1105100,45.99
"2010-07-20",52.6,52.81,51.98,52.7,1551400,45.93
"2010-07-21",52.51,52.79,51.85,52.12,1594200,45.43
"2010-07-22",52.28,53.11,52.28,52.84,2304900,46.05
"2010-07-23",52.95,53.25,52.12,52.81,1773200,46.03
"2010-07-26",52.62,53.66,52.5,52.83,1159200,46.05
"2010-07-27",52.42,54,52.42,53.8,2298800,46.89
"2010-07-28",53.53,53.69,52.96,53.07,1628000,46.26
"2010-07-29",53.28,53.5,52.34,52.5,2112300,45.76
"2010-07-30",52.42,52.61,52.01,52.3,1453500,45.58
"2010-08-02",52.6,54.01,52.6,54.01,1992300,47.07
"2010-08-03",53.75,54.05,53.5,53.74,1022100,46.84
"2010-08-04",53.85,53.85,52.9,53.6,1148000,46.72
"2010-08-05",53.17,53.27,52.69,53.26,1939900,46.42
"2010-08-06",53.04,53.71,52.65,53.71,952400,46.81
"2010-08-09",53.68,53.86,53.31,53.48,1310200,46.61
"2010-08-10",53.12,53.93,52.95,53.75,1620800,46.85
"2010-08-11",52.97,53.42,52.56,52.68,1380900,45.92
"2010-08-12",52.34,52.41,51.64,52.06,1426600,45.37
"2010-08-13",51.99,52.49,51.73,52.02,1060300,45.34
"2010-08-16",51.77,52.36,51.33,52.16,1264200,45.46
"2010-08-17",52.37,52.97,52.27,52.47,1263600,45.73
"2010-08-18",52.34,52.72,51.92,52.55,1431100,45.8
"2010-08-19",52.19,52.37,51.5,51.84,1284400,45.18
"2010-08-20",51.31,53.44,51.31,53.29,3580900,46.45
"2010-08-23",53.39,54,53.39,53.72,1734600,46.82
"2010-08-24",53.34,55.25,53.29,54.29,6169400,47.32
"2010-08-25",53.19,54.26,52.91,53.27,2409200,46.86
"2010-08-26",53.13,53.5,52.84,53.05,1381600,46.67
"2010-08-27",53.25,53.92,52.92,53.89,1206000,47.41
"2010-08-30",53.6,53.99,53.25,53.26,1218100,46.85
"2010-08-31",53.05,53.83,52.82,53.73,2150600,47.27
"2010-09-01",53.98,54.62,53.5,54.62,1984300,48.05
"2010-09-02",54.75,54.8,54.19,54.64,1179700,48.07
"2010-09-03",54.82,55,54.42,54.64,1198300,48.07
"2010-09-07",54.17,54.65,54.17,54.29,1348900,47.76
"2010-09-08",54.45,54.66,53.75,54.27,1859800,47.74
"2010-09-09",54.71,54.91,54.54,54.61,2048300,48.04
"2010-09-10",54.87,55.2,54.34,55.16,2015700,48.52
"2010-09-13",55.57,55.98,55.25,55.45,2290200,48.78
"2010-09-14",54.94,55.5,54.91,55.02,1176700,48.4
"2010-09-15",53.8,54.1,53.37,53.75,4952600,47.28
"2010-09-16",53.96,53.96,53.45,53.87,1988800,47.39
"2010-09-17",54.1,54.12,53.65,53.76,1754900,47.29
"2010-09-20",53.92,54.51,53.61,54.5,1229400,47.94
"2010-09-21",54.36,54.74,53.93,54.09,1689100,47.58
"2010-09-22",54.22,54.56,54.01,54.31,1881800,47.78
"2010-09-23",54.04,54.19,53.5,53.55,1261600,47.11
"2010-09-24",54.19,55.04,53.95,54.5,2054400,47.94
"2010-09-27",54.6,54.9,54.41,54.67,1205800,48.09
"2010-09-28",54.87,55.08,54.3,55.01,1303300,48.39
"2010-09-29",54.75,54.85,54.23,54.67,1138500,48.09
"2010-09-30",55.14,55.44,54.33,54.39,1920800,47.85
"2010-10-01",54.08,54.51,53.94,54.41,2235500,47.86
"2010-10-04",54.41,54.58,53.73,53.99,1881900,47.49
"2010-10-05",54.19,54.55,53.99,54.4,2461600,47.86
"2010-10-06",54.08,54.9,54.08,54.78,2662900,48.19
"2010-10-07",54.83,55.04,54.75,54.9,1307900,48.3
"2010-10-08",55.06,55.06,54.72,54.92,1110500,48.31
"2010-10-11",54.82,55.03,54.52,54.99,716400,48.37
"2010-10-12",54.92,55.35,54.6,55.24,2298700,48.59
"2010-10-13",55.51,55.7,55.37,55.47,2475100,48.8
"2010-10-14",55.47,55.55,55.08,55.34,2093700,48.68
"2010-10-15",55.67,55.67,54.96,55.32,2014600,48.66
"2010-10-18",55.32,55.85,55.16,55.82,1003700,49.1
"2010-10-19",55.42,55.8,55.32,55.51,1752000,48.83
"2010-10-20",55.74,56.22,55.33,56.03,1469300,49.29
"2010-10-21",56.17,56.26,55.28,55.59,1850500,48.9
"2010-10-22",55.7,55.83,55.18,55.45,1528900,48.78
"2010-10-25",55.81,55.83,54.8,54.85,1859700,48.25
"2010-10-26",54.72,55.25,54.54,55.24,2025800,48.59
"2010-10-27",54.97,54.97,54.06,54.7,2395800,48.12
"2010-10-28",55,55.36,54.58,55.05,2114600,48.43
"2010-10-29",54.24,55.1,53,55.04,4266000,48.42
"2010-11-01",55.23,55.23,53.34,53.92,2657600,47.43
"2010-11-02",54.19,54.48,53.98,54.4,1237200,47.86
"2010-11-03",54.57,54.82,54.05,54.63,1557500,48.06
"2010-11-04",55.1,55.13,54.61,55.01,1552600,48.39
"2010-11-05",54.73,55.04,54.36,54.73,1331200,48.15
"2010-11-08",54.58,54.72,54.33,54.45,1258000,47.9
"2010-11-09",54.47,54.68,54.18,54.43,1427500,47.88
"2010-11-10",54.3,54.35,53.73,54.13,1191900,47.62
"2010-11-11",53.91,54.43,53.74,53.89,1598000,47.41
"2010-11-12",53.83,53.95,53.31,53.63,1536200,47.18
"2010-11-15",53.81,53.84,53.3,53.57,1382800,47.13
"2010-11-16",53.33,53.45,52.32,52.56,2630000,46.24
"2010-11-17",52.7,52.87,52.11,52.21,1933000,45.93
"2010-11-18",52.4,52.77,51.94,52.34,2187900,46.04
"2010-11-19",52.1,52.4,51.82,51.97,1972400,45.72
"2010-11-22",51.72,52.18,51.37,52.09,2060900,45.82
"2010-11-23",51.33,51.33,51,51.17,2623300,45.45
"2010-11-24",51.23,51.63,51.08,51.49,1460700,45.73
"2010-11-26",51.15,51.25,50.7,50.78,1129700,45.1
"2010-11-29",50.7,50.87,50.21,50.7,2070400,45.03
"2010-11-30",50.56,50.82,50,50.62,2337600,44.96
"2010-12-01",51.22,51.33,50.7,50.93,2716500,45.24
"2010-12-02",50.91,51.23,50.61,51.23,1660900,45.5
"2010-12-03",50.98,51.17,50.66,51.1,1989800,45.39
"2010-12-06",51,51.19,50.78,50.91,1554500,45.22
"2010-12-07",51.25,51.4,50.72,50.84,1757500,45.16
"2010-12-08",50.73,50.96,50.25,50.88,2380200,45.19
"2010-12-09",51.08,51.15,50.64,51.08,1868700,45.37
"2010-12-10",51.21,52.45,51.17,52,2404800,46.19
"2010-12-13",52.23,52.46,51.95,52.09,1962700,46.27
"2010-12-14",52.19,52.36,51.2,51.43,3425900,45.68
"2010-12-15",51.45,51.52,50.79,50.84,2641600,45.16
"2010-12-16",50.91,51.25,50.59,51.22,2746200,45.49
"2010-12-17",50.8,51.69,50.77,51.67,3396200,45.89
"2010-12-20",51.6,51.86,51.23,51.53,2081600,45.77
"2010-12-21",51.55,51.78,51.11,51.12,2216800,45.41
"2010-12-22",51.24,52.22,51.01,52.07,2372500,46.25
"2010-12-23",52.05,52.49,52,52.17,1319600,46.34
"2010-12-27",52.02,52.4,51.75,52.15,895300,46.32
"2010-12-28",52.12,52.38,51.84,52.29,832900,46.44
"2010-12-29",52.05,52.38,51.75,52.07,1372800,46.25
"2010-12-30",52.1,52.3,51.88,51.97,876900,46.16
"2010-12-31",51.87,52.3,51.8,51.99,881500,46.18
"2011-01-03",52.18,52.4,51.81,52.23,1515200,46.39
"2011-01-04",52.28,52.94,51.94,52.75,1736000,46.85
"2011-01-05",52.64,52.76,52.1,52.34,2740700,46.49
"2011-01-06",52.33,52.47,51.8,52.11,1789500,46.28
"2011-01-07",52.2,52.26,51.54,52.22,1373900,46.38
"2011-01-10",52.05,53.1,51.83,52.92,2951500,47
"2011-01-11",53.36,53.36,52.59,52.76,1836500,46.86
"2011-01-12",53.1,53.97,53.1,53.63,2120100,47.64
"2011-01-13",53.68,53.92,53.39,53.76,1621100,47.75
"2011-01-14",53.66,54.25,53.42,54.15,1605500,48.1
"2011-01-18",54.21,54.44,54.08,54.3,1293100,48.23
"2011-01-19",54.25,54.5,53.96,54.06,1281600,48.02
"2011-01-20",54.16,54.73,54.06,54.25,2613000,48.19
"2011-01-21",54.46,54.55,54.11,54.42,2527600,48.34
"2011-01-24",54.3,54.63,54.09,54.14,2561300,48.09
"2011-01-25",53.92,54.57,53.44,54.57,3265200,48.47
"2011-01-26",54.59,54.71,53.67,54.21,2161400,48.15
"2011-01-27",54,54.69,53.82,54.41,1446300,48.33
"2011-01-28",54.33,54.68,53.96,54.03,2067200,47.99
"2011-01-31",54.01,54.43,53.45,53.46,2183600,47.48
"2011-02-01",53.79,54.63,53.7,54.53,1718500,48.43
"2011-02-02",54.84,55.44,54.35,54.86,1772600,48.73
"2011-02-03",54.68,55.15,54.24,54.99,2690700,48.84
"2011-02-04",54.82,54.97,54.21,54.74,2066700,48.62
"2011-02-07",54.73,55.25,54.56,55.19,2467800,49.02
"2011-02-08",55.07,55.44,54.93,55.43,1111500,49.23
"2011-02-09",55.19,55.32,54.95,55.24,933600,49.07
"2011-02-10",55.08,55.29,54.87,55.22,1237000,49.05
"2011-02-11",55.13,55.29,54.84,55.06,1189400,48.91
"2011-02-14",54.99,55.05,54.41,54.7,1070300,48.59
"2011-02-15",54.52,54.84,54.3,54.77,1345400,48.65
"2011-02-16",54.77,54.88,53.87,54.36,1747200,48.28
"2011-02-17",54.18,54.64,54.15,54.24,1410600,48.18
"2011-02-18",54.36,54.62,54.16,54.59,1871300,48.49
"2011-02-22",54.12,54.74,54.12,54.65,1817500,48.54
"2011-02-23",53.87,54.83,53.87,54.37,1875700,48.29
"2011-02-24",54.24,54.79,54.18,54.41,1866700,48.33
"2011-02-25",54.42,54.83,54.42,54.69,1137700,48.58
"2011-02-28",54.63,55.55,54.63,55.47,2201400,49.27
"2011-03-01",55.46,55.56,54.13,54.13,3066900,48.08
"2011-03-02",53.62,53.84,53.32,53.8,1984700,48.28
"2011-03-03",54.08,54.75,54.05,54.44,2169100,48.85
"2011-03-04",54.43,54.76,53.89,54.75,2362600,49.13
"2011-03-07",54.76,55,54.35,54.62,1586000,49.01
"2011-03-08",54.72,55.46,54.7,55.3,1523500,49.62
"2011-03-09",55.33,55.81,54.79,55.77,1641400,50.04
"2011-03-10",55.35,55.86,55,55.35,2096200,49.67
"2011-03-11",55.1,55.86,55.1,55.69,2170100,49.97
"2011-03-14",55.2,55.35,54.63,55.08,2444400,49.43
"2011-03-15",55.02,55.02,53.77,53.77,3271800,48.25
"2011-03-16",53.78,53.83,52.04,52.6,3152000,47.2
"2011-03-17",53.12,53.31,52.39,52.82,2036400,47.4
"2011-03-18",53.2,53.6,52.57,52.76,2492600,47.34
"2011-03-21",53.24,54.31,53.17,53.76,1469100,48.24
"2011-03-22",53.91,54.07,53.53,53.89,1375200,48.36
"2011-03-23",53.72,53.92,53.43,53.69,861300,48.18
"2011-03-24",53.99,54.11,53.55,54.02,1852700,48.47
"2011-03-25",54.22,54.3,53.89,54.1,1186600,48.55
"2011-03-28",54.25,54.49,53.76,53.77,1480600,48.25
"2011-03-29",53.83,54.71,53.65,54.68,1341900,49.07
"2011-03-30",54.91,55.06,54.64,54.98,1960100,49.34
"2011-03-31",54.85,55.21,54.77,55.12,1682600,49.46
"2011-04-01",55.25,55.93,55.2,55.93,2169000,50.19
"2011-04-04",55.82,56.19,55.75,56.19,2037100,50.42
"2011-04-05",55.9,56.34,55.84,56.31,1900500,50.53
"2011-04-06",56.37,56.61,56.1,56.57,1580900,50.76
"2011-04-07",56.34,56.41,55.76,56.05,2751400,50.3
"2011-04-08",56.07,56.31,55.51,56,1649300,50.25
"2011-04-11",56.01,56.12,55.06,55.17,2473800,49.51
"2011-04-12",54.99,55.4,54.82,55.12,1941600,49.46
"2011-04-13",55.26,55.56,54.9,54.97,1664800,49.33
"2011-04-14",54.84,55.36,54.59,55.16,1220400,49.5
"2011-04-15",55.36,55.66,55.01,55.12,2761800,49.46
"2011-04-18",54.68,54.97,54.28,54.93,1889400,49.29
"2011-04-19",54.88,55.08,54.71,54.89,1340300,49.25
"2011-04-20",55.32,55.75,55.11,55.68,1306800,49.96
"2011-04-21",55.74,55.81,55.31,55.51,1141200,49.81
"2011-04-25",55.49,55.69,55.32,55.46,903400,49.77
"2011-04-26",55.55,56.09,55.55,56.04,1400000,50.29
"2011-04-27",56.14,56.29,55.71,56.2,1528300,50.43
"2011-04-28",56,57,56,56.83,1785100,51
"2011-04-29",56.56,56.89,56.12,56.57,1763600,50.76
"2011-05-02",56.77,56.95,56.34,56.6,1930500,50.79
"2011-05-03",56.62,57.45,56.46,57.37,2265300,51.48
"2011-05-04",57.29,57.66,56.86,57.43,1990500,51.53
"2011-05-05",57.32,57.41,56.81,57.05,1791200,51.19
"2011-05-06",57.45,57.9,57.04,57.39,1439500,51.5
"2011-05-09",57.31,57.7,56.83,57.65,1242100,51.73
"2011-05-10",57.8,58.57,57.72,58.35,1449100,52.36
"2011-05-11",58.29,58.46,57.81,58.22,1252700,52.24
"2011-05-12",58,58.94,57.95,58.88,1500000,52.84
"2011-05-13",58.89,58.96,58.24,58.64,1418000,52.62
"2011-05-16",58.43,58.98,57.98,58.07,1986000,52.11
"2011-05-17",57.97,58.7,57.9,58.6,1580500,52.58
"2011-05-18",58.62,58.62,58.2,58.5,1534300,52.49
"2011-05-19",58.76,58.84,58.2,58.39,1758500,52.4
"2011-05-20",58.49,58.51,57.68,57.78,2342600,51.85
"2011-05-23",57.41,57.9,57.19,57.59,1745100,51.68
"2011-05-24",57.59,57.72,57.28,57.38,1486100,51.49
"2011-05-25",57.01,57.36,56.53,57.01,1970000,51.16
"2011-05-26",56.81,57.2,56.49,57.1,1406500,51.24
"2011-05-27",57.3,57.48,57.1,57.35,1145300,51.46
"2011-05-31",57.63,57.96,57.62,57.95,1818600,52
"2011-06-01",57.46,57.5,56.73,56.76,1669600,51.42
"2011-06-02",56.76,56.76,55.92,56.21,1455700,50.92
"2011-06-03",54.38,55.77,54.16,55.68,3365000,50.44
"2011-06-06",55.43,55.8,55.13,55.41,1957900,50.2
"2011-06-07",55.56,56.09,55.4,55.41,1937400,50.2
"2011-06-08",55.37,55.71,55.27,55.5,1442400,50.28
"2011-06-09",55.66,55.94,55.46,55.63,1099900,50.4
"2011-06-10",55.6,56.02,55.34,55.49,2507200,50.27
"2011-06-13",55.9,56.03,55.34,55.9,1310200,50.64
"2011-06-14",56.29,56.36,55.69,55.89,1429100,50.63
"2011-06-15",55.67,56.24,55.25,55.47,1648100,50.25
"2011-06-16",55.61,56.29,55.6,56.15,1922600,50.87
"2011-06-17",56.54,57,56.5,56.63,1928500,51.3
"2011-06-20",56.57,57.06,56.13,57.05,1581400,51.68
"2011-06-21",57.21,57.26,56.7,56.97,1346200,51.61
"2011-06-22",56.83,56.97,56.4,56.72,1756400,51.38
"2011-06-23",56.31,56.55,55.81,56.38,1493100,51.08
"2011-06-24",56.51,57,56.28,56.61,1831200,51.28
"2011-06-27",56.64,57.04,56.64,56.98,1480000,51.62
"2011-06-28",57.05,57.24,56.71,57.09,1013200,51.72
"2011-06-29",57.26,57.38,56.96,57.23,1502800,51.85
"2011-06-30",57.38,57.47,56.87,57.46,1656500,52.05
"2011-07-01",57.47,58.25,57.38,58.18,1401800,52.71
"2011-07-05",57.97,58.08,57.48,57.69,1450800,52.26
"2011-07-06",57.7,58.02,57.43,57.76,1198700,52.33
"2011-07-07",58.15,58.15,57.63,58.05,1282700,52.59
"2011-07-08",57.65,57.85,57.39,57.7,1020300,52.27
"2011-07-11",57.2,57.33,56.83,57.16,1232200,51.78
"2011-07-12",56.98,57.66,56.85,57.29,1574300,51.9
"2011-07-13",57.47,57.65,57.13,57.2,1640100,51.82
"2011-07-14",57.25,57.55,56.91,56.99,1480700,51.63
"2011-07-15",57.08,57.12,56.59,56.8,2042700,51.46
"2011-07-18",56.62,56.78,56.11,56.36,1286700,51.06
"2011-07-19",56.46,56.91,56.05,56.77,1297500,51.43
"2011-07-20",56.79,57.19,56.48,56.94,1221700,51.58
"2011-07-21",57.23,58.1,57.23,57.89,1297300,52.44
"2011-07-22",57.92,58,57.35,57.46,975000,52.05
"2011-07-25",57.04,57.84,57.04,57.54,1022800,52.13
"2011-07-26",57.53,57.8,57.28,57.36,1816600,51.96
"2011-07-27",57.28,57.35,56.37,56.65,2489700,51.32
"2011-07-28",56.35,57.02,56.16,56.24,1836000,50.95
"2011-07-29",56.08,56.08,55.16,55.25,2494300,50.05
"2011-08-01",55.55,55.8,54.92,55.41,1684300,50.2
"2011-08-02",55.11,55.3,54.24,54.24,1801900,49.14
"2011-08-03",54.31,54.42,53.12,54.03,3355500,48.95
"2011-08-04",53.62,54.06,52.47,52.49,3254900,47.55
"2011-08-05",52.89,53.21,51.87,52.81,4351000,47.84
"2011-08-08",51.93,52.59,50,50.17,3523600,45.45
"2011-08-09",50.75,52.03,49,51.94,4464600,47.05
"2011-08-10",51.27,51.77,50,50.19,4090200,45.47
"2011-08-11",50.33,52.98,50.19,52.45,7032500,47.52
"2011-08-12",52.82,53.43,52.39,52.69,6726800,47.73
"2011-08-15",52.96,54.89,52.85,54.74,6138800,49.59
"2011-08-16",54.35,54.94,53.82,54.69,1783700,49.55
"2011-08-17",55.02,55.72,54.88,55.05,1898200,49.87
"2011-08-18",54.18,54.71,53.45,54.59,3680200,49.45
"2011-08-19",54.21,54.7,53.95,54.29,2481200,49.18
"2011-08-22",55.11,55.11,54,54.13,2282600,49.04
"2011-08-23",54.41,55.12,53.9,55.12,2300200,49.93
"2011-08-24",54.52,56.12,54.44,56.04,2217600,51.28
"2011-08-25",56.16,56.16,54.82,55.21,1850700,50.52
"2011-08-26",54.91,55.51,53.7,55.41,1696200,50.7
"2011-08-29",55.94,56.32,55.69,56.29,1224100,51.51
"2011-08-30",56.1,56.68,55.96,56.44,1515400,51.65
"2011-08-31",56.58,56.82,56.33,56.72,2145000,51.9
"2011-09-01",56.83,57.04,56.46,56.72,2628100,51.9
"2011-09-02",55.88,56.09,55.59,55.63,2013800,50.9
"2011-09-06",54.8,55.13,54,55.05,1818500,50.37
"2011-09-07",55.8,55.8,54.42,55,3074000,50.33
"2011-09-08",54.21,55.13,54.2,54.66,2575600,50.02
"2011-09-09",54.14,54.29,53.3,53.6,2814400,49.05
"2011-09-12",53.16,54.13,53.05,54.12,2062400,49.52
"2011-09-13",54.06,54.14,53.29,53.59,3191900,49.04
"2011-09-14",53.53,54.33,53.05,53.85,2466600,49.28
"2011-09-15",54.25,54.71,53.98,54.34,2708400,49.72
"2011-09-16",54.58,55.43,54.42,55.28,2972800,50.58
"2011-09-19",54.68,54.96,54.55,54.75,1474800,50.1
"2011-09-20",55,56.35,54.89,55.67,2494300,50.94
"2011-09-21",55.79,56.26,54.79,54.81,2261800,50.15
"2011-09-22",53.88,54.44,52.9,53.35,3690000,48.82
"2011-09-23",53.36,54.49,53.26,53.81,2691100,49.24
"2011-09-26",54.32,54.46,53.85,54.38,2117100,49.76
"2011-09-27",55.42,55.64,54.35,54.56,2614100,49.93
"2011-09-28",54.71,54.99,53.73,53.84,2157300,49.27
"2011-09-29",54.45,54.69,53.98,54.52,2864100,49.89
"2011-09-30",54.11,54.75,54,54.02,2441500,49.43
"2011-10-03",53.89,54.58,52.85,52.87,2217200,48.38
"2011-10-04",52.34,53.03,51.33,53.01,2900000,48.51
"2011-10-05",53.16,53.38,52.53,53.02,2422700,48.52
"2011-10-06",52.9,53.79,52.79,53.76,1475200,49.19
"2011-10-07",54.01,54.56,53.62,54.2,2837700,49.6
"2011-10-10",54.86,55.12,54.42,55.1,1722800,50.42
"2011-10-11",54.95,55.01,54.39,54.77,1200400,50.12
"2011-10-12",54.84,55.1,54.38,54.68,1792300,50.04
"2011-10-13",54.47,54.76,54.06,54.59,1427200,49.95
"2011-10-14",54.87,55.17,54.61,54.86,1966000,50.2
"2011-10-17",54.85,55.12,54.52,54.69,1927300,50.04
"2011-10-18",54.77,55.24,54.2,54.83,1953800,50.17
"2011-10-19",54.93,55.55,54.68,54.75,1823900,50.1
"2011-10-20",54.87,55.26,54.69,55.08,1541700,50.4
"2011-10-21",55.52,55.95,55.41,55.87,2034900,51.12
"2011-10-24",55.9,56.15,55.54,55.84,1517800,51.1
"2011-10-25",55.55,55.9,55.12,55.2,1627600,50.51
"2011-10-26",55.84,56.32,55.38,56.03,2340500,51.27
"2011-10-27",57.47,58.09,56.96,57.8,3013900,52.89
"2011-10-28",57.72,57.85,56.94,57.04,2755700,52.2
"2011-10-31",56.53,57.06,56.4,56.4,2465800,51.61
"2011-11-01",55.53,56.06,55.19,55.35,2568300,50.65
"2011-11-02",56.09,56.74,56.03,56.2,1939600,51.43
"2011-11-03",56.6,57.67,56.41,57.61,2754000,52.72
"2011-11-04",55.55,56.9,55.55,56.44,3605000,51.65
"2011-11-07",55.65,56.67,55.43,56.03,3000600,51.27
"2011-11-08",56.02,56.46,55.79,56.45,1670700,51.66
"2011-11-09",55.76,55.76,54.72,54.88,2540500,50.22
"2011-11-10",55.48,55.59,55,55.29,1553500,50.59
"2011-11-11",55.66,56.21,55.66,55.82,1775800,51.08
"2011-11-14",55.9,55.9,55.06,55.27,1275100,50.58
"2011-11-15",55.3,55.87,55.01,55.65,3559100,50.92
"2011-11-16",55.24,56.22,55.12,55.6,2528800,50.88
"2011-11-17",55.46,55.95,54.97,55.38,2186400,50.68
"2011-11-18",55.53,55.81,55.17,55.53,1856500,50.81
"2011-11-21",55.16,55.28,54.45,54.7,2270900,50.05
"2011-11-22",54.02,54.24,53.13,53.46,2040400,49.42
"2011-11-23",53.15,53.29,52.37,52.38,2266700,48.42
"2011-11-25",52.35,52.93,52.32,52.57,989400,48.59
"2011-11-28",53.62,53.96,53.28,53.55,1994700,49.5
"2011-11-29",53.83,54.59,53.72,54.4,1569200,50.29
"2011-11-30",55.35,55.65,54.93,55.44,3092800,51.25
"2011-12-01",55.44,55.97,55.34,55.58,1329100,51.38
"2011-12-02",56,56.37,55.65,55.76,2488800,51.54
"2011-12-05",56.55,56.98,56.09,56.51,2219200,52.24
"2011-12-06",56.65,57.2,56.4,56.78,1876100,52.48
"2011-12-07",56.59,57.27,56.48,57.08,1829300,52.76
"2011-12-08",56.77,57.25,56.51,56.62,2152600,52.34
"2011-12-09",56.92,57.58,56.73,57.48,1829700,53.13
"2011-12-12",57.37,57.53,56.6,56.99,1756000,52.68
"2011-12-13",57.29,57.98,57.05,57.38,1825200,53.04
"2011-12-14",57.21,57.5,56.95,57.17,1931600,52.85
"2011-12-15",57.82,58.08,57.42,57.91,2147900,53.53
"2011-12-16",58.22,58.25,57.56,57.87,3967900,53.49
"2011-12-19",57.71,58.01,57.3,57.55,1974700,53.2
"2011-12-20",58.08,58.94,57.98,58.74,2642700,54.3
"2011-12-21",58.88,59.92,58.86,59.68,2937300,55.17
"2011-12-22",59.74,59.91,59.48,59.72,2630900,55.2
"2011-12-23",59.68,60.34,59.68,60.25,1848300,55.69
"2011-12-27",60.26,60.87,60.21,60.77,1478900,56.17
"2011-12-28",60.71,60.97,60.6,60.67,1471200,56.08
"2011-12-29",60.95,61.14,60.61,61.08,1212300,56.46
"2011-12-30",61.15,61.2,60.77,60.88,1229300,56.27
"2012-01-03",61.16,61.16,58.7,58.95,4812600,54.49
"2012-01-04",58.87,59.07,58.69,58.8,2919900,54.35
"2012-01-05",59.09,59.67,58.57,59.55,3407000,55.05
"2012-01-06",59.47,59.52,58.9,58.92,4548400,54.46
"2012-01-09",59.15,59.25,58.57,58.99,2339300,54.53
"2012-01-10",59.15,59.49,58.92,59.25,1899600,54.77
"2012-01-11",59.08,59.36,58.8,59.21,1769600,54.73
"2012-01-12",59.42,59.55,58.96,59.39,1940600,54.9
"2012-01-13",59.04,59.4,58.83,59.12,2066100,54.65
"2012-01-17",59.69,59.87,59,59.15,1903100,54.68
"2012-01-18",59.1,59.6,59.07,59.5,1768700,55
"2012-01-19",59.68,59.68,58.75,58.79,2307300,54.34
"2012-01-20",58.77,59.31,58.77,59.31,2419500,54.82
"2012-01-23",59.23,59.75,59.18,59.36,2115000,54.87
"2012-01-24",59.35,59.37,58.82,59.19,1488600,54.71
"2012-01-25",58.99,60.13,58.71,60.05,2486000,55.51
"2012-01-26",60.1,60.24,59.38,59.67,2973200,55.16
"2012-01-27",59.4,60.04,59.08,59.92,2650500,55.39
"2012-01-30",59.7,60.37,59.37,59.93,2705400,55.4
"2012-01-31",59.97,60.04,59.55,59.85,2184200,55.32
"2012-02-01",60.16,60.36,59.88,59.95,2165600,55.42
"2012-02-02",60.1,60.49,59.87,60.11,2011900,55.56
"2012-02-03",60.47,60.6,59.86,60.21,1849800,55.66
"2012-02-06",60.05,60.31,59.82,59.97,1318600,55.43
"2012-02-07",59.85,60.45,59.59,60.18,1762500,55.63
"2012-02-08",60.08,60.42,59.85,60.35,1681600,55.78
"2012-02-09",60.31,60.42,59.95,60.29,1613800,55.73
"2012-02-10",60.03,60.45,60.03,60.36,1349400,55.79
"2012-02-13",60.5,60.5,59.81,60.04,1803700,55.5
"2012-02-14",59.88,60.38,59.77,60.38,1345100,55.81
"2012-02-15",60.52,60.58,59.67,59.97,1886200,55.43
"2012-02-16",60.14,60.76,59.98,60.43,2067500,55.86
"2012-02-17",60.5,60.72,60.11,60.22,1886900,55.66
"2012-02-21",60.42,60.56,60.21,60.41,1996300,55.84
"2012-02-22",60.5,60.7,60.03,60.18,1300300,55.63
"2012-02-23",60.18,60.38,59.76,60.21,5975700,55.66
"2012-02-24",60.4,60.89,60.15,60.77,6440900,56.17
"2012-02-27",60.66,61,60.45,60.82,10245000,56.22
"2012-02-28",60.96,60.97,60.41,60.48,1503500,55.91
"2012-02-29",60.04,60.11,59.1,59.51,2452600,55.56
"2012-03-01",59.55,60.06,59.53,59.81,2006700,55.84
"2012-03-02",59.77,59.96,59.52,59.8,1519000,55.83
"2012-03-05",59.66,59.99,59.5,59.84,1311700,55.87
"2012-03-06",59.58,59.69,59.25,59.53,1199500,55.58
"2012-03-07",59.55,59.81,59.19,59.75,1298200,55.78
"2012-03-08",60,60.01,59.65,59.76,1407700,55.79
"2012-03-09",59.88,60.3,59.64,60.01,1762300,56.03
"2012-03-12",60.04,60.9,60.02,60.77,1714300,56.74
"2012-03-13",60.83,60.97,60.52,60.91,1841100,56.87
"2012-03-14",60.85,61.03,59.99,60.06,1878200,56.07
"2012-03-15",60.13,60.35,59.7,60.25,2101400,56.25
"2012-03-16",60.19,60.28,59.91,60.16,2738400,56.17
"2012-03-19",60,60.65,59.88,60.03,1869700,56.05
"2012-03-20",59.89,60.51,59.89,60.2,1083500,56.2
"2012-03-21",60.52,60.61,60.15,60.31,1043800,56.31
"2012-03-22",60.06,60.34,59.94,60.29,1373800,56.29
"2012-03-23",60.25,60.57,60.23,60.4,1216400,56.39
"2012-03-26",60.75,61.01,60.59,60.93,1136800,56.89
"2012-03-27",60.93,61.21,60.82,60.96,1129300,56.91
"2012-03-28",60.92,61.06,60.27,60.45,1225100,56.44
"2012-03-29",60.26,60.63,59.88,60.6,1063500,56.58
"2012-03-30",60.85,61.09,60.55,61.08,1650600,57.03
"2012-04-02",61.2,62.1,61.2,61.83,2127500,57.73
"2012-04-03",61.91,62.06,61.69,61.96,1425700,57.85
"2012-04-04",61.79,62.59,61.76,62.44,2184400,58.3
"2012-04-05",62.27,62.95,62.16,62.88,2979800,58.71
"2012-04-09",62.33,62.75,62.32,62.63,1825900,58.47
"2012-04-10",62.4,62.7,61.86,62.25,2224300,58.12
"2012-04-11",62.55,62.7,62.16,62.4,2179400,58.26
"2012-04-12",62.37,62.52,61.97,62.52,1866800,58.37
"2012-04-13",62.48,62.77,62.05,62.08,3935400,57.96
"2012-04-16",62.19,62.88,62.11,62.72,1436000,58.56
"2012-04-17",62.93,63.12,62.31,63.02,1287800,58.84
"2012-04-18",62.77,63.06,62.31,62.8,1652200,58.63
"2012-04-19",62.7,62.99,62.34,62.72,1608900,58.56
"2012-04-20",62.78,63.63,62.55,63.46,1772300,59.25
"2012-04-23",63.22,63.49,63.15,63.34,1376900,59.14
"2012-04-24",63.42,64.05,63.28,63.9,1858800,59.66
"2012-04-25",64.03,64.68,63.72,64.41,2092500,60.13
"2012-04-26",64.6,64.85,64.2,64.43,2256400,60.15
"2012-04-27",64.55,64.66,64.24,64.54,1080700,60.26
"2012-04-30",64.48,64.51,64.2,64.35,1937500,60.08
"2012-05-01",62.85,63.99,62.62,63.79,5454900,59.56
"2012-05-02",63.73,63.85,63.6,63.79,1881300,59.56
"2012-05-03",63.66,64.1,63.56,63.6,1685400,59.38
"2012-05-04",63.55,63.98,63.4,63.57,1969100,59.35
"2012-05-07",63.55,64.23,63.5,64.14,2292900,59.88
"2012-05-08",64.02,64.38,63.9,64.2,1674100,59.94
"2012-05-09",63.83,64.46,63.74,64.15,1979600,59.89
"2012-05-10",64.59,65.27,64.38,65.09,2450500,60.77
"2012-05-11",65,65.43,64.82,65.17,1393600,60.84
"2012-05-14",65.1,66,64.79,65.7,2480800,61.34
"2012-05-15",65.73,66,65.37,65.64,2276700,61.28
"2012-05-16",65.74,65.93,65.24,65.56,1657200,61.21
"2012-05-17",65.53,65.65,65.05,65.05,1528800,60.73
"2012-05-18",65.12,65.75,64.9,65,2283900,60.69
"2012-05-21",64.98,65.27,64.75,65.2,1812700,60.87
"2012-05-22",65.25,65.82,65.25,65.61,1566000,61.25
"2012-05-23",65.56,65.96,64.7,64.94,2312100,60.63
"2012-05-24",65.16,65.56,64.87,65.03,1858100,60.71
"2012-05-25",65.11,65.56,65.06,65.33,5942300,60.99
"2012-05-29",65.5,65.76,65.07,65.64,6061000,61.28
"2012-05-30",65.41,65.87,65.05,65.17,1562800,60.84
"2012-05-31",64.71,65.68,64.58,65.34,2788600,61.57
"2012-06-01",64.57,65.41,64.46,64.59,2548400,60.86
"2012-06-04",64.6,64.78,64.31,64.73,2428000,60.99
"2012-06-05",64.91,65.34,64.48,65.15,1876600,61.39
"2012-06-06",65.39,65.8,65.15,65.66,1663800,61.87
"2012-06-07",65.98,66.42,65.87,66.25,1905100,62.43
"2012-06-08",66.03,67.05,65.97,66.94,1564600,63.08
"2012-06-11",67.23,67.3,66.63,66.68,1323700,62.83
"2012-06-12",66.72,66.9,66.11,66.9,1273600,63.04
"2012-06-13",66.79,67.24,66.31,67,1577000,63.13
"2012-06-14",67.1,67.64,67.04,67.51,1908900,63.61
"2012-06-15",68.03,68.2,67.47,67.77,2020200,63.86
"2012-06-18",67.77,68.36,67.77,68.2,1374000,64.26
"2012-06-19",68.38,68.44,67.77,67.84,1482500,63.93
"2012-06-20",67.8,67.89,66.94,67.2,1608400,63.32
"2012-06-21",67.35,67.84,66.58,66.61,1687700,62.77
"2012-06-22",66.84,66.92,66.5,66.62,1399300,62.78
"2012-06-25",66.28,67.07,66,66.91,1346200,63.05
"2012-06-26",67.05,67.33,66.78,67.02,1912200,63.15
"2012-06-27",66.99,67.99,66.99,67.76,1213100,63.85
"2012-06-28",67.36,67.95,67.23,67.93,1104400,64.01
"2012-06-29",68.77,68.96,68.25,68.81,1616800,64.84
"2012-07-02",69.23,69.26,68.32,68.84,1614000,64.87
"2012-07-03",68.73,69.2,68.4,68.57,801900,64.61
"2012-07-05",68.41,69.16,68.25,68.41,1148800,64.46
"2012-07-06",68.07,68.48,67.89,68.3,845500,64.36
"2012-07-09",68.25,68.37,67.57,67.86,1728700,63.94
"2012-07-10",68.24,68.68,68.03,68.53,1180700,64.58
"2012-07-11",68.65,68.8,68.1,68.37,1436700,64.42
"2012-07-12",68.14,68.65,68.12,68.42,1268900,64.47
"2012-07-13",68.61,69.68,68.52,69.33,1438400,65.33
"2012-07-16",69.1,69.83,69.06,69.53,1475500,65.52
"2012-07-17",69.67,70,69.3,69.46,1619700,65.45
"2012-07-18",69.37,70.5,69.37,70.5,1931400,66.43
"2012-07-19",70.44,70.48,69.76,70.3,1587900,66.24
"2012-07-20",70.09,70.94,69.97,70.49,1258900,66.42
"2012-07-23",70.26,70.43,69.68,69.95,933500,65.91
"2012-07-24",69.95,69.95,68.85,69.25,1149500,65.25
"2012-07-25",69.58,69.71,68.7,68.82,1367900,64.85
"2012-07-26",69.35,70.97,69.35,70.72,1944400,66.64
"2012-07-27",70.93,71.51,70.65,71.09,1897500,66.99
"2012-07-30",71.1,71.86,71,71.42,1423300,67.3
"2012-07-31",71.37,71.73,70.85,70.9,1999800,66.81
"2012-08-01",71.29,72.22,70.42,70.58,2045300,66.51
"2012-08-02",70.19,70.39,69.54,70.2,1341700,66.15
"2012-08-03",70.73,71.05,70.19,70.87,1073600,66.78
"2012-08-06",70.83,71.11,70.39,70.39,1100400,66.33
"2012-08-07",70.64,70.69,69.81,69.85,1360300,65.82
"2012-08-08",69.92,69.95,69.45,69.8,1091600,65.77
"2012-08-09",69.63,69.73,69.14,69.25,1388900,65.25
"2012-08-10",69.18,69.86,69.12,69.8,1259600,65.77
"2012-08-13",69.39,69.51,69.06,69.29,1250000,65.29
"2012-08-14",69.66,69.81,69.41,69.59,1316800,65.57
"2012-08-15",69.47,69.66,69.17,69.23,1104600,65.24
"2012-08-16",69.42,69.7,69.27,69.58,1483500,65.56
"2012-08-17",69.79,69.93,69.46,69.6,1387400,65.58
"2012-08-20",69.43,69.55,68.73,69.03,1470500,65.05
"2012-08-21",68.88,69.26,68.51,68.56,1520100,64.6
"2012-08-22",68.38,68.59,68,68.21,1528100,64.27
"2012-08-23",68.15,68.3,66.99,67.41,1594900,63.52
"2012-08-24",67.42,67.87,67.27,67.84,948700,63.93
"2012-08-27",68,68.54,67.9,68.3,1605400,64.36
"2012-08-28",68.1,68.58,68.02,68.39,1761600,64.44
"2012-08-29",67.9,68.12,67.58,67.75,1557000,64.41
"2012-08-30",67.56,67.63,67.25,67.38,1047700,64.05
"2012-08-31",67.58,67.77,67.07,67.31,1144700,63.99
"2012-09-04",67.34,67.42,66.93,67.19,1763700,63.87
"2012-09-05",67.22,67.46,67.13,67.15,1371800,63.84
"2012-09-06",65.99,67.44,65.95,67.41,5098300,64.08
"2012-09-07",67.53,67.95,67.39,67.65,2474000,64.31
"2012-09-10",67.88,68.44,67.77,67.94,2375300,64.59
"2012-09-11",68,68.07,67.69,67.74,1618200,64.4
"2012-09-12",67.8,67.88,67.02,67.11,1752100,63.8
"2012-09-13",67.02,68.77,67,68.7,2770300,65.31
"2012-09-14",68.57,68.66,67.58,67.79,2039200,64.44
"2012-09-17",67.94,68.16,67.33,67.55,1827500,64.22
"2012-09-18",67.4,67.65,67.25,67.41,1896000,64.08
"2012-09-19",67.31,67.89,67.21,67.51,1433700,64.18
"2012-09-20",67.4,68.08,67.26,68.05,1310000,64.69
"2012-09-21",68.21,68.74,67.89,68.63,3384700,65.24
"2012-09-24",68.64,69.54,68.5,69.49,1684000,66.06
"2012-09-25",69.64,69.99,69.36,69.59,1845300,66.15
"2012-09-26",69.75,70.46,69.65,69.95,2539700,66.5
"2012-09-27",70.09,70.18,69.44,70.14,2353400,66.68
"2012-09-28",70.07,70.48,69.68,70.33,3138000,66.86
"2012-10-01",70.7,70.85,70.04,70.15,1726300,66.69
"2012-10-02",70.49,70.73,70.1,70.57,1552200,67.09
"2012-10-03",70.65,70.93,70.49,70.72,1258400,67.23
"2012-10-04",70.94,71.66,70.79,71.08,1183300,67.57
"2012-10-05",71.17,71.24,70.68,70.83,1385700,67.33
"2012-10-08",70.91,70.98,70.42,70.68,895600,67.19
"2012-10-09",70.49,70.82,70.11,70.31,1335900,66.84
"2012-10-10",70.3,70.56,69.69,69.89,1602300,66.44
"2012-10-11",70.25,70.25,69.74,69.85,1599200,66.4
"2012-10-12",70.09,70.09,69.16,69.37,2144700,65.95
"2012-10-15",69.47,69.75,69.02,69.66,1859400,66.22
"2012-10-16",70.08,70.61,69.88,70.49,2682600,67.01
"2012-10-17",70.66,71.88,70.53,71.78,1804600,68.24
"2012-10-18",71.76,72.11,71.45,72.05,1152000,68.49
"2012-10-19",72.03,72.21,71.67,71.72,1810500,68.18
"2012-10-22",71.58,71.72,71.3,71.66,1393000,68.12
"2012-10-23",71.2,71.23,70.27,70.76,1692600,67.27
"2012-10-24",69.98,70.47,68.91,69.53,3505400,66.1
"2012-10-25",69.76,69.98,69.14,69.74,1285700,66.3
"2012-10-26",69.75,69.8,69.14,69.52,1251600,66.09
"2012-10-31",69.59,70.17,69.36,70.06,1689000,66.6
"2012-11-01",70.3,70.3,69.59,69.87,3112900,66.42
"2012-11-02",70.09,70.3,69.52,69.73,1371700,66.29
"2012-11-05",69.58,69.69,69.01,69.61,1579600,66.17
"2012-11-06",69.65,69.69,69.03,69.15,2351800,65.74
"2012-11-07",68.93,68.98,67.63,68.05,1441900,64.69
"2012-11-08",67.95,68.47,67.61,67.61,1337700,64.27
"2012-11-09",67.38,67.89,67.16,67.38,1131600,64.05
"2012-11-12",67.38,67.46,66.71,66.79,1029400,63.49
"2012-11-13",66.66,67.5,66.35,67.1,1557200,63.79
"2012-11-14",67.08,67.16,66.29,66.69,1514900,63.4
"2012-11-15",66.67,67.3,66.05,66.49,1491300,63.21
"2012-11-16",66.57,67.44,66.37,67.35,1642400,64.03
"2012-11-19",67.73,67.91,67.2,67.71,1910100,64.37
"2012-11-20",67.71,67.86,66.98,67.71,1300200,64.37
"2012-11-21",67.7,67.79,66.39,67.25,1728700,63.93
"2012-11-23",67.45,67.58,66.8,67.2,713800,63.88
"2012-11-26",67.09,68,67,67.96,1476400,64.61
"2012-11-27",68.02,68.25,67.66,67.82,1667300,64.47
"2012-11-28",67.3,67.42,66.49,67.41,1699800,64.65
"2012-11-29",67.51,68.11,67.33,68.11,1534600,65.33
"2012-11-30",68.11,68.8,68.03,68.71,1828600,65.9
"2012-12-03",68.81,68.82,68.03,68.29,1339900,65.5
"2012-12-04",68.35,68.55,67.82,67.91,1234200,65.13
"2012-12-05",67.97,69.63,67.81,69.18,1816800,66.35
"2012-12-06",69.27,69.62,68.83,69.16,1099300,66.33
"2012-12-07",69.24,69.6,69.07,69.37,1017100,66.53
"2012-12-10",69.28,69.4,69.01,69.14,1053000,66.31
"2012-12-11",69.24,69.57,69.07,69.31,1093900,66.48
"2012-12-12",69.39,69.9,69.16,69.23,2128000,66.4
"2012-12-13",69.15,70.28,68.87,70.05,2598700,67.19
"2012-12-14",69.67,70.05,69.43,69.47,2802600,66.63
"2012-12-17",69.65,70.64,69.53,70.52,2280800,67.64
"2012-12-18",70.43,71.19,70.33,70.89,2246400,67.99
"2012-12-19",70.75,70.81,70.11,70.57,1593000,67.69
"2012-12-20",70.74,70.86,70.25,70.59,1171600,67.7
"2012-12-21",70.09,70.47,69.77,69.96,3198100,67.1
"2012-12-24",69.83,70.13,69.52,69.92,582200,67.06
"2012-12-26",69.95,70.11,68.97,69.11,1647600,66.28
"2012-12-27",68.98,69.45,68.51,69.21,1337300,66.38
"2012-12-28",68.85,69.33,68.24,68.25,1355300,65.46
"2012-12-31",68.13,69.25,67.75,69.19,1480400,66.36
"2013-01-02",69.99,70.57,69.81,70.52,2238300,67.64
"2013-01-03",70.6,70.83,70.33,70.53,1227300,67.65
"2013-01-04",70.64,70.95,70.45,70.88,934800,67.98
"2013-01-07",70.85,70.94,70.38,70.55,1394600,67.67
"2013-01-08",70.58,71.3,70.39,71.3,1993100,68.39
"2013-01-09",71.31,71.31,70.53,70.8,1307900,67.91
"2013-01-10",71.06,71.51,70.76,71.49,1469100,68.57
"2013-01-11",71.81,71.88,71.42,71.78,1544400,68.85
"2013-01-14",71.58,71.95,71.5,71.69,1401300,68.76
"2013-01-15",71.54,71.93,71.42,71.88,989400,68.94
"2013-01-16",71.64,71.85,71.23,71.31,1413600,68.39
"2013-01-17",70.96,71.39,70.62,71.08,1473100,68.17
"2013-01-18",71.3,71.63,71.17,71.55,1764500,68.63
"2013-01-22",71.48,72.04,71.47,71.98,2215400,69.04
"2013-01-23",71.6,71.84,71.35,71.79,1940700,68.86
"2013-01-24",71.84,72.35,71.72,72.1,1112100,69.15
"2013-01-25",72.43,72.52,71.67,72.5,1238300,69.54
"2013-01-28",72.85,72.85,71.9,72.4,1513300,69.44
"2013-01-29",72.53,72.87,72.14,72.61,1938500,69.64
"2013-01-30",72.54,72.56,72,72,2159100,69.06
"2013-01-31",72,72.22,71.72,72.05,2017100,69.1
"2013-02-01",72.45,72.71,72.26,72.28,1594900,69.33
"2013-02-04",72.17,72.39,71.92,71.99,1386300,69.05
"2013-02-05",72.3,72.46,72.06,72.16,1459500,69.21
"2013-02-06",72,72.01,71.63,72.01,2383500,69.07
"2013-02-07",72.23,72.63,71.83,72.25,2339900,69.3
"2013-02-08",72.26,72.29,71.92,72.1,1057000,69.15
"2013-02-11",72.01,72.22,71.98,72.18,1097100,69.23
"2013-02-12",72.13,72.56,72.03,72.49,1779700,69.53
"2013-02-13",72.58,72.92,72.42,72.55,1501400,69.58
"2013-02-14",72.34,72.64,71.84,72.2,1779500,69.25
"2013-02-15",72.38,72.6,72.23,72.5,2470100,69.54
"2013-02-19",72.69,73.04,72.55,72.9,2608200,69.92
"2013-02-20",72.9,73.41,72.84,72.94,5857300,69.96
"2013-02-21",73.04,73.08,72.52,72.53,1324900,69.56
"2013-02-22",72.6,73.04,72.6,72.75,5997400,69.78
"2013-02-25",72.85,73.5,72.19,72.19,6872500,69.24
"2013-02-26",72.41,72.8,71.93,72.27,6048300,69.32
"2013-02-27",71.44,71.97,71.42,71.94,2216900,69.64
"2013-02-28",71.88,72.35,71.77,71.87,2104800,69.57
"2013-03-01",71.85,72.37,71.51,72.36,2051200,70.04
"2013-03-04",72.23,73.76,72.19,73.59,2140400,71.23
"2013-03-05",73.87,74.21,73.66,73.88,1965200,71.51
"2013-03-06",73.95,74.23,73.84,74.17,1409400,71.79
"2013-03-07",74.16,74.43,73.82,73.94,1622700,71.57
"2013-03-08",74.15,74.29,73.61,74.16,1789400,71.78
"2013-03-11",74,74.4,73.98,74.18,1538400,71.8
"2013-03-12",74.26,74.4,72.12,73.1,3762700,70.76
"2013-03-13",73.16,73.85,72.67,73.75,2610000,71.39
"2013-03-14",73.32,74.05,73.25,74.01,2326300,71.64
"2013-03-15",73.67,74.54,73.63,74.47,2849000,72.08
"2013-03-18",74.17,74.45,73.96,74.12,1596900,71.75
"2013-03-19",74.79,75.37,74.74,75.12,2223700,72.71
"2013-03-20",75.35,75.81,74.87,75.7,1786700,73.27
"2013-03-21",75.5,75.95,75.31,75.59,1849000,73.17
"2013-03-22",75.64,76.25,75.44,76.17,1740400,73.73
"2013-03-25",76.42,76.95,75.94,76.18,2114800,73.74
"2013-03-26",76.35,77.2,76.28,77.17,2982100,74.7
"2013-03-27",76.79,77.35,76.75,76.88,2254200,74.42
"2013-03-28",77.01,77.79,76.98,77.68,1691700,75.19
"2013-04-01",77.61,77.68,77.24,77.48,995100,75
"2013-04-02",77.7,78.22,77.68,78.16,1373600,75.66
"2013-04-03",79.07,79.25,78.18,78.32,2078200,75.81
"2013-04-04",78.51,79.41,78.41,79.23,1884800,76.69
"2013-04-05",78.52,79.63,78.52,79.54,1642000,76.99
"2013-04-08",79.45,79.97,78.77,79.94,1465000,77.38
"2013-04-09",79.79,79.95,79.13,79.19,1379700,76.65
"2013-04-10",79.22,80.07,79.22,79.86,1324500,77.3
"2013-04-11",80,80.25,79.56,79.84,1729300,77.28
"2013-04-12",79.7,80.08,79.17,79.49,2308300,76.94
"2013-04-15",79.39,80.22,78.94,78.95,2043600,76.42
"2013-04-16",79.13,79.83,78.7,79.71,1455300,77.16
"2013-04-17",79.5,79.53,78.55,79.02,1510500,76.49
"2013-04-18",79.24,79.49,78.61,78.85,1798000,76.32
"2013-04-19",79.09,80.12,78.97,80.08,1641100,77.51
"2013-04-22",80,80.28,79.43,79.91,1079100,77.35
"2013-04-23",80.1,80.44,79.67,80.11,1484100,77.54
"2013-04-24",80.27,80.98,79.81,80.56,1415300,77.98
"2013-04-25",80.56,80.81,80.11,80.44,1149100,77.86
"2013-04-26",80.4,80.88,80.24,80.54,921600,77.96
"2013-04-29",80.72,81.35,80.23,81.26,1229400,78.66
"2013-04-30",82.03,82.65,81.58,82.03,2122800,79.4
"2013-05-01",81.65,82,81.14,81.33,1623900,78.72
"2013-05-02",81.21,81.86,81.07,81.73,1139900,79.11
"2013-05-03",82.05,82.2,81.53,81.75,1281500,79.13
"2013-05-06",81.6,81.84,80.6,80.6,1108300,78.02
"2013-05-07",80.78,81.72,80.69,81.72,1343000,79.1
"2013-05-08",81.54,81.88,80.59,80.94,1753700,78.35
"2013-05-09",80.91,81.1,79.6,79.84,1969000,77.28
"2013-05-10",79.86,80.07,79.22,80,1831600,77.44
"2013-05-13",79.75,79.94,79.24,79.62,1279300,77.07
"2013-05-14",79.72,80.52,79.42,80.19,1202500,77.62
"2013-05-15",80.25,81.71,80.13,81.16,1466600,78.56
"2013-05-16",80.9,81.2,80.32,80.43,1161300,77.85
"2013-05-17",80.57,81.12,80.28,81.1,1335500,78.5
"2013-05-20",81.01,81.14,79.97,80.24,1330900,77.67
"2013-05-21",80.26,80.82,79.71,80.49,1373100,77.91
"2013-05-22",80.39,81.15,78.75,79.16,1804800,76.62
"2013-05-23",78.62,78.62,76.5,78.22,2062200,75.71
"2013-05-24",77.9,78,76.88,77.3,1837700,74.82
"2013-05-28",77.58,77.61,76.6,77.02,2045400,74.55
"2013-05-29",76.62,76.71,74.86,75.72,2521200,73.29
"2013-05-30",75.56,76.95,75.12,75.71,1962600,73.93
"2013-05-31",75.41,77.13,75.33,75.62,2571800,73.84
"2013-06-03",75.66,76.88,74.78,76.28,2191200,74.49
"2013-06-04",76.14,76.71,75.99,76.49,2280800,74.69
"2013-06-05",76.25,76.36,75.64,75.99,1534400,74.2
"2013-06-06",75.97,77.39,75.79,77.39,2886600,75.57
"2013-06-07",78.01,78.83,77.53,78.8,3262100,76.95
"2013-06-10",78.73,79.4,78.4,78.68,3210200,76.83
"2013-06-11",78.1,79.12,77.87,78.87,2856500,77.01
"2013-06-12",79.25,79.44,77.62,77.75,1696900,75.92
"2013-06-13",77.86,79.31,77.59,79.13,1692100,77.27
"2013-06-14",79.18,80.33,79.15,79.73,2262800,77.85
"2013-06-17",80.39,80.96,80.21,80.66,2300900,78.76
"2013-06-18",80.86,81.7,80.72,81.59,1937000,79.67
"2013-06-19",81.4,81.78,80.19,80.19,1963500,78.3
"2013-06-20",79.57,79.59,77.2,77.33,2516000,75.51
"2013-06-21",77.95,78.76,76.91,78.33,3173000,76.49
"2013-06-24",77.84,79.07,77.21,78.38,1690800,76.54
"2013-06-25",78.95,79.37,78.12,79,1619600,77.14
"2013-06-26",79.6,80.47,79.51,79.84,1668700,77.96
"2013-06-27",80.22,80.95,79.92,80.42,1250000,78.53
"2013-06-28",81.46,81.77,80.18,81.48,2742600,79.56
"2013-07-01",81.88,81.95,79.95,80.23,2606900,78.34
"2013-07-02",80.23,81,80.02,80.34,1984100,78.45
"2013-07-03",79.93,80.42,79.72,80.12,697800,78.23
"2013-07-05",80.17,80.31,79.04,79.93,1195000,78.05
"2013-07-08",80.01,81.1,79.8,80.66,1994900,78.76
"2013-07-09",81.02,81.68,80.65,81.35,1562000,79.44
"2013-07-10",81.18,81.93,80.86,81.63,1046300,79.71
"2013-07-11",82.28,83.4,82.26,83.23,1735600,81.27
"2013-07-12",83.2,84.14,82.8,84.01,1446000,82.03
"2013-07-15",83.72,85.88,83.66,85.44,2053000,83.43
"2013-07-16",85.51,85.65,84.47,84.96,2631600,82.96
"2013-07-17",85.45,85.65,84.61,84.81,1768700,82.81
"2013-07-18",85.06,85.69,84.83,85.43,1455500,83.42
"2013-07-19",85.53,85.82,84.88,84.96,1818700,82.96
"2013-07-22",85.03,85.37,84.8,84.88,1240500,82.88
"2013-07-23",85.03,85.41,84.62,84.8,2579000,82.8
"2013-07-24",84.76,84.85,83.64,83.76,2184500,81.79
"2013-07-25",83.61,84.22,83.58,84.08,1821700,82.1
"2013-07-26",83.25,84.01,82.96,83.95,1498500,81.97
"2013-07-29",84.1,85.69,84.05,84.79,2925900,82.79
"2013-07-30",87.65,87.65,85.01,86.48,2428400,84.45
"2013-07-31",86.62,87.12,85.52,86.61,2851200,84.57
"2013-08-01",87.02,88.39,87.02,88.29,2910600,86.21
"2013-08-02",88.1,88.19,87.48,87.94,1779600,85.87
"2013-08-05",87.81,87.81,87,87.08,1237100,85.03
"2013-08-06",87.21,87.51,86.68,86.82,2129400,84.78
"2013-08-07",87.15,87.29,86.41,86.76,1758600,84.72
"2013-08-08",86.84,87.1,86.37,86.63,1463800,84.59
"2013-08-09",86.56,86.88,85.94,86.26,1133700,84.23
"2013-08-12",86,86.14,85.27,85.59,945200,83.58
"2013-08-13",85.74,85.81,84.97,85.1,1024100,83.1
"2013-08-14",84.93,85.23,84.02,84.42,1483100,82.43
"2013-08-15",83.92,83.92,82.84,83,1465700,81.05
"2013-08-16",83.12,83.28,81.44,82.15,2545500,80.22
"2013-08-19",82,82.5,81.32,81.54,1085800,79.62
"2013-08-20",81.62,83.01,81.41,82.19,1368700,80.26
"2013-08-21",81.87,81.97,80.32,80.78,2123700,78.88
"2013-08-22",80.96,81.23,80.38,80.97,1436600,79.06
"2013-08-23",81,81.68,80.64,81.41,737200,79.49
"2013-08-26",81.38,81.44,80.53,80.56,1142000,78.66
"2013-08-27",80.05,81.48,79.74,81.09,2314400,79.18
"2013-08-28",80.64,81.49,79.75,81.08,2717000,79.82
"2013-08-29",81.04,81.11,80.28,80.56,1379300,79.31
"2013-08-30",80.6,80.99,79.95,80.36,1146100,79.11
"2013-09-03",81.07,81.12,79.43,79.77,1415400,78.53
"2013-09-04",79.64,80.33,79.12,80.1,1168100,78.86
"2013-09-05",80.33,80.78,79.82,79.96,2352300,78.72
"2013-09-06",80.2,80.82,79.91,80.01,2658500,78.77
"2013-09-09",80.1,80.3,79.85,80.23,1647300,78.99
"2013-09-10",80.56,80.67,80.15,80.61,1238400,79.36
"2013-09-11",80.55,80.55,78.83,79.61,3125000,78.37
"2013-09-12",79.78,80.01,78.92,79.27,2190500,78.04
"2013-09-13",79.57,79.79,79.08,79.22,1466000,77.99
"2013-09-16",80.26,80.73,78.9,79.17,3271800,77.94
"2013-09-17",79.17,79.52,78.83,79,2092500,77.77
"2013-09-18",78.85,82.88,78.81,82.55,4192700,81.27
"2013-09-19",82.6,83.89,82.48,82.7,2034700,81.42
"2013-09-20",81.85,82,80.54,80.69,4789400,79.44
"2013-09-23",80.51,81.45,80.1,81.22,2381300,79.96
"2013-09-24",81.28,81.63,80.75,81.22,2132800,79.96
"2013-09-25",81.12,81.53,80.33,80.33,1972500,79.08
"2013-09-26",80.52,80.97,80.12,80.44,1805800,79.19
"2013-09-27",80.38,80.59,79.81,80.07,1645200,78.83
"2013-09-30",79.77,80.17,79.5,80.16,2381900,78.92
"2013-10-01",80.27,80.72,79.92,80.07,1745800,78.83
"2013-10-02",79.75,80.53,79.64,80.41,1867900,79.16
"2013-10-03",80.21,80.21,78.97,79.45,1478200,78.22
"2013-10-04",79.47,79.85,79.16,79.65,1105400,78.41
"2013-10-07",79.24,79.89,79.15,79.35,818600,78.12
"2013-10-08",79.31,80.67,79.31,79.69,1641500,78.45
"2013-10-09",79.97,81.27,79.63,80,1407900,78.76
"2013-10-10",80.46,81.51,79.53,81.4,1956700,80.14
"2013-10-11",81.3,81.94,81.09,81.75,1427100,80.48
"2013-10-14",81.26,81.31,80.05,81.06,1639800,79.8
"2013-10-15",80.88,81.15,80.14,80.21,1282000,78.97
"2013-10-16",80.43,81.51,80.16,81.51,1628700,80.25
"2013-10-17",81.22,83.09,80.66,83,1509500,81.71
"2013-10-18",83.48,83.91,83.21,83.54,2214800,82.24
"2013-10-21",83.46,84.19,83.32,83.79,1808700,82.49
"2013-10-22",83.87,85.53,83.8,85.01,2020600,83.69
"2013-10-23",84.58,85.95,84.52,85.09,1729200,83.77
"2013-10-24",85.54,85.54,84.52,85.17,1236600,83.85
"2013-10-25",85,85.97,84.5,85.95,1106300,84.62
"2013-10-28",85.56,86.05,84.69,85.16,2355100,83.84
"2013-10-29",85.17,86.05,84.93,85.98,1395300,84.65
"2013-10-30",86.21,86.73,85.47,85.58,1636500,84.25
"2013-10-31",85.6,85.74,84.1,84.75,2944100,83.43
"2013-11-01",86.33,89.75,85.6,88.14,4054000,86.77
"2013-11-04",88.65,88.98,86.98,88.09,2523800,86.72
"2013-11-05",87.97,88.75,87.22,87.26,2358000,85.91
"2013-11-06",88.44,88.44,87.64,88.35,2141700,86.98
"2013-11-07",88.22,88.73,86.8,87,2237000,85.65
"2013-11-08",87,87.17,85.47,87.12,2204200,85.77
"2013-11-11",87.12,87.26,86.41,86.55,1153900,85.21
"2013-11-12",86.13,86.51,85.23,85.65,2105400,84.32
"2013-11-13",84.66,86.12,84.59,86.1,1401700,84.76
"2013-11-14",86.54,87.77,86.29,87.5,1533300,86.14
"2013-11-15",87.97,88.7,87.39,88.57,2034400,87.2
"2013-11-18",88.97,89.27,88.57,89.06,2205000,87.68
"2013-11-19",87.53,87.9,87.18,87.3,4158400,85.95
"2013-11-20",87.39,87.8,86.21,86.23,1856200,84.89
"2013-11-21",86.48,87.18,86.08,86.59,1990800,85.25
"2013-11-22",86.45,87.06,86.16,86.59,1570700,85.25
"2013-11-25",86.74,87.11,86,86.1,1527000,84.76
"2013-11-26",85.54,85.71,84.86,85.13,1922000,84.46
"2013-11-27",85.25,85.48,84.52,84.94,1657200,84.27
"2013-11-29",84.38,85.38,84.38,84.59,734100,83.92
"2013-12-02",84.84,84.84,83.69,83.93,1622600,83.27
"2013-12-03",83.7,84.54,83.49,84.05,2362100,83.39
"2013-12-04",83.7,84.76,83.53,84.21,2155200,83.54
"2013-12-05",84.05,84.7,83.51,83.59,2649500,82.93
"2013-12-06",84.23,84.7,83.92,84.63,2643800,83.96
"2013-12-09",84.31,84.44,83.79,84.11,2054400,83.44
"2013-12-10",84.17,84.27,82.79,82.84,3197800,82.18
"2013-12-11",82.47,83.17,81.93,82.4,2627400,81.75
"2013-12-12",82.62,83.47,82.48,82.76,2974800,82.11
"2013-12-13",82.86,83.17,82.3,82.71,2082700,82.06
"2013-12-16",83.22,83.82,82.66,82.86,2138500,82.2
"2013-12-17",82.49,83.18,82.4,82.63,2037100,81.98
"2013-12-18",82.87,83.93,81.52,83.68,3300000,83.02
"2013-12-19",83.24,83.98,82.41,83.73,2149400,83.07
"2013-12-20",83.81,85.42,83.75,84.82,3952300,84.15
"2013-12-23",85.3,85.37,84.61,84.7,1800700,84.03
"2013-12-24",84.49,84.95,84.05,84.73,1041400,84.06
"2013-12-26",84.69,84.8,84.23,84.59,1181100,83.92
"2013-12-27",84.67,85.06,84.39,84.7,974100,84.03
"2013-12-30",84.57,85.17,84.56,85.05,1091300,84.38
"2013-12-31",85.31,85.84,85,85.62,1352800,84.94
"2014-01-02",85.39,85.48,84.22,84.25,2426600,83.58
"2014-01-03",84.26,84.74,83.97,84.36,1651600,83.69
"2014-01-06",84.43,84.64,84,84.4,1690900,83.73
"2014-01-07",84.6,85.33,84.5,85.02,1842200,84.35
"2014-01-08",85.06,85.75,84.48,85.29,3086300,84.62
"2014-01-09",85.57,86.21,84.92,86.02,2067300,85.34
"2014-01-10",86.5,87.8,86.39,87.25,2274200,86.56
"2014-01-13",86.85,87.57,86.33,86.68,1465800,85.99
"2014-01-14",86.48,87,86.1,86.72,1254300,86.03
"2014-01-15",86.59,87.09,86.55,86.8,1640600,86.11
"2014-01-16",87,87.56,86.82,87.55,1021500,86.86
"2014-01-17",87.81,87.85,87.24,87.66,1629700,86.97
"2014-01-21",87.76,89.06,87.76,89.05,1916200,88.35
"2014-01-22",89,89.72,88.64,88.86,2267100,88.16
"2014-01-23",88.55,89.15,88.22,88.8,1458800,88.1
"2014-01-24",88.06,88.45,87.05,87.06,3671700,86.37
"2014-01-27",87.19,87.67,86.12,86.89,2605800,86.2
"2014-01-28",86.99,90,86.72,88.78,3692200,88.08
"2014-01-29",88.46,89.27,88.02,88.77,2347200,88.07
"2014-01-30",89.16,91.24,89.06,90.96,2898900,90.24
"2014-01-31",90.47,92.25,90.35,91.93,3427500,91.2
"2014-02-03",92.05,92.75,91.08,91.22,3234500,90.5
"2014-02-04",91.43,91.48,89.8,90.14,2432500,89.43
"2014-02-05",89.9,90.2,89.24,89.36,2333300,88.65
"2014-02-06",89.33,89.85,89.01,89.78,2282200,89.07
"2014-02-07",90.63,91.48,89.83,90.61,2582900,89.89
"2014-02-10",90.35,91.42,89.94,91.34,1518600,90.62
"2014-02-11",91.13,92.66,91.01,91.98,2421800,91.25
"2014-02-12",91.96,92.75,91.56,92.2,1886400,91.47
"2014-02-13",91.77,93.11,91.68,92.85,1272900,92.12
"2014-02-14",92.54,93.36,92.44,93.27,1350800,92.53
"2014-02-18",93.34,94.04,93.17,93.35,1826500,92.61
"2014-02-19",93.4,93.72,92.29,92.44,1711400,91.71
"2014-02-20",92.56,93.04,92.05,92.45,2207100,91.72
"2014-02-21",92.51,93.46,92.38,92.56,1624600,91.83
"2014-02-24",92.71,92.77,91.75,91.78,2626100,91.05
"2014-02-25",92.01,92.72,91.38,91.64,2210900,90.92
"2014-02-26",91.22,91.45,90.3,90.46,2270900,90.46
"2014-02-27",90.45,90.84,90,90.58,2071000,90.58
"2014-02-28",90.49,91.7,90.35,91.39,2174300,91.39
"2014-03-03",90.87,91.14,89.81,90.28,2048200,90.28
"2014-03-04",90.96,92.02,90.87,91.66,2628700,91.66
"2014-03-05",91.61,91.65,90.46,90.65,1633700,90.65
"2014-03-06",91.01,91.17,90.26,90.74,1632800,90.74
"2014-03-07",90.6,91.85,90.3,91.8,1976500,91.8
"2014-03-10",91.65,91.9,90.6,91.18,1791600,91.18
"2014-03-11",91.7,91.8,90.62,90.96,2153100,90.96
"2014-03-12",90.79,92.22,90.7,92.19,1785000,92.19
"2014-03-13",92.35,94.55,92.25,93.78,3103600,93.78
"2014-03-14",93.6,94.9,93.15,94.26,2157100,94.26
"2014-03-17",94.75,95.07,94.38,94.81,1821700,94.81
