"","NFLX.Open","NFLX.High","NFLX.Low","NFLX.Close","NFLX.Volume","NFLX.Adjusted"
"2007-01-03",26,26.77,25.74,26.61,2348700,26.61
"2007-01-04",26.41,26.8,25.1,25.35,2279900,25.35
"2007-01-05",25.34,25.34,24.45,24.81,2170100,24.81
"2007-01-08",24.82,24.89,23.57,23.83,2620700,23.83
"2007-01-09",23.99,24.08,23.52,23.99,1515900,23.99
"2007-01-10",23.97,24.25,23.88,24.07,1635500,24.07
"2007-01-11",23.96,24.55,23.88,24.24,1304300,24.24
"2007-01-12",23.86,23.88,22.69,22.71,3167300,22.71
"2007-01-16",24.25,24.4,22.7,22.74,4304900,22.74
"2007-01-17",22.82,23.05,22.64,22.83,2172000,22.83
"2007-01-18",22.76,22.98,22.17,22.25,1614100,22.25
"2007-01-19",22.22,22.82,22.2,22.56,1736000,22.56
"2007-01-22",22.85,22.97,21.8,21.9,2656500,21.9
"2007-01-23",21.8,22.33,21.7,21.76,2891300,21.76
"2007-01-24",21.9,23,21.3,22.75,6317200,22.75
"2007-01-25",23.91,24.25,22.72,23.25,9198500,23.25
"2007-01-26",23.56,23.6,22.75,23.15,1981400,23.15
"2007-01-29",22.26,22.76,22.06,22.55,3108800,22.55
"2007-01-30",22.64,22.96,22.55,22.93,1255600,22.93
"2007-01-31",22.78,23.13,22.7,22.81,1465200,22.81
"2007-02-01",22.88,23.1,22.65,22.73,1126900,22.73
"2007-02-02",22.75,23.08,22.7,22.84,1409200,22.84
"2007-02-05",23,23,22.54,22.6,796100,22.6
"2007-02-06",22.5,22.67,22.16,22.32,2257900,22.32
"2007-02-07",22.25,23.06,22.23,22.9,1603400,22.9
"2007-02-08",23.48,23.83,23.11,23.75,2791700,23.75
"2007-02-09",23.78,23.78,23.08,23.11,1123600,23.11
"2007-02-12",23.03,23.47,22.99,23.13,1017100,23.13
"2007-02-13",23.23,23.25,22.83,22.9,691700,22.9
"2007-02-14",22.9,23.19,22.2,22.6,5167800,22.6
"2007-02-15",22.48,22.7,22.41,22.5,1183800,22.5
"2007-02-16",22.52,22.91,22.38,22.87,1504700,22.87
"2007-02-20",22.95,23.6,22.93,23.51,1755800,23.51
"2007-02-21",23.52,23.56,23.22,23.39,9257400,23.39
"2007-02-22",23.42,23.88,23.42,23.75,1254700,23.75
"2007-02-23",23.76,23.85,23.5,23.53,1196500,23.53
"2007-02-26",23.71,23.82,21.5,23.13,888100,23.13
"2007-02-27",22.77,22.85,22.1,22.1,1788600,22.1
"2007-02-28",22.11,22.91,22.09,22.53,1269000,22.53
"2007-03-01",22.36,23.04,22.1,22.83,1775600,22.83
"2007-03-02",22.83,23,22.27,22.29,1153300,22.29
"2007-03-05",22.01,22.16,21.05,21.06,2443000,21.06
"2007-03-06",21.25,21.91,20.91,21.44,2019000,21.44
"2007-03-07",21.5,21.6,21.07,21.18,1228500,21.18
"2007-03-08",21.21,21.63,21.21,21.24,902900,21.24
"2007-03-09",21.5,21.5,20.87,21.06,955200,21.06
"2007-03-12",21,21.21,20.7,21.08,958500,21.08
"2007-03-13",21,21.16,20.5,20.55,1340600,20.55
"2007-03-14",20.51,21.15,20.3,21.11,1173700,21.11
"2007-03-15",21.17,21.35,20.89,21.16,919400,21.16
"2007-03-16",21.15,21.22,20.77,21.02,952300,21.02
"2007-03-19",21.11,21.5,21.08,21.36,816000,21.36
"2007-03-20",21.37,22.79,21.34,22.48,2281300,22.48
"2007-03-21",22.55,23.31,22.18,23.05,2282500,23.05
"2007-03-22",23,23.26,22.81,23.1,814200,23.1
"2007-03-23",23,23.78,22.93,23.73,1459400,23.73
"2007-03-26",23.75,23.8,22.97,23.26,1060100,23.26
"2007-03-27",23.33,23.7,23.24,23.58,1316900,23.58
"2007-03-28",23.62,23.62,23.07,23.38,783100,23.38
"2007-03-29",23.41,23.62,22.88,23.45,954500,23.45
"2007-03-30",23.41,23.85,23.1,23.19,760100,23.19
"2007-04-02",23.3,23.73,23.19,23.48,1034800,23.48
"2007-04-03",23.56,24.12,23.51,23.78,1268300,23.78
"2007-04-04",23.88,24.63,23.37,24.53,2017800,24.53
"2007-04-05",24.44,24.48,24.08,24.2,778800,24.2
"2007-04-09",24.23,24.56,24.23,24.34,596400,24.34
"2007-04-10",24.48,24.99,24.48,24.86,1153600,24.86
"2007-04-11",24.72,24.75,24.33,24.6,997000,24.6
"2007-04-12",24.45,24.9,24.16,24.6,780900,24.6
"2007-04-13",24.57,24.66,24.4,24.6,513000,24.6
"2007-04-16",24.7,24.8,24.44,24.52,654300,24.52
"2007-04-17",24.6,24.6,23.84,23.96,1732100,23.96
"2007-04-18",21.2,22.29,20.88,21.7,7849000,21.7
"2007-04-19",21.13,21.51,20.98,21.51,4020800,21.51
"2007-04-20",22,22.15,21.78,22.1,1837500,22.1
"2007-04-23",22.03,22.08,21.64,21.73,1973100,21.73
"2007-04-24",21.75,21.85,21.36,21.62,1274000,21.62
"2007-04-25",21.71,22.13,21.38,21.56,1200400,21.56
"2007-04-26",21.5,22.26,21.5,22.13,1394600,22.13
"2007-04-27",22.2,22.28,21.93,22.21,805400,22.21
"2007-04-30",22.2,22.27,21.97,22.17,1321100,22.17
"2007-05-01",22.13,22.29,21.82,22.15,1360200,22.15
"2007-05-02",21.92,22.94,21.89,22.11,2662800,22.11
"2007-05-03",22.03,22.77,21.99,22.29,1973700,22.29
"2007-05-04",22.55,22.57,22,22.16,939700,22.16
"2007-05-07",22.16,22.34,22.14,22.22,594600,22.22
"2007-05-08",22.09,22.42,21.9,22.14,820200,22.14
"2007-05-09",22.01,22.24,21.96,22.11,569800,22.11
"2007-05-10",22.01,22.11,21.82,21.91,1020500,21.91
"2007-05-11",21.76,22.1,21.64,22.06,687000,22.06
"2007-05-14",22.01,22.1,21.72,21.96,636300,21.96
"2007-05-15",21.94,22.04,21.62,21.75,675200,21.75
"2007-05-16",21.76,21.99,21.22,21.72,719500,21.72
"2007-05-17",21.57,21.98,21.52,21.82,734600,21.82
"2007-05-18",21.85,22.01,21.71,21.94,635200,21.94
"2007-05-21",21.91,22.64,21.86,22.5,951900,22.5
"2007-05-22",22.46,23.11,22.28,23,1003500,23
"2007-05-23",22.99,23.45,22.8,23.19,1754400,23.19
"2007-05-24",23.07,23.43,22.39,22.54,914400,22.54
"2007-05-25",22.61,22.82,22.41,22.52,853500,22.52
"2007-05-29",22.06,22.1,21.34,21.85,1652500,21.85
"2007-05-30",21.65,22.08,21.57,22.06,1046600,22.06
"2007-05-31",22,22.28,21.87,21.9,1004000,21.9
"2007-06-01",21.84,22.28,21.35,21.57,1147100,21.57
"2007-06-04",21.39,21.63,21.35,21.48,792300,21.48
"2007-06-05",21.37,21.62,21.21,21.39,840700,21.39
"2007-06-06",21.34,22.78,21.31,22.6,4774000,22.6
"2007-06-07",22.8,25.99,22.78,23.93,8443300,23.93
"2007-06-08",24,24.1,23.04,23.43,2005400,23.43
"2007-06-11",22.25,22.65,21.81,21.93,2576400,21.93
"2007-06-12",21.02,21.31,19.89,20.08,5739500,20.08
"2007-06-13",19.5,20.08,19.05,19.42,3915400,19.42
"2007-06-14",19.4,19.56,19.09,19.18,1623300,19.18
"2007-06-15",20.05,20.17,19.62,19.71,3156200,19.71
"2007-06-18",20.42,20.45,19.9,20.02,1748000,20.02
"2007-06-19",20.24,20.27,19.9,19.93,1129900,19.93
"2007-06-20",20.18,20.24,19.51,19.55,911100,19.55
"2007-06-21",19.54,20.32,19.51,19.99,1439700,19.99
"2007-06-22",20.02,20.12,19.6,19.68,1049000,19.68
"2007-06-25",19.75,19.98,19.56,19.62,971800,19.62
"2007-06-26",19.96,19.99,19.5,19.52,826600,19.52
"2007-06-27",19.54,21.26,19.51,20.78,3013100,20.78
"2007-06-28",20.69,20.69,19.78,19.85,2103600,19.85
"2007-06-29",20.07,20.17,19.36,19.39,1726300,19.39
"2007-07-02",19.5,19.85,19.37,19.48,1138600,19.48
"2007-07-03",19.61,19.99,19.59,19.77,440800,19.77
"2007-07-05",19.95,20.1,19.77,19.82,925800,19.82
"2007-07-06",19.84,20.48,19.84,20.39,1153000,20.39
"2007-07-09",20.5,20.7,20.31,20.43,1167000,20.43
"2007-07-10",20.41,20.84,20,20.12,1264800,20.12
"2007-07-11",20.24,20.24,19.9,20.01,785300,20.01
"2007-07-12",20.01,20.38,19.89,20.11,803200,20.11
"2007-07-13",20.02,20.45,20.02,20.14,663400,20.14
"2007-07-16",20.24,20.31,20,20.06,736100,20.06
"2007-07-17",20.03,20.3,20.01,20.21,646400,20.21
"2007-07-18",20.24,20.24,19.75,20.12,928300,20.12
"2007-07-19",20,20.23,19.75,19.94,741800,19.94
"2007-07-20",19.94,19.94,19.6,19.63,1373800,19.63
"2007-07-23",18.04,18.09,17.17,17.27,7675400,17.27
"2007-07-24",16.58,16.76,15.62,16.07,7726500,16.07
"2007-07-25",16.65,16.79,15.99,16.7,5364900,16.7
"2007-07-26",16.69,17.93,16.25,17.84,4779600,17.84
"2007-07-27",17.86,17.9,16.89,17.1,2900700,17.1
"2007-07-30",17.11,17.75,16.99,17.39,1947600,17.39
"2007-07-31",17.7,17.7,17.1,17.23,1379200,17.23
"2007-08-01",17.25,17.49,16.78,17.16,2030900,17.16
"2007-08-02",17.15,17.34,16.95,17.11,1322700,17.11
"2007-08-03",17.2,17.28,16.54,16.57,1237400,16.57
"2007-08-06",17.22,17.22,16.5,16.96,1602600,16.96
"2007-08-07",17.45,17.49,16.95,17.35,1483500,17.35
"2007-08-08",17.43,18.47,17.35,17.97,1845200,17.97
"2007-08-09",17.03,17.78,16.62,17.77,2614900,17.77
"2007-08-10",17.9,17.96,16.73,17.89,1532200,17.89
"2007-08-13",18,18.1,17.17,17.36,974200,17.36
"2007-08-14",17.33,17.86,17.21,17.46,759000,17.46
"2007-08-15",17.53,17.9,17.39,17.44,775300,17.44
"2007-08-16",17.15,18,16.68,16.9,1977300,16.9
"2007-08-17",17.95,17.95,17.01,17.24,1015300,17.24
"2007-08-20",17.49,17.49,16.79,17.17,787600,17.17
"2007-08-21",17.35,17.47,17.06,17.3,478300,17.3
"2007-08-22",17.49,17.52,17.13,17.43,656300,17.43
"2007-08-23",17.3,17.5,17,17.25,434100,17.25
"2007-08-24",17.19,17.82,17.1,17.8,903500,17.8
"2007-08-27",17.74,17.85,17.1,17.14,499500,17.14
"2007-08-28",17.16,17.56,16.95,16.98,664700,16.98
"2007-08-29",17.05,17.5,16.92,17.5,550800,17.5
"2007-08-30",17.27,17.49,17.05,17.2,707700,17.2
"2007-08-31",17.35,17.58,17.15,17.52,677900,17.52
"2007-09-04",17.98,18.72,17.68,18.14,1594900,18.14
"2007-09-05",18.06,18.14,17.6,17.92,590400,17.92
"2007-09-06",17.76,17.99,17.56,17.99,1072300,17.99
"2007-09-07",17.69,18.06,17.51,18.04,965300,18.04
"2007-09-10",18.01,18.02,17.25,17.4,907600,17.4
"2007-09-11",17.34,17.84,17.27,17.67,783300,17.67
"2007-09-12",17.6,17.66,17.31,17.36,386500,17.36
"2007-09-13",17.3,17.49,17.07,17.34,634600,17.34
"2007-09-14",17.26,17.8,17.17,17.72,683500,17.72
"2007-09-17",18.35,18.65,18.19,18.41,1442600,18.41
"2007-09-18",18.5,19.4,18.4,19.23,990500,19.23
"2007-09-19",19.5,19.67,19.26,19.64,1164700,19.64
"2007-09-20",19.2,19.55,19.14,19.48,1071300,19.48
"2007-09-21",19.75,19.75,18.74,19.19,2268500,19.19
"2007-09-24",19.2,19.56,19.1,19.29,909500,19.29
"2007-09-25",19.3,21.06,19.28,21.01,2579700,21.01
"2007-09-26",21,22.1,20.97,21.94,2267900,21.94
"2007-09-27",21.78,21.85,21.01,21.36,1699800,21.36
"2007-09-28",21.4,21.6,20.65,20.75,1237500,20.75
"2007-10-01",20.7,21.4,20.59,21.22,1361200,21.22
"2007-10-02",21.25,21.33,20.76,21.2,646100,21.2
"2007-10-03",21.02,21.28,20.8,21.08,516100,21.08
"2007-10-04",20.88,21.27,20.77,21.14,699700,21.14
"2007-10-05",21.23,22.22,21.2,22,935600,22
"2007-10-08",21.77,22.32,21.6,22.27,457900,22.27
"2007-10-09",22.25,23,22.17,22.79,1223300,22.79
"2007-10-10",22.67,23.67,22.53,23.42,1504900,23.42
"2007-10-11",23.41,24.02,22.63,22.91,1429700,22.91
"2007-10-12",22.85,23.34,22.79,23,604400,23
"2007-10-15",23.9,24.5,23.59,23.96,1647600,23.96
"2007-10-16",24.25,24.25,23.65,23.97,9e+05,23.97
"2007-10-17",23.8,24.3,23.64,24.28,607100,24.28
"2007-10-18",23.91,24.3,23.66,24.03,1132800,24.03
"2007-10-19",24.29,24.29,22.6,23.24,1599300,23.24
"2007-10-22",22.75,23.27,22.1,23.01,3045000,23.01
"2007-10-23",25.79,26.2,24.52,25.99,5497900,25.99
"2007-10-24",25.29,25.38,24.26,25.25,1863300,25.25
"2007-10-25",25.12,25.83,25.09,25.33,1381300,25.33
"2007-10-26",25.55,25.7,24.62,25.22,1560200,25.22
"2007-10-29",25.74,26.48,25.5,26.37,1110200,26.37
"2007-10-30",26.14,26.6,25.73,26.44,1722400,26.44
"2007-10-31",26.48,26.51,25.78,26.47,1541800,26.47
"2007-11-01",26.47,26.68,25.5,26.29,1486600,26.29
"2007-11-02",26.05,26.4,26,26.26,1274300,26.26
"2007-11-05",26.05,27,26.02,26.51,1096700,26.51
"2007-11-06",26.44,27.29,26.31,27.23,1110600,27.23
"2007-11-07",26.9,27.37,26.34,26.88,1064000,26.88
"2007-11-08",26.74,27.51,26.07,27.19,1521800,27.19
"2007-11-09",26.83,26.87,24.63,25.25,1989300,25.25
"2007-11-12",25.15,25.46,24.4,24.51,1311200,24.51
"2007-11-13",24.6,25.41,24.51,25.41,919000,25.41
"2007-11-14",25.59,25.6,24.72,24.84,1021000,24.84
"2007-11-15",24.72,24.84,23.92,24.06,997300,24.06
"2007-11-16",24.04,24.29,22.75,23.8,1658700,23.8
"2007-11-19",23.57,24,22.96,23.21,974000,23.21
"2007-11-20",22.93,23.18,22.15,22.63,1599400,22.63
"2007-11-21",22.52,22.57,21.52,21.55,1488400,21.55
"2007-11-23",21.73,21.9,21.26,21.75,879000,21.75
"2007-11-26",21.75,22.19,21.43,21.47,923700,21.47
"2007-11-27",21.61,22.35,21.5,22.34,958200,22.34
"2007-11-28",22.5,23.24,22.4,23.01,1345400,23.01
"2007-11-29",22.82,23.53,22.82,23.12,944700,23.12
"2007-11-30",23.55,23.94,22.57,23.1,1257100,23.1
"2007-12-03",24,24.8,23.57,23.78,1305400,23.78
"2007-12-04",23.78,23.92,23.05,23.75,811600,23.75
"2007-12-05",23.32,23.96,23.05,23.93,1486600,23.93
"2007-12-06",23.48,23.9,23.32,23.9,976000,23.9
"2007-12-07",23.89,23.93,23.44,23.57,829100,23.57
"2007-12-10",23.59,23.71,23.44,23.49,612100,23.49
"2007-12-11",23.5,23.9,23.1,23.3,968500,23.3
"2007-12-12",23.75,23.94,22.88,23.16,763300,23.16
"2007-12-13",22.89,23.04,22.51,23.04,737200,23.04
"2007-12-14",22.96,23.84,22.53,23.52,1383500,23.52
"2007-12-17",23.31,23.63,23.01,23.1,526900,23.1
"2007-12-18",23.27,24.27,22.97,24.18,705000,24.18
"2007-12-19",24.08,24.91,23.86,24.87,917800,24.87
"2007-12-20",25.02,27.5,24.66,27.24,3200000,27.24
"2007-12-21",27.89,29.14,27.71,28.1,3643000,28.1
"2007-12-24",28.1,28.62,27.71,27.91,552000,27.91
"2007-12-26",27.71,29.02,27.71,28.7,901700,28.7
"2007-12-27",28,28.24,27,27.45,1659400,27.45
"2007-12-28",27.45,27.71,26.29,26.93,1076700,26.93
"2007-12-31",26.95,27.28,25.91,26.62,1487900,26.62
"2008-01-02",26.56,27.25,25.64,26.35,1789700,26.35
"2008-01-03",27.94,28.3,25.65,26.07,3048600,26.07
"2008-01-04",26.04,26.57,24.35,24.61,2457500,24.61
"2008-01-07",24.71,24.95,23.7,24.88,1813400,24.88
"2008-01-08",24.8,24.87,22.73,23.3,2070000,23.3
"2008-01-09",23.21,23.5,21.68,23,2171500,23
"2008-01-10",22.64,25,22.27,24.7,1911300,24.7
"2008-01-11",24.5,24.65,23.41,23.41,1283100,23.41
"2008-01-14",23.86,24.45,22.73,22.77,2309400,22.77
"2008-01-15",22.62,23.15,20.71,22.05,5413600,22.05
"2008-01-16",21.55,22.56,21,22.07,2565200,22.07
"2008-01-17",21.92,22.59,21.61,21.77,1692000,21.77
"2008-01-18",21.81,22.67,21.55,21.85,1785200,21.85
"2008-01-22",21.23,22.73,20.35,22.23,2018200,22.23
"2008-01-23",22.05,23.8,21,23.76,4195800,23.76
"2008-01-24",23.64,23.75,21.47,21.94,5561000,21.94
"2008-01-25",22.28,22.71,21.12,21.77,2837900,21.77
"2008-01-28",22.14,23,21.56,22.99,1664300,22.99
"2008-01-29",23.07,23.26,22.68,23.16,1011800,23.16
"2008-01-30",23.37,23.51,22.55,22.94,1329600,22.94
"2008-01-31",22.55,25.35,22.11,25.15,3317700,25.15
"2008-02-01",24.81,25.6,24.57,25.39,1803300,25.39
"2008-02-04",25.39,26.16,25.29,25.89,1697700,25.89
"2008-02-05",25.48,25.75,24.81,25.26,1277900,25.26
"2008-02-06",25.8,26.9,25.39,26.02,2158200,26.02
"2008-02-07",25.61,26.88,25.61,26.85,2395300,26.85
"2008-02-08",26.45,27,26.03,26.88,1550100,26.88
"2008-02-11",26.96,27.05,26.74,26.89,1370700,26.89
"2008-02-12",26.99,27.27,26.51,26.9,1061100,26.9
"2008-02-13",27.07,27.35,26.67,27.31,1014200,27.31
"2008-02-14",26.92,27.16,26.33,26.75,896200,26.75
"2008-02-15",26.55,26.77,26.06,26.6,962100,26.6
"2008-02-19",26.33,27.6,25.78,26.79,1405600,26.79
"2008-02-20",26.47,27.81,26.26,27.47,1830800,27.47
"2008-02-21",27.5,27.99,27.33,27.87,1016000,27.87
"2008-02-22",27.7,27.99,27.37,27.8,820000,27.8
"2008-02-25",27.71,28.2,27.7,28,971700,28
"2008-02-26",27.81,29.5,27.81,29,2370300,29
"2008-02-27",30.59,32.54,30,32.43,5897600,32.43
"2008-02-28",31.62,34.31,31.5,31.54,5026100,31.54
"2008-02-29",31.83,32,30.12,31.58,2396400,31.58
"2008-03-03",31.75,31.98,30.64,30.94,1856400,30.94
"2008-03-04",30.56,31.57,30.32,31.52,1276500,31.52
"2008-03-05",31.68,32.61,31.39,32.1,1733700,32.1
"2008-03-06",31.66,31.83,30.62,30.62,1292900,30.62
"2008-03-07",30.52,31.74,30.15,31.26,1514400,31.26
"2008-03-10",32,33.43,31.5,33.21,2045000,33.21
"2008-03-11",33.5,34.2,32.25,33.08,2570000,33.08
"2008-03-12",33.15,34.5,33.15,34.04,2270600,34.04
"2008-03-13",33.56,34.33,32.55,34.21,1435000,34.21
"2008-03-14",34.35,34.5,32.86,33.26,1136500,33.26
"2008-03-17",32.81,33.7,32.33,32.99,1328700,32.99
"2008-03-18",33.76,35,33.48,35,1773200,35
"2008-03-19",34.99,36.03,34.62,34.87,1871400,34.87
"2008-03-20",38,38,35.76,36.24,3360600,36.24
"2008-03-24",37.34,39.65,36.84,38.17,2408000,38.17
"2008-03-25",38.44,38.65,36.86,37.12,1714500,37.12
"2008-03-26",37,37.91,36.3,37.86,1564100,37.86
"2008-03-27",37.22,37.41,35.14,36.36,1829900,36.36
"2008-03-28",36.34,37.37,35.29,35.59,1315700,35.59
"2008-03-31",36.17,36.35,33.88,34.65,2075400,34.65
"2008-04-01",35.5,36.9,34.4,36.51,2310500,36.51
"2008-04-02",36.15,37,35.74,36.35,1371300,36.35
"2008-04-03",35.8,38.14,35.75,37.33,1284300,37.33
"2008-04-04",37.5,37.5,35.92,36.21,982500,36.21
"2008-04-07",36.62,36.62,35.24,35.9,765400,35.9
"2008-04-08",36.51,37.06,35.41,36.9,922500,36.9
"2008-04-09",37.09,37.09,36.03,36.42,1140400,36.42
"2008-04-10",36.06,37.03,35.83,36.57,789400,36.57
"2008-04-11",36.25,36.54,35.11,35.51,1126800,35.51
"2008-04-14",36,36.39,35.45,35.78,973000,35.78
"2008-04-15",36,36.48,35.56,36.48,817300,36.48
"2008-04-16",36.83,39.11,36.52,38.97,2204800,38.97
"2008-04-17",38.9,40.88,38.4,40.7,3415500,40.7
"2008-04-18",40.73,40.9,38.31,38.56,2120200,38.56
"2008-04-21",38.56,40.63,38.56,39.32,3167500,39.32
"2008-04-22",33.71,33.75,29.45,30,10461700,30
"2008-04-23",30.12,31.5,29.7,31.26,2878200,31.26
"2008-04-24",31.06,33.25,31.01,33.02,1971600,33.02
"2008-04-25",33.17,34,33,33.96,1451300,33.96
"2008-04-28",33.18,33.55,32.6,33.06,1485100,33.06
"2008-04-29",32.65,32.94,31.85,32.18,1033300,32.18
"2008-04-30",32.02,32.42,31.19,31.98,1558000,31.98
"2008-05-01",31.67,31.98,30.34,31,2474800,31
"2008-05-02",31.06,31.45,30.62,31.1,1100500,31.1
"2008-05-05",31.25,31.68,30.6,31,1189000,31
"2008-05-06",30.9,31.02,30.46,30.94,713800,30.94
"2008-05-07",30.7,31.19,30,30.16,958200,30.16
"2008-05-08",30.31,30.79,29.73,30.15,1428100,30.15
"2008-05-09",30.01,30.74,30,30.72,699200,30.72
"2008-05-12",30.7,31.71,30.5,30.71,1511300,30.71
"2008-05-13",30.63,30.82,30.1,30.66,913000,30.66
"2008-05-14",30.66,31.1,30.25,30.4,1098000,30.4
"2008-05-15",30.23,30.47,29.56,29.93,2181900,29.93
"2008-05-16",30.19,31.92,30.01,31.66,2114500,31.66
"2008-05-19",31.54,32.45,30.66,30.98,1274300,30.98
"2008-05-20",32.87,34.35,31.3,31.63,4480900,31.63
"2008-05-21",32.18,32.5,31.54,31.69,1875100,31.69
"2008-05-22",31.56,31.81,30.85,31.71,1330500,31.71
"2008-05-23",31.55,31.65,30.12,31.21,1384100,31.21
"2008-05-27",31.22,32.03,31.02,32.03,800300,32.03
"2008-05-28",32.02,32.4,30.95,31.12,1862300,31.12
"2008-05-29",30.24,31.12,29.81,30.35,2266100,30.35
"2008-05-30",30.46,30.86,30.11,30.36,1267300,30.36
"2008-06-02",30.34,30.95,30.34,30.89,1114500,30.89
"2008-06-03",31,32.06,31,31.87,1363400,31.87
"2008-06-04",31.67,32.48,31.52,32.37,953100,32.37
"2008-06-05",32.26,34,31.86,33.17,1530700,33.17
"2008-06-06",32.84,32.84,31.75,31.82,957700,31.82
"2008-06-09",31.82,32,30.39,31.13,983600,31.13
"2008-06-10",30.75,31.35,30.44,30.63,653500,30.63
"2008-06-11",30.55,31.14,30.2,30.23,716000,30.23
"2008-06-12",30.27,31.38,30.27,31.01,628200,31.01
"2008-06-13",31.36,32.27,31.33,32.22,674900,32.22
"2008-06-16",32,32.08,31.44,31.92,507500,31.92
"2008-06-17",31.95,31.95,31.28,31.3,435900,31.3
"2008-06-18",31.11,31.18,30,30.18,992900,30.18
"2008-06-19",30.02,32.19,29.77,32.1,1208700,32.1
"2008-06-20",32.26,32.26,30.91,31.4,1110800,31.4
"2008-06-23",31.5,31.51,29.53,29.61,1310900,29.61
"2008-06-24",29.74,30.25,28.56,29,1537300,29
"2008-06-25",29.15,29.88,29.01,29.6,899700,29.6
"2008-06-26",29.5,29.74,28.68,28.78,1239200,28.78
"2008-06-27",28.72,28.72,26.31,26.74,2107900,26.74
"2008-06-30",26.51,27,26.04,26.07,1164200,26.07
"2008-07-01",26.8,27.57,26.44,27.1,2517100,27.1
"2008-07-02",27.01,27.32,26.7,27.25,1886400,27.25
"2008-07-03",27,27.79,26.91,27.28,1543800,27.28
"2008-07-07",27.5,28.39,27.35,28.25,1633500,28.25
"2008-07-08",28.34,28.63,27.66,28.41,1434700,28.41
"2008-07-09",28.41,29.05,28.41,28.62,1524900,28.62
"2008-07-10",28.47,28.86,27.54,27.85,1190100,27.85
"2008-07-11",27.52,27.84,26.39,27.21,1230800,27.21
"2008-07-14",27.31,28.32,26.9,27.81,2492200,27.81
"2008-07-15",27.61,28.22,27.1,27.71,1779200,27.71
"2008-07-16",27.46,28.31,27.46,28.11,1312200,28.11
"2008-07-17",27.97,28.21,26.9,27.78,1370700,27.78
"2008-07-18",27.81,27.95,26.93,27.1,1389000,27.1
"2008-07-21",27.03,27.45,26.82,27.35,1283900,27.35
"2008-07-22",27.36,27.69,27.02,27.22,2397600,27.22
"2008-07-23",27.19,28.2,27.19,27.98,1507700,27.98
"2008-07-24",27.63,27.74,26.67,26.73,1846200,26.73
"2008-07-25",28.39,28.81,26.83,27.85,3882300,27.85
"2008-07-28",28,28.96,27.81,28.63,1864500,28.63
"2008-07-29",28.89,31.14,28.74,31.04,2811600,31.04
"2008-07-30",30.95,31.37,30.12,30.53,1316700,30.53
"2008-07-31",30.38,31.32,30.28,30.89,2044500,30.89
"2008-08-01",30.55,30.7,28.84,29.22,2519400,29.22
"2008-08-04",29.66,30.11,29.6,29.83,1692000,29.83
"2008-08-05",30.29,30.29,29.5,29.89,1180400,29.89
"2008-08-06",29.78,30.26,29.68,30,1111200,30
"2008-08-07",29.65,30.86,29.65,30.46,1445500,30.46
"2008-08-08",30.5,31.62,30.5,31.05,1312600,31.05
"2008-08-11",30.84,32.39,30.72,32.2,2001600,32.2
"2008-08-12",32.33,32.33,30.49,30.81,1253400,30.81
"2008-08-13",30.68,31.16,30.27,31.16,1332900,31.16
"2008-08-14",30.9,32.16,30.61,31.84,1951000,31.84
"2008-08-15",32.03,32.57,31.04,31.26,1393000,31.26
"2008-08-18",31.33,31.47,30.4,30.59,1098700,30.59
"2008-08-19",30.43,30.64,29.91,30.11,862400,30.11
"2008-08-20",30.16,30.69,29.91,30.52,729600,30.52
"2008-08-21",29.95,30.44,29.9,30,769600,30
"2008-08-22",30.1,30.78,30.02,30.65,763500,30.65
"2008-08-25",30.44,30.63,29.87,29.94,815700,29.94
"2008-08-26",29.92,30.5,29.84,30.09,1466100,30.09
"2008-08-27",29.91,31,29.88,30.64,898900,30.64
"2008-08-28",30.34,31.48,30.34,31.12,1239400,31.12
"2008-08-29",31.14,31.44,30.55,30.84,619100,30.84
"2008-09-02",31.17,32,30.53,30.84,1276900,30.84
"2008-09-03",31.08,31.71,30.66,30.91,772800,30.91
"2008-09-04",30.64,31.3,29.65,29.87,1885000,29.87
"2008-09-05",29.44,29.83,28.53,29.66,1560500,29.66
"2008-09-08",30.17,30.81,29.59,30.15,1591800,30.15
"2008-09-09",30.08,30.4,28.73,28.74,1330800,28.74
"2008-09-10",29.02,29.15,28.44,28.75,1252800,28.75
"2008-09-11",28.18,29.01,27.58,28.83,1195900,28.83
"2008-09-12",28.33,29.7,28.32,29.45,1054500,29.45
"2008-09-15",29.18,30.18,27.98,28.11,942000,28.11
"2008-09-16",27.74,28.75,27.47,28.46,1543100,28.46
"2008-09-17",28.32,29.8,28,28.86,1635400,28.86
"2008-09-18",28.56,31.18,28.56,31.04,2602400,31.04
"2008-09-19",32,33.97,30.88,31.94,2137000,31.94
"2008-09-22",31.4,32.2,31.08,31.71,996000,31.71
"2008-09-23",31.84,32.5,31.31,31.53,834400,31.53
"2008-09-24",31.51,32.42,30.55,31.77,844300,31.77
"2008-09-25",31.89,33.1,31.31,32.97,888100,32.97
"2008-09-26",32.26,32.94,31.51,32.87,559200,32.87
"2008-09-29",32.32,32.91,31.1,31.6,1147000,31.6
"2008-09-30",32.02,32.49,29.78,30.88,1528600,30.88
"2008-10-01",30.33,30.67,29.58,30.04,928800,30.04
"2008-10-02",29.8,30,28.31,29.3,747600,29.3
"2008-10-03",29.21,31,28.7,28.97,716200,28.97
"2008-10-06",26,26.81,25.19,26.49,4012600,26.49
"2008-10-07",26.82,26.87,21.85,22.31,1783700,22.31
"2008-10-08",21.93,23.76,21.5,22.74,1985000,22.74
"2008-10-09",22.75,24.1,22.7,22.94,1788800,22.94
"2008-10-10",22.31,24.85,21.62,24.29,1366500,24.29
"2008-10-13",25.26,26.2,24.89,25.4,1191700,25.4
"2008-10-14",26.26,26.34,23.66,24.04,1375900,24.04
"2008-10-15",23.89,24.18,22.51,22.51,761200,22.51
"2008-10-16",22.92,23.61,21.69,23.45,1372100,23.45
"2008-10-17",22.66,24.37,22.49,23.3,943500,23.3
"2008-10-20",24.04,24.69,22.46,23.8,1300700,23.8
"2008-10-21",23.5,23.5,20.72,20.85,2128700,20.85
"2008-10-22",20.76,21.28,20.04,20.7,1779200,20.7
"2008-10-23",20.26,21.15,20.08,20.79,1650100,20.79
"2008-10-24",20.01,20.24,18.86,18.95,1722100,18.95
"2008-10-27",18.99,19.72,17.9,17.94,1476600,17.94
"2008-10-28",18.34,20.59,18.05,20.57,2113900,20.57
"2008-10-29",20.37,23,20,21.76,1466900,21.76
"2008-10-30",22.95,23.3,21.89,22.78,1214200,22.78
"2008-10-31",22.85,25.47,22.39,24.76,1524800,24.76
"2008-11-03",24.52,24.81,23.09,23.36,1351500,23.36
"2008-11-04",23.7,24.34,23,24.03,775800,24.03
"2008-11-05",24,24.1,22.92,22.99,832800,22.99
"2008-11-06",22.49,22.9,21.38,21.48,962800,21.48
"2008-11-07",21.55,22.23,21.26,21.86,784400,21.86
"2008-11-10",22.2,22.68,21.19,21.53,435100,21.53
"2008-11-11",21.44,22.67,20.83,22.02,637900,22.02
"2008-11-12",21.74,21.96,20.6,20.7,621500,20.7
"2008-11-13",20.54,24.49,20.54,24.36,1930200,24.36
"2008-11-14",23.91,24.12,21.98,22.03,1293600,22.03
"2008-11-17",22.09,22.1,21.03,21.25,1025100,21.25
"2008-11-18",21.43,22,20.6,21.45,958900,21.45
"2008-11-19",21.49,22.09,20.52,20.55,1028300,20.55
"2008-11-20",20.25,20.53,18.6,18.72,1715200,18.72
"2008-11-21",19,20.06,18.23,19.99,1615800,19.99
"2008-11-24",20.11,22.69,19.92,22.21,1972900,22.21
"2008-11-25",22,22.21,20.58,21.63,1030600,21.63
"2008-11-26",21.3,23.15,21.3,22.87,1145600,22.87
"2008-11-28",22.33,23.02,22.12,22.98,397300,22.98
"2008-12-01",22.2,22.8,21.79,22.04,1007800,22.04
"2008-12-02",22.39,23.58,22.08,23.21,983400,23.21
"2008-12-03",22.62,23.95,22.53,23.81,884200,23.81
"2008-12-04",22.99,24.45,22.65,23.17,961000,23.17
"2008-12-05",23.05,25.42,22.58,25.27,1298300,25.27
"2008-12-08",25,25.75,24.56,25.51,1394800,25.51
"2008-12-09",25.19,29.07,25.01,28.09,2556400,28.09
"2008-12-10",28.29,28.96,27.73,28.48,1282800,28.48
"2008-12-11",27.85,29.1,27.34,28.14,1795700,28.14
"2008-12-12",28.34,28.76,27.23,28.51,781700,28.51
"2008-12-15",27.5,28.84,27.5,28.49,688800,28.49
"2008-12-16",29,29.75,28.22,28.65,1402400,28.65
"2008-12-17",28.54,29.09,27.91,28.79,857800,28.79
"2008-12-18",28.6,28.91,27.75,28.24,766600,28.24
"2008-12-19",28.78,29,27.32,27.69,2210200,27.69
"2008-12-22",28.27,28.3,27.02,27.92,1185300,27.92
"2008-12-23",27.95,28.2,26.82,27.15,857900,27.15
"2008-12-24",27.08,27.63,27.01,27.41,307200,27.41
"2008-12-26",27.13,28.48,27,28.46,351100,28.46
"2008-12-29",28.74,30.01,27.5,27.93,1238500,27.93
"2008-12-30",28.27,28.74,27.91,28.66,473400,28.66
"2008-12-31",28.76,30.36,28.55,29.89,885800,29.89
"2009-01-02",29.52,30.5,29.4,29.87,943600,29.87
"2009-01-05",30.29,31.94,30.12,31.94,1863500,31.94
"2009-01-06",32.14,33.25,32.13,32.94,1723700,32.94
"2009-01-07",33.01,33.14,32,32.71,1447700,32.71
"2009-01-08",32.33,33.58,31.4,33.15,1167900,33.15
"2009-01-09",33.39,33.39,32.16,32.26,812300,32.26
"2009-01-12",32.21,32.52,31,31.21,932100,31.21
"2009-01-13",31.03,31.71,30.25,30.94,1117600,30.94
"2009-01-14",30.54,30.93,28.78,29.54,1292200,29.54
"2009-01-15",29.28,32.33,28.87,31.62,1058300,31.62
"2009-01-16",31.93,31.93,30.25,31.26,950800,31.26
"2009-01-20",31,31.41,29.66,29.83,800900,29.83
"2009-01-21",30.28,30.89,29.32,30.69,1152000,30.69
"2009-01-22",29.85,31.3,29.46,30.84,1024700,30.84
"2009-01-23",30.32,30.98,30.07,30.44,1347800,30.44
"2009-01-26",30.4,31.2,29.11,30.15,2237100,30.15
"2009-01-27",33.04,35.35,32.92,34.82,8594200,34.82
"2009-01-28",34.99,36.22,34.91,36.16,2628200,36.16
"2009-01-29",35.4,37.9,35.26,36.88,3467800,36.88
"2009-01-30",35.95,36.77,35.32,36.14,2676700,36.14
"2009-02-02",35.56,37.6,35.56,36.95,2205300,36.95
"2009-02-03",36.89,37.23,36,36.74,2453600,36.74
"2009-02-04",37,37.95,36.21,36.85,2078200,36.85
"2009-02-05",35.6,37.51,35.6,37.47,2035500,37.47
"2009-02-06",36.82,37.11,35.72,37,3020800,37
"2009-02-09",36.84,37,35.92,36.94,1570200,36.94
"2009-02-10",36.61,37.5,36.05,36.17,2340600,36.17
"2009-02-11",36.01,36.48,34.81,36.17,1900300,36.17
"2009-02-12",36.7,38,36.59,37.93,2930200,37.93
"2009-02-13",38,38.83,37.65,38.54,2858400,38.54
"2009-02-17",38.01,38.44,36.97,37.22,2171200,37.22
"2009-02-18",37.39,37.63,36.3,37,1886900,37
"2009-02-19",36.66,38.36,36.66,37.09,2128200,37.09
"2009-02-20",36.63,37.77,36.56,36.8,1630100,36.8
"2009-02-23",36.86,36.92,35.38,35.58,2060500,35.58
"2009-02-24",35.62,36.33,35.4,36.06,2034900,36.06
"2009-02-25",36.59,37.15,35.38,35.79,2269700,35.79
"2009-02-26",35.51,36.75,34.9,35.78,1538100,35.78
"2009-02-27",35.78,36.8,35.25,36.24,1285100,36.24
"2009-03-02",35.4,35.99,34.01,34.35,2269300,34.35
"2009-03-03",34.29,39.12,34.11,36.36,7391500,36.36
"2009-03-04",37.08,38.21,36.09,37.71,2070000,37.71
"2009-03-05",36.72,38.64,36.68,37.9,1619300,37.9
"2009-03-06",38.48,38.8,36.91,38.18,1247100,38.18
"2009-03-09",38.21,39.87,38.04,38.5,1692700,38.5
"2009-03-10",39.21,39.79,38.2,38.5,2333900,38.5
"2009-03-11",38.59,38.85,37,37.49,1575800,37.49
"2009-03-12",36.81,40,36.5,39.96,2011500,39.96
"2009-03-13",39.93,40,38.78,39.37,1362800,39.37
"2009-03-16",39.68,40.35,38.58,38.66,1717700,38.66
"2009-03-17",38.75,40.79,38.11,40.79,1700500,40.79
"2009-03-18",40.7,42.45,40.15,41.62,2336500,41.62
"2009-03-19",42.45,42.45,41.24,41.51,1730800,41.51
"2009-03-20",41.81,42.26,40.74,41.65,1873900,41.65
"2009-03-23",41.65,43.4,40.6,43.4,2091400,43.4
"2009-03-24",43.02,44.42,42.95,43.42,1743600,43.42
"2009-03-25",43.23,43.8,40.4,41.56,2669500,41.56
"2009-03-26",41.71,42.38,41.39,41.75,2065700,41.75
"2009-03-27",41.24,41.24,39.41,39.68,1576500,39.68
"2009-03-30",39.51,42.34,39.05,42.03,2770900,42.03
"2009-03-31",42.21,43.97,41.67,42.92,1816900,42.92
"2009-04-01",42.78,43.98,42.12,42.87,1489700,42.87
"2009-04-02",43.77,43.93,42.99,43.13,1578400,43.13
"2009-04-03",43.07,43.85,42.57,43.07,1029400,43.07
"2009-04-06",42.99,44.64,42.7,44.5,1786700,44.5
"2009-04-07",44.45,44.9,43.59,43.7,1173800,43.7
"2009-04-08",44.11,44.67,43.92,44.28,939500,44.28
"2009-04-09",44.54,46.99,44.2,46.95,1973000,46.95
"2009-04-13",46.95,50.24,46.4,49.42,3807600,49.42
"2009-04-14",48.63,48.8,47.46,47.8,2422500,47.8
"2009-04-15",47.3,47.66,45.62,46.59,1559000,46.59
"2009-04-16",46.75,48.64,46.29,48.27,1403600,48.27
"2009-04-17",48.1,49.11,47.51,48.83,1283700,48.83
"2009-04-20",48.78,49.71,47.92,49.61,1521500,49.61
"2009-04-21",49.44,49.49,44.78,46.6,3509000,46.6
"2009-04-22",46.08,47.82,45.33,45.88,1812200,45.88
"2009-04-23",45.78,45.98,43.51,45.32,3510900,45.32
"2009-04-24",43.53,43.84,42.08,42.73,4297500,42.73
"2009-04-27",43.94,46.8,43.62,46.37,4192100,46.37
"2009-04-28",45.76,47.63,45,46.18,2363700,46.18
"2009-04-29",45.5,46,44.95,45.23,2556100,45.23
"2009-04-30",45.32,46.95,45.16,45.31,1749600,45.31
"2009-05-01",45.25,45.4,44.23,44.48,1046900,44.48
"2009-05-04",44.52,45.83,44.15,44.94,1133800,44.94
"2009-05-05",44.93,45.49,44.5,45.11,1001100,45.11
"2009-05-06",45.14,45.47,41.75,42.99,2336000,42.99
"2009-05-07",42.54,43.3,38.68,39.97,3596200,39.97
"2009-05-08",40.02,40.6,37.79,40.22,3559000,40.22
"2009-05-11",39.54,40,38.18,39.6,1855800,39.6
"2009-05-12",39.65,40.64,38.8,40.33,1866800,40.33
"2009-05-13",40,40,36.84,37.65,2922800,37.65
"2009-05-14",37.42,37.54,36.25,37.08,2036500,37.08
"2009-05-15",37.65,39.38,36.53,38.5,2368000,38.5
"2009-05-18",38.99,39.4,38.01,38.77,1728300,38.77
"2009-05-19",39.12,40.29,38.85,39.63,1975700,39.63
"2009-05-20",40.21,41.8,40,40.25,2256100,40.25
"2009-05-21",40,40.64,38.54,39.11,1423500,39.11
"2009-05-22",39.55,39.86,38.6,38.8,608800,38.8
"2009-05-26",38.6,40.41,38.5,40.09,1162300,40.09
"2009-05-27",40.05,40.4,38.86,38.93,1327800,38.93
"2009-05-28",38.72,39.27,37.68,38.54,1155200,38.54
"2009-05-29",38.78,39.59,38.05,39.42,1956000,39.42
"2009-06-01",39.99,41.2,39.73,40.94,1388300,40.94
"2009-06-02",40.84,41.9,40.11,41.17,1368300,41.17
"2009-06-03",40.88,41.23,39.84,40.5,1058900,40.5
"2009-06-04",40.35,40.94,39.5,40.71,1350800,40.71
"2009-06-05",40.3,40.33,38.65,39.19,1461800,39.19
"2009-06-08",38.85,39.2,38.03,38.81,1203000,38.81
"2009-06-09",39.27,39.63,38.92,39.01,1144300,39.01
"2009-06-10",39.57,39.59,37.61,37.86,1992800,37.86
"2009-06-11",37.8,38.85,37.44,37.74,1223600,37.74
"2009-06-12",37.53,37.97,37.05,37.84,1071200,37.84
"2009-06-15",37.46,38.54,37.05,38.16,2011400,38.16
"2009-06-16",38.32,38.53,37.51,37.83,1710000,37.83
"2009-06-17",39.5,41.09,39.12,40.4,3076300,40.4
"2009-06-18",41,41.58,40.2,41.31,1767600,41.31
"2009-06-19",41.43,42.81,41.42,41.59,2273600,41.59
"2009-06-22",41.35,41.35,39.55,40.55,1765200,40.55
"2009-06-23",40,40.2,39.02,39.57,1138400,39.57
"2009-06-24",39.78,40.22,39.34,39.59,1193000,39.59
"2009-06-25",39.39,41.18,39.14,41.11,1299600,41.11
"2009-06-26",41.32,42.68,40.35,40.37,6923000,40.37
"2009-06-29",40.58,41.79,40.2,41.2,1232600,41.2
"2009-06-30",41.49,41.78,39.91,41.34,1627400,41.34
"2009-07-01",41.58,42.47,40.46,40.62,1230500,40.62
"2009-07-02",40.92,41,39.71,39.92,1004400,39.92
"2009-07-06",39.49,40.37,39.16,39.78,1130300,39.78
"2009-07-07",39.75,40.25,38.68,38.8,1030900,38.8
"2009-07-08",38.65,38.87,37.93,38.7,1088200,38.7
"2009-07-09",39.31,40.14,39.12,39.95,1726300,39.95
"2009-07-10",39.38,40.37,39.38,40.07,750700,40.07
"2009-07-13",40,43.07,39.86,42.19,4241500,42.19
"2009-07-14",42.43,43.55,41.8,43.3,1995400,43.3
"2009-07-15",43.81,44.42,43.31,44.41,1346400,44.41
"2009-07-16",43.8,44.27,43.13,44.13,1231700,44.13
"2009-07-17",44.12,44.63,43.74,44.14,1186600,44.14
"2009-07-20",44.51,44.98,43.63,44.82,1383000,44.82
"2009-07-21",44.83,44.99,43.34,44.78,1304100,44.78
"2009-07-22",44.65,45.83,44.51,45.28,1404800,45.28
"2009-07-23",45.83,47.69,45.55,46.46,2865800,46.46
"2009-07-24",44.25,44.57,41.89,42.2,5102800,42.2
"2009-07-27",42.11,42.28,40.92,41.7,2214900,41.7
"2009-07-28",40.89,42.47,40.75,42.34,1668900,42.34
"2009-07-29",42.1,43.22,42,42.7,1226700,42.7
"2009-07-30",42.57,44.13,42.54,43.61,1460900,43.61
"2009-07-31",43.36,44.44,43.35,43.94,1090000,43.94
"2009-08-03",44.35,44.97,43.81,44.97,1206300,44.97
"2009-08-04",44.8,44.9,43.65,44.18,1216900,44.18
"2009-08-05",44.37,44.5,43.72,44.31,917100,44.31
"2009-08-06",44,44.49,43.4,43.5,1102300,43.5
"2009-08-07",44.3,45.2,43.81,45,1311600,45
"2009-08-10",44.88,45.93,44.56,45.8,1077400,45.8
"2009-08-11",45.85,46.32,45.6,46.09,842300,46.09
"2009-08-12",46.1,46.6,45.39,46.28,879600,46.28
"2009-08-13",46.02,46.67,45.12,46.28,751900,46.28
"2009-08-14",46.09,46.16,44.18,44.49,1132500,44.49
"2009-08-17",43.79,43.79,42.51,43.11,896000,43.11
"2009-08-18",43.08,43.64,42.87,43.55,611200,43.55
"2009-08-19",43.8,45.75,43.72,44.87,1397200,44.87
"2009-08-20",44.67,45.6,44.61,44.98,976700,44.98
"2009-08-21",45.41,45.6,44.95,45.1,1218000,45.1
"2009-08-24",45.32,45.85,44.3,44.32,1128700,44.32
"2009-08-25",44.82,44.9,44.24,44.46,1024100,44.46
"2009-08-26",44.32,44.76,43.78,43.97,811500,43.97
"2009-08-27",43.69,44.05,42.87,43.75,1383800,43.75
"2009-08-28",44.53,44.89,44.04,44.22,1029300,44.22
"2009-08-31",44.14,44.63,43.22,43.63,811200,43.63
"2009-09-01",43.19,44.39,41.67,42.15,1565000,42.15
"2009-09-02",41.69,42.42,41.64,41.78,928300,41.78
"2009-09-03",41.31,41.5,39.27,40.29,2784900,40.29
"2009-09-04",40.08,41.14,40,40.95,1220300,40.95
"2009-09-08",41.3,41.83,40.8,41.48,1044000,41.48
"2009-09-09",41.4,43.97,41.4,43.23,2535300,43.23
"2009-09-10",43.01,44.75,43.01,43.5,1486300,43.5
"2009-09-11",43.76,43.85,42.46,42.66,971100,42.66
"2009-09-14",42.55,43.35,41.88,43.28,808100,43.28
"2009-09-15",43.96,45,43.2,44.97,1470500,44.97
"2009-09-16",45.29,47,45.25,46.8,1807600,46.8
"2009-09-17",46.31,47.05,46.06,46.44,933300,46.44
"2009-09-18",46.1,47.46,45.74,47.4,1759800,47.4
"2009-09-21",46.67,47.89,46.58,47.5,1167900,47.5
"2009-09-22",47.9,48.2,47.32,47.73,912400,47.73
"2009-09-23",47.95,47.99,46.8,46.85,725700,46.85
"2009-09-24",47.15,47.15,46.18,46.62,533400,46.62
"2009-09-25",46.3,46.94,46,46.26,615500,46.26
"2009-09-28",46.14,46.89,45.52,45.97,1287500,45.97
"2009-09-29",46.02,47.21,45.7,46.26,1391400,46.26
"2009-09-30",46.81,47.12,45.49,46.17,959200,46.17
"2009-10-01",45.75,45.93,44.32,44.62,1211400,44.62
"2009-10-02",44.54,45.83,44.3,44.72,824800,44.72
"2009-10-05",45,45.74,44.76,45.42,1150000,45.42
"2009-10-06",45.47,46.25,45.46,46.17,900700,46.17
"2009-10-07",46.02,46.62,45.86,46.25,557800,46.25
"2009-10-08",46.13,46.92,45.85,46.04,963900,46.04
"2009-10-09",46.34,46.92,46.12,46.91,687200,46.91
"2009-10-12",46.98,47.78,45.96,46.06,1055800,46.06
"2009-10-13",46.06,46.96,45.94,46.49,644900,46.49
"2009-10-14",46.92,48.09,46.56,48.07,1093600,48.07
"2009-10-15",47.28,50.93,47.28,50.35,2645800,50.35
"2009-10-16",49.56,49.85,48.03,48.99,1181300,48.99
"2009-10-19",49.85,50.43,49.07,49.8,797200,49.8
"2009-10-20",50.59,50.74,48.79,48.96,1108000,48.96
"2009-10-21",49.04,49.49,47.78,47.85,978200,47.85
"2009-10-22",48.07,49.72,47.56,49.63,1258200,49.63
"2009-10-23",49.81,57.5,49.73,54.89,7255400,54.89
"2009-10-26",55.76,56.75,55.02,55.17,1616600,55.17
"2009-10-27",55.23,55.43,54.1,54.24,1322700,54.24
"2009-10-28",54.79,55.34,53.02,53.54,1585000,53.54
"2009-10-29",53.69,55.35,53,55.32,1407500,55.32
"2009-10-30",55.01,55.99,53.34,53.45,1341100,53.45
"2009-11-02",53.18,54.38,52.6,53.8,839800,53.8
"2009-11-03",53.17,54.3,52.61,53.75,1534000,53.75
"2009-11-04",54.09,55,54,54.16,1104000,54.16
"2009-11-05",53.94,56.83,53.59,56.39,1916100,56.39
"2009-11-06",54.96,56.02,54,55.86,1715000,55.86
"2009-11-09",55.64,57.47,55.5,57.2,1219300,57.2
"2009-11-10",56.91,59.38,56.77,58.4,1884000,58.4
"2009-11-11",59.11,59.89,58.44,59.44,1496000,59.44
"2009-11-12",59.45,59.84,58.05,58.19,741000,58.19
"2009-11-13",58.25,59.4,57.53,59.33,782500,59.33
"2009-11-16",59.56,60.38,59.22,59.46,1146600,59.46
"2009-11-17",59.63,60.99,59.01,60.75,1388100,60.75
"2009-11-18",60.81,61.65,60.24,61.13,941600,61.13
"2009-11-19",60.7,60.97,59.94,60.26,577200,60.26
"2009-11-20",59.63,60.09,58.32,59.97,1112800,59.97
"2009-11-23",60.5,60.98,60.06,60.38,693300,60.38
"2009-11-24",58.42,60.38,58.1,59.67,1485800,59.67
"2009-11-25",59.67,59.86,58.8,59.22,1087700,59.22
"2009-11-27",57.31,58.52,54.71,57.85,822100,57.85
"2009-11-30",57.95,58.82,56.91,58.63,1296400,58.63
"2009-12-01",57.51,58.77,56.71,58.23,1974800,58.23
"2009-12-02",58.36,59.8,58.06,59,1299100,59
"2009-12-03",59.09,59.49,57.73,57.99,1219200,57.99
"2009-12-04",58.11,58.44,55.1,56.23,1657400,56.23
"2009-12-07",56.98,56.98,55.5,55.91,1341800,55.91
"2009-12-08",55.47,56.12,54.76,55.92,1111100,55.92
"2009-12-09",56.07,56.24,54.91,55.96,735200,55.96
"2009-12-10",55.66,57.15,55.66,56.74,844800,56.74
"2009-12-11",56.83,57,55.4,55.7,725500,55.7
"2009-12-14",56.39,56.52,55.51,56.41,688400,56.41
"2009-12-15",56.16,57.5,55.9,56.92,797400,56.92
"2009-12-16",56.71,56.92,54.69,55.08,2429600,55.08
"2009-12-17",54.56,54.82,53.7,53.73,1441600,53.73
"2009-12-18",53.91,53.98,53,53.27,1491700,53.27
"2009-12-21",53.23,54.23,53.05,53.96,979300,53.96
"2009-12-22",54,55.2,53.41,53.61,1675600,53.61
"2009-12-23",54.15,56.93,54.12,56.85,1493200,56.85
"2009-12-24",56.95,57.69,56.53,56.89,433600,56.89
"2009-12-28",56.72,58,56.72,57.34,858000,57.34
"2009-12-29",57.82,57.99,56.94,56.98,691300,56.98
"2009-12-30",57.01,57.01,55.25,55.63,662500,55.63
"2009-12-31",55.63,56.08,55.05,55.09,755900,55.09
"2010-01-04",55.52,55.73,52.96,53.48,2462800,53.48
"2010-01-05",53.57,53.6,50.81,51.51,3393300,51.51
"2010-01-06",51.53,53.71,50.38,53.32,3327200,53.32
"2010-01-07",54.12,54.3,52.24,52.4,1422200,52.4
"2010-01-08",52.49,54.2,52.26,53.3,1168700,53.3
"2010-01-11",53.62,53.93,52.7,53.23,969100,53.23
"2010-01-12",52.7,53.08,52.16,52.37,904300,52.37
"2010-01-13",53.29,54.28,52.91,53.96,2060300,53.96
"2010-01-14",52.63,53.03,50.89,50.99,2526500,50.99
"2010-01-15",50.72,51.85,50.63,50.95,1861600,50.95
"2010-01-19",50.75,51.68,50.7,51.2,757500,51.2
"2010-01-20",50.86,52.45,50.55,51.24,1383600,51.24
"2010-01-21",50.52,52.18,50.5,51.19,1230700,51.19
"2010-01-22",51.08,52.39,50.5,50.89,1342200,50.89
"2010-01-25",51.05,51.5,48.52,49.13,1970200,49.13
"2010-01-26",48.72,50.25,48.56,49.95,1620500,49.95
"2010-01-27",50,51.18,48.95,50.97,3335300,50.97
"2010-01-28",61.69,63.85,60.73,63.04,11050400,63.04
"2010-01-29",62.74,64.57,61.55,62.25,3514900,62.25
"2010-02-01",61.81,62.87,59.73,61.03,2702000,61.03
"2010-02-02",60.95,62.15,60.87,61.85,1463200,61.85
"2010-02-03",61.85,62.88,61.33,61.95,1251600,61.95
"2010-02-04",61.35,62.25,60.13,60.34,1575200,60.34
"2010-02-05",60.17,61.01,59.28,60.84,1585600,60.84
"2010-02-08",60.94,61.71,60,60.9,1335200,60.9
"2010-02-09",61.06,62.16,60.97,62.13,1258800,62.13
"2010-02-10",62.11,62.43,61.04,61.49,829700,61.49
"2010-02-11",61.21,63.49,61.1,63.36,1029100,63.36
"2010-02-12",63,63.18,62.08,63.18,1201200,63.18
"2010-02-16",63.62,65.01,63.5,64.86,1417500,64.86
"2010-02-17",64.79,64.79,63.43,64.51,1162000,64.51
"2010-02-18",63.91,66.27,63.89,66.1,1258000,66.1
"2010-02-19",65.85,67.07,65.53,66.65,1259000,66.65
"2010-02-22",67.04,67.3,63.81,65.27,5042600,65.27
"2010-02-23",64.86,65.25,64.17,64.35,1864200,64.35
"2010-02-24",64.71,65.38,64.16,64.69,1715100,64.69
"2010-02-25",63.99,65.62,63.1,65.61,1531100,65.61
"2010-02-26",65.66,66.83,65.3,66.05,1231500,66.05
"2010-03-01",66.02,69.75,66.02,69.7,1838100,69.7
"2010-03-02",69.99,70,68.82,68.98,1708100,68.98
"2010-03-03",66.13,68.39,65.62,67.55,3149900,67.55
"2010-03-04",67.2,68.57,67.14,68.01,1009000,68.01
"2010-03-05",68.25,68.7,67.03,67.65,1302500,67.65
"2010-03-08",67.99,68.76,67.82,68.68,866300,68.68
"2010-03-09",68.2,71.35,68.15,69.94,2025700,69.94
"2010-03-10",70.27,71.55,70.07,71.28,1106400,71.28
"2010-03-11",71.1,71.59,70.43,71.19,1208200,71.19
"2010-03-12",70.15,70.5,69.32,69.98,1338500,69.98
"2010-03-15",69.98,69.98,69.16,69.6,1001800,69.6
"2010-03-16",69.55,70.85,69.55,70.63,1214000,70.63
"2010-03-17",70.9,71.74,70.4,70.92,627200,70.92
"2010-03-18",70.71,71.13,70.44,70.54,513300,70.54
"2010-03-19",70.7,70.9,70.07,70.45,1415100,70.45
"2010-03-22",70.35,73,70.05,72.89,1030900,72.89
"2010-03-23",73,73.49,72.03,72.96,711300,72.96
"2010-03-24",72.93,73.17,72.25,72.37,485700,72.37
"2010-03-25",72.68,75,72.56,73.54,1192800,73.54
"2010-03-26",73.53,74.91,73.34,74.3,775400,74.3
"2010-03-29",74.9,75,73.65,73.9,800300,73.9
"2010-03-30",74.9,75.65,74.43,75.06,1094600,75.06
"2010-03-31",74.3,75.06,73.72,73.74,816400,73.74
"2010-04-01",73.62,75.7,73.62,75,1939600,75
"2010-04-05",75.58,80.06,75.57,79.99,2380500,79.99
"2010-04-06",80.42,83.97,79.84,83.37,3917500,83.37
"2010-04-07",82.09,82.37,79.2,79.73,3602100,79.73
"2010-04-08",79.27,82,79.27,81.83,1987500,81.83
"2010-04-09",81.09,82.5,80.43,82.42,1651900,82.42
"2010-04-12",82.3,83.25,81.55,83.18,1347200,83.18
"2010-04-13",83.28,86.65,83,86.38,2489200,86.38
"2010-04-14",86.96,89.1,85.82,87.57,2579500,87.57
"2010-04-15",87.25,87.87,85.5,86.83,1714200,86.83
"2010-04-16",86.46,86.9,84.18,85.31,1567400,85.31
"2010-04-19",85.25,86.6,82.77,84.8,1924400,84.8
"2010-04-20",85.08,87.42,84.86,87.07,1773500,87.07
"2010-04-21",88.45,89,85.39,86.98,3473100,86.98
"2010-04-22",91,102.49,90.65,100.25,12920300,100.25
"2010-04-23",100.01,100.56,96.36,99.73,4259700,99.73
"2010-04-26",100.44,109.7,100.44,108.17,6745000,108.17
"2010-04-27",105.07,106.06,101.63,102.07,4894800,102.07
"2010-04-28",101.53,102.76,97.8,99.39,3252900,99.39
"2010-04-29",100.81,103.95,99.36,103.17,2582600,103.17
"2010-04-30",103.85,103.87,98.58,98.9,1865600,98.9
"2010-05-03",99.96,103.81,99,101.99,1996300,101.99
"2010-05-04",100.02,100.89,97.85,99.36,2197700,99.36
"2010-05-05",97.51,101.69,96.21,98.23,2107100,98.23
"2010-05-06",97.1,100.99,90,96.97,3492700,96.97
"2010-05-07",97,100,90.43,91.09,3701200,91.09
"2010-05-10",96.23,97.96,95.01,97.5,2652500,97.5
"2010-05-11",95.65,102.15,95.58,99.82,3300100,99.82
"2010-05-12",101.69,107.91,101.43,107.83,3892100,107.83
"2010-05-13",108.45,119.5,107.21,110.01,10221400,110.01
"2010-05-14",105.5,105.97,100.03,100.56,4994900,100.56
"2010-05-17",101.47,107.04,101.31,106.35,4511100,106.35
"2010-05-18",105.39,107.73,100.6,102.01,3928300,102.01
"2010-05-19",101.04,104.49,97.36,100.61,3275300,100.61
"2010-05-20",96.75,97.97,92.99,94.99,4131800,94.99
"2010-05-21",91.43,99.99,90.81,99.47,4287000,99.47
"2010-05-24",101.38,104.36,100.01,101.62,2633300,101.62
"2010-05-25",97.5,105,97,105,3337500,105
"2010-05-26",107.45,108.83,103.58,104.8,4771700,104.8
"2010-05-27",108,108.99,105.5,108.86,2803800,108.86
"2010-05-28",108.87,113.94,108.2,111.15,4026900,111.15
"2010-06-01",109.26,111.18,107.08,107.29,2270700,107.29
"2010-06-02",108.9,111.06,104.79,110.78,2642000,110.78
"2010-06-03",111.94,114.67,109.91,111.85,2608800,111.85
"2010-06-04",109.88,114.7,107.54,109.78,3106300,109.78
"2010-06-07",109.8,113.24,107.25,109.16,3745100,109.16
"2010-06-08",111.07,112.5,107.3,110.33,3446100,110.33
"2010-06-09",112.98,117.87,112.22,115.43,5675900,115.43
"2010-06-10",118.02,119.88,116.37,118.66,3538300,118.66
"2010-06-11",117.48,121.55,116.6,120.69,4099100,120.69
"2010-06-14",123.4,127.96,122.8,126.81,4969000,126.81
"2010-06-15",125,125.19,122.23,123.5,4530100,123.5
"2010-06-16",122.8,126,120.02,124.67,4377100,124.67
"2010-06-17",125.55,127.8,124.4,125.86,2658700,125.86
"2010-06-18",125.93,127.1,124.52,126.42,2492300,126.42
"2010-06-21",126.04,126.7,117.4,118.99,3725500,118.99
"2010-06-22",119.52,120.4,114.08,116.43,3961900,116.43
"2010-06-23",117.75,119,114.02,117.77,2104700,117.77
"2010-06-24",116.88,117.86,114.61,115.25,1948100,115.25
"2010-06-25",115.41,118.62,112.5,117.98,2589900,117.98
"2010-06-28",118.67,119.88,116.22,117.61,1650500,117.61
"2010-06-29",115.42,115.83,112.07,112.58,2918500,112.58
"2010-06-30",109.99,113.29,107.99,108.65,3729200,108.65
"2010-07-01",108.8,110.46,103.27,109.66,3251400,109.66
"2010-07-02",110.66,111.44,106.3,107.08,1602600,107.08
"2010-07-06",109.4,111.41,106.29,107.27,2253400,107.27
"2010-07-07",108.82,118.5,107.28,118.49,4069100,118.49
"2010-07-08",120.02,122.75,115.19,116.98,3754700,116.98
"2010-07-09",116.18,117.84,114.28,117.53,1818000,117.53
"2010-07-12",117.95,120.5,117.1,119.38,1915800,119.38
"2010-07-13",121.42,121.71,117.85,120.92,2511600,120.92
"2010-07-14",120.52,124,119.1,123,1949100,123
"2010-07-15",121.67,122.25,119.24,121.11,2185100,121.11
"2010-07-16",120.7,120.98,117.75,118.39,2067600,118.39
"2010-07-19",117.77,120.13,115.15,118.9,1891300,118.9
"2010-07-20",117.15,120.9,114.55,120.39,2517700,120.39
"2010-07-21",122.05,123.6,118.88,119.65,4696900,119.65
"2010-07-22",109.5,112.47,101.75,103.56,13659700,103.56
"2010-07-23",104.98,108.75,102.21,107.7,4786800,107.7
"2010-07-26",108.51,108.99,101.56,102.79,4708500,102.79
"2010-07-27",105,105.46,102.53,104.09,3242800,104.09
"2010-07-28",103.79,104.36,99.7,100.31,4946700,100.31
"2010-07-29",100.52,101.15,95.33,98.02,5056100,98.02
"2010-07-30",99.69,103.18,98.54,102.55,4386400,102.55
"2010-08-02",104.02,105,100.97,101.88,3470800,101.88
"2010-08-03",101.06,104.73,98.73,104.41,4305600,104.41
"2010-08-04",104.97,108.5,104.7,108.13,3463300,108.13
"2010-08-05",107.23,110.7,105.5,110.53,3470900,110.53
"2010-08-06",108.69,118.75,107.88,118.32,6956200,118.32
"2010-08-09",118,118.95,114.61,116.9,3060000,116.9
"2010-08-10",113.4,126.48,113.2,125.01,12998200,125.01
"2010-08-11",122.02,128.42,121.35,126.47,10192900,126.47
"2010-08-12",124.45,133.8,124.02,133.05,10279900,133.05
"2010-08-13",132.42,134.37,130.27,132.26,6746400,132.26
"2010-08-16",131.64,137.9,130.68,137.22,6095500,137.22
"2010-08-17",139.5,140.9,132.55,132.97,8502700,132.97
"2010-08-18",129,130.15,125.34,125.7,8532200,125.7
"2010-08-19",123.75,129.77,123.59,128.24,6653700,128.24
"2010-08-20",127.68,130.76,127.51,129.96,3460200,129.96
"2010-08-23",130.5,132.48,126.5,126.9,3838800,126.9
"2010-08-24",125.58,125.65,121.04,121.28,5211200,121.28
"2010-08-25",120.01,124.86,119.65,124.25,2864800,124.25
"2010-08-26",125.89,127.71,124.38,125.84,4071300,125.84
"2010-08-27",126.35,127.58,122.88,126.1,3019200,126.1
"2010-08-30",125.25,125.7,122.57,123.1,2663300,123.1
"2010-08-31",121.86,126.95,121.81,125.52,3459900,125.52
"2010-09-01",130.87,136.25,129.11,134.91,8324000,134.91
"2010-09-02",134.3,138.58,132.61,138,5257200,138
"2010-09-03",140,142.5,138.05,138.48,4971500,138.48
"2010-09-07",137.91,142.95,137.6,141.79,4628600,141.79
"2010-09-08",143.59,147.74,143.38,146,5568600,146
"2010-09-09",148.3,149.74,144.8,145.68,3994200,145.68
"2010-09-10",146.63,146.87,144.4,146.16,2639300,146.16
"2010-09-13",149.41,149.95,147,147.94,3343900,147.94
"2010-09-14",147.72,148.89,146.1,146.65,2916300,146.65
"2010-09-15",146.59,146.59,142.62,143.12,3445200,143.12
"2010-09-16",142.75,143.5,140.13,140.5,4075900,140.5
"2010-09-17",142.38,142.45,140.02,140.46,3313000,140.46
"2010-09-20",142,144,140.02,142.89,5287000,142.89
"2010-09-21",143.5,148.6,143.11,147.2,4637200,147.2
"2010-09-22",150.08,156.97,149.3,156.93,8920700,156.93
"2010-09-23",158.76,163.72,158.42,160.47,11713000,160.47
"2010-09-24",164.12,167.12,161,162.21,9333000,162.21
"2010-09-27",160.5,166.16,159.38,164.99,5956700,164.99
"2010-09-28",164.85,164.99,159.49,161.86,5471800,161.86
"2010-09-29",160.39,170.75,160.22,170.63,7783500,170.63
"2010-09-30",171.85,174.4,161.88,162.16,10286100,162.16
"2010-10-01",160.6,160.7,153.81,154.66,8416100,154.66
"2010-10-04",153.02,158.79,151.57,156.39,6772400,156.39
"2010-10-05",159.5,160.01,154.21,156.16,5864700,156.16
"2010-10-06",154.49,158.75,148.46,150.27,6783900,150.27
"2010-10-07",150.67,154.09,148.84,151.43,4109700,151.43
"2010-10-08",152.04,153,148.05,149.64,3482500,149.64
"2010-10-11",150.74,156.48,150.23,153.69,4088900,153.69
"2010-10-12",153.72,155.83,151.51,155.39,3635600,155.39
"2010-10-13",158.1,159.5,154.01,154.61,3280100,154.61
"2010-10-14",153.91,156.76,151.54,152.78,3132800,152.78
"2010-10-15",153.53,155.83,152.06,155.72,3439300,155.72
"2010-10-18",156.41,156.65,152.02,153,2853800,153
"2010-10-19",150.31,152.43,147.35,149.33,3661100,149.33
"2010-10-20",150,155.77,148,153.15,9040300,153.15
"2010-10-21",169.54,174.94,166.58,172.69,15967000,172.69
"2010-10-22",167.1,171.48,165.94,168.1,7042700,168.1
"2010-10-25",169.23,169.85,165.06,166.84,3694900,166.84
"2010-10-26",167.1,179.56,167.05,177.62,10520800,177.62
"2010-10-27",179.3,184.74,175.56,178.5,9261600,178.5
"2010-10-28",179,179.22,173.05,175.7,3770300,175.7
"2010-10-29",174.94,175.8,169.32,173.57,5944400,173.57
"2010-11-01",173.95,174,165.7,167.37,4936200,167.37
"2010-11-02",166.69,173.38,166.56,171.61,5457600,171.61
"2010-11-03",172.64,174.04,169.03,171.46,3911000,171.46
"2010-11-04",173.35,173.43,166.6,167.82,5888400,167.82
"2010-11-05",170.84,170.91,166.86,168.1,3142000,168.1
"2010-11-08",166.83,170.54,165.26,169.13,4114200,169.13
"2010-11-09",169.75,174.9,169.42,170.46,5753700,170.46
"2010-11-10",170,177.26,168.65,176.87,5502700,176.87
"2010-11-11",174.92,178.69,173.55,175.14,4202500,175.14
"2010-11-12",174.59,176.89,170.1,173,4166700,173
"2010-11-15",171.93,173.54,167.68,168.3,4568100,168.3
"2010-11-16",166.76,169.23,163.57,165.4,3909400,165.4
"2010-11-17",164.71,168.51,164.02,166.68,2687200,166.68
"2010-11-18",169.59,170.8,168.02,168.33,2539500,168.33
"2010-11-19",168.36,173.25,167.81,173.04,3227800,173.04
"2010-11-22",181.07,188.7,181,188.32,10257800,188.32
"2010-11-23",186.23,192.1,186.04,187.71,6815500,187.71
"2010-11-24",190.91,191.83,186.82,188.77,4028900,188.77
"2010-11-26",188.35,192.48,187.8,191.9,3041800,191.9
"2010-11-29",194.01,200,192.5,198.92,7055400,198.92
"2010-11-30",198,206.8,195.55,205.9,11881500,205.9
"2010-12-01",207.82,209.24,197.87,200.14,10712400,200.14
"2010-12-02",194.23,196.45,191.34,193.42,8540400,193.42
"2010-12-03",194.71,195.2,184.6,185.45,8981400,185.45
"2010-12-06",186.91,193.67,186.29,193.47,6825300,193.47
"2010-12-07",197.25,199.4,189.51,189.81,7043600,189.81
"2010-12-08",185.11,188.49,181.39,188.23,10477700,188.23
"2010-12-09",190,192.14,185.59,191.05,6762200,191.05
"2010-12-10",197.38,197.97,192.5,194.63,6787400,194.63
"2010-12-13",192.55,192.61,182.5,183.8,7149600,183.8
"2010-12-14",181.14,182.7,177.11,178.45,9075700,178.45
"2010-12-15",178.26,181.42,175.56,178.5,6358800,178.5
"2010-12-16",178.55,182.73,178.3,181.65,4868700,181.65
"2010-12-17",183.06,184.5,179.59,180.02,14772500,180.02
"2010-12-20",180.8,181.05,176.54,178.05,4713700,178.05
"2010-12-21",180.67,186.51,179.51,186.24,5797700,186.24
"2010-12-22",187.12,189.76,184.6,185.35,4168200,185.35
"2010-12-23",185.38,185.39,181.55,184.58,3002100,184.58
"2010-12-27",180.15,180.84,177.76,180.01,3741300,180.01
"2010-12-28",179.13,184.37,178.52,183.67,3887900,183.67
"2010-12-29",184.05,184.5,180.18,180.27,2771300,180.27
"2010-12-30",180,180.35,178.72,179.8,2106200,179.8
"2010-12-31",179.05,179.74,175.53,175.7,3080400,175.7
"2011-01-03",175,180.87,173.5,178.41,5708000,178.41
"2011-01-04",181.35,184.9,178.29,181.37,6295100,181.37
"2011-01-05",181.15,182.79,178.71,179.73,4542800,179.73
"2011-01-06",176.18,179.69,175.65,177.99,4570200,177.99
"2011-01-07",178.67,180.55,176.38,179.3,3165000,179.3
"2011-01-10",179.7,187.95,179.18,187.88,6239200,187.88
"2011-01-11",189.42,191.3,185.77,186.65,4646100,186.65
"2011-01-12",188.01,189,184.75,188.9,3014100,188.9
"2011-01-13",188.44,192.35,187,191.49,4271900,191.49
"2011-01-14",190.81,193.25,188.79,191.48,2796500,191.48
"2011-01-18",191.47,194.84,189.57,193.68,2654400,193.68
"2011-01-19",192.81,193.85,189.02,190.87,3105800,190.87
"2011-01-20",186.82,188.23,181.3,185,5461600,185
"2011-01-21",184.86,185.58,181.69,182.09,3558300,182.09
"2011-01-24",179.99,184.42,176.07,183.96,3853100,183.96
"2011-01-25",182.99,186.85,181.56,186.74,3066300,186.74
"2011-01-26",187.4,187.59,181.83,183.03,8548800,183.03
"2011-01-27",207.15,211.79,204.58,210.87,18434600,210.87
"2011-01-28",211.69,218,208.65,217.98,8972200,217.98
"2011-01-31",213.1,216.51,210.26,214.08,5866300,214.08
"2011-02-01",214.63,216.78,212.05,212.9,4094400,212.9
"2011-02-02",208.73,213.67,208.25,211.26,4765500,211.26
"2011-02-03",211.05,213.32,209.72,211.49,3035100,211.49
"2011-02-04",212.96,221,212.04,220.07,6323200,220.07
"2011-02-07",222.79,222.81,217.86,218.02,3633200,218.02
"2011-02-08",218.25,218.39,216.14,217.63,2481100,217.63
"2011-02-09",217.29,223.98,217.29,222.29,4136300,222.29
"2011-02-10",220.97,225,220.31,223.2,3108100,223.2
"2011-02-11",224.24,231.6,223.92,231.07,6614200,231.07
"2011-02-14",235.68,247.55,234.57,247.55,11217700,247.55
"2011-02-15",243.49,244.65,238.01,240.79,6867700,240.79
"2011-02-16",242.71,244.89,236.34,237.72,6507900,237.72
"2011-02-17",235.87,241.8,234.06,235.63,5635600,235.63
"2011-02-18",237.78,238.37,231.39,235.51,4587600,235.51
"2011-02-22",225.37,229.41,220.71,221.6,7910600,221.6
"2011-02-23",215.55,217.9,205.39,211.2,9847600,211.2
"2011-02-24",212.5,216.39,210.28,215.18,4518400,215.18
"2011-02-25",214.63,217.49,211.05,212.44,4209800,212.44
"2011-02-28",213.85,214.31,203,206.67,5789200,206.67
"2011-03-01",206.2,207.46,200.75,204.63,5691300,204.63
"2011-03-02",205,207.5,201.75,204.23,4718400,204.23
"2011-03-03",206.5,207.09,200.35,203.37,5037600,203.37
"2011-03-04",203.75,211.28,203.75,210.72,6311200,210.72
"2011-03-07",214.73,214.89,204.25,207.4,5304200,207.4
"2011-03-08",200.2,202.25,194.36,195.45,9714300,195.45
"2011-03-09",195.29,199.44,191.12,192.99,7177000,192.99
"2011-03-10",191.08,203.74,188.89,200.02,9984300,200.02
"2011-03-11",202.22,205.24,200.11,204.54,5139800,204.54
"2011-03-14",203.23,207,198.82,201.2,4273400,201.2
"2011-03-15",202.48,219.2,202,217.11,10962400,217.11
"2011-03-16",221.03,223.37,212.25,213.84,8507900,213.84
"2011-03-17",216.94,219.67,212.85,213.9,4101400,213.9
"2011-03-18",213.56,214.44,207.32,209.4,5479200,209.4
"2011-03-21",211.85,216.68,207.55,212.84,4650000,212.84
"2011-03-22",220.77,222.7,218,221.39,6698900,221.39
"2011-03-23",222.05,230,218.61,229.06,8268400,229.06
"2011-03-24",231.98,233.12,226.32,229.13,6284700,229.13
"2011-03-25",226.96,232.01,226.58,230.01,4313200,230.01
"2011-03-28",233.5,241.3,233.34,237.32,7334800,237.32
"2011-03-29",237.97,238.88,235,237.38,3832100,237.38
"2011-03-30",238.69,242.17,237.07,237.95,3862500,237.95
"2011-03-31",237.28,239.7,235.04,237.78,3546100,237.78
"2011-04-01",241,244.44,240.4,242.09,5395200,242.09
"2011-04-04",244.83,247.21,242.77,244.72,3431700,244.72
"2011-04-05",244.6,248.65,242.27,244.23,3795600,244.23
"2011-04-06",248,248.88,238.32,239.97,5749600,239.97
"2011-04-07",235.38,236.47,231.03,233.96,5978600,233.96
"2011-04-08",235.94,239.7,232.69,234.86,5514500,234.86
"2011-04-11",232.78,235.71,226.48,228.16,4475900,228.16
"2011-04-12",224.87,233.92,224.41,233.92,5781400,233.92
"2011-04-13",236.48,238.85,232.27,238.75,4347200,238.75
"2011-04-14",237.98,240.45,233.75,236.73,5135500,236.73
"2011-04-15",236.63,236.96,233.23,235.49,3134100,235.49
"2011-04-18",232.01,234.17,228.02,233.33,3109900,233.33
"2011-04-19",233.77,242.29,231.86,241.55,5155400,241.55
"2011-04-20",243.39,245.51,239.41,244.43,4218900,244.43
"2011-04-21",244.14,252.32,243.59,252.22,5277500,252.22
"2011-04-25",254.71,254.98,248,251.67,10150200,251.67
"2011-04-26",237.11,242.23,227.3,228.91,15809100,228.91
"2011-04-27",228.67,236.61,225.15,235.96,8070500,235.96
"2011-04-28",233,239.44,232.64,234.37,4407400,234.37
"2011-04-29",232.8,235.47,231.7,232.67,3058900,232.67
"2011-05-02",238.22,239.87,234.4,237.19,5078600,237.19
"2011-05-03",235.69,235.94,228,231.24,4600000,231.24
"2011-05-04",231.8,232,225.3,229.19,4789700,229.19
"2011-05-05",226.39,233.78,226.22,230.31,3900000,230.31
"2011-05-06",232.77,233.14,229,229.47,3160400,229.47
"2011-05-09",231.8,236.8,231.36,236.41,4121900,236.41
"2011-05-10",237.16,239.5,235.01,237.63,3839500,237.63
"2011-05-11",239.05,242.5,238.01,240.67,4800000,240.67
"2011-05-12",241.2,246.75,239.39,245.77,5200000,245.77
"2011-05-13",244.13,249.62,243.33,246.52,5045300,246.52
"2011-05-16",246,246.07,234.3,237.09,4845900,237.09
"2011-05-17",235,238.08,231.11,236.94,4236600,236.94
"2011-05-18",237.4,243.7,237.26,242.54,4421000,242.54
"2011-05-19",243.5,245.39,241.1,242.73,3390400,242.73
"2011-05-20",241.58,246.89,241.16,245.9,4393700,245.9
"2011-05-23",243.02,249.88,240,247.83,5e+06,247.83
"2011-05-24",249.89,252.68,246.62,247.6,4543200,247.6
"2011-05-25",259.47,259.94,247.17,259.47,7949700,259.47
"2011-05-26",259.3,265.88,258.56,263.75,5955800,263.75
"2011-05-27",264.5,265.09,261.52,264.51,2803900,264.51
"2011-05-31",267.25,270.8,264.4,270.8,4808400,270.8
"2011-06-01",269.47,273.64,265.5,267.26,5954900,267.26
"2011-06-02",266.05,272.98,264.12,271.7,4291600,271.7
"2011-06-03",270,276.24,269.5,273.7,4990700,273.7
"2011-06-06",273.37,277.7,260.61,262.59,6557000,262.59
"2011-06-07",262.75,267.44,260.78,263.69,5201600,263.69
"2011-06-08",263.26,265.44,258.5,262.26,3980600,262.26
"2011-06-09",262.22,264.48,258.2,262.57,3084500,262.57
"2011-06-10",261.62,264.6,257.82,258.62,4357400,258.62
"2011-06-13",257.22,263,254.74,257.22,3321700,257.22
"2011-06-14",259.8,261.6,255.94,261.13,3045600,261.13
"2011-06-15",259.48,262.77,256.29,257.12,3178300,257.12
"2011-06-16",256.45,257.69,244.26,249.3,5624800,249.3
"2011-06-17",251.05,251.84,244.7,245.67,4079200,245.67
"2011-06-20",241.86,247.81,240.12,245.63,2807000,245.63
"2011-06-21",245.69,254.8,242.86,253.65,3087700,253.65
"2011-06-22",251.8,253.24,247.68,248.66,3125200,248.66
"2011-06-23",245.14,260.85,244.7,255.72,5249400,255.72
"2011-06-24",257,260.5,254.09,256.96,4866200,256.96
"2011-06-27",254.9,262.46,251.64,260.12,3308600,260.12
"2011-06-28",261.92,266.59,260.57,265.09,2355800,265.09
"2011-06-29",266.99,268.74,263,264.94,2605700,264.94
"2011-06-30",264.7,265,260.8,262.69,2566700,262.69
"2011-07-01",262.06,268.26,262.06,267.99,3991500,267.99
"2011-07-05",276,291.23,275.71,289.63,8986300,289.63
"2011-07-06",286.65,291.78,284.5,290.96,4655400,290.96
"2011-07-07",293.43,297.35,291.63,292.42,3824300,292.42
"2011-07-08",288.26,295.8,287.12,295.14,2962600,295.14
"2011-07-11",294.83,301.5,286.9,290.74,5273900,290.74
"2011-07-12",291.93,296.29,286.8,291.27,5191400,291.27
"2011-07-13",300.7,304.79,296.6,298.73,7035000,298.73
"2011-07-14",299.5,300,285.26,286.62,5840200,286.62
"2011-07-15",287.96,289.75,281.62,286.93,4065600,286.93
"2011-07-18",282.46,282.47,274.24,279,4120600,279
"2011-07-19",284,289.31,283.94,287.29,2735600,287.29
"2011-07-20",283,284.9,278.02,281.4,2844900,281.4
"2011-07-21",281.5,284.78,275.11,275.81,3238400,275.81
"2011-07-22",272.99,278.7,270.55,276.58,3391400,276.58
"2011-07-25",280.57,285.5,277.4,281.53,7529800,281.53
"2011-07-26",255.6,268.29,251.46,266.91,13859700,266.91
"2011-07-27",269.57,274,267.2,269.42,5461300,269.42
"2011-07-28",264.33,270.71,263.11,266.62,4045600,266.62
"2011-07-29",261.09,266.72,260.5,265.99,3336000,265.99
"2011-08-01",268.54,269.5,258.76,263.38,3698100,263.38
"2011-08-02",261.74,267.6,256.94,257.2,3336600,257.2
"2011-08-03",257.5,261.5,251.13,260,3559600,260
"2011-08-04",257.05,260.27,244.76,245.77,4744900,245.77
"2011-08-05",248.54,250.87,236.43,241.11,5408500,241.11
"2011-08-08",229.95,235.66,221.5,226.64,5327400,226.64
"2011-08-09",227.16,240.1,224.13,237.8,5278200,237.8
"2011-08-10",233.5,239.99,231.14,232.42,3153100,232.42
"2011-08-11",235.11,245.7,233.61,243.13,3080700,243.13
"2011-08-12",247.04,247.85,242.07,244,2578000,244
"2011-08-15",245.67,246.78,236.21,246.28,3313000,246.28
"2011-08-16",244.33,245.34,235.9,239.04,2635300,239.04
"2011-08-17",240.61,241.08,228.54,232.24,3685300,232.24
"2011-08-18",223.4,226,214.98,217.48,4997700,217.48
"2011-08-19",214.37,221,205,205.21,4695800,205.21
"2011-08-22",212.37,212.37,203.35,205.21,4793000,205.21
"2011-08-23",207,219.75,204.09,219.54,4210200,219.54
"2011-08-24",219.04,220,209.5,216.03,4407100,216.03
"2011-08-25",217.79,223.71,214.42,215.83,3721500,215.83
"2011-08-26",214.38,222.5,212.5,221.89,3659500,221.89
"2011-08-29",226.97,226.98,222.25,225.04,2788000,225.04
"2011-08-30",224.5,238.81,223.5,236.28,4498400,236.28
"2011-08-31",238.93,241.88,230.89,235.01,3942200,235.01
"2011-09-01",234.53,238.5,232.53,233.27,3012200,233.27
"2011-09-02",208.71,214.89,207.62,213.11,7946300,213.11
"2011-09-06",209.1,218.95,208.73,218.77,4022400,218.77
"2011-09-07",221.49,221.98,212.57,216,4242500,216
"2011-09-08",214.06,218.75,209.81,211.2,3937500,211.2
"2011-09-09",210.22,212.1,203.19,203.97,4554200,203.97
"2011-09-12",201.31,210.63,198.62,210.05,4557000,210.05
"2011-09-13",209.96,209.98,204.05,208.75,3140500,208.75
"2011-09-14",209.07,211.25,205.42,208.71,2609800,208.71
"2011-09-15",176.73,185.4,168.13,169.25,21249200,169.25
"2011-09-16",167.8,168,154.14,155.19,17847400,155.19
"2011-09-19",156.69,162.99,142.59,143.75,19972200,143.75
"2011-09-20",141.4,142.98,129.37,130.03,32049000,130.03
"2011-09-21",130.38,134.28,125.02,128.5,22637700,128.5
"2011-09-22",132.13,132.9,125.25,128.53,16443000,128.53
"2011-09-23",128.05,134.19,127.52,129.36,10637900,129.36
"2011-09-26",136.22,137.88,126.56,132.22,11567500,132.22
"2011-09-27",134.38,134.99,126.42,127.49,11110800,127.49
"2011-09-28",128.54,132.3,126.57,127.14,8003600,127.14
"2011-09-29",128.07,128.43,107.74,113.19,19417400,113.19
"2011-09-30",109.22,115.75,107.63,113.27,10983100,113.27
"2011-10-03",115.14,119.94,112.62,113.25,8449500,113.25
"2011-10-04",114.68,117,110,114.9,7216000,114.9
"2011-10-05",115.59,119.86,112,119.76,7488400,119.76
"2011-10-06",119.7,124.25,118.48,123.24,5785300,123.24
"2011-10-07",123,124.18,117,117.21,5770500,117.21
"2011-10-10",127.56,128.5,107.31,111.62,21677800,111.62
"2011-10-11",109.32,110.94,103.13,108.66,20153900,108.66
"2011-10-12",109.4,116.24,107.07,113.62,10312600,113.62
"2011-10-13",112.6,118.97,111.25,117.01,9873600,117.01
"2011-10-14",121.47,122,114.4,116.04,7045600,116.04
"2011-10-17",115.91,119.25,115.23,117.33,5621000,117.33
"2011-10-18",117.25,117.49,110.58,111.74,6002300,111.74
"2011-10-19",110.66,114.09,105.59,109.42,8636700,109.42
"2011-10-20",110.05,111.99,109.08,111.48,3654000,111.48
"2011-10-21",113.69,117.13,110.94,117.04,6274800,117.04
"2011-10-24",119.1,120.28,115.1,118.84,17208600,118.84
"2011-10-25",74.9,79.39,74.25,77.37,45077400,77.37
"2011-10-26",78.73,81.42,75.4,79.4,21247700,79.4
"2011-10-27",82.18,82.72,79.25,80.86,10170000,80.86
"2011-10-28",80.28,84.66,79.6,84.14,8252800,84.14
"2011-10-31",83.64,84.09,81.45,82.08,5664800,82.08
"2011-11-01",80.11,81,78.74,80.09,4716600,80.09
"2011-11-02",80.71,84.4,80.11,83.39,5912000,83.39
"2011-11-03",84.13,92.6,81.8,92.29,13526500,92.29
"2011-11-04",91.47,92.89,87.75,90.02,12069100,90.02
"2011-11-07",91,93.84,89.98,90.83,6783600,90.83
"2011-11-08",91.23,92.6,89.65,90.47,4558000,90.47
"2011-11-09",89,90.44,88,88.05,4108000,88.05
"2011-11-10",89.29,90.3,84.84,85.12,5659200,85.12
"2011-11-11",85.9,87.95,83.7,87.75,5448600,87.75
"2011-11-14",87.99,88.1,85.45,85.72,3115900,85.72
"2011-11-15",85.15,87.05,84.5,86.28,3053200,86.28
"2011-11-16",86.46,86.46,80.89,81.18,4937200,81.18
"2011-11-17",80.77,81,75.79,76.46,7546200,76.46
"2011-11-18",76.7,79,76.04,78.06,4961300,78.06
"2011-11-21",77,79.98,73.26,74.47,6344000,74.47
"2011-11-22",69.21,74.2,69,70.45,15242400,70.45
"2011-11-23",69.65,70.78,68.42,68.5,6375200,68.5
"2011-11-25",68.17,69.62,62.9,63.86,5435000,63.86
"2011-11-28",67.2,70.76,66.81,69.95,8071900,69.95
"2011-11-29",69.33,69.39,65.65,67.57,7154500,67.57
"2011-11-30",69.03,69.32,62.37,64.53,15476100,64.53
"2011-12-01",64.42,68.44,64,67.17,7486100,67.17
"2011-12-02",66.22,67.89,65.11,66.37,5672900,66.37
"2011-12-05",66.95,71.91,65.3,70.12,9696000,70.12
"2011-12-06",70.08,70.77,66.81,68.14,8495800,68.14
"2011-12-07",68.3,72.77,67.5,71.96,8435200,71.96
"2011-12-08",71.53,72.95,69.09,69.42,6602300,69.42
"2011-12-09",69.54,71.68,69.53,70.89,4701300,70.89
"2011-12-12",69.74,76.83,69.52,75.26,13342900,75.26
"2011-12-13",75.45,77.59,71.6,72.11,10374500,72.11
"2011-12-14",69.58,71.65,68.92,71.04,5312000,71.04
"2011-12-15",71.6,71.96,69.4,69.72,3749600,69.72
"2011-12-16",70.19,70.85,69.16,69.82,4651500,69.82
"2011-12-19",69.79,69.79,66.93,67.15,3457200,67.15
"2011-12-20",68.65,71.59,68.22,71.4,4411500,71.4
"2011-12-21",71.29,72.41,70.19,70.97,3626700,70.97
"2011-12-22",71.12,74.4,71.12,73.84,3694400,73.84
"2011-12-23",74.13,74.58,72.3,72.62,3222300,72.62
"2011-12-27",72.3,72.49,70.2,70.6,3134400,70.6
"2011-12-28",70.52,71,68.57,69.2,3371000,69.2
"2011-12-29",68.98,69.89,67.61,69.3,3737600,69.3
"2011-12-30",69.11,70.59,68.83,69.29,3115600,69.29
"2012-01-03",70.28,72.72,70.13,72.24,4173400,72.24
"2012-01-04",72.35,80.97,71.81,80.45,14355700,80.45
"2012-01-05",79.42,81.86,77.28,79.3,12364700,79.3
"2012-01-06",79.12,87.3,78.7,86.29,17944400,86.29
"2012-01-09",89.61,99.65,87.14,98.18,30581900,98.18
"2012-01-10",99.8,99.84,92.5,95.83,20905000,95.83
"2012-01-11",94.99,95.6,91.45,92.15,12449800,92.15
"2012-01-12",92.48,93.37,89.2,92.15,8749000,92.15
"2012-01-13",91.47,96.55,90.2,94.38,12691300,94.38
"2012-01-17",96,97.85,94.33,94.72,8404600,94.72
"2012-01-18",93.18,98.92,92.25,98.54,9441600,98.54
"2012-01-19",99.66,104.6,99.66,103.46,11255700,103.46
"2012-01-20",102.6,104.77,99.69,100.24,7694400,100.24
"2012-01-23",98.71,99.62,93.6,93.96,8726700,93.96
"2012-01-24",92.1,94.69,91.48,92.67,5989900,92.67
"2012-01-25",92.7,95.5,91.65,95.04,11136200,95.04
"2012-01-26",113.9,119.37,112.06,116.01,22706300,116.01
"2012-01-27",115.8,123.99,114.28,123.79,14604100,123.79
"2012-01-30",124.76,129.48,123.22,125.43,15118000,125.43
"2012-01-31",124.99,125.49,117.75,120.2,12039100,120.2
"2012-02-01",121.41,123.75,118.25,122.97,7472400,122.97
"2012-02-02",123.5,125.75,122.25,124,5875200,124
"2012-02-03",125,127.49,123.34,126.43,6684000,126.43
"2012-02-06",123.22,130.6,121.85,129.25,11659600,129.25
"2012-02-07",128.73,133.43,126.81,127.88,11633600,127.88
"2012-02-08",125.87,127.39,123.43,124,7287500,124
"2012-02-09",124.41,126.98,122.15,124.84,5787800,124.84
"2012-02-10",124.05,126.25,122.87,123.93,4843000,123.93
"2012-02-13",124.97,124.98,118.13,118.3,7507200,118.3
"2012-02-14",118.99,124.25,118.55,123.07,7486800,123.07
"2012-02-15",123.63,125.32,121.09,122.06,5303800,122.06
"2012-02-16",122.21,124.13,120,121.91,5796500,121.91
"2012-02-17",122.13,122.87,120.05,121.85,3704900,121.85
"2012-02-21",123.85,126.15,116.68,117.4,11498700,117.4
"2012-02-22",114.91,115,108.54,112.4,13313100,112.4
"2012-02-23",111.55,114.15,111.16,112.99,5680300,112.99
"2012-02-24",112.88,113.95,111.3,111.67,3869900,111.67
"2012-02-27",108.05,110.39,106.64,109.41,6439700,109.41
"2012-02-28",108.41,114.87,108.1,113.32,6028100,113.32
"2012-02-29",113.08,113.89,109.76,110.73,5367000,110.73
"2012-03-01",109.1,113.67,108.52,112.75,5268000,112.75
"2012-03-02",112.49,117.84,111.6,115.1,5807600,115.1
"2012-03-05",114.7,116.52,110.71,110.81,3943600,110.81
"2012-03-06",109.49,109.58,106,107.13,4603100,107.13
"2012-03-07",111.44,111.44,102.53,105.19,10971000,105.19
"2012-03-08",105.95,108.44,104,108.07,6536100,108.07
"2012-03-09",107,110.26,105.65,109.13,5309600,109.13
"2012-03-12",107.75,110.75,105.55,106.2,4937100,106.2
"2012-03-13",107.88,109.3,105.15,106.35,4391400,106.35
"2012-03-14",105.82,105.95,102.9,105.25,5172600,105.25
"2012-03-15",105.35,110.65,105,110.17,5840000,110.17
"2012-03-16",110.26,111.71,107.56,109.96,5314100,109.96
"2012-03-19",109.51,115,108.81,114.33,5299300,114.33
"2012-03-20",113.91,116.75,113.11,115.02,4501100,115.02
"2012-03-21",116,120.89,115.62,120.1,6760200,120.1
"2012-03-22",120.03,123.48,117.87,118.73,6107800,118.73
"2012-03-23",119.44,121.18,117.31,120.19,5390600,120.19
"2012-03-26",121.59,122.19,119.15,121.99,4632600,121.99
"2012-03-27",122.14,123.47,120.54,120.67,3483200,120.67
"2012-03-28",120.25,121,118.34,118.81,3267800,118.81
"2012-03-29",117.93,118.59,113,115.05,4661800,115.05
"2012-03-30",115.51,117.29,114.18,115.04,4181500,115.04
"2012-04-02",114.8,114.8,112.1,113.97,3806500,113.97
"2012-04-03",110.82,114.25,109.75,112.96,6572100,112.96
"2012-04-04",111.63,112.55,109.9,110.26,2966600,110.26
"2012-04-05",109.94,111.61,109.32,110.5,3251900,110.5
"2012-04-09",108.76,109.68,106.63,106.68,3233900,106.68
"2012-04-10",107.32,107.8,101.8,101.92,5015000,101.92
"2012-04-11",103.24,103.72,98.52,99.81,7474400,99.81
"2012-04-12",101.26,104.93,99.31,104.26,4835000,104.26
"2012-04-13",104.91,106.5,102.31,104.17,3956500,104.17
"2012-04-16",104.61,105,100.4,101.15,3818200,101.15
"2012-04-17",101.7,107.66,101.69,107.02,4444400,107.02
"2012-04-18",106.49,108.72,106.25,106.96,3357700,106.96
"2012-04-19",105.07,109.71,104.28,107.09,3585300,107.09
"2012-04-20",107.52,108.17,105.67,106.11,2610800,106.11
"2012-04-23",104.89,105,101.79,101.84,12039200,101.84
"2012-04-24",86.52,90,86.3,87.68,16770500,87.68
"2012-04-25",88.59,88.59,81.56,86.35,11918400,86.35
"2012-04-26",85.6,87.84,83.81,85.07,7992700,85.07
"2012-04-27",85.71,85.89,83,83.74,5147300,83.74
"2012-04-30",82.62,82.87,79.76,80.14,7525600,80.14
"2012-05-01",80.29,82.69,79,81.36,4711900,81.36
"2012-05-02",80.74,82.98,80.16,82.23,3912000,82.23
"2012-05-03",81.81,82.18,75.52,75.97,7573700,75.97
"2012-05-04",75.79,76.4,72.11,73.14,9095200,73.14
"2012-05-07",72.5,75.62,72.33,73.45,4100000,73.45
"2012-05-08",73.07,73.31,70.58,72.79,3886200,72.79
"2012-05-09",72.13,74.93,71.34,74.35,3731200,74.35
"2012-05-10",74.85,74.98,72.1,72.42,3774900,72.42
"2012-05-11",72.89,78.39,72.49,77.38,8891400,77.38
"2012-05-14",77.13,78.65,75.61,76.96,5407100,76.96
"2012-05-15",77.78,79.3,77.1,77.48,4474200,77.48
"2012-05-16",77.57,78.44,73.65,74.2,5242800,74.2
"2012-05-17",74.25,74.41,71.9,71.97,3396900,71.97
"2012-05-18",72.3,72.75,65.36,69.96,4202200,69.96
"2012-05-21",69.85,72.19,67.55,71.74,3591900,71.74
"2012-05-22",71.8,72.4,67.25,67.71,5716400,67.71
"2012-05-23",67.47,72.15,67.17,71.91,6300000,71.91
"2012-05-24",71.52,71.69,69.5,70.27,2963200,70.27
"2012-05-25",70.6,73.51,69.89,70.22,4767300,70.22
"2012-05-29",71.06,71.15,68.2,69.44,4571000,69.44
"2012-05-30",68.48,69,67,67.34,4698700,67.34
"2012-05-31",66.7,67.77,62.37,63.44,7686200,63.44
"2012-06-01",60.95,63.73,60.7,62.95,5082600,62.95
"2012-06-04",63.25,65.24,62.37,65,5041600,65
"2012-06-05",65.01,66.33,64.25,64.83,3435500,64.83
"2012-06-06",65.66,68.37,65.15,65.88,4382400,65.88
"2012-06-07",66.6,66.9,64.41,64.64,3006500,64.64
"2012-06-08",64.37,66.12,63.73,65.64,3145300,65.64
"2012-06-11",66.39,66.59,62.98,63,3277300,63
"2012-06-12",63.26,64.36,62.35,63.02,2971100,63.02
"2012-06-13",62.6,64.44,62.13,62.83,2560700,62.83
"2012-06-14",62.79,63.15,61.02,62.66,3733900,62.66
"2012-06-15",63.27,65.93,62.73,65.79,4717500,65.79
"2012-06-18",65.06,66.95,64.79,66.73,3285400,66.73
"2012-06-19",66.9,70.48,66.55,69.83,3958100,69.83
"2012-06-20",69.48,69.55,67.61,68.16,3805500,68.16
"2012-06-21",68.26,68.44,65.75,65.84,2527200,65.84
"2012-06-22",66.24,68.27,65.7,67.86,2582100,67.86
"2012-06-25",67.81,69.53,66.4,67.03,4392300,67.03
"2012-06-26",67.21,67.71,66.34,66.8,2230200,66.8
"2012-06-27",67.03,67.25,65.6,66.49,2197600,66.49
"2012-06-28",66.1,68.06,65.78,67.36,2155800,67.36
"2012-06-29",68.3,68.76,66.83,68.49,2855900,68.49
"2012-07-02",68.77,68.9,67.25,67.85,1856100,67.85
"2012-07-03",68.49,72.78,67.71,72.04,3608800,72.04
"2012-07-05",74.33,82.9,74.26,81.72,14928300,81.72
"2012-07-06",83.74,85.4,80.22,81.89,12180200,81.89
"2012-07-09",82.98,84.19,80.15,82.99,6180400,82.99
"2012-07-10",83.72,83.8,79.53,80.23,5034600,80.23
"2012-07-11",80.1,84.87,79.88,81.64,6149200,81.64
"2012-07-12",81.52,85.5,80.5,84.97,5921100,84.97
"2012-07-13",85.78,86.65,83.92,84.9,5576000,84.9
"2012-07-16",85.11,85.55,82.63,82.98,2992400,82.98
"2012-07-17",83.25,83.49,80.67,81.78,3974400,81.78
"2012-07-18",81.25,82.91,80.74,81.27,3082300,81.27
"2012-07-19",81.96,84.83,81.52,83.12,4161900,83.12
"2012-07-20",82.66,83.52,81.5,81.82,3481400,81.82
"2012-07-23",80.73,81.22,78.5,79.94,4423600,79.94
"2012-07-24",81.07,82.47,77.81,80.39,9242900,80.39
"2012-07-25",64.21,66.8,59.2,60.28,24781500,60.28
"2012-07-26",59.31,59.46,56.14,57.01,11393800,57.01
"2012-07-27",57.36,59.27,57,58.92,5429900,58.92
"2012-07-30",58.93,59.96,56.33,57.75,4276100,57.75
"2012-07-31",57.45,58.32,56.61,56.85,2474400,56.85
"2012-08-01",57.43,57.78,54.1,54.5,4833200,54.5
"2012-08-02",54.28,55.69,53.29,53.87,3420800,53.87
"2012-08-03",54.86,55.48,52.81,53.91,5327900,53.91
"2012-08-06",54.54,57.17,54.11,56.79,4075400,56.79
"2012-08-07",56.95,59.47,56.55,57.9,4395700,57.9
"2012-08-08",57.57,58.89,57.17,57.8,2599200,57.8
"2012-08-09",57.59,58.45,57.25,57.91,2356100,57.91
"2012-08-10",57.66,60.56,56.9,59.9,5004600,59.9
"2012-08-13",61.22,61.25,58.5,59.91,4760700,59.91
"2012-08-14",60.62,63.1,59.97,61.76,6874200,61.76
"2012-08-15",62.03,63.68,61.82,63.26,4406300,63.26
"2012-08-16",63.46,64.59,62.8,64.31,2518700,64.31
"2012-08-17",64.88,65.52,63.51,63.69,3200800,63.69
"2012-08-20",63.64,65.35,62.16,64.24,3808400,64.24
"2012-08-21",65.14,66.65,64.65,65.6,3336500,65.6
"2012-08-22",65.12,66.4,64.8,65.4,2575800,65.4
"2012-08-23",66.02,66.44,63.58,64.05,4654400,64.05
"2012-08-24",63.09,63.8,61.85,63.16,3737400,63.16
"2012-08-27",63.32,63.97,62.26,62.39,2578100,62.39
"2012-08-28",62.24,63.59,62.17,62.95,2265600,62.95
"2012-08-29",63.05,63.85,62.55,63.44,2237200,63.44
"2012-08-30",63.16,63.38,60.17,60.48,2668500,60.48
"2012-08-31",61.31,61.53,59.09,59.72,4222900,59.72
"2012-09-04",58,58,53.13,55.93,12488100,55.93
"2012-09-05",55.6,55.68,54.33,54.96,5509300,54.96
"2012-09-06",55.61,56.79,54.16,56.65,5328200,56.65
"2012-09-07",56.68,57.8,55.85,56.66,4231100,56.66
"2012-09-10",56.34,57.03,55.61,55.92,3556100,55.92
"2012-09-11",55.9,57.37,55.1,57.16,4720000,57.16
"2012-09-12",57.5,58.53,56.56,57.21,3156700,57.21
"2012-09-13",56.87,58.18,56.09,58,3498700,58
"2012-09-14",58.5,61.42,58.3,60.52,4723900,60.52
"2012-09-17",58.98,59,56.77,57.02,5182700,57.02
"2012-09-18",57.29,58.32,55.82,56.06,4328300,56.06
"2012-09-19",56.74,57.9,55.7,57.04,5049800,57.04
"2012-09-20",56.42,58.79,56.4,58.74,5316800,58.74
"2012-09-21",59.43,59.72,57.41,57.79,4296400,57.79
"2012-09-24",56.86,57.84,56.29,56.39,3380200,56.39
"2012-09-25",56.75,56.96,53.7,53.8,5979800,53.8
"2012-09-26",53.99,55.93,53.05,55.13,5232200,55.13
"2012-09-27",55.86,56.1,54.16,55.55,3050100,55.55
"2012-09-28",55.04,55.81,54.22,54.44,2276100,54.44
"2012-10-01",54.6,56.6,54.34,56.05,4395100,56.05
"2012-10-02",56.45,57.29,55.3,56.46,3084200,56.46
"2012-10-03",58.39,62.65,58.25,62.58,10866400,62.58
"2012-10-04",62.65,67.27,62.61,66.67,13088100,66.67
"2012-10-05",67.06,68.2,65.12,66.56,8452900,66.56
"2012-10-08",71.39,74.23,70.12,73.52,13182900,73.52
"2012-10-09",68.9,69.48,65.4,65.53,11735000,65.53
"2012-10-10",65.83,67.93,65.13,65.5,5534700,65.5
"2012-10-11",66.9,67.1,65.23,65.98,3144800,65.98
"2012-10-12",65.8,66.6,63.76,64.33,2958600,64.33
"2012-10-15",65.15,65.18,63.4,64.76,2963600,64.76
"2012-10-16",64.9,66.21,63.76,66.05,4186000,66.05
"2012-10-17",66.01,68.82,65.64,68.52,3780600,68.52
"2012-10-18",68.49,69.84,66.95,67.36,3828200,67.36
"2012-10-19",67.19,67.5,64.26,64.98,3268800,64.98
"2012-10-22",64.36,69.73,64.29,67.88,6525500,67.88
"2012-10-23",67.3,69.15,66.06,68.22,9071200,68.22
"2012-10-24",57.86,61,57.4,60.12,14294300,60.12
"2012-10-25",60.05,61.67,59.9,61.51,4720900,61.51
"2012-10-26",61.55,70.24,60.49,69.58,14776200,69.58
"2012-10-31",66.41,84.95,65.55,79.24,15329800,79.24
"2012-11-01",77.85,79.69,74.65,77.69,8952800,77.69
"2012-11-02",77.25,79.85,75.97,76.9,4235800,76.9
"2012-11-05",74.57,78.94,74.5,78.24,4145200,78.24
"2012-11-06",77.06,79.95,75.71,76.37,5586100,76.37
"2012-11-07",76.43,79.25,76.43,77.68,4442800,77.68
"2012-11-08",78.15,80.33,75.79,75.97,4768800,75.97
"2012-11-09",76.31,78.88,76.11,77.9,3324700,77.9
"2012-11-12",79,80.31,78.01,78.19,2618600,78.19
"2012-11-13",77.84,80.94,77.34,79.61,3881500,79.61
"2012-11-14",80,81.32,78.75,79.78,3844400,79.78
"2012-11-15",80.11,81.9,79.5,81.48,2485800,81.48
"2012-11-16",81.28,83.1,80.32,80.9,4594900,80.9
"2012-11-19",82.01,82.99,80.15,81.36,3323900,81.36
"2012-11-20",81.51,83.7,81.12,82.4,2191500,82.4
"2012-11-21",82.5,84.56,82.5,83,1555700,83
"2012-11-23",83.41,83.75,82.18,82.95,1199500,82.95
"2012-11-26",82.6,82.88,80.07,82.06,1926300,82.06
"2012-11-27",82.03,83.5,81.56,83.08,2217800,83.08
"2012-11-28",82.75,83.57,81.81,82.23,2070800,82.23
"2012-11-29",82.39,82.78,80.8,81.38,1639000,81.38
"2012-11-30",80.5,81.71,79.33,81.71,2140900,81.71
"2012-12-03",81.85,81.97,75.5,76,4171100,76
"2012-12-04",75.51,88,74.5,86.65,14536800,86.65
"2012-12-05",86.6,87.58,82.92,83.37,8479700,83.37
"2012-12-06",82.2,88.56,81.7,86.17,5443400,86.17
"2012-12-07",88.27,89.78,85.29,85.98,4968600,85.98
"2012-12-10",86,87,84.5,84.8,2046100,84.8
"2012-12-11",85.3,87.23,84.4,86.08,2289800,86.08
"2012-12-12",86.27,93.15,85.94,90.73,7847000,90.73
"2012-12-13",90.85,93.32,89.87,92.56,4123700,92.56
"2012-12-14",92.67,94.69,92,93.3,3958100,93.3
"2012-12-17",92.97,94.99,92.11,94.7,3094400,94.7
"2012-12-18",94.97,97.55,94.25,95.64,4192600,95.64
"2012-12-19",96.6,97.8,93.45,93.98,4382100,93.98
"2012-12-20",94.33,94.5,92.65,93.5,2373100,93.5
"2012-12-21",92.05,92.88,91.11,91.34,4061500,91.34
"2012-12-24",91.56,91.85,89.3,90.23,1027600,90.23
"2012-12-26",89.84,92.9,89.38,90.65,2166700,90.65
"2012-12-27",90.59,91.44,88.54,90.5,2128300,90.5
"2012-12-28",89.8,90.55,88.9,89.33,1589000,89.33
"2012-12-31",89.38,93.5,89.01,92.59,2582700,92.59
"2013-01-02",95.21,95.81,90.69,92.01,2775900,92.01
"2013-01-03",91.97,97.92,91.53,96.59,3987500,96.59
"2013-01-04",96.54,97.71,95.54,95.98,2537300,95.98
"2013-01-07",96.39,101.75,96.12,99.2,6507200,99.2
"2013-01-08",100.01,100.99,96.8,97.16,3530700,97.16
"2013-01-09",97.12,97.95,94.55,95.91,2889000,95.91
"2013-01-10",96.57,99.92,95.7,98,3731100,98
"2013-01-11",98.18,101.92,98,101.29,4264500,101.29
"2013-01-14",100.99,104.5,100.56,103.45,3353300,103.45
"2013-01-15",103.02,104.36,101.05,101.69,2438300,101.69
"2013-01-16",101.82,102.3,96.76,97.48,4002100,97.48
"2013-01-17",98.09,98.6,95.75,97.7,2317300,97.7
"2013-01-18",100.38,101.94,98.68,99.17,5142800,99.17
"2013-01-22",99.65,99.65,96.59,97.81,3253300,97.81
"2013-01-23",97.13,103.83,97.02,103.26,10605000,103.26
"2013-01-24",143.99,149.17,139.62,146.86,16972200,146.86
"2013-01-25",145.67,172.68,145.61,169.56,27349400,169.56
"2013-01-28",172.51,177.25,160.79,162.11,15586400,162.11
"2013-01-29",158.13,169.88,156.63,169.12,8506000,169.12
"2013-01-30",173.49,175.5,162.66,167.7,6866100,167.7
"2013-01-31",167.1,169,160.32,165.24,5085900,165.24
"2013-02-01",170,173,163.88,164.8,7194000,164.8
"2013-02-04",162.78,175.13,162.78,174.74,7281300,174.74
"2013-02-05",172.38,177.89,171,174.39,8150900,174.39
"2013-02-06",175,185.35,174.55,184.41,9598700,184.41
"2013-02-07",185.75,188.88,178.54,181.96,7583800,181.96
"2013-02-08",181.74,183.96,180.01,180.97,3665400,180.97
"2013-02-11",178.98,182.05,174.8,177.89,4189300,177.89
"2013-02-12",180.66,183.56,175.71,177.95,4914200,177.95
"2013-02-13",180.9,186.4,179.66,186.27,5847000,186.27
"2013-02-14",187.29,189.85,184.69,187.4,4568500,187.4
"2013-02-15",188.57,190,186.26,189.51,3807500,189.51
"2013-02-19",191,197.17,190.15,196.45,4876900,196.45
"2013-02-20",197.58,197.62,186.5,187.12,4999500,187.12
"2013-02-21",186,192.2,182.5,187.15,5270600,187.15
"2013-02-22",183.72,183.79,178.43,179.86,5567300,179.86
"2013-02-25",180.99,187.1,175.45,179.32,7452100,179.32
"2013-02-26",180.6,185.22,175.6,184.09,4840300,184.09
"2013-02-27",183.58,186,180.56,184.32,3232400,184.32
"2013-02-28",183.81,192.13,183.51,188.08,4899100,188.08
"2013-03-01",187.11,190.34,186.21,189.37,3064500,189.37
"2013-03-04",188.68,190.08,176.66,181.21,6832000,181.21
"2013-03-05",184.67,185.31,178.08,181.73,4618100,181.73
"2013-03-06",182.15,184.96,179.58,182.94,2490800,182.94
"2013-03-07",180,182.5,176.16,181.56,4099400,181.56
"2013-03-08",182.45,185.85,180.71,184.7,3359000,184.7
"2013-03-11",184,184.52,179.01,180.45,3002200,180.45
"2013-03-12",179.36,184.17,179.25,182.11,3021700,182.11
"2013-03-13",187.4,195.19,186.75,192.36,7699800,192.36
"2013-03-14",192.69,192.69,187.07,188.37,4064400,188.37
"2013-03-15",189.25,189.99,184.55,184.85,2952500,184.85
"2013-03-18",181.38,186.77,180.55,185.59,2581900,185.59
"2013-03-19",186,186.75,179.25,181.37,2839100,181.37
"2013-03-20",182.62,183.85,180.43,183.05,1590300,183.05
"2013-03-21",182.4,187.4,181.97,181.99,2686300,181.99
"2013-03-22",183.1,183.86,179.5,181.3,2027000,181.3
"2013-03-25",182.43,184.84,179.77,180.79,2146400,180.79
"2013-03-26",184,192.64,183.6,190.61,6688200,190.61
"2013-03-27",189.64,197.06,188.33,190.24,5782200,190.24
"2013-03-28",190.75,192.9,188.6,189.28,2798300,189.28
"2013-04-01",190.95,191.5,181.47,182.43,3278200,182.43
"2013-04-02",183.9,185.18,176.1,176.69,4611500,176.69
"2013-04-03",177.05,178.33,164.26,169.74,10765400,169.74
"2013-04-04",167.37,170.13,163.81,166.69,4922900,166.69
"2013-04-05",163.52,170.5,162.53,164.66,4644700,164.66
"2013-04-08",165.83,166.3,159,163.06,4535000,163.06
"2013-04-09",163.49,171.37,162.05,169.36,4863700,169.36
"2013-04-10",168,169.45,164.91,166.07,4244200,166.07
"2013-04-11",168.83,173.4,168.82,173.01,4722300,173.01
"2013-04-12",176.99,177.64,171.2,173.2,5399700,173.2
"2013-04-15",175.56,182.35,174.8,176.5,6647000,176.5
"2013-04-16",174.97,177.73,172.27,175.85,4244500,175.85
"2013-04-17",174.34,177.39,168.27,169.36,3935100,169.36
"2013-04-18",171,171.9,161.8,163.82,3303000,163.82
"2013-04-19",165.5,169.17,163.03,163.37,2880500,163.37
"2013-04-22",165.72,176.5,165.72,174.37,12124300,174.37
"2013-04-23",215.57,219.38,209.51,216.99,16408700,216.99
"2013-04-24",217.6,224.3,213.22,216.72,6699800,216.72
"2013-04-25",216.98,218.79,213.27,213.75,4182000,213.75
"2013-04-26",217,217.13,212.52,215.55,3112900,215.55
"2013-04-29",216.61,217.73,212.01,215.01,2969600,215.01
"2013-04-30",214.6,219.75,214.24,216.07,3581600,216.07
"2013-05-01",215.92,217.39,211.65,212.91,2622800,212.91
"2013-05-02",213.24,215.45,210.19,214.49,2618400,214.49
"2013-05-03",215.78,218.23,212.7,213.45,2204500,213.45
"2013-05-06",209.63,212.45,204.02,210.69,4533000,210.69
"2013-05-07",208.78,210.52,205.6,206.25,2439900,206.25
"2013-05-08",204.93,210.4,204.53,208.61,2517600,208.61
"2013-05-09",208.03,218.88,206.52,216.41,5158400,216.41
"2013-05-10",216.41,219.75,214.56,217.69,2692100,217.69
"2013-05-13",217.17,229.69,217.14,229.38,5908200,229.38
"2013-05-14",231.99,236.59,230.8,233.97,5505100,233.97
"2013-05-15",239.47,245.43,237.83,243.4,5147100,243.4
"2013-05-16",246.95,248.85,235.2,237.03,4007600,237.03
"2013-05-17",238.53,242.75,236,239,2877300,239
"2013-05-20",238.44,241.65,236.76,239.55,2109400,239.55
"2013-05-21",240.04,240.9,235,237.09,1641600,237.09
"2013-05-22",234.4,238.2,226.64,228.56,3109900,228.56
"2013-05-23",225.7,228.2,221.55,226.18,2314000,226.18
"2013-05-24",225.23,229,224.5,228.74,1686900,228.74
"2013-05-28",231.75,235.96,212.98,214.19,5646500,214.19
"2013-05-29",214.55,221.38,209.91,215.34,4871700,215.34
"2013-05-30",216.03,223,211.55,222.66,3441100,222.66
"2013-05-31",225.24,229.58,224.05,226.25,3630900,226.25
"2013-06-03",227.05,227.5,217.57,221.97,3038700,221.97
"2013-06-04",220.12,227.55,218.57,225.31,3286700,225.31
"2013-06-05",223.19,228,218.4,223.46,4728000,223.46
"2013-06-06",222.12,225.4,214,217.74,3724200,217.74
"2013-06-07",218.64,220.82,215.65,220.22,2185600,220.22
"2013-06-10",223.03,223.33,216.06,220.93,1973200,220.93
"2013-06-11",217.85,220.27,213.8,214.46,2030500,214.46
"2013-06-12",215.83,215.83,206.87,207.64,2729800,207.64
"2013-06-13",207.99,215.55,205.75,215.39,2644500,215.39
"2013-06-14",214.77,217.29,212.32,213.99,1785100,213.99
"2013-06-17",225.54,230.5,223.75,229.23,5121600,229.23
"2013-06-18",230.24,231,226.4,228.83,2496700,228.83
"2013-06-19",228,235.88,227.61,232.31,3193300,232.31
"2013-06-20",229.47,231,220.54,223.52,3016600,223.52
"2013-06-21",225.05,226.38,214.2,216.9,3342600,216.9
"2013-06-24",213,219.08,209,215.6,2556600,215.6
"2013-06-25",211.97,213.5,207.56,212.9,2988400,212.9
"2013-06-26",214.55,218.25,210.82,212.1,2690600,212.1
"2013-06-27",212.91,216.73,209.6,214.97,2618100,214.97
"2013-06-28",214.27,216.3,210.05,211.09,2797300,211.09
"2013-07-01",213.62,225.33,212,224.28,3502500,224.28
"2013-07-02",225.23,227.47,218,221.46,2532900,221.46
"2013-07-03",222.12,224,218.95,220.91,1232200,220.91
"2013-07-05",222.09,225.25,219.33,225.1,1422500,225.1
"2013-07-08",226.98,235.24,225.51,233.1,3469900,233.1
"2013-07-09",235.04,247.41,234.87,247.38,5072800,247.38
"2013-07-10",245.55,246.9,239.21,243.82,3225500,243.82
"2013-07-11",248,249.2,240.82,244.17,3020900,244.17
"2013-07-12",245.83,257.43,245.75,257.26,4891200,257.26
"2013-07-15",259.4,259.85,252.13,257.98,2944700,257.98
"2013-07-16",257.29,266.37,256.7,260.48,4765200,260.48
"2013-07-17",261.24,268.26,258.67,267.92,2787200,267.92
"2013-07-18",270.31,270.31,264,266.41,2926800,266.41
"2013-07-19",267.43,267.95,263.18,264.58,2588600,264.58
"2013-07-22",266.85,268.75,257.12,261.96,6759100,261.96
"2013-07-23",251.4,262.23,246.2,250.26,10975600,250.26
"2013-07-24",249.72,252.25,240.2,241.3,4772800,241.3
"2013-07-25",240.56,247.66,239.91,246.74,2804900,246.74
"2013-07-26",244.62,246.98,240.81,246.31,2546700,246.31
"2013-07-29",246.06,250.67,242.5,244.96,1887900,244.96
"2013-07-30",245.4,247.91,241.81,243.76,1555800,243.76
"2013-07-31",243.41,247.1,241.94,244.48,1874400,244.48
"2013-08-01",246.54,250,244.57,249.12,2019900,249.12
"2013-08-02",249.34,249.34,244.8,246.18,1982800,246.18
"2013-08-05",243.91,253.9,241.38,253.84,3280300,253.84
"2013-08-06",253.95,257.6,250.1,255.9,2916200,255.9
"2013-08-07",254.36,257.47,248.66,249.21,2332700,249.21
"2013-08-08",251.87,253.9,248.45,250.4,2114300,250.4
"2013-08-09",249.99,253.71,249.8,252.75,1760400,252.75
"2013-08-12",251.28,257,250.42,256.6,2543500,256.6
"2013-08-13",258.65,262.2,253.26,259.19,3134400,259.19
"2013-08-14",258.3,263.79,258.02,261.81,2485700,261.81
"2013-08-15",259,260.49,251.36,253.41,2375600,253.41
"2013-08-16",253.21,260.15,251.13,258.87,3050600,258.87
"2013-08-19",258,263.5,257.75,259.78,2213900,259.78
"2013-08-20",262.93,273.54,262.5,273.29,4305800,273.29
"2013-08-21",272.89,274.65,267.5,270.37,3036900,270.37
"2013-08-22",272.52,273.46,268.23,269.75,1423100,269.75
"2013-08-23",270.05,278.39,269.02,278.36,3183600,278.36
"2013-08-26",276.11,289.94,274.04,282.72,4431100,282.72
"2013-08-27",279.15,285.88,274.5,276.04,3305500,276.04
"2013-08-28",278.66,285,276.4,283.36,2765100,283.36
"2013-08-29",284.03,290.23,283.84,287.85,2722800,287.85
"2013-08-30",288.25,288.83,282.95,283.91,2164200,283.91
"2013-09-03",287.43,290.71,284.55,289,2852800,289
"2013-09-04",288.84,293.06,286.99,292.43,2814500,292.43
"2013-09-05",296.8,298.93,294.42,295.11,2724600,295.11
"2013-09-06",296.33,296.51,290.2,291.54,2528400,291.54
"2013-09-09",292.75,295.3,290.28,294.15,1977200,294.15
"2013-09-10",297.5,313.24,296.81,313.06,5240300,313.06
"2013-09-11",313.74,314.18,303.88,308.3,4277200,308.3
"2013-09-12",301.84,306.45,298.35,301.41,3135400,301.41
"2013-09-13",302,306,299.19,305.65,2147100,305.65
"2013-09-16",310,310.19,301.8,302.16,2007900,302.16
"2013-09-17",302.04,303.26,297.7,299.55,2600100,299.55
"2013-09-18",298.96,307.68,298.12,306.92,1962800,306.92
"2013-09-19",308.37,308.75,304.01,305.5,2492800,305.5
"2013-09-20",305.84,315.89,305.62,313.83,4398800,313.83
"2013-09-23",320.39,320.39,299.52,302.04,4575800,302.04
"2013-09-24",301.3,309.4,300.35,306.49,2682900,306.49
"2013-09-25",308.2,310.8,304.06,307.14,2091300,307.14
"2013-09-26",308.04,314.49,307.5,313.51,1780100,313.51
"2013-09-27",310.76,313.52,309.7,312.4,1185600,312.4
"2013-09-30",307.72,312.15,305.2,309.21,1789800,309.21
"2013-10-01",314.77,324.7,314,324.62,4241900,324.62
"2013-10-02",322.09,333.6,321.62,330.73,4369100,330.73
"2013-10-03",331.01,334.5,318.05,321.72,3516200,321.72
"2013-10-04",323.68,328.3,318.54,327.26,2402000,327.26
"2013-10-07",324.04,326.97,318.15,318.16,2090700,318.16
"2013-10-08",319.29,321.52,299.57,302.32,4096900,302.32
"2013-10-09",300.23,300.58,282.8,288.43,5992700,288.43
"2013-10-10",301,307.43,296.4,303.99,4385000,303.99
"2013-10-11",304.31,307.61,300.13,300.85,2742900,300.85
"2013-10-14",310.61,325.27,306,324.36,6522800,324.36
"2013-10-15",325.1,327.33,319.34,321.69,3835500,321.69
"2013-10-16",320.11,325.5,318.26,322.88,2691900,322.88
"2013-10-17",322.21,330.21,319.66,330.1,2753200,330.1
"2013-10-18",334,336.48,327.6,333.5,3636400,333.5
"2013-10-21",342.92,355.42,340.1,354.99,9298600,354.99
"2013-10-22",387.84,389.16,321.5,322.52,25871400,322.52
"2013-10-23",317.32,335.19,317,330.24,8339500,330.24
"2013-10-24",331.44,336.85,323.66,331.22,4794200,331.22
"2013-10-25",331,337.2,325.91,328.03,3437500,328.03
"2013-10-28",325.01,330.96,311.81,314,4894400,314
"2013-10-29",318.57,327.37,309.2,327.3,4419500,327.3
"2013-10-30",328.72,328.93,315.62,318.14,3091500,318.14
"2013-10-31",318.11,326.65,315.7,322.48,2641400,322.48
"2013-11-01",328.83,333.5,325.9,329.27,3145800,329.27
"2013-11-04",330.95,337.79,325.15,337.6,3131300,337.6
"2013-11-05",335.54,342.4,333.05,341.5,2469900,341.5
"2013-11-06",339.49,344.37,332.79,335.63,2961900,335.63
"2013-11-07",339,339.67,325.16,326.86,2858200,326.86
"2013-11-08",326.92,335.6,325.52,334.9,2778400,334.9
"2013-11-11",332.75,339.5,328.62,337.91,2402200,337.91
"2013-11-12",336.18,339.5,331.35,333.73,1747400,333.73
"2013-11-13",333.22,335.46,329.1,335.28,1709700,335.28
"2013-11-14",335.79,344,335.12,342.57,2872100,342.57
"2013-11-15",344.6,349.89,343.08,349.76,2878900,349.76
"2013-11-18",350,350.49,339.5,341.77,2892500,341.77
"2013-11-19",340.77,346.82,334.24,337.29,2436800,337.29
"2013-11-20",343.35,346.35,337.65,339.52,2783100,339.52
"2013-11-21",342.24,348.68,341.67,348.5,2284200,348.5
"2013-11-22",348.83,350.6,344,347.85,2028900,347.85
"2013-11-25",346.9,352.93,345.01,350.24,1997800,350.24
"2013-11-26",350.5,356.46,347.57,355.2,2097600,355.2
"2013-11-27",357.11,363.85,353.54,362.49,2404700,362.49
"2013-11-29",364.05,367.8,363.01,365.8,1198300,365.8
"2013-12-02",364.88,367.96,359.61,363.92,1667900,363.92
"2013-12-03",361.89,363.58,356.5,362.94,1914400,362.94
"2013-12-04",360.59,368.65,356.25,356.27,2770800,356.27
"2013-12-05",357.8,361.13,353.39,358.06,1970500,358.06
"2013-12-06",361.04,361.33,352,354.44,1725100,354.44
"2013-12-09",355.17,359.87,353.61,355.67,1674100,355.67
"2013-12-10",355,364.44,353.32,363.1,2012800,363.1
"2013-12-11",364.37,371.16,362.22,363.98,2866700,363.98
"2013-12-12",363.67,374.84,363.55,373.33,3045500,373.33
"2013-12-13",376.15,377,368.81,368.97,2550700,368.97
"2013-12-16",369.98,371,364.25,366.31,1987300,366.31
"2013-12-17",366.75,377.7,366.27,374.87,2635500,374.87
"2013-12-18",373.86,377,366.51,376.24,2840200,376.24
"2013-12-19",374.2,379.86,373.35,376.74,1978500,376.74
"2013-12-20",376.5,379.69,374.34,375.67,2688200,375.67
"2013-12-23",378.69,383.43,376.63,380.58,1803500,380.58
"2013-12-24",380.76,383.96,377.48,378.39,796800,378.39
"2013-12-26",378.11,380.91,375.83,376.93,1752700,376.93
"2013-12-27",377.11,378.75,365.81,367.5,2421200,367.5
"2013-12-30",367.62,369.54,359.04,366.99,2153600,366.99
"2013-12-31",365.5,369.15,363.63,368.17,1502400,368.17
"2014-01-02",366.81,367.58,360.8,362.82,1760800,362.82
"2014-01-03",364,367.47,362.9,363.1,1545300,363.1
"2014-01-06",363.23,364.31,353.33,359.57,2214500,359.57
"2014-01-07",347.79,347.89,337.07,339.5,5166800,339.5
"2014-01-08",336.73,345.98,336.52,340.99,2857300,340.99
"2014-01-09",341.77,343.98,335,337.05,2429600,337.05
"2014-01-10",338.07,338.64,330.53,332.14,2319700,332.14
"2014-01-13",331.13,348.67,331.13,336.81,3891000,336.81
"2014-01-14",341.44,341.6,332.57,337.96,2820000,337.96
"2014-01-15",335,338.57,319.07,330.38,5776000,330.38
"2014-01-16",328.41,333.87,322.02,331.68,3019400,331.68
"2014-01-17",332.07,334.82,328.24,330.04,2345300,330.04
"2014-01-21",332.23,332.47,320.25,328.71,3602900,328.71
"2014-01-22",329.5,334.44,327.35,333.73,6906000,333.73
"2014-01-23",387.4,395.63,377.49,388.72,13040000,388.72
"2014-01-24",383.68,390.7,383.38,386.08,5066700,386.08
"2014-01-27",387.39,391.5,370.56,381.23,4646700,381.23
"2014-01-28",381.32,407.41,380.76,406.77,6227200,406.77
"2014-01-29",403.12,407.34,398.05,400.42,4138300,400.42
"2014-01-30",407.1,409.19,401.51,404.67,2625600,404.67
"2014-01-31",402.31,412.4,402.3,409.33,3375000,409.33
"2014-02-03",411.9,412.15,400.72,404.38,2877900,404.38
"2014-02-04",405.45,408.53,397.01,405.91,2580900,405.91
"2014-02-05",403.15,407.75,398,404.42,2394700,404.42
"2014-02-06",406.42,410.91,400.42,407.91,1836000,407.91
"2014-02-07",413.44,430.5,410.56,429.98,4703000,429.98
"2014-02-10",429.43,432.37,424.28,430.44,1973200,430.44
"2014-02-11",429.96,435.76,425.51,433.99,1952500,433.99
"2014-02-12",434.78,434.9,425.54,428.93,2239000,428.93
"2014-02-13",425.69,439.49,425,436.55,2671500,436.55
"2014-02-14",437.06,437.7,431.69,435.51,1712200,435.51
"2014-02-18",436.96,441.24,428,436.85,2215400,436.85
"2014-02-19",431.67,436.25,427.97,428.23,2290200,428.23
"2014-02-20",430.35,437.77,429.16,434.95,1709300,434.95
"2014-02-21",438.7,438.7,429.65,432.23,1926200,432.23
"2014-02-24",435.47,449.69,428.5,447,3720500,447
"2014-02-25",450,457.79,445,453.03,2671500,453.03
"2014-02-26",455.9,456,446,448.79,2144300,448.79
"2014-02-27",447.84,454.13,447.84,452.23,1472100,452.23
"2014-02-28",453.13,454.2,441,445.63,2250200,445.63
"2014-03-03",441.19,445.75,438.1,445.59,1932600,445.59
"2014-03-04",450.92,455,445.59,454.98,1769700,454.98
"2014-03-05",453.99,456.84,451.91,453.5,1552700,453.5
"2014-03-06",454.94,458,448.99,450.51,1687000,450.51
"2014-03-07",454.07,454.54,445.51,448.37,1653400,448.37
"2014-03-10",448.47,448.78,432.1,439.95,2205600,439.95
"2014-03-11",442.64,446.68,435.65,437.48,1492600,437.48
"2014-03-12",433.68,439.5,429.68,436.58,1733500,436.58
"2014-03-13",439.71,440.28,428.28,430.06,1621800,430.06
"2014-03-14",427.73,434.99,423,424.49,2141300,424.49
"2014-03-17",428.19,430.8,422.31,422.72,1527900,422.72
