"","PBI.Open","PBI.High","PBI.Low","PBI.Close","PBI.Volume","PBI.Adjusted"
"2007-01-03",46.4,46.49,45.87,46.37,964700,29.78
"2007-01-04",46.35,46.52,45.89,46.32,1068400,29.75
"2007-01-05",46.34,46.49,46.19,46.4,728900,29.8
"2007-01-08",46.35,47.06,46.25,46.86,1054000,30.1
"2007-01-09",47.15,47.55,47.06,47.39,1176800,30.44
"2007-01-10",47.24,47.95,46.91,47.7,1798700,30.64
"2007-01-11",47.7,48.15,47.7,48.08,1323500,30.88
"2007-01-12",47.93,48,47.69,47.8,573300,30.7
"2007-01-16",47.8,48.37,47.67,48.32,1121000,31.03
"2007-01-17",48.25,48.46,48.06,48.28,1006000,31.01
"2007-01-18",48.27,48.27,47.88,48.06,847300,30.87
"2007-01-19",48.06,48.06,47.69,47.94,625500,30.79
"2007-01-22",47.92,48.18,47.82,47.94,669000,30.79
"2007-01-23",48.05,48.5,47.92,48.31,815900,31.03
"2007-01-24",48.32,48.5,48.06,48.28,696400,31.01
"2007-01-25",48.38,48.43,48.04,48.13,1070300,30.91
"2007-01-26",48.11,48.23,47.33,47.62,828500,30.59
"2007-01-29",47.51,47.75,47.32,47.61,706300,30.58
"2007-01-30",47.72,47.93,47.55,47.9,464700,30.77
"2007-01-31",47.89,47.97,47.59,47.87,685500,30.75
"2007-02-01",47.98,48.31,47.87,48.09,1145400,30.89
"2007-02-02",48.12,48.3,47.98,48.22,681100,30.97
"2007-02-05",48.2,48.5,47.57,47.8,659800,30.7
"2007-02-06",48.1,48.95,47.9,48.53,1290600,31.17
"2007-02-07",48.51,48.65,47.95,48.5,1819600,31.15
"2007-02-08",48.5,48.6,48.19,48.47,947900,31.13
"2007-02-09",48.47,48.7,48.13,48.34,769200,31.05
"2007-02-12",48.07,48.37,47.69,47.83,830600,30.72
"2007-02-13",47.98,48.1,47.8,48.03,675300,30.85
"2007-02-14",47.82,48.16,47.7,48.08,623700,31.09
"2007-02-15",48.08,48.32,47.73,47.99,505100,31.04
"2007-02-16",47.81,48.19,47.74,47.91,588300,30.98
"2007-02-20",48,48.13,47.81,48.12,565400,31.12
"2007-02-21",48.01,48.12,47.62,47.79,602600,30.91
"2007-02-22",47.9,48.38,47.66,47.86,550700,30.95
"2007-02-23",47.9,48.05,47.48,47.97,840400,31.02
"2007-02-26",48.01,48.38,47.95,48.32,902800,31.25
"2007-02-27",48,48.32,47.49,47.5,1601100,30.72
"2007-02-28",47.5,47.98,47.16,47.71,1345300,30.86
"2007-03-01",47.35,47.73,46.8,47.42,1171900,30.67
"2007-03-02",47.32,47.39,46.62,46.64,1061400,30.16
"2007-03-05",46.48,46.99,46.27,46.49,1159700,30.07
"2007-03-06",46.86,46.92,46.46,46.88,891700,30.32
"2007-03-07",46.8,46.86,46.42,46.42,639700,30.02
"2007-03-08",46.55,46.73,46.16,46.56,794000,30.11
"2007-03-09",46.76,46.8,46.22,46.49,509300,30.07
"2007-03-12",46.42,46.52,46.02,46.36,624800,29.98
"2007-03-13",46.35,46.41,45.71,45.73,1281300,29.57
"2007-03-14",45.73,45.85,44.73,45.44,1183600,29.39
"2007-03-15",45.4,45.59,45.18,45.32,772500,29.31
"2007-03-16",45.57,45.85,44.95,45.18,1244700,29.22
"2007-03-19",45.4,45.55,45.09,45.3,792900,29.3
"2007-03-20",45.3,45.47,45.17,45.37,943800,29.34
"2007-03-21",45.35,46.1,45.2,46.04,1019700,29.78
"2007-03-22",45.17,46.87,45.17,46.07,670500,29.79
"2007-03-23",46.02,46.2,45.93,46.06,502100,29.79
"2007-03-26",45.98,46.17,45.53,46.12,811900,29.83
"2007-03-27",45.9,45.95,45.51,45.64,456700,29.52
"2007-03-28",45.61,45.61,45.11,45.36,603700,29.34
"2007-03-29",44.61,45.52,44.61,45.44,673300,29.39
"2007-03-30",45.46,45.7,45,45.39,761100,29.35
"2007-04-02",45.34,45.55,45.22,45.35,1004200,29.33
"2007-04-03",45.42,45.9,45.42,45.83,788000,29.64
"2007-04-04",45.77,45.94,45.67,45.89,610800,29.68
"2007-04-05",45.86,46.15,45.6,46.12,546200,29.83
"2007-04-09",45.99,46.22,45.81,46.12,372500,29.83
"2007-04-10",46.05,46.32,45.96,46.29,766700,29.94
"2007-04-11",46.37,46.37,45.9,46.12,854200,29.83
"2007-04-12",46.11,46.53,45.97,46.46,714600,30.05
"2007-04-13",46.43,46.78,46.22,46.69,726800,30.2
"2007-04-16",46.81,48,46.81,47.55,1035000,30.75
"2007-04-17",48.4,48.4,47.35,47.45,729800,30.69
"2007-04-18",47.46,47.78,47.18,47.68,1030700,30.84
"2007-04-19",47.45,47.83,47.33,47.83,1034000,30.93
"2007-04-20",48.28,48.5,48.04,48.34,1553900,31.26
"2007-04-23",48.34,48.73,48.26,48.53,796600,31.39
"2007-04-24",48.5,48.61,48.11,48.14,639800,31.13
"2007-04-25",48.36,48.67,48.28,48.66,594000,31.47
"2007-04-26",47.79,48.78,47.79,48.41,850100,31.31
"2007-04-27",48.43,48.57,48.27,48.5,1326400,31.37
"2007-04-30",49.7,49.7,47.86,48,1070000,31.04
"2007-05-01",48.88,48.88,47.4,47.62,1225000,30.8
"2007-05-02",47.56,47.83,46.91,47.01,1878600,30.4
"2007-05-03",47.13,47.59,47.12,47.54,1672800,30.75
"2007-05-04",47.7,47.88,47.49,47.75,879900,30.88
"2007-05-07",47.75,48.14,47.75,48.02,818400,31.06
"2007-05-08",47.98,48.12,47.78,48,707900,31.04
"2007-05-09",47.99,48.43,47.78,48.28,716300,31.22
"2007-05-10",48.09,48.2,47.86,47.91,1123200,30.98
"2007-05-11",48,48.26,45.57,46.99,3852600,30.39
"2007-05-14",46.99,47.6,46.77,47.42,1051200,30.67
"2007-05-15",47.68,47.86,47.06,47.09,1013500,30.45
"2007-05-16",46.93,47.41,46.81,47.37,1037600,30.85
"2007-05-17",47.63,47.68,47,47.51,1168100,30.94
"2007-05-18",47.58,47.87,47.17,47.39,1006000,30.86
"2007-05-21",47.3,47.48,46.94,47.07,1428400,30.66
"2007-05-22",47.08,47.57,47.02,47.39,970400,30.86
"2007-05-23",47.64,47.91,47.43,47.67,1027200,31.05
"2007-05-24",47.88,48,47.45,47.51,1565700,30.94
"2007-05-25",47.56,47.95,47.44,47.83,509200,31.15
"2007-05-29",48,48.58,47.73,47.95,879500,31.23
"2007-05-30",47.9,48.15,47.75,47.98,1407600,31.25
"2007-05-31",48.13,48.13,47.67,47.75,966000,31.1
"2007-06-01",47.75,48.07,47.73,47.97,1101600,31.24
"2007-06-04",47.97,48.02,47.9,47.98,1038500,31.25
"2007-06-05",47.92,48.1,47.85,48.02,996600,31.27
"2007-06-06",47.84,47.99,47.17,47.71,1215300,31.07
"2007-06-07",47.63,47.63,46.47,46.47,1518800,30.27
"2007-06-08",46.36,46.96,46.18,46.89,1683600,30.54
"2007-06-11",46.9,47.19,46.62,46.85,1036200,30.51
"2007-06-12",46.6,46.87,46.17,46.17,1627300,30.07
"2007-06-13",46.29,46.39,45.8,46.15,1713900,30.06
"2007-06-14",46.31,46.31,45.67,45.78,1540500,29.82
"2007-06-15",46.14,46.33,45.94,45.99,1998400,29.95
"2007-06-18",46.01,46.83,46.01,46.75,1328200,30.45
"2007-06-19",46.75,46.93,46.59,46.88,1094400,30.53
"2007-06-20",47,47.09,46.46,46.49,1483400,30.28
"2007-06-21",46.49,46.76,46.05,46.6,1181400,30.35
"2007-06-22",46.37,46.57,46.21,46.33,1446900,30.17
"2007-06-25",46.37,46.95,46.23,46.49,1177200,30.28
"2007-06-26",46.7,46.85,46.23,46.36,1340100,30.19
"2007-06-27",45.93,46.32,45.92,46.3,1180000,30.15
"2007-06-28",46.3,46.69,46.14,46.51,935700,30.29
"2007-06-29",46.55,46.94,46.53,46.82,1097200,30.49
"2007-07-02",46.98,47.12,46.75,47.03,659500,30.63
"2007-07-03",47,47.36,46.95,47.21,357700,30.75
"2007-07-05",46.97,47.48,46.91,47.44,1059100,30.9
"2007-07-06",47.52,47.64,47.13,47.48,652600,30.92
"2007-07-09",47.37,47.49,47.13,47.31,649900,30.81
"2007-07-10",46.48,47.08,46.44,46.46,2051900,30.26
"2007-07-11",46.46,46.66,46.23,46.47,1150500,30.27
"2007-07-12",46.6,46.95,46.35,46.95,759000,30.58
"2007-07-13",47.08,47.22,46.66,46.81,678900,30.49
"2007-07-16",46.61,46.81,46.45,46.54,790900,30.31
"2007-07-17",46.65,47.39,46.53,47.34,941200,30.83
"2007-07-18",47.3,47.67,46.81,47.53,1316000,30.96
"2007-07-19",47.75,48.36,47.69,48.3,1108200,31.46
"2007-07-20",48.23,48.43,47.69,47.8,1279300,31.13
"2007-07-23",46.93,48.13,46.93,47.89,920500,31.19
"2007-07-24",47.65,47.91,47.05,47.09,1569000,30.67
"2007-07-25",47.42,47.44,46.37,46.69,1187800,30.41
"2007-07-26",46.46,46.46,45.29,45.92,1283500,29.91
"2007-07-27",45.82,45.88,45.17,45.2,1228300,29.44
"2007-07-30",45.02,46.06,44.78,46,1114500,29.96
"2007-07-31",46.25,46.76,45.4,46.1,1441000,30.02
"2007-08-01",45.23,46.97,45.23,46.8,1886100,30.48
"2007-08-02",46.94,47.35,46.87,47.3,1958100,30.81
"2007-08-03",47.36,47.47,45.73,45.73,1813300,29.78
"2007-08-06",46.05,46.57,45.77,46.57,1517000,30.33
"2007-08-07",46.17,46.88,46.1,46.7,2079300,30.42
"2007-08-08",46.69,47.54,46.49,47.41,1841700,30.88
"2007-08-09",47,48.91,46.79,47.48,2301100,30.92
"2007-08-10",46.95,47.47,45.67,46.28,1765300,30.14
"2007-08-13",46.07,46.34,44.98,45.11,1652900,29.38
"2007-08-14",45.11,45.9,44.84,44.86,1283800,29.22
"2007-08-15",44.9,44.98,43.51,43.75,1654500,28.7
"2007-08-16",43.23,44.26,43.04,44.11,2445400,28.94
"2007-08-17",45.5,45.5,44.14,45,1466000,29.53
"2007-08-20",44.99,45.23,44.05,44.4,1213900,29.13
"2007-08-21",44.16,44.45,43.82,43.99,1319200,28.86
"2007-08-22",44.09,44.36,43.79,44.09,1155600,28.93
"2007-08-23",44.27,44.64,44.09,44.37,900100,29.11
"2007-08-24",44.46,44.8,44.23,44.72,660100,29.34
"2007-08-27",44.6,44.92,44.31,44.31,839300,29.07
"2007-08-28",44.01,44.55,43.68,43.69,1091900,28.67
"2007-08-29",43.9,44.55,43.82,44.49,1062500,29.19
"2007-08-30",44.08,44.53,43.75,43.96,993600,28.84
"2007-08-31",44.35,44.74,44.12,44.67,770500,29.31
"2007-09-04",44.77,45.49,44.38,45.27,857900,29.7
"2007-09-05",45.1,45.42,44.84,45.31,1284500,29.73
"2007-09-06",45.34,45.6,44.89,45.47,1290200,29.83
"2007-09-07",45,45.54,44.84,45.47,1524600,29.83
"2007-09-10",45.5,45.74,44.89,45.08,859400,29.58
"2007-09-11",45,45.32,44.82,45.11,957700,29.6
"2007-09-12",45,45.7,44.82,44.85,875600,29.43
"2007-09-13",45.07,45.19,44.54,44.96,753900,29.5
"2007-09-14",44.7,45.67,44.7,45.08,848900,29.58
"2007-09-17",44.98,45.13,44.59,44.63,482900,29.28
"2007-09-18",44.63,45.25,44.22,45.09,942600,29.58
"2007-09-19",45.25,45.88,44.89,45.74,1063300,30.01
"2007-09-20",45.8,46.36,45.62,45.79,693000,30.04
"2007-09-21",46.33,46.35,45.79,45.92,934400,30.13
"2007-09-24",45.76,46.05,44.95,45.07,811600,29.57
"2007-09-25",44.72,45.18,44.28,45.11,1033800,29.6
"2007-09-26",45.36,45.74,45.19,45.51,671700,29.86
"2007-09-27",45.55,45.87,45.44,45.5,504600,29.85
"2007-09-28",45.37,45.55,45.24,45.42,461300,29.8
"2007-10-01",45.73,46.09,45.62,45.98,741700,30.17
"2007-10-02",45.87,46,45.47,45.76,531800,30.02
"2007-10-03",45.54,45.9,45.52,45.76,515500,30.02
"2007-10-04",45.81,45.81,45.48,45.57,527200,29.9
"2007-10-05",45.76,46.09,45.54,46.05,617400,30.21
"2007-10-08",45.97,46.1,45.68,45.74,317500,30.01
"2007-10-09",45.9,45.99,45.63,45.66,631200,29.96
"2007-10-10",45.6,46,45.06,45.39,1146400,29.78
"2007-10-11",45.54,45.69,45.09,45.18,1287700,29.64
"2007-10-12",45.29,45.57,45.15,45.36,625200,29.76
"2007-10-15",45.29,45.49,45.08,45.32,851000,29.74
"2007-10-16",45.33,46.14,45.29,46.02,1192800,30.19
"2007-10-17",46.15,46.47,45.95,46.37,932500,30.42
"2007-10-18",46.33,46.52,46.02,46.52,705700,30.52
"2007-10-19",46.3,46.45,44.96,45.26,1826500,29.7
"2007-10-22",44.9,45.68,44.76,45.68,673900,29.97
"2007-10-23",45.84,46.16,45.38,45.88,504900,30.1
"2007-10-24",45.75,45.83,44.88,45.78,661000,30.04
"2007-10-25",45.75,45.96,45.43,45.74,594900,30.01
"2007-10-26",46,46.56,45.83,46,878700,30.18
"2007-10-29",46,47.07,46,46.99,884300,30.83
"2007-10-30",40.4,43,38.97,39.93,6889800,26.2
"2007-10-31",39.96,40.1,39.16,40.04,2262900,26.27
"2007-11-01",39.49,39.89,39.2,39.59,1572900,25.98
"2007-11-02",39.88,39.99,38.59,38.97,1306200,25.57
"2007-11-05",38.51,38.95,38.05,38.34,1481000,25.16
"2007-11-06",38.37,38.73,37.86,38.15,1177300,25.03
"2007-11-07",37.75,37.84,37.02,37.51,2112200,24.61
"2007-11-08",37.5,37.53,36.55,37.22,2174400,24.42
"2007-11-09",36.66,37.21,36.4,36.94,2376700,24.24
"2007-11-12",36.5,38.32,36.5,37.75,2446900,24.77
"2007-11-13",38.38,38.45,37.59,38.38,1694000,25.18
"2007-11-14",38.54,38.54,37.07,37.84,2695400,24.83
"2007-11-15",37.77,38.24,37.39,38,2880800,24.93
"2007-11-16",37.95,38.26,37.69,38.12,3981300,25.01
"2007-11-19",38.52,39.43,38.13,38.5,6985100,25.34
"2007-11-20",38.49,38.52,37.24,37.75,3018700,25.06
"2007-11-21",37.49,37.94,37.12,37.3,1935500,24.76
"2007-11-23",37.47,37.88,37.36,37.73,777600,25.05
"2007-11-26",37.67,38.04,37.02,37.06,1806800,24.6
"2007-11-27",37.48,38.03,37.07,38.03,1952300,25.25
"2007-11-28",38.07,38.48,37.99,38.48,1876300,25.55
"2007-11-29",38.28,38.68,38.2,38.57,1072800,25.61
"2007-11-30",38.95,39.08,38.22,38.5,3174100,25.56
"2007-12-03",38.49,38.49,37.8,38.08,1496600,25.28
"2007-12-04",38,38.43,37.77,37.99,1358200,25.22
"2007-12-05",38.42,38.7,37.94,38.7,1369700,25.69
"2007-12-06",38.69,38.82,38.23,38.7,1089900,25.69
"2007-12-07",38.64,38.76,38.38,38.61,1371300,25.63
"2007-12-10",38.64,38.87,38.24,38.39,1261000,25.49
"2007-12-11",38.37,38.67,37.82,37.82,1221200,25.11
"2007-12-12",38.59,39,37.37,37.8,1632600,25.1
"2007-12-13",37.55,37.76,37.11,37.56,1088000,24.94
"2007-12-14",37.53,37.53,36.75,37.14,1142300,24.66
"2007-12-17",36.91,37.61,36.91,37.35,1263200,24.8
"2007-12-18",37.43,37.82,37.08,37.57,1257100,24.94
"2007-12-19",37.65,38.29,37.35,37.84,1348800,25.12
"2007-12-20",37.92,38.18,37.89,38.18,2648800,25.35
"2007-12-21",39,39,38.27,38.58,2136100,25.61
"2007-12-24",38.39,38.81,38.26,38.33,373000,25.45
"2007-12-26",38.2,38.69,37.9,38.38,894900,25.48
"2007-12-27",38.18,38.57,38.1,38.37,780000,25.47
"2007-12-28",38.57,38.67,38.3,38.46,940200,25.53
"2007-12-31",38.31,38.43,37.98,38.04,713200,25.26
"2008-01-02",37.95,38.13,37.62,37.72,1619300,25.04
"2008-01-03",37.82,37.92,37.53,37.7,1484000,25.03
"2008-01-04",37.42,37.57,36.56,36.57,2102200,24.28
"2008-01-07",36.72,37.34,36.47,36.94,1902000,24.52
"2008-01-08",36.97,37.69,36.91,37.11,2471300,24.64
"2008-01-09",37.03,37.13,36.53,37.09,1630500,24.62
"2008-01-10",36.77,37.29,36.49,37.08,1591000,24.62
"2008-01-11",36.68,36.72,35.85,35.94,2736600,23.86
"2008-01-14",36.05,36.65,35.93,36.42,1465300,24.18
"2008-01-15",35.97,36.19,35.42,35.43,2036000,23.52
"2008-01-16",35.4,35.93,35.01,35.49,1630200,23.56
"2008-01-17",35.53,35.63,34.44,34.48,1817600,22.89
"2008-01-18",34.65,34.68,33.9,34.11,1823200,22.65
"2008-01-22",32.67,34.48,32.67,34.06,1769000,22.61
"2008-01-23",33.13,34.34,32.64,34.29,2019000,22.77
"2008-01-24",34.27,35.3,34.27,35.2,1772800,23.37
"2008-01-25",35.6,35.6,34.75,34.87,1892400,23.15
"2008-01-28",34.85,35.42,34.67,35.28,1670600,23.42
"2008-01-29",35.56,36.58,35.44,36.53,1330500,24.25
"2008-01-30",36.57,37.25,36.36,36.69,1055700,24.36
"2008-01-31",36.2,36.99,35.8,36.69,1558700,24.36
"2008-02-01",36.68,38.22,36.6,38.22,1075700,25.37
"2008-02-04",38.25,38.35,37.4,37.58,863100,24.95
"2008-02-05",36.94,37.17,36.26,36.35,1563500,24.13
"2008-02-06",36.53,37.09,36.34,36.47,961900,24.21
"2008-02-07",36.48,37,36.31,36.61,1177100,24.31
"2008-02-08",35,37.26,35,36.88,1461900,24.48
"2008-02-11",36.89,37.26,36.75,36.96,1199900,24.54
"2008-02-12",37.25,37.83,36.9,37.17,2162000,24.68
"2008-02-13",37.31,38.16,37.31,38.06,1359600,25.51
"2008-02-14",38.03,38.06,37.33,37.34,730600,25.03
"2008-02-15",37.08,37.37,37.05,37.29,1042200,24.99
"2008-02-19",37.64,38.32,37.36,37.51,1453000,25.14
"2008-02-20",37.09,37.72,36.68,37.4,978100,25.07
"2008-02-21",37.46,37.58,36.44,36.49,1079700,24.46
"2008-02-22",36.7,36.85,36.18,36.73,1071400,24.62
"2008-02-25",36.88,37.34,36.67,37.3,1210700,25
"2008-02-26",37,38.01,37,37.82,1208100,25.35
"2008-02-27",37.56,37.82,37.34,37.57,1159100,25.18
"2008-02-28",37.31,37.34,36.52,36.62,1286200,24.54
"2008-02-29",36.3,36.31,35.63,35.78,1183400,23.98
"2008-03-03",35.73,35.97,35.62,35.86,1271800,24.03
"2008-03-04",35.67,35.83,35.16,35.56,2360400,23.83
"2008-03-05",35.55,35.75,35.18,35.54,1533300,23.82
"2008-03-06",35.64,35.64,34.61,34.67,1917900,23.24
"2008-03-07",34.23,35.06,34.23,34.72,2421900,23.27
"2008-03-10",34.68,35.24,34.63,34.68,1823100,23.24
"2008-03-11",35.18,35.77,34.87,35.77,1986700,23.97
"2008-03-12",35.6,36.43,35.6,35.89,1601500,24.05
"2008-03-13",35.53,36.34,35.32,36.19,1415700,24.26
"2008-03-14",36.38,36.43,34.8,35.26,1693800,23.63
"2008-03-17",34.36,35.42,34.36,34.65,2034400,23.22
"2008-03-18",34.51,35.75,34.51,35.75,1366400,23.96
"2008-03-19",36.1,36.25,35.33,35.33,1191800,23.68
"2008-03-20",35.36,35.54,34.87,35.27,1869400,23.64
"2008-03-24",35.35,36.34,35.28,36.06,1177600,24.17
"2008-03-25",36.15,36.3,35.7,36.17,1144000,24.24
"2008-03-26",36.13,36.13,35.55,35.78,1075200,23.98
"2008-03-27",35.95,36,35.38,35.38,1376000,23.71
"2008-03-28",35.55,35.76,34.94,35.02,1091300,23.47
"2008-03-31",34.82,35.29,34.74,35.02,1401900,23.47
"2008-04-01",35.45,36.26,35.2,36.26,1230100,24.3
"2008-04-02",36.27,36.71,36.21,36.45,1431100,24.43
"2008-04-03",36.25,36.96,36.24,36.79,1491600,24.66
"2008-04-04",36.92,36.96,36.46,36.68,822100,24.58
"2008-04-07",37,37.01,36.56,36.71,8e+05,24.6
"2008-04-08",36.59,36.59,36.25,36.4,873300,24.4
"2008-04-09",35.63,36.99,35.63,35.8,981600,23.99
"2008-04-10",35.84,36.17,35.67,35.96,906200,24.1
"2008-04-11",35.67,35.67,34.72,34.75,1864200,23.29
"2008-04-14",34.53,34.59,34.08,34.11,1374900,22.86
"2008-04-15",34.29,34.29,33.98,34.19,1233300,22.91
"2008-04-16",34.43,34.63,34.28,34.55,1171000,23.16
"2008-04-17",34.51,34.9,34.48,34.74,838900,23.28
"2008-04-18",35.29,35.64,34.96,35.52,1322800,23.81
"2008-04-21",35.39,35.63,35.21,35.59,1236800,23.85
"2008-04-22",35.41,35.69,35.18,35.53,1081200,23.81
"2008-04-23",35.7,36.03,35.59,35.75,709900,23.96
"2008-04-24",35.69,36.44,35.58,36.24,660500,24.29
"2008-04-25",36.37,36.39,35.7,36.39,722800,24.39
"2008-04-28",36.3,36.5,35.97,36.25,813700,24.3
"2008-04-29",36.33,37.21,36.32,36.74,1401300,24.62
"2008-04-30",36.9,36.94,36.02,36.11,1265700,24.2
"2008-05-01",36.28,36.43,35.95,36.19,1502500,24.26
"2008-05-02",36.13,36.39,35.61,36.07,1670600,24.17
"2008-05-05",35.99,36.6,35.78,36.32,1451000,24.34
"2008-05-06",36.21,36.83,36,36.65,775100,24.56
"2008-05-07",37.19,39.39,37.19,38.16,2076700,25.58
"2008-05-08",38.2,38.35,37.72,37.99,1634000,25.46
"2008-05-09",37.85,38.04,37.47,37.54,756500,25.16
"2008-05-12",37.71,37.71,36.86,37.15,1237400,24.9
"2008-05-13",37.36,37.53,36.99,37.35,799000,25.03
"2008-05-14",37.17,38.04,37.17,37.8,929700,25.57
"2008-05-15",37.76,38.57,37.74,38.55,765600,26.08
"2008-05-16",38.51,38.51,37.98,38.14,839000,25.8
"2008-05-19",38.14,38.21,37.61,37.7,1007600,25.51
"2008-05-20",37.61,37.75,37.25,37.37,969800,25.28
"2008-05-21",37.42,37.65,36.6,36.73,1081500,24.85
"2008-05-22",36.85,37,36.5,36.77,939700,24.88
"2008-05-23",36.69,36.69,36.31,36.31,682500,24.57
"2008-05-27",36.26,36.92,36.15,36.76,549500,24.87
"2008-05-28",36.98,37.08,36.16,36.37,1010100,24.61
"2008-05-29",36.27,36.35,35.85,36.3,1456300,24.56
"2008-05-30",36.23,36.47,36.23,36.31,1201700,24.57
"2008-06-02",36.3,36.37,35.76,36.1,1210900,24.42
"2008-06-03",36.26,36.57,36.05,36.29,952100,24.55
"2008-06-04",36.1,36.89,35.98,36.59,856800,24.76
"2008-06-05",36.72,37.16,36.55,37.07,697200,25.08
"2008-06-06",36.65,37.12,36.02,36.08,1077400,24.41
"2008-06-09",36.11,36.29,35.76,36.18,1291600,24.48
"2008-06-10",35.84,36.49,35.82,36.22,1117600,24.51
"2008-06-11",35.91,36.28,35.68,35.72,1055000,24.17
"2008-06-12",35.97,36.65,35.97,36.15,1271800,24.46
"2008-06-13",36.32,36.94,36.16,36.58,1217900,24.75
"2008-06-16",36.4,36.87,36.22,36.68,1105500,24.82
"2008-06-17",36.8,37.1,36.63,36.77,735500,24.88
"2008-06-18",36.61,36.73,35.59,35.77,1219700,24.2
"2008-06-19",35.88,36.21,35.53,36.07,803900,24.4
"2008-06-20",34.81,35.99,33.79,35.24,1544100,23.84
"2008-06-23",35.32,35.32,34.67,34.81,1617400,23.55
"2008-06-24",34.79,34.79,34.22,34.27,1871200,23.19
"2008-06-25",34.41,35.2,34.29,34.84,1485900,23.57
"2008-06-26",34.36,34.56,33.83,33.89,1589000,22.93
"2008-06-27",33.89,34,33.56,33.79,1302400,22.86
"2008-06-30",33.78,34.78,33.78,34.1,1556900,23.07
"2008-07-01",33.71,33.98,33.29,33.83,1199000,22.89
"2008-07-02",33.87,34.03,33.14,33.19,1201700,22.46
"2008-07-03",33.4,33.62,33.11,33.35,633300,22.56
"2008-07-07",33.36,33.65,32.46,32.81,1120400,22.2
"2008-07-08",32.75,33.38,32.67,33.34,1156400,22.56
"2008-07-09",33.44,33.44,32.81,32.86,1034600,22.23
"2008-07-10",32.85,33.12,31.9,32.25,1578400,21.82
"2008-07-11",31.99,32.67,31.78,32.34,1320500,21.88
"2008-07-14",32.43,32.65,31.38,31.59,1711800,21.37
"2008-07-15",31.4,32.16,31.2,31.82,2053100,21.53
"2008-07-16",31.68,32.3,31.48,32.04,1784700,21.68
"2008-07-17",32.27,32.71,31.77,32.45,1674600,21.95
"2008-07-18",32.25,32.47,31.95,32.38,1797100,21.91
"2008-07-21",32.58,32.76,31.9,32.02,955500,21.66
"2008-07-22",31.86,32.53,31.85,32.46,1872100,21.96
"2008-07-23",32.52,33.02,32.28,32.85,1613800,22.23
"2008-07-24",32.92,33.03,32.55,32.67,2338400,22.1
"2008-07-25",32.67,32.67,32.1,32.15,1292000,21.75
"2008-07-28",32.05,32.28,31.68,31.68,855400,21.43
"2008-07-29",31.61,32.03,31.42,31.57,1527200,21.36
"2008-07-30",31.78,32.3,31.7,31.92,1207900,21.6
"2008-07-31",31.74,32.26,31.58,31.69,1430200,21.44
"2008-08-01",31.74,31.85,31.33,31.62,1409700,21.39
"2008-08-04",31.74,32.05,31.43,31.8,977300,21.51
"2008-08-05",31.94,35.83,31.94,35.04,3233100,23.71
"2008-08-06",35,35,34.13,34.6,1438800,23.41
"2008-08-07",34.5,34.78,34,34.41,1801300,23.28
"2008-08-08",34.4,35.29,34.28,35.08,1167400,23.73
"2008-08-11",35.17,36.19,35.05,36.18,1741500,24.48
"2008-08-12",35.95,36.46,35.5,35.59,1396900,24.08
"2008-08-13",35.36,35.8,34.39,35.39,1691400,24.18
"2008-08-14",35.16,35.61,35.04,35.48,1375000,24.24
"2008-08-15",35.62,35.75,34.93,35.04,1225000,23.94
"2008-08-18",34.77,35.15,34.35,34.53,1196500,23.59
"2008-08-19",34.34,34.34,33.83,33.93,1330000,23.18
"2008-08-20",33.96,34.37,33.51,33.88,1309400,23.15
"2008-08-21",32.56,33.98,32.56,33.81,918300,23.1
"2008-08-22",34,34.36,33.9,34.36,865300,23.48
"2008-08-25",34.2,34.43,33.71,33.79,2799000,23.09
"2008-08-26",33.57,33.93,33.44,33.93,1018200,23.18
"2008-08-27",33.97,34.23,33.81,33.91,796600,23.17
"2008-08-28",34.05,34.6,33.71,34.55,750600,23.61
"2008-08-29",34.34,34.56,34.15,34.15,1009800,23.33
"2008-09-02",34.83,35.23,34.37,34.52,1323100,23.59
"2008-09-03",34.62,35.1,34.34,35.05,1733500,23.95
"2008-09-04",34.88,35.4,34.2,34.97,2117900,23.89
"2008-09-05",34.92,35.21,34.52,35.11,1542900,23.99
"2008-09-08",35.47,36.4,35.4,36.36,1722300,24.84
"2008-09-09",36.22,37.95,35.89,36.07,1937600,24.65
"2008-09-10",36.31,36.96,35.38,35.83,1843800,24.48
"2008-09-11",35.61,36.53,35.06,36.43,1869800,24.89
"2008-09-12",36.04,36.67,35.6,36.6,1770400,25.01
"2008-09-15",35.85,36.57,35.68,35.81,1309600,24.47
"2008-09-16",35.32,35.76,34.87,35.54,2213800,24.28
"2008-09-17",35.03,35.46,34.12,34.18,1805500,23.35
"2008-09-18",34.56,35.9,34.11,35.84,2738400,24.49
"2008-09-19",33.99,39.98,33.99,35.48,1946000,24.24
"2008-09-22",35.01,35.33,34.04,34.15,991700,23.33
"2008-09-23",34.3,34.89,33.81,33.95,1738300,23.2
"2008-09-24",33.95,34.25,33.6,33.81,1061200,23.1
"2008-09-25",34.01,34.47,33.8,34,796000,23.23
"2008-09-26",34,34,33.2,33.48,1433500,22.88
"2008-09-29",33.14,33.39,31.56,31.63,1868600,21.61
"2008-09-30",32.26,33.26,31.56,33.26,1980100,22.73
"2008-10-01",33.02,33.44,32.6,33.05,1952400,22.58
"2008-10-02",32.84,33.21,32.45,32.54,1574300,22.23
"2008-10-03",32.89,33.29,32,32,1775100,21.86
"2008-10-06",31.82,32.08,29.53,30.56,2472400,20.88
"2008-10-07",30.72,30.95,28.32,28.33,1913900,19.36
"2008-10-08",27.71,29.13,27.1,27.1,2607300,18.52
"2008-10-09",27.11,27.43,25.48,25.48,2674200,17.41
"2008-10-10",25.38,25.38,23,23.55,3145000,16.09
"2008-10-13",24.24,25.81,23.75,25.81,1973700,17.64
"2008-10-14",26.61,30.12,25.7,26.93,3306200,18.4
"2008-10-15",26.48,26.6,24.58,24.64,1772300,16.84
"2008-10-16",24.64,24.94,22.99,23.18,3995200,15.84
"2008-10-17",22.86,23.25,22.15,22.39,2535800,15.3
"2008-10-20",22.62,23.24,22.09,23.16,2352500,15.82
"2008-10-21",22.88,23.94,22.7,23.16,3039700,15.82
"2008-10-22",22.36,23.18,21.94,22.48,2713600,15.36
"2008-10-23",22.7,22.73,21.34,22.26,3506900,15.21
"2008-10-24",21.31,22.22,20.83,21.64,1936000,14.79
"2008-10-27",21.39,22.31,21.04,21.52,1849300,14.7
"2008-10-28",21.99,23.69,21.79,23.69,2334400,16.19
"2008-10-29",23.67,24.49,23.28,23.56,2043100,16.1
"2008-10-30",24.12,24.45,23.75,24.22,1474100,16.55
"2008-10-31",24.11,25.18,24.06,24.78,1711900,16.93
"2008-11-03",24.83,25.28,24.53,25.26,1309800,17.26
"2008-11-04",24.18,25.69,22.93,25.65,2293400,17.53
"2008-11-05",25.36,26.43,25.29,25.55,2567000,17.46
"2008-11-06",25.39,25.64,24.96,25.06,2971900,17.12
"2008-11-07",25.28,26.13,25.28,26.05,1774200,17.8
"2008-11-10",26.57,26.91,25.2,25.64,2356500,17.52
"2008-11-11",25.16,25.44,24.05,24.17,3301200,16.51
"2008-11-12",24.02,24.13,23.2,23.29,2107000,15.91
"2008-11-13",23.48,24.67,22.29,24.67,3680600,16.86
"2008-11-14",24.2,24.41,23.3,23.37,1950000,15.97
"2008-11-17",23.09,24.1,22.9,23.26,2165100,15.89
"2008-11-18",23.01,24.02,22.97,23.93,2807400,16.35
"2008-11-19",23.8,23.94,22.72,22.72,3089700,15.75
"2008-11-20",22.5,23.14,21.6,21.68,3419600,15.03
"2008-11-21",22.08,22.72,20.95,22.65,2895800,15.71
"2008-11-24",23.31,24.54,23.16,24.09,2630300,16.7
"2008-11-25",24.56,24.69,23.03,23.94,2390500,16.6
"2008-11-26",23.61,23.98,23.34,23.85,2107200,16.54
"2008-11-28",23.82,24.72,23.75,24.71,634200,17.13
"2008-12-01",24.12,24.13,22.36,22.36,1778200,15.5
"2008-12-02",22.69,23.49,22.37,23.45,1627700,16.26
"2008-12-03",23.02,23.72,22.77,23.69,1907400,16.43
"2008-12-04",23.32,23.64,22.02,22.4,2107900,15.53
"2008-12-05",22.18,24,21.8,23.52,2287000,16.31
"2008-12-08",23.84,24.2,23.55,23.81,1793200,16.51
"2008-12-09",23.62,24.2,23.27,23.55,1402500,16.33
"2008-12-10",23.75,24.14,23.45,23.79,1008600,16.5
"2008-12-11",23.62,24.26,22.98,23.1,1421600,16.02
"2008-12-12",22.75,23.62,22.72,23.56,1531000,16.34
"2008-12-15",23.64,23.87,22.96,23.38,1338200,16.21
"2008-12-16",23.5,24.86,23.5,24.79,2231800,17.19
"2008-12-17",24.28,25.06,24.18,24.53,1397300,17.01
"2008-12-18",24.68,25.13,24.31,24.51,1437600,17
"2008-12-19",24.71,25.15,24.55,24.78,2046500,17.18
"2008-12-22",24.82,24.83,23.7,24.17,1317700,16.76
"2008-12-23",24.33,24.46,23.62,23.98,1220300,16.63
"2008-12-24",24.02,24.09,23.82,24.05,446500,16.68
"2008-12-26",24.01,24.19,23.77,24.1,413300,16.71
"2008-12-29",24.01,24.39,23.75,24.06,925200,16.68
"2008-12-30",24.22,25.1,24.22,25.01,948300,17.34
"2008-12-31",25.02,25.61,25.02,25.48,939700,17.67
"2009-01-02",25.78,26.48,25.31,26.44,1126100,18.33
"2009-01-05",26.13,26.22,25.63,25.9,1936500,17.96
"2009-01-06",26,27.05,26,26.89,1796200,18.65
"2009-01-07",26.63,27.17,26.39,26.53,1487400,18.4
"2009-01-08",26.37,27.16,26.11,27.11,1525300,18.8
"2009-01-09",27.24,27.46,26.47,26.69,953900,18.51
"2009-01-12",26.74,26.74,25.57,25.77,1509100,17.87
"2009-01-13",25.77,25.91,25.07,25.32,1625200,17.56
"2009-01-14",25.04,25.09,24.53,24.75,1481100,17.16
"2009-01-15",24.7,24.86,23.94,24.76,1622700,17.17
"2009-01-16",25.2,25.46,24.57,25.06,1779200,17.38
"2009-01-20",24.65,24.69,22.68,22.72,2704300,15.75
"2009-01-21",24.02,24.05,22.13,22.91,2532100,15.89
"2009-01-22",22.7,22.94,22,22.61,1758000,15.68
"2009-01-23",22.08,22.74,21.58,22.38,2071900,15.52
"2009-01-26",22.31,22.85,22.03,22.36,1995400,15.5
"2009-01-27",22.43,22.71,22.05,22.48,2055200,15.59
"2009-01-28",22.9,23.48,22.81,23.26,2204100,16.13
"2009-01-29",23,23.61,22.75,23.1,2277000,16.02
"2009-01-30",22.99,23.13,22.09,22.26,1847300,15.44
"2009-02-02",22.02,22.13,21.56,21.97,1683200,15.23
"2009-02-03",22.34,22.83,21.84,22.75,1379400,15.78
"2009-02-04",22.89,23.09,22.35,22.52,1479100,15.62
"2009-02-05",22.62,23.17,21.97,23.01,1874100,15.96
"2009-02-06",23.5,25.31,22.78,24.16,3441000,16.75
"2009-02-09",24.95,24.95,24.07,24.75,2792700,17.16
"2009-02-10",24.59,24.87,23.33,23.54,2565100,16.32
"2009-02-11",23.58,23.77,23.07,23.27,1965900,16.14
"2009-02-12",23.2,23.28,22.32,23.13,1889200,16.04
"2009-02-13",23.1,23.25,22.59,22.85,1808100,15.84
"2009-02-17",22.32,22.54,22,22.13,3116000,15.35
"2009-02-18",22.12,22.38,21.51,21.73,1771500,15.32
"2009-02-19",21.65,22.03,21.07,21.22,2146300,14.96
"2009-02-20",20.9,21.35,20.22,20.58,3014200,14.51
"2009-02-23",20.56,20.93,19.49,19.52,2281900,13.76
"2009-02-24",19.65,20.17,19.11,20.01,2406400,14.1
"2009-02-25",19.88,20,19.38,19.6,3034600,13.82
"2009-02-26",20.02,20.14,19.11,19.53,2072900,13.77
"2009-02-27",19.22,19.79,19.01,19.29,2622000,13.6
"2009-03-02",19.12,19.34,18.42,18.46,2808600,13.01
"2009-03-03",18.5,18.77,17.62,17.78,3859500,12.53
"2009-03-04",17.96,18.98,17.96,18.7,3025500,13.18
"2009-03-05",18.51,18.51,17.89,18.03,2920800,12.71
"2009-03-06",18.35,18.38,17.65,18.02,3644700,12.7
"2009-03-09",17.81,18.11,17.64,17.77,2804800,12.53
"2009-03-10",18.06,18.88,17.86,18.84,2382100,13.28
"2009-03-11",18.8,19.77,18.8,19.5,2779100,13.75
"2009-03-12",19.47,20.25,19.47,20.22,2009300,14.25
"2009-03-13",20.27,20.42,19.97,20.2,1398000,14.24
"2009-03-16",20.45,21.43,20.42,21.04,3345200,14.83
"2009-03-17",21.02,21.72,20.93,21.71,1958400,15.3
"2009-03-18",21.41,22.22,21.22,21.97,2208400,15.49
"2009-03-19",21.91,22.26,21.91,22.12,1528500,15.59
"2009-03-20",22.26,22.91,21.64,21.84,2364200,15.39
"2009-03-23",22.4,23.31,21.94,23.27,2459200,16.4
"2009-03-24",23.04,23.72,22.88,23.17,2667400,16.33
"2009-03-25",23.25,24.02,22.71,23.43,2421500,16.52
"2009-03-26",23.55,24.55,23.52,24.47,2315100,17.25
"2009-03-27",24.31,24.46,23.86,24,1284300,16.92
"2009-03-30",23.5,23.78,22.8,23.09,1756700,16.28
"2009-03-31",23.55,23.77,23.23,23.35,2753400,16.46
"2009-04-01",22.75,23.65,22.58,23.57,1876100,16.61
"2009-04-02",23.79,24.55,23.79,23.88,2975300,16.83
"2009-04-03",23.88,24.59,23.75,24.59,2703700,17.33
"2009-04-06",24.4,24.66,24.17,24.58,2208200,17.33
"2009-04-07",24.15,24.54,23.9,24,1431900,16.92
"2009-04-08",24.07,24.23,23.84,24.15,1292200,17.02
"2009-04-09",23.96,24.68,23.58,24.62,1724800,17.35
"2009-04-13",24.62,24.71,23.78,24.12,1913700,17
"2009-04-14",23.93,23.97,23.42,23.5,1612600,16.56
"2009-04-15",23.37,24.02,23.25,23.98,2071500,16.9
"2009-04-16",24.18,25.1,23.98,24.97,2289300,17.6
"2009-04-17",25.16,25.25,24.63,25.04,1969200,17.65
"2009-04-20",24.5,24.69,24,24.05,1653000,16.95
"2009-04-21",24.05,24.71,24.05,24.52,1971300,17.28
"2009-04-22",24.25,24.67,23.89,24.11,2848400,16.99
"2009-04-23",24.09,24.2,23.5,24.19,2408800,17.05
"2009-04-24",24.19,24.68,24.11,24.47,1790400,17.25
"2009-04-27",23.97,24.49,23.97,24.02,1926900,16.93
"2009-04-28",23.89,24.14,23.55,23.82,1903900,16.79
"2009-04-29",24.01,24.49,23.96,24.08,2113200,16.97
"2009-04-30",24.37,24.69,24.25,24.54,1827400,17.3
"2009-05-01",24.49,25.05,24.4,24.96,1489100,17.59
"2009-05-04",25.38,25.46,24.81,25.45,2338900,17.94
"2009-05-05",25.5,26.25,25.5,25.99,2463300,18.32
"2009-05-06",24.97,25.09,22.52,23.2,6681000,16.35
"2009-05-07",23.21,23.39,22.19,22.41,3980000,15.8
"2009-05-08",22.58,22.88,22.03,22.38,3362100,15.78
"2009-05-11",22.2,22.35,21.89,22.02,2388000,15.52
"2009-05-12",22.16,22.37,21.4,21.64,2596600,15.25
"2009-05-13",21.09,21.58,21.06,21.25,2568500,15.23
"2009-05-14",21.25,21.69,21.2,21.48,1644400,15.4
"2009-05-15",21.47,21.84,21.22,21.34,1820400,15.3
"2009-05-18",21.52,21.75,21.28,21.73,1994000,15.58
"2009-05-19",21.6,21.91,21.45,21.68,2177600,15.54
"2009-05-20",21.8,22.16,21.65,21.71,1793900,15.56
"2009-05-21",21.5,21.66,21.25,21.65,2667200,15.52
"2009-05-22",21.66,22.36,21.63,22.24,1971700,15.94
"2009-05-26",22.07,22.94,21.94,22.87,1755000,16.39
"2009-05-27",22.91,23,22.47,22.55,2582500,16.16
"2009-05-28",22.5,22.85,22.21,22.78,2002900,16.33
"2009-05-29",22.85,22.88,22.37,22.88,2263100,16.4
"2009-06-01",22.93,23.58,22.86,23.2,2589400,16.63
"2009-06-02",23.17,23.4,23,23.05,1996600,16.52
"2009-06-03",22.91,23.12,22.47,22.68,1632400,16.26
"2009-06-04",22.8,22.96,22.36,22.44,2440700,16.09
"2009-06-05",22.77,22.77,22.09,22.33,2881700,16.01
"2009-06-08",22.39,22.53,21.9,22.35,2001800,16.02
"2009-06-09",22.38,22.51,22.13,22.26,1513100,15.96
"2009-06-10",22.38,22.51,21.9,22.12,1840700,15.86
"2009-06-11",22.11,22.43,22.09,22.17,1597300,15.89
"2009-06-12",22.1,22.19,21.79,22.06,1245900,15.81
"2009-06-15",21.87,22.01,21.23,21.59,1900200,15.48
"2009-06-16",21.62,21.8,21.35,21.36,1200700,15.31
"2009-06-17",21.32,21.84,21.32,21.65,1076200,15.52
"2009-06-18",21.67,21.67,21.33,21.36,1045900,15.31
"2009-06-19",21.51,21.59,21.16,21.18,1746500,15.18
"2009-06-22",20.84,21.22,20.76,20.76,1919000,14.88
"2009-06-23",20.85,20.98,20.71,20.87,1752000,14.96
"2009-06-24",21.03,21.41,20.87,21.05,1866800,15.09
"2009-06-25",21.29,22.04,21,21.9,1680800,15.7
"2009-06-26",21.87,22.09,21.66,21.94,4788300,15.73
"2009-06-29",22.04,22.12,21.72,22.07,1517100,15.82
"2009-06-30",22.2,22.2,21.57,21.93,1927700,15.72
"2009-07-01",22,22.42,21.79,22.08,1677200,15.83
"2009-07-02",21.66,22.08,21.03,21.03,1453300,15.07
"2009-07-06",20.92,21.1,20.61,20.81,1878000,14.92
"2009-07-07",20.81,20.99,20.67,20.68,2343000,14.82
"2009-07-08",20.8,20.86,20.6,20.78,1387300,14.9
"2009-07-09",20.82,20.89,20.56,20.7,941400,14.84
"2009-07-10",20.64,20.95,20.6,20.9,1071100,14.98
"2009-07-13",20.94,21.22,20.56,21.2,1429800,15.2
"2009-07-14",21.15,21.2,20.92,21.11,1196100,15.13
"2009-07-15",21.31,21.98,21.3,21.98,1771100,15.76
"2009-07-16",21.9,22.35,21.79,22.3,1458300,15.98
"2009-07-17",22.18,22.28,22.03,22.2,975900,15.91
"2009-07-20",22.26,22.67,22.16,22.65,1043800,16.24
"2009-07-21",22.82,22.88,22.37,22.71,1515400,16.28
"2009-07-22",22.63,23,22.63,22.94,1310300,16.44
"2009-07-23",22.88,23.69,22.75,23.61,1620700,16.92
"2009-07-24",23.43,23.67,23.15,23.63,875100,16.94
"2009-07-27",23.6,23.78,23.3,23.78,1026500,17.05
"2009-07-28",23.54,23.98,23.46,23.84,1251500,17.09
"2009-07-29",23.69,23.8,23.48,23.49,1803400,16.84
"2009-07-30",23.77,23.78,23.33,23.5,2164000,16.85
"2009-07-31",22.26,22.32,20.44,20.65,8795100,14.8
"2009-08-03",20.81,20.94,20.38,20.62,4005300,14.78
"2009-08-04",20.57,20.96,20.41,20.96,3009100,15.02
"2009-08-05",20.97,21.55,20.97,21.45,2620700,15.38
"2009-08-06",21.57,21.91,21.38,21.75,2605800,15.59
"2009-08-07",21.99,22.54,21.95,22.38,1895400,16.04
"2009-08-10",22.25,22.44,22.13,22.34,1202500,16.01
"2009-08-11",22.25,22.45,22.13,22.36,1486200,16.03
"2009-08-12",22.14,22.23,21.91,22,1955400,16.03
"2009-08-13",22.04,22.05,21.45,21.88,2098000,15.94
"2009-08-14",21.91,22.02,21.37,21.62,1322600,15.75
"2009-08-17",21.45,21.46,21.1,21.39,2719400,15.58
"2009-08-18",21.41,21.59,21.28,21.51,2367500,15.67
"2009-08-19",21.34,21.67,21.04,21.62,2179000,15.75
"2009-08-20",21.64,21.88,21.48,21.87,985800,15.93
"2009-08-21",21.91,22.46,21.8,22.45,1413500,16.36
"2009-08-24",22.5,22.72,22.38,22.61,1482200,16.47
"2009-08-25",22.72,22.92,22.52,22.75,1187300,16.57
"2009-08-26",22.79,22.79,22.24,22.49,1317000,16.38
"2009-08-27",22.4,22.6,22.18,22.48,1162900,16.38
"2009-08-28",22.66,22.69,22.27,22.48,1005300,16.38
"2009-08-31",22.38,22.53,22.25,22.35,1334200,16.28
"2009-09-01",22.35,22.55,21.55,21.73,2338200,15.83
"2009-09-02",21.57,21.69,21.4,21.5,1464400,15.66
"2009-09-03",21.5,21.71,21.27,21.69,1083600,15.8
"2009-09-04",21.71,22.03,21.49,21.99,746700,16.02
"2009-09-08",22.11,22.32,21.9,22.32,1364200,16.26
"2009-09-09",22.5,22.62,22.25,22.37,1479700,16.3
"2009-09-10",22.32,22.83,22.31,22.8,1834900,16.61
"2009-09-11",22.82,23.32,22.82,23.22,2035700,16.92
"2009-09-14",23.13,23.61,23.03,23.46,2157500,17.09
"2009-09-15",23.5,23.74,23.35,23.69,1565800,17.26
"2009-09-16",23.78,23.82,23.37,23.73,2119000,17.29
"2009-09-17",24.47,24.98,24.02,24.81,4202200,18.08
"2009-09-18",24.88,25.57,24.26,25.44,3618100,18.53
"2009-09-21",25.21,25.54,25,25.43,2682100,18.53
"2009-09-22",25.52,25.56,25.26,25.44,1571300,18.53
"2009-09-23",25.44,25.52,25.11,25.16,2703200,18.33
"2009-09-24",25.06,25.34,24.81,24.93,1981700,18.16
"2009-09-25",24.89,24.99,24.63,24.72,1453100,18.01
"2009-09-28",24.98,25.37,24.89,25.29,1154300,18.42
"2009-09-29",25.31,25.36,24.96,25.12,1826300,18.3
"2009-09-30",25.17,25.21,24.49,24.85,2150500,18.1
"2009-10-01",24.7,24.85,23.92,24.15,2692100,17.59
"2009-10-02",23.93,24.13,23.47,23.82,1538900,17.35
"2009-10-05",23.86,24.32,23.73,24.28,1633500,17.69
"2009-10-06",24.42,24.88,24.38,24.81,1247500,18.08
"2009-10-07",24.86,24.94,24.61,24.74,1211600,18.02
"2009-10-08",25.17,25.2,24.87,25.02,1365100,18.23
"2009-10-09",25.05,25.2,24.88,25.2,854200,18.36
"2009-10-12",25.28,25.45,25.14,25.28,921700,18.42
"2009-10-13",25.2,25.35,24.93,25.26,1250300,18.4
"2009-10-14",25.5,25.6,25.2,25.45,1155800,18.54
"2009-10-15",25.37,25.46,25.2,25.38,1172300,18.49
"2009-10-16",25.23,25.45,24.97,25.33,1166500,18.45
"2009-10-19",25.4,25.9,25.34,25.83,1393800,18.82
"2009-10-20",25.69,25.98,25.65,25.95,1506300,18.91
"2009-10-21",25.9,26.19,25.68,25.71,1404000,18.73
"2009-10-22",25.78,26.4,25.68,26.36,1489000,19.2
"2009-10-23",26.4,26.41,25.66,25.87,1153900,18.85
"2009-10-26",25.12,25.32,24.63,25.03,2897500,18.24
"2009-10-27",25.01,25.16,24.8,25.01,1805400,18.22
"2009-10-28",24.99,25.12,24.47,24.48,1452100,17.83
"2009-10-29",24.58,24.97,24.45,24.96,1644200,18.18
"2009-10-30",24.96,25.31,24.49,24.5,1923900,17.85
"2009-11-02",24.6,24.77,24.26,24.53,2135100,17.87
"2009-11-03",24.55,24.89,24.09,24.67,2470200,17.97
"2009-11-04",24.46,25.18,24.4,24.83,2198600,18.09
"2009-11-05",24.93,25.05,24.77,24.85,1545700,18.1
"2009-11-06",24.77,25.02,24.61,24.99,2126700,18.21
"2009-11-09",25.17,25.32,24.93,24.94,2176200,18.17
"2009-11-10",24.92,25,24.44,24.49,3114600,17.84
"2009-11-11",24.61,25,24.59,24.83,1856300,18.09
"2009-11-12",24.81,25.03,24.81,24.83,2193200,18.09
"2009-11-13",24.82,24.9,24.6,24.79,1799500,18.06
"2009-11-16",24.9,25.02,24.87,25.02,2425500,18.23
"2009-11-17",25.06,25.2,24.96,25.07,1945100,18.26
"2009-11-18",25.13,25.13,24.42,24.56,1641900,18.15
"2009-11-19",24.44,24.49,23.94,23.99,1278700,17.73
"2009-11-20",23.86,24.06,23.6,23.64,1888400,17.47
"2009-11-23",23.89,24,23.61,23.62,2404700,17.46
"2009-11-24",23.71,23.73,23.44,23.58,2192000,17.43
"2009-11-25",23.71,23.87,23.56,23.77,1231600,17.57
"2009-11-27",23.29,23.5,23,23.27,860800,17.2
"2009-11-30",23.25,23.32,22.77,23.04,2490700,17.03
"2009-12-01",23.22,23.32,22.98,23.14,1912600,17.1
"2009-12-02",23.11,23.24,22.98,23,1432200,17
"2009-12-03",23.13,23.3,22.87,22.88,1449600,16.91
"2009-12-04",23.22,23.31,22.84,23.01,1864200,17.01
"2009-12-07",23.13,23.4,22.97,23.05,2249100,17.04
"2009-12-08",23.01,23.17,22.67,22.79,1229700,16.85
"2009-12-09",22.88,22.88,22.44,22.51,1840800,16.64
"2009-12-10",22.7,22.8,22.58,22.73,1567900,16.8
"2009-12-11",22.71,23.25,22.69,23.15,3063500,17.11
"2009-12-14",23.25,23.65,23.21,23.47,2530200,17.35
"2009-12-15",23.76,23.96,23.26,23.3,1698900,17.22
"2009-12-16",23.4,23.41,22.89,22.96,1855200,16.97
"2009-12-17",22.86,22.98,22.63,22.76,3144600,16.82
"2009-12-18",22.83,22.91,22.7,22.83,2757100,16.87
"2009-12-21",22.89,23.05,22.73,22.77,1349000,16.83
"2009-12-22",22.84,22.96,22.76,22.89,1353900,16.92
"2009-12-23",22.96,23.02,22.76,22.9,1119900,16.93
"2009-12-24",23.02,23.03,22.89,22.97,412400,16.98
"2009-12-28",23.05,23.06,22.75,22.86,852900,16.9
"2009-12-29",22.91,23.01,22.75,22.89,1632100,16.92
"2009-12-30",22.8,23.06,22.76,23.02,1779400,17.02
"2009-12-31",22.99,23.13,22.76,22.76,833400,16.82
"2010-01-04",22.88,22.99,22.65,22.92,2040000,16.94
"2010-01-05",22.93,22.93,21.75,22.02,4240700,16.28
"2010-01-06",22.08,22.29,22,22.24,2654900,16.44
"2010-01-07",22.24,22.32,22.1,22.27,1886800,16.46
"2010-01-08",22.27,22.28,22.15,22.27,1887500,16.46
"2010-01-11",22.36,22.37,21.86,21.94,2464300,16.22
"2010-01-12",21.86,22.22,21.86,22.11,2380500,16.34
"2010-01-13",22.22,22.32,22.05,22.27,1772100,16.46
"2010-01-14",22.37,22.37,22.14,22.26,1133900,16.45
"2010-01-15",22.32,22.32,21.86,21.93,1813000,16.21
"2010-01-19",22.03,22.17,21.93,22.07,2466800,16.31
"2010-01-20",21.96,21.99,21.75,21.93,2614600,16.21
"2010-01-21",21.95,22.01,21.37,21.51,3168000,15.9
"2010-01-22",21.51,21.59,21.22,21.23,1889000,15.69
"2010-01-25",21.44,21.44,21.15,21.28,1235200,15.73
"2010-01-26",21.28,21.42,21.11,21.16,1573300,15.64
"2010-01-27",21.18,21.26,20.82,21.2,1991200,15.67
"2010-01-28",21.29,21.3,20.85,21.18,2260500,15.66
"2010-01-29",21.26,21.31,20.86,20.92,2530200,15.46
"2010-02-01",20.87,21.22,20.8,21.13,1757200,15.62
"2010-02-02",21.2,21.48,21.18,21.41,1720000,15.83
"2010-02-03",21.36,21.65,21.25,21.54,2624300,15.92
"2010-02-04",21.66,21.74,21.21,21.3,3827400,15.74
"2010-02-05",22.23,22.99,21.64,22.34,8036200,16.51
"2010-02-08",22.36,22.61,22.02,22.09,2586000,16.33
"2010-02-09",22.39,22.39,22.05,22.28,2957700,16.47
"2010-02-10",22.3,22.62,22.26,22.42,2259000,16.57
"2010-02-11",22.36,22.51,22.15,22.47,2078100,16.61
"2010-02-12",22.35,22.37,22.13,22.37,1989200,16.53
"2010-02-16",22.62,22.87,22.46,22.87,2197200,16.9
"2010-02-17",22.82,22.82,22.46,22.59,1856600,16.97
"2010-02-18",22.26,22.81,22.13,22.74,1682500,17.08
"2010-02-19",22.66,22.86,22.52,22.84,1385000,17.16
"2010-02-22",22.93,22.96,22.68,22.7,1859200,17.05
"2010-02-23",22.71,22.8,22.5,22.59,1651600,16.97
"2010-02-24",22.65,22.95,22.61,22.93,1608600,17.22
"2010-02-25",22.75,22.97,22.57,22.94,1425300,17.23
"2010-02-26",22.95,23.1,22.89,22.9,1871200,17.2
"2010-03-01",23.04,23.19,23,23.19,2042800,17.42
"2010-03-02",23.28,23.29,22.73,22.81,1875600,17.13
"2010-03-03",22.91,23.01,22.75,22.77,1451100,17.1
"2010-03-04",22.77,22.94,22.7,22.82,2139400,17.14
"2010-03-05",22.94,22.99,22.81,22.95,2255900,17.24
"2010-03-08",22.99,23.12,22.9,22.93,1685200,17.22
"2010-03-09",22.94,23.03,22.75,22.81,1415900,17.13
"2010-03-10",22.86,23.11,22.74,23.11,2470900,17.36
"2010-03-11",23.06,23.61,22.88,23.58,2423700,17.71
"2010-03-12",23.65,24.07,23.5,24,2893000,18.03
"2010-03-15",23.95,24,23.8,23.93,1488900,17.97
"2010-03-16",23.93,24.15,23.79,24.09,1318800,18.1
"2010-03-17",24.16,24.71,24.16,24.48,2403300,18.39
"2010-03-18",24.39,24.43,24.21,24.36,1416200,18.3
"2010-03-19",24.4,24.64,24.16,24.52,2529400,18.42
"2010-03-22",24.46,24.76,24.33,24.65,1607200,18.52
"2010-03-23",24.65,24.75,24.37,24.68,1455700,18.54
"2010-03-24",24.66,24.66,24.34,24.5,1704500,18.4
"2010-03-25",24.67,24.69,24.36,24.38,1435900,18.31
"2010-03-26",24.47,24.48,24.15,24.28,2059200,18.24
"2010-03-29",24.41,24.53,24.36,24.44,955100,18.36
"2010-03-30",24.51,24.69,24.4,24.66,1257800,18.52
"2010-03-31",24.61,24.65,24.39,24.45,3153200,18.37
"2010-04-01",24,24.52,24,24.45,3952200,18.37
"2010-04-05",24.54,24.79,24.48,24.78,1368700,18.61
"2010-04-06",24.69,24.8,24.6,24.79,791800,18.62
"2010-04-07",24.8,24.95,24.66,24.71,1245200,18.56
"2010-04-08",24.71,24.73,24.44,24.6,1510800,18.48
"2010-04-09",24.68,24.8,24.53,24.72,1528200,18.57
"2010-04-12",24.8,24.84,24.7,24.79,977000,18.62
"2010-04-13",24.8,24.89,24.71,24.84,1192700,18.66
"2010-04-14",24.79,25.1,24.75,25.09,1992100,18.85
"2010-04-15",25.1,25.24,24.98,25.23,1196800,18.95
"2010-04-16",25.15,25.19,24.7,24.76,2427900,18.6
"2010-04-19",24.71,24.95,24.58,24.94,1485800,18.73
"2010-04-20",25.12,25.18,24.97,25.18,1146400,18.91
"2010-04-21",25.24,25.29,25.03,25.18,1431200,18.91
"2010-04-22",25.12,25.68,24.97,25.56,1831800,19.2
"2010-04-23",25.66,25.78,25.41,25.77,1005900,19.36
"2010-04-26",25.86,26,25.77,25.84,2006400,19.41
"2010-04-27",25.83,25.96,25.47,25.61,2944700,19.24
"2010-04-28",25.74,25.76,25.32,25.64,2183000,19.26
"2010-04-29",25.78,25.99,25.72,25.85,1944600,19.42
"2010-04-30",25.91,25.98,25.4,25.4,1725800,19.08
"2010-05-03",25.54,26,25.54,25.88,4222400,19.44
"2010-05-04",25.09,25.49,24.5,24.81,4215600,18.64
"2010-05-05",24.59,25.02,24.52,24.67,2214300,18.53
"2010-05-06",24.59,24.75,21.5,23.79,3594900,17.87
"2010-05-07",23.65,23.87,22.86,23.53,4338400,17.67
"2010-05-10",24.57,24.97,24.26,24.91,3375400,18.71
"2010-05-11",24.7,25.06,24.51,24.63,2528200,18.5
"2010-05-12",24.55,24.65,24.25,24.56,2204500,18.73
"2010-05-13",24.57,24.62,23.84,23.91,2103200,18.23
"2010-05-14",23.75,23.76,23.18,23.34,3491200,17.8
"2010-05-17",23.33,23.59,23.06,23.45,2515000,17.88
"2010-05-18",23.68,23.84,23.11,23.14,2448100,17.64
"2010-05-19",23.09,23.21,22.64,22.74,3207400,17.34
"2010-05-20",22.39,22.51,22.02,22.08,4446800,16.83
"2010-05-21",21.62,22.51,21.62,22.51,2788100,17.16
"2010-05-24",22.4,22.63,22.23,22.3,1935200,17
"2010-05-25",21.94,22.2,21.55,22.17,2268900,16.9
"2010-05-26",22.28,22.42,21.58,21.61,4932200,16.48
"2010-05-27",22.03,22.61,22.01,22.6,2398600,17.23
"2010-05-28",22.65,22.78,22.44,22.64,2760000,17.26
"2010-06-01",22.55,22.57,21.83,21.83,2811000,16.64
"2010-06-02",21.83,22.27,21.77,22.27,1649300,16.98
"2010-06-03",22.4,22.77,22.31,22.7,2320000,17.31
"2010-06-04",22.25,22.43,21.85,21.98,3448700,16.76
"2010-06-07",22.02,22.09,21.46,21.46,2553700,16.36
"2010-06-08",21.51,21.79,21.28,21.75,2954200,16.58
"2010-06-09",21.87,22.16,21.72,21.88,1982300,16.68
"2010-06-10",22.21,22.63,22.1,22.62,1661100,17.25
"2010-06-11",22.44,22.68,22.24,22.64,2026600,17.26
"2010-06-14",22.84,23.04,22.74,22.78,2118100,17.37
"2010-06-15",23.05,23.3,22.87,23.3,1329400,17.76
"2010-06-16",23.1,23.24,23.01,23.13,1095100,17.64
"2010-06-17",23.35,23.35,22.9,23.11,1288500,17.62
"2010-06-18",23.11,23.3,22.88,23.23,1378800,17.71
"2010-06-21",23.4,23.59,22.89,22.98,1333500,17.52
"2010-06-22",23.07,23.24,22.7,22.72,1787100,17.32
"2010-06-23",22.87,22.87,22.24,22.37,1905300,17.06
"2010-06-24",22.3,22.52,22.1,22.22,2500500,16.94
"2010-06-25",22.25,22.71,22.24,22.63,4177000,17.25
"2010-06-28",22.59,22.77,22.31,22.44,1130400,17.11
"2010-06-29",22.21,22.25,21.91,22.06,2153700,16.82
"2010-06-30",22.07,22.16,21.87,21.96,2436500,16.74
"2010-07-01",21.93,22.33,21.93,22.21,2675800,16.93
"2010-07-02",22.26,22.38,21.92,21.97,1351800,16.75
"2010-07-06",22.32,22.32,21.94,22.08,4485800,16.83
"2010-07-07",22.08,22.46,21.98,22.44,1967900,17.11
"2010-07-08",22.54,23.03,22.51,22.94,2087500,17.49
"2010-07-09",22.94,23.06,22.81,23.06,1502400,17.58
"2010-07-12",23.05,23.24,22.84,23.05,1152800,17.57
"2010-07-13",23.28,23.51,23.22,23.43,1664400,17.86
"2010-07-14",23.41,23.62,23.35,23.62,1829300,18.01
"2010-07-15",23.66,23.7,23.35,23.54,2003200,17.95
"2010-07-16",23.46,23.51,22.88,22.93,1620600,17.48
"2010-07-19",23.04,23.23,22.9,23.16,1111300,17.66
"2010-07-20",22.93,23.49,22.9,23.43,1724100,17.86
"2010-07-21",23.53,23.7,23.23,23.4,1613900,17.84
"2010-07-22",23.69,24.12,23.6,24.03,2405900,18.32
"2010-07-23",24.1,24.25,23.84,24.25,1485800,18.49
"2010-07-26",24.17,24.72,24.17,24.72,1179200,18.85
"2010-07-27",24.87,24.93,24.61,24.64,1462900,18.79
"2010-07-28",24.64,24.75,24.35,24.51,1790500,18.69
"2010-07-29",24.69,24.85,24.26,24.55,1493200,18.72
"2010-07-30",24.14,24.54,24.02,24.41,1335400,18.61
"2010-08-02",24.77,24.89,24.63,24.69,1396500,18.82
"2010-08-03",24.79,25,24.72,24.96,1831500,19.03
"2010-08-04",23.29,23.44,20.88,21,11392000,16.01
"2010-08-05",21.03,21.3,20.5,20.62,5661700,15.72
"2010-08-06",20.48,20.78,20.43,20.71,2863700,15.79
"2010-08-09",20.9,20.97,20.61,20.86,2317800,15.9
"2010-08-10",20.73,21.11,20.61,20.82,2746500,15.87
"2010-08-11",20.3,20.33,19.76,19.93,2986800,15.47
"2010-08-12",19.69,19.88,19.5,19.62,2623600,15.23
"2010-08-13",19.47,19.72,19.34,19.55,2038600,15.17
"2010-08-16",19.45,19.58,19.31,19.43,1958200,15.08
"2010-08-17",19.55,20.06,19.46,19.97,2230500,15.5
"2010-08-18",20,20.21,19.9,20.06,3541600,15.57
"2010-08-19",20.08,20.16,19.7,19.8,2182000,15.37
"2010-08-20",19.77,19.87,19.51,19.76,1532800,15.33
"2010-08-23",19.9,20.02,19.66,19.68,3483800,15.27
"2010-08-24",19.5,19.71,19.36,19.47,1821400,15.11
"2010-08-25",19.36,19.64,19.2,19.56,1834500,15.18
"2010-08-26",19.66,19.8,19.31,19.35,1813900,15.02
"2010-08-27",19.5,19.65,19.2,19.61,1281200,15.22
"2010-08-30",19.61,19.67,19.29,19.31,1002000,14.99
"2010-08-31",19.09,19.31,19.06,19.24,2064000,14.93
"2010-09-01",19.5,19.86,19.45,19.74,1968000,15.32
"2010-09-02",19.7,19.92,19.61,19.81,1448400,15.37
"2010-09-03",20.03,20.14,19.75,19.93,2062500,15.47
"2010-09-07",19.94,19.99,19.64,19.71,1338300,15.3
"2010-09-08",19.73,19.8,19.54,19.74,2181400,15.32
"2010-09-09",19.97,19.97,19.75,19.9,1610400,15.44
"2010-09-10",19.96,20.13,19.92,20.1,1185600,15.6
"2010-09-13",20.32,20.49,20.24,20.43,1343800,15.85
"2010-09-14",20.44,20.63,20.4,20.48,1701000,15.89
"2010-09-15",20.45,20.83,20.27,20.82,1864800,16.16
"2010-09-16",20.75,20.87,20.71,20.82,1343500,16.16
"2010-09-17",20.9,21.09,20.81,20.98,1650400,16.28
"2010-09-20",21.09,21.4,20.89,21.35,1511100,16.57
"2010-09-21",21.35,21.4,21.07,21.11,2367400,16.38
"2010-09-22",21.12,21.28,20.91,20.99,1969800,16.29
"2010-09-23",20.92,21.17,20.83,20.93,1817000,16.24
"2010-09-24",21.14,21.21,20.99,21.06,2767000,16.34
"2010-09-27",21.05,21.22,20.97,21.15,2016400,16.41
"2010-09-28",21.25,21.35,20.91,21.3,1670900,16.53
"2010-09-29",21.3,21.49,21,21.46,1750400,16.65
"2010-09-30",21.55,21.79,21.28,21.38,1822800,16.59
"2010-10-01",21.44,21.45,21.21,21.4,1642900,16.61
"2010-10-04",21.31,21.48,21.19,21.32,1624400,16.55
"2010-10-05",21.5,21.84,21.46,21.78,1662100,16.9
"2010-10-06",21.79,21.99,21.62,21.96,1452200,17.04
"2010-10-07",22.03,22.09,21.8,21.87,1181300,16.97
"2010-10-08",21.92,22,21.75,21.97,1590600,17.05
"2010-10-11",22,22.07,21.85,22,881100,17.07
"2010-10-12",22,22.07,21.82,22.07,1311300,17.13
"2010-10-13",22.25,22.39,22.09,22.3,1612800,17.31
"2010-10-14",22.31,22.31,21.71,21.77,2250800,16.89
"2010-10-15",21.91,22.01,21.65,21.86,1604400,16.96
"2010-10-18",21.9,21.95,21.51,21.56,4541900,16.73
"2010-10-19",21.4,21.78,21.4,21.55,1838600,16.72
"2010-10-20",21.62,22.08,21.62,22.02,1350000,17.09
"2010-10-21",22.1,22.23,21.86,22.06,2408100,17.12
"2010-10-22",22.08,22.17,22.06,22.11,848600,17.16
"2010-10-25",22.2,22.36,22.15,22.18,918500,17.21
"2010-10-26",22.12,22.19,21.91,22.01,1059800,17.08
"2010-10-27",21.95,21.96,21.38,21.46,2500800,16.65
"2010-10-28",21.61,21.79,21.44,21.6,1246700,16.76
"2010-10-29",21.62,21.95,21.56,21.94,2827100,17.03
"2010-11-01",22.07,22.15,21.9,22.06,1346500,17.12
"2010-11-02",22.23,22.34,22.12,22.13,2292500,17.17
"2010-11-03",22.26,22.98,22.26,22.86,4035800,17.74
"2010-11-04",23.01,23.09,22.96,23.04,4824700,17.88
"2010-11-05",23.06,23.39,22.99,23.38,4386600,18.14
"2010-11-08",23.34,23.58,23.24,23.54,4305600,18.27
"2010-11-09",23.61,23.64,23.3,23.35,1940000,18.12
"2010-11-10",23.39,23.47,23.05,23.45,2025400,18.2
"2010-11-11",23.24,23.42,23.17,23.37,1121200,18.14
"2010-11-12",23.2,23.33,22.96,23.11,1206500,17.93
"2010-11-15",23.28,23.48,23.24,23.33,1445500,18.11
"2010-11-16",23.3,23.3,22.79,23.06,2077200,17.9
"2010-11-17",22.77,22.77,22.35,22.46,2396900,17.71
"2010-11-18",22.64,22.77,22.48,22.5,2016200,17.74
"2010-11-19",22.43,22.69,22.42,22.55,1597300,17.78
"2010-11-22",22.45,22.65,22.38,22.56,2033300,17.79
"2010-11-23",22.37,22.5,22.3,22.36,2068300,17.63
"2010-11-24",22.48,22.65,22.46,22.61,1608500,17.83
"2010-11-26",22.5,22.53,22.4,22.45,600500,17.7
"2010-11-29",22.41,22.41,22.03,22.34,1658200,17.62
"2010-11-30",22.2,22.2,21.92,21.94,1829300,17.3
"2010-12-01",22.19,22.44,22.12,22.34,1633300,17.62
"2010-12-02",22.37,22.84,22.36,22.76,3238600,17.95
"2010-12-03",22.76,22.79,22.6,22.67,3773600,17.88
"2010-12-06",22.68,22.74,22.57,22.69,1253300,17.89
"2010-12-07",22.91,23.24,22.85,23.03,3028000,18.16
"2010-12-08",23.01,23.21,22.94,23.06,1629300,18.18
"2010-12-09",23.19,23.27,23.01,23.19,1412700,18.29
"2010-12-10",23.25,23.42,23.18,23.4,1251000,18.45
"2010-12-13",23.5,23.85,23.44,23.79,3153300,18.76
"2010-12-14",23.79,23.96,23.68,23.87,1681500,18.82
"2010-12-15",23.93,24.23,23.78,24.2,3908000,19.08
"2010-12-16",24.06,24.48,24.04,24.46,2573700,19.29
"2010-12-17",24.45,24.57,24.42,24.54,2861700,19.35
"2010-12-20",24.63,24.7,24.45,24.59,1230200,19.39
"2010-12-21",24.67,24.78,24.48,24.58,1154900,19.38
"2010-12-22",24.64,24.79,24.53,24.65,1649500,19.44
"2010-12-23",24.66,24.78,24.49,24.54,1370300,19.35
"2010-12-27",24.52,24.62,24.5,24.57,741100,19.37
"2010-12-28",24.68,24.71,24.56,24.66,787700,19.45
"2010-12-29",24.71,24.77,24.54,24.54,907100,19.35
"2010-12-30",24.5,24.57,24.34,24.44,876000,19.27
"2010-12-31",24.43,24.46,24.16,24.18,1249900,19.07
"2011-01-03",24.37,24.43,24.15,24.22,2777500,19.1
"2011-01-04",24.29,24.46,24.1,24.29,2009700,19.15
"2011-01-05",24.2,24.4,24.2,24.34,1504500,19.19
"2011-01-06",24.37,24.4,24.08,24.18,1417100,19.07
"2011-01-07",24.18,24.3,23.46,23.78,2101200,18.75
"2011-01-10",23.65,23.97,23.56,23.88,1850500,18.83
"2011-01-11",23.98,23.99,23.65,23.78,1480100,18.75
"2011-01-12",23.86,24.08,23.81,23.87,1501800,18.82
"2011-01-13",23.86,24.1,23.65,24,3638500,18.92
"2011-01-14",23.92,24.08,23.79,23.93,1623400,18.87
"2011-01-18",23.95,24.04,23.78,23.97,1331200,18.9
"2011-01-19",24.01,24.07,23.75,23.94,1461400,18.88
"2011-01-20",23.84,23.91,23.72,23.79,1152000,18.76
"2011-01-21",23.94,24.02,23.82,23.97,1225600,18.9
"2011-01-24",24.03,24.1,23.87,23.99,3778500,18.92
"2011-01-25",23.98,24.04,23.75,24.04,1152200,18.96
"2011-01-26",24.12,24.21,23.93,24.13,2785700,19.03
"2011-01-27",24.19,24.53,24.19,24.45,1335300,19.28
"2011-01-28",24.51,24.6,23.92,24.06,2320800,18.97
"2011-01-31",24.27,24.33,24.06,24.28,1907800,19.15
"2011-02-01",24.41,24.49,24.21,24.26,1580200,19.13
"2011-02-02",24.2,24.32,24.09,24.25,1370700,19.12
"2011-02-03",24.24,24.24,23.99,24.08,3809600,18.99
"2011-02-04",24.14,24.15,24.02,24.11,3337500,19.01
"2011-02-07",24.2,24.77,24.11,24.76,4339700,19.52
"2011-02-08",24.8,25.29,24.7,25.17,2461500,19.85
"2011-02-09",25.31,25.95,24.83,25.09,3728600,19.78
"2011-02-10",25.03,25.64,25,25.45,2533400,20.07
"2011-02-11",25.42,25.92,25.32,25.88,1704100,20.41
"2011-02-14",25.93,26.15,25.9,26.07,1711300,20.56
"2011-02-15",26.05,26.06,25.53,25.68,2947100,20.25
"2011-02-16",25.54,25.85,25.35,25.72,1769600,20.58
"2011-02-17",25.7,26.09,25.51,25.96,1845000,20.77
"2011-02-18",26.01,26.04,25.67,25.75,1776000,20.6
"2011-02-22",25.57,25.61,25.1,25.15,1822800,20.12
"2011-02-23",25.19,25.21,24.69,24.79,2205900,19.83
"2011-02-24",24.83,24.88,24.62,24.74,2186100,19.79
"2011-02-25",24.86,24.91,24.57,24.91,1671200,19.93
"2011-02-28",24.97,25.29,24.96,25.18,1854600,20.15
"2011-03-01",25.22,25.37,24.71,24.76,1461000,19.81
"2011-03-02",24.6,24.83,24.37,24.66,4161600,19.73
"2011-03-03",24.85,25.08,24.85,24.97,1402000,19.98
"2011-03-04",24.93,24.98,24.51,24.66,1605100,19.73
"2011-03-07",24.78,24.87,24.21,24.53,4530400,19.63
"2011-03-08",24.57,25.11,24.52,24.94,2234000,19.95
"2011-03-09",24.93,25.02,24.63,24.98,1850600,19.99
"2011-03-10",24.7,24.76,24.41,24.56,1957600,19.65
"2011-03-11",24.45,24.74,24.41,24.68,1534400,19.75
"2011-03-14",24.64,24.68,24.32,24.48,3242600,19.59
"2011-03-15",23.97,24.26,23.83,24.1,1924500,19.28
"2011-03-16",24.07,24.1,23.6,23.73,2402300,18.99
"2011-03-17",24,24.14,23.82,23.86,1549200,19.09
"2011-03-18",24.19,24.55,24.11,24.41,2397300,19.53
"2011-03-21",24.64,24.87,24.55,24.56,1429800,19.65
"2011-03-22",24.6,24.61,24.29,24.32,1239800,19.46
"2011-03-23",24.32,24.32,24.02,24.29,1794600,19.43
"2011-03-24",24.5,24.79,24.4,24.63,1884100,19.71
"2011-03-25",24.76,25.24,24.71,25.18,4013400,20.15
"2011-03-28",25.29,25.29,25.1,25.18,1975200,20.15
"2011-03-29",25.13,25.3,25.08,25.23,2925000,20.19
"2011-03-30",25.3,25.59,25.29,25.55,2550200,20.44
"2011-03-31",25.47,25.7,25.44,25.69,2345100,20.55
"2011-04-01",25.83,25.86,25.54,25.64,3159600,20.51
"2011-04-04",25.72,25.8,25.46,25.63,1948900,20.51
"2011-04-05",25.58,25.89,25.51,25.66,3531300,20.53
"2011-04-06",25.73,25.76,25.57,25.63,1504600,20.51
"2011-04-07",25.55,25.75,25.42,25.54,1024700,20.43
"2011-04-08",25.64,25.65,25,25.16,1462400,20.13
"2011-04-11",25.14,25.38,25.14,25.18,955400,20.15
"2011-04-12",25.02,25.18,24.97,24.99,1413700,19.99
"2011-04-13",25.05,25.11,24.87,24.95,1427900,19.96
"2011-04-14",24.87,25.18,24.76,25.13,1358800,20.11
"2011-04-15",25.21,25.51,25.11,25.51,1765500,20.41
"2011-04-18",25.27,25.37,25.01,25.36,1738700,20.29
"2011-04-19",25.44,25.44,25.13,25.2,1417800,20.16
"2011-04-20",25.5,25.7,25.48,25.65,1792100,20.52
"2011-04-21",25.73,25.76,25.55,25.64,962500,20.51
"2011-04-25",25.58,25.75,25.21,25.65,2115400,20.52
"2011-04-26",25.81,26.04,25.66,25.87,2200000,20.7
"2011-04-27",25.88,26.2,25.86,26.16,2093500,20.93
"2011-04-28",26.18,26.36,25.96,26.18,3247600,20.95
"2011-04-29",26.35,26.35,24.41,24.56,9819200,19.65
"2011-05-02",24.74,25.02,24.61,24.75,3472100,19.8
"2011-05-03",24.68,24.92,24.63,24.7,2657400,19.76
"2011-05-04",24.67,24.83,24.58,24.69,4472000,19.75
"2011-05-05",24.61,24.97,24.6,24.71,1855700,19.77
"2011-05-06",25,25.08,24.53,24.63,2155000,19.71
"2011-05-09",24.67,24.78,24.55,24.74,2787300,19.79
"2011-05-10",24.81,25.03,24.79,25.01,2002900,20.01
"2011-05-11",24.66,24.75,24.5,24.62,1786400,19.99
"2011-05-12",24.6,24.86,24.49,24.76,2443800,20.11
"2011-05-13",24.64,24.8,24.5,24.58,1821200,19.96
"2011-05-16",24.57,24.74,24.49,24.54,1398700,19.93
"2011-05-17",24.47,24.48,24.28,24.41,1443400,19.82
"2011-05-18",24.45,24.72,24.37,24.63,1220800,20
"2011-05-19",24.71,24.88,24.63,24.85,1615300,20.18
"2011-05-20",24.86,24.86,24.53,24.63,1710700,20
"2011-05-23",24.39,24.49,24.23,24.32,3360800,19.75
"2011-05-24",24.43,24.43,24.02,24.09,1361000,19.56
"2011-05-25",23.76,24.08,23.67,23.76,2669000,19.29
"2011-05-26",23.69,23.8,23.55,23.75,2726900,19.29
"2011-05-27",23.82,23.89,23.66,23.77,1516800,19.3
"2011-05-31",23.89,23.94,23.76,23.89,1842500,19.4
"2011-06-01",23.91,23.93,23.47,23.47,2122400,19.06
"2011-06-02",23.58,23.75,23.41,23.52,2490000,19.1
"2011-06-03",23.31,23.46,23.19,23.24,1865500,18.87
"2011-06-06",23.19,23.32,23.09,23.17,1569000,18.82
"2011-06-07",23.21,23.35,23.08,23.13,4477400,18.78
"2011-06-08",23.09,23.13,22.75,22.84,2491900,18.55
"2011-06-09",22.88,22.93,22.73,22.84,1810500,18.55
"2011-06-10",22.8,22.86,22.59,22.61,1753700,18.36
"2011-06-13",22.48,22.74,22.46,22.48,1955400,18.26
"2011-06-14",22.7,22.89,22.66,22.81,2065000,18.52
"2011-06-15",22.69,22.69,22.33,22.38,2004200,18.17
"2011-06-16",22.4,22.6,22.32,22.54,2625800,18.3
"2011-06-17",22.7,22.8,22.43,22.47,2426000,18.25
"2011-06-20",22.43,22.59,22.43,22.55,3969000,18.31
"2011-06-21",22.65,22.79,22.55,22.78,1828300,18.5
"2011-06-22",22.73,22.86,22.55,22.67,2187000,18.41
"2011-06-23",22.5,22.68,22.26,22.66,2477300,18.4
"2011-06-24",22.63,22.7,22.05,22.12,4455700,17.96
"2011-06-27",22.17,22.3,22.15,22.22,1654900,18.04
"2011-06-28",22.27,22.38,22.25,22.38,1557300,18.17
"2011-06-29",22.46,22.85,22.43,22.79,1999900,18.51
"2011-06-30",22.83,23.11,22.82,22.99,1701500,18.67
"2011-07-01",22.99,23.37,22.92,23.37,1686800,18.98
"2011-07-05",23.3,23.31,23.02,23.14,2360900,18.79
"2011-07-06",23.1,23.2,23,23.2,1304600,18.84
"2011-07-07",23.32,23.47,23.32,23.36,2079300,18.97
"2011-07-08",23.15,23.15,22.77,22.9,2183800,18.6
"2011-07-11",22.68,22.73,22.44,22.55,1837800,18.31
"2011-07-12",22.56,22.71,22.35,22.36,1739100,18.16
"2011-07-13",22.43,22.58,22.27,22.34,1686400,18.14
"2011-07-14",22.41,22.65,22.07,22.09,2798500,17.94
"2011-07-15",22.14,22.2,21.97,22.13,2282800,17.97
"2011-07-18",22.07,22.12,21.66,21.87,1868300,17.76
"2011-07-19",21.92,22.27,21.87,22.21,2546800,18.04
"2011-07-20",22.28,22.52,22.26,22.29,2651400,18.1
"2011-07-21",22.35,22.57,22.32,22.46,2162200,18.24
"2011-07-22",22.48,22.63,22.26,22.41,1917800,18.2
"2011-07-25",22.26,22.42,22.13,22.25,1751900,18.07
"2011-07-26",22.19,22.3,21.98,22.14,2340500,17.98
"2011-07-27",22.06,22.13,21.77,21.78,2023100,17.69
"2011-07-28",21.75,22.06,21.69,21.85,5548800,17.74
"2011-07-29",21.67,21.87,21.5,21.55,5062700,17.5
"2011-08-01",21.76,21.76,21.09,21.17,4528700,17.19
"2011-08-02",21.06,21.09,20.62,20.63,5024700,16.75
"2011-08-03",20.63,20.77,20.31,20.62,4040500,16.74
"2011-08-04",20.45,20.51,19.62,19.64,5912600,15.95
"2011-08-05",19.85,20.26,19.5,20.02,6246200,16.26
"2011-08-08",19.65,19.7,18.43,18.45,5704700,14.98
"2011-08-09",18.66,19.38,18.2,19.38,9175200,15.74
"2011-08-10",18.72,18.95,18.12,18.15,5934800,15.03
"2011-08-11",18.26,19.28,18.25,19.06,4903400,15.78
"2011-08-12",19.23,19.28,18.89,18.99,3487900,15.72
"2011-08-15",19.08,19.53,19.06,19.5,2846100,16.14
"2011-08-16",19.38,19.41,19.07,19.21,2885000,15.9
"2011-08-17",19.28,19.45,18.94,19.13,1901400,15.84
"2011-08-18",18.69,18.75,18.2,18.37,3565700,15.21
"2011-08-19",18.3,18.55,18.12,18.18,3297700,15.05
"2011-08-22",18.54,18.74,18.12,18.17,2308100,15.04
"2011-08-23",18.26,18.9,18.26,18.9,2655300,15.65
"2011-08-24",18.93,19.45,18.75,19.42,2896400,16.08
"2011-08-25",19.47,19.56,18.93,19.01,3041000,15.74
"2011-08-26",18.88,19.26,18.72,19.06,4000700,15.78
"2011-08-29",19.39,20.03,19.34,20.02,2634000,16.57
"2011-08-30",19.95,20.14,19.63,20.03,2232100,16.58
"2011-08-31",20.21,20.53,20.12,20.31,2598000,16.81
"2011-09-01",20.33,20.47,19.73,19.78,2218500,16.38
"2011-09-02",19.35,19.49,19.08,19.17,1984700,15.87
"2011-09-06",18.61,19.13,18.45,19.11,3230100,15.82
"2011-09-07",19.39,19.73,19.37,19.6,2135300,16.23
"2011-09-08",19.44,19.7,19.37,19.49,4541200,16.14
"2011-09-09",19.28,19.38,18.86,19.07,3072800,15.79
"2011-09-12",18.89,19.22,18.76,19.22,3316200,15.91
"2011-09-13",19.29,19.66,19.29,19.57,2160000,16.2
"2011-09-14",19.65,20.26,19.3,20,2717200,16.56
"2011-09-15",20.22,20.34,20.01,20.25,2175300,16.76
"2011-09-16",20.3,20.59,20.27,20.53,2238000,17
"2011-09-19",20.11,20.21,19.86,20.08,2667200,16.62
"2011-09-20",20.29,20.42,19.83,19.84,2298400,16.43
"2011-09-21",19.8,19.95,19.31,19.32,2859100,15.99
"2011-09-22",18.86,18.91,18,18.22,4354500,15.08
"2011-09-23",18.25,18.83,18.21,18.79,3280400,15.56
"2011-09-26",18.97,19.46,18.81,19.44,6062300,16.09
"2011-09-27",19.77,20.3,19.72,19.82,2541600,16.41
"2011-09-28",19.92,20.01,19.14,19.16,2757500,15.86
"2011-09-29",19.5,19.63,19.06,19.45,2255900,16.1
"2011-09-30",19.3,19.47,18.8,18.8,2085400,15.56
"2011-10-03",18.76,19.07,18.24,18.26,2599500,15.12
"2011-10-04",18.05,19.31,17.95,19.29,3900000,15.97
"2011-10-05",19.29,19.75,19.26,19.66,3997700,16.28
"2011-10-06",19.59,20.09,19.5,19.97,4005900,16.53
"2011-10-07",20.12,20.14,19.53,19.57,3123400,16.2
"2011-10-10",19.98,20.15,19.85,20.09,2576100,16.63
"2011-10-11",19.95,20.1,19.81,19.97,2365100,16.53
"2011-10-12",20.1,20.2,19.91,19.95,2554800,16.52
"2011-10-13",19.92,20.03,19.72,19.96,2642500,16.52
"2011-10-14",20.14,20.39,20.11,20.26,2548400,16.77
"2011-10-17",20.14,20.39,19.88,19.93,2754800,16.5
"2011-10-18",19.93,20.37,19.68,20.2,2872100,16.72
"2011-10-19",20.2,20.28,19.85,19.98,1991100,16.54
"2011-10-20",19.91,20.01,19.56,19.85,2296900,16.43
"2011-10-21",20.1,20.29,19.98,20.24,2452700,16.76
"2011-10-24",20.31,20.74,20.28,20.65,2742500,17.1
"2011-10-25",20.67,20.7,20.35,20.39,2795900,16.88
"2011-10-26",20.7,20.76,20.33,20.57,3551500,17.03
"2011-10-27",21.07,21.2,20.67,20.75,3775300,17.18
"2011-10-28",20.77,20.82,20.6,20.7,2540100,17.14
"2011-10-31",20.41,20.52,20.27,20.38,3254300,16.87
"2011-11-01",20.12,20.36,19.65,19.72,3455200,16.33
"2011-11-02",20.19,20.19,18.65,19.01,7745500,15.74
"2011-11-03",19.16,19.77,18.9,19.75,6271700,16.35
"2011-11-04",19.52,19.96,19.4,19.96,5286100,16.52
"2011-11-07",19.97,20.3,19.87,20.25,5845600,16.76
"2011-11-08",20.38,20.46,19.94,20.13,3680200,16.67
"2011-11-09",19.77,19.8,19.17,19.21,3159100,15.9
"2011-11-10",19.4,19.45,18.94,19,3407000,15.73
"2011-11-11",19.21,19.53,19.17,19.44,1573700,16.09
"2011-11-14",19.46,19.5,19.23,19.31,1670200,15.99
"2011-11-15",19.25,19.48,19.12,19.43,2756900,16.09
"2011-11-16",18.88,19.16,18.74,18.75,2284400,15.82
"2011-11-17",18.78,18.8,18.31,18.46,2479000,15.58
"2011-11-18",18.56,18.68,18.34,18.48,2064500,15.6
"2011-11-21",18.24,18.25,17.76,17.92,2886700,15.12
"2011-11-22",17.83,18.04,17.71,17.86,1795800,15.07
"2011-11-23",17.73,17.78,17.33,17.36,1782400,14.65
"2011-11-25",17.35,17.63,17.34,17.35,1014400,14.64
"2011-11-28",17.79,17.85,17.54,17.68,2589600,14.92
"2011-11-29",17.77,17.94,17.61,17.88,4084300,15.09
"2011-11-30",18.38,18.63,18.32,18.63,3146100,15.72
"2011-12-01",18.39,18.7,18.39,18.45,2235300,15.57
"2011-12-02",18.68,18.96,18.5,18.53,2319300,15.64
"2011-12-05",18.78,19,18.74,18.96,2985700,16
"2011-12-06",18.95,19.11,18.8,19,2463900,16.04
"2011-12-07",18.95,18.99,18.71,18.98,4732300,16.02
"2011-12-08",18.85,18.99,18.56,18.61,3007300,15.71
"2011-12-09",18.66,18.91,18.35,18.83,2939900,15.89
"2011-12-12",18.72,18.9,18.56,18.86,2361800,15.92
"2011-12-13",18.97,19,18.34,18.44,2823500,15.56
"2011-12-14",18.43,18.48,18.12,18.24,2500700,15.39
"2011-12-15",18.4,18.4,18.06,18.23,4647800,15.39
"2011-12-16",18.33,18.67,18.23,18.34,6887200,15.48
"2011-12-19",18.45,18.59,17.96,18.02,1840500,15.21
"2011-12-20",18.34,18.6,18.24,18.27,2493400,15.42
"2011-12-21",18.35,18.45,18.12,18.3,1735400,15.44
"2011-12-22",18.38,18.54,18.29,18.44,1538700,15.56
"2011-12-23",18.44,18.7,18.44,18.64,1377200,15.73
"2011-12-27",18.59,18.7,18.51,18.56,896800,15.66
"2011-12-28",18.61,18.66,18.33,18.41,1251600,15.54
"2011-12-29",18.4,18.62,18.4,18.56,1334000,15.66
"2011-12-30",18.6,18.65,18.52,18.54,1247000,15.65
"2012-01-03",18.91,19.12,18.7,18.72,2594700,15.8
"2012-01-04",18.67,18.84,18.5,18.81,3205900,15.87
"2012-01-05",18.76,18.99,18.6,18.98,2199600,16.02
"2012-01-06",18.98,19.14,18.89,18.98,2030300,16.02
"2012-01-09",19.06,19.1,18.9,19.02,1863800,16.05
"2012-01-10",19.17,19.32,19.13,19.18,1731100,16.19
"2012-01-11",19.1,19.35,19.1,19.33,1857200,16.31
"2012-01-12",19.36,19.37,19.07,19.28,1524900,16.27
"2012-01-13",19.11,19.38,19.08,19.23,1611200,16.23
"2012-01-17",19.33,19.58,19.22,19.32,2801200,16.31
"2012-01-18",19.36,19.54,19.25,19.52,1889300,16.47
"2012-01-19",19.54,19.59,19.29,19.49,2638100,16.45
"2012-01-20",19.49,19.51,19.24,19.39,3518000,16.36
"2012-01-23",19.42,19.57,19.26,19.4,2212500,16.37
"2012-01-24",19.32,19.52,19.26,19.37,2470900,16.35
"2012-01-25",19.38,19.44,19.2,19.4,2146700,16.37
"2012-01-26",19.52,19.64,19.36,19.39,2106100,16.36
"2012-01-27",19.34,19.51,19.28,19.39,1168600,16.36
"2012-01-30",19.27,19.4,19.14,19.21,2281400,16.21
"2012-01-31",19.27,19.41,18.95,18.97,2800200,16.01
"2012-02-01",19.05,19.26,19.02,19.16,4273000,16.17
"2012-02-02",19.22,19.31,19.06,19.12,2899800,16.14
"2012-02-03",19.38,19.38,19.18,19.29,2992800,16.28
"2012-02-06",19.26,19.32,19.2,19.22,3679500,16.22
"2012-02-07",19.2,19.56,19.2,19.49,3439200,16.45
"2012-02-08",19.54,19.64,19.41,19.5,3400100,16.46
"2012-02-09",19.5,19.65,19.33,19.54,4388600,16.49
"2012-02-10",19.49,19.54,18.25,18.5,9359400,15.61
"2012-02-13",18.7,18.72,18.31,18.48,5106400,15.6
"2012-02-14",18.49,18.53,18.31,18.51,5316100,15.62
"2012-02-15",18.31,18.31,17.9,18.08,4711200,15.57
"2012-02-16",18.04,18.05,17.7,17.7,4359800,15.25
"2012-02-17",17.73,17.87,17.62,17.8,4941700,15.33
"2012-02-21",17.86,18.1,17.83,17.97,4637700,15.48
"2012-02-22",17.85,18.04,17.75,17.79,2823700,15.32
"2012-02-23",17.75,17.89,17.72,17.8,2929000,15.33
"2012-02-24",17.78,18.08,17.74,18,3288800,15.51
"2012-02-27",17.9,18.16,17.75,18.08,2540500,15.57
"2012-02-28",18.1,18.1,17.85,18.06,3140500,15.56
"2012-02-29",18.09,18.28,18.05,18.13,3313800,15.62
"2012-03-01",18.2,18.27,18.09,18.21,2445700,15.69
"2012-03-02",18.17,18.38,17.95,18.01,2552600,15.51
"2012-03-05",17.95,18.03,17.85,17.94,2651800,15.45
"2012-03-06",17.83,17.89,17.57,17.61,3859200,15.17
"2012-03-07",17.65,17.72,17.51,17.54,6902000,15.11
"2012-03-08",17.7,17.73,17.5,17.57,2831200,15.13
"2012-03-09",17.6,17.95,17.45,17.86,2481200,15.38
"2012-03-12",17.87,18.44,17.87,18.39,3742500,15.84
"2012-03-13",18.46,18.55,18.26,18.55,2705700,15.98
"2012-03-14",18.47,18.63,18.21,18.34,2686900,15.8
"2012-03-15",18.31,18.39,18.19,18.38,1661900,15.83
"2012-03-16",18.38,18.39,17.89,18.15,3673100,15.63
"2012-03-19",18.12,18.21,17.95,18.16,2014900,15.64
"2012-03-20",18.04,18.1,17.96,18.06,1828500,15.56
"2012-03-21",18.06,18.23,18.05,18.23,1889500,15.7
"2012-03-22",18.2,18.25,18.02,18.13,1609400,15.62
"2012-03-23",18.17,18.19,17.95,17.99,2032300,15.5
"2012-03-26",18.13,18.21,18.03,18.21,1698200,15.69
"2012-03-27",18.2,18.25,18.01,18.05,3135700,15.55
"2012-03-28",18.05,18.13,17.81,17.93,3471300,15.44
"2012-03-29",17.84,17.9,17.71,17.77,2860500,15.31
"2012-03-30",17.81,17.91,17.58,17.58,3565500,15.14
"2012-04-02",17.52,17.74,17.43,17.74,3611100,15.28
"2012-04-03",17.71,17.84,17.52,17.66,2757400,15.21
"2012-04-04",17.57,17.58,17.36,17.46,3076800,15.04
"2012-04-05",17.42,17.49,17.12,17.15,3707900,14.77
"2012-04-09",17.04,17.22,16.91,17.21,2844800,14.82
"2012-04-10",17.15,17.24,16.53,16.53,4205100,14.24
"2012-04-11",16.69,16.89,16.63,16.77,2446600,14.45
"2012-04-12",16.8,17.11,16.77,17.07,2119200,14.7
"2012-04-13",17,17.05,16.64,16.68,3037000,14.37
"2012-04-16",16.72,16.83,16.61,16.64,2509000,14.33
"2012-04-17",16.7,17.27,16.7,17.23,3472400,14.84
"2012-04-18",17.13,17.15,16.98,17.06,1671700,14.7
"2012-04-19",17.05,17.22,16.88,16.93,2460500,14.58
"2012-04-20",17,17.32,16.96,17.24,2654200,14.85
"2012-04-23",17.1,17.18,16.75,16.87,3306200,14.53
"2012-04-24",16.88,17.03,16.8,16.95,1691800,14.6
"2012-04-25",17.09,17.1,16.75,16.79,2022300,14.46
"2012-04-26",16.79,17.07,16.74,16.96,1916300,14.61
"2012-04-27",16.96,17.24,16.94,17.18,2207500,14.8
"2012-04-30",17.15,17.22,17.02,17.13,1813700,14.76
"2012-05-01",17.22,17.87,17.07,17.77,4335600,15.31
"2012-05-02",17.65,17.74,17.06,17.2,3464700,14.82
"2012-05-03",17.25,17.41,17.1,17.35,2179000,14.95
"2012-05-04",17.36,17.42,17.06,17.1,2154900,14.73
"2012-05-07",17.12,17.29,16.75,16.79,4918000,14.46
"2012-05-08",16.85,16.99,15.11,16.02,11076100,13.8
"2012-05-09",15.66,15.66,15.19,15.25,4133600,13.45
"2012-05-10",15.42,15.5,14.84,15.17,4433500,13.38
"2012-05-11",15.07,15.28,14.92,14.93,3099500,13.17
"2012-05-14",14.76,14.82,14.21,14.24,6920600,12.56
"2012-05-15",14.29,14.29,13.25,13.45,11572800,11.86
"2012-05-16",13.49,13.8,13.45,13.51,6565400,11.92
"2012-05-17",13.52,13.73,13.2,13.31,3520700,11.74
"2012-05-18",13.29,13.33,12.81,12.95,4276700,11.42
"2012-05-21",13.12,13.77,13,13.77,6150700,12.15
"2012-05-22",13.69,13.78,13.48,13.57,4112400,11.97
"2012-05-23",13.52,13.92,13.4,13.84,6281800,12.21
"2012-05-24",13.92,13.95,13.62,13.82,3544000,12.19
"2012-05-25",13.83,14.1,13.82,13.93,2885700,12.29
"2012-05-29",14.04,14.07,13.86,14.01,2573300,12.36
"2012-05-30",13.87,13.94,13.37,13.42,4826700,11.84
"2012-05-31",13.41,13.74,13.21,13.64,4246000,12.03
"2012-06-01",13.37,13.75,13.2,13.5,4463000,11.91
"2012-06-04",13.53,13.53,13.05,13.24,4570900,11.68
"2012-06-05",13.24,13.7,13.22,13.42,3576100,11.84
"2012-06-06",13.51,14.07,13.51,14.06,3807000,12.4
"2012-06-07",14.2,14.49,13.92,14,13184500,12.35
"2012-06-08",13.95,14.29,13.9,14.28,3030100,12.6
"2012-06-11",14.39,14.45,14.02,14.06,2888600,12.4
"2012-06-12",14.14,14.18,13.8,14.08,3900900,12.42
"2012-06-13",14.08,14.19,13.98,14.04,2982900,12.38
"2012-06-14",14.07,14.71,14.02,14.64,4764800,12.91
"2012-06-15",14.79,15.05,14.61,15.04,4626800,13.27
"2012-06-18",14.9,15.1,14.72,14.85,3041400,13.1
"2012-06-19",14.94,15,14.8,14.88,2800700,13.12
"2012-06-20",14.86,15.06,14.75,15.04,3405000,13.27
"2012-06-21",15.03,15.1,14.65,14.67,3077500,12.94
"2012-06-22",14.87,14.96,14.71,14.9,3983800,13.14
"2012-06-25",14.69,14.76,14.32,14.47,2577100,12.76
"2012-06-26",14.86,15.09,14.41,14.46,3228700,12.75
"2012-06-27",14.5,14.97,14.45,14.8,2433500,13.05
"2012-06-28",14.89,15.1,14.71,15.05,2953700,13.27
"2012-06-29",15.27,15.4,14.94,14.97,4205900,13.2
"2012-07-02",15.11,15.13,14.58,14.69,3710600,12.96
"2012-07-03",14.76,14.83,14.53,14.61,2124000,12.89
"2012-07-05",14.61,14.65,14.21,14.51,2959800,12.8
"2012-07-06",14.4,14.53,14.21,14.47,2400300,12.76
"2012-07-09",14.54,14.54,13.86,14.25,4877500,12.57
"2012-07-10",14.31,14.53,14.17,14.25,3044900,12.57
"2012-07-11",14.22,14.37,14.15,14.33,2052600,12.64
"2012-07-12",14.19,14.23,13.8,13.84,3938200,12.21
"2012-07-13",13.85,14.11,13.82,13.9,3439600,12.26
"2012-07-16",13.84,14.05,13.66,13.93,3618000,12.29
"2012-07-17",13.94,13.95,13.42,13.6,6202600,12
"2012-07-18",13.56,13.59,13.4,13.45,4300900,11.86
"2012-07-19",13.57,13.57,13.4,13.48,4277100,11.89
"2012-07-20",13.46,13.63,13.28,13.46,12806000,11.87
"2012-07-23",13.36,13.51,13.28,13.37,3813000,11.79
"2012-07-24",13.49,13.51,13.21,13.3,3292600,11.73
"2012-07-25",13.42,13.44,13.15,13.18,2479000,11.63
"2012-07-26",13.32,13.32,13.01,13.06,4000600,11.52
"2012-07-27",13.14,13.23,13,13.03,5317400,11.49
"2012-07-30",13.01,13.34,13,13.24,3599700,11.68
"2012-07-31",13.23,13.45,13.16,13.36,7096600,11.78
"2012-08-01",13.37,13.45,13.22,13.25,4928000,11.69
"2012-08-02",13.2,13.25,12.64,12.94,5461300,11.41
"2012-08-03",13.11,14.24,13.11,13.86,9654900,12.23
"2012-08-06",13.92,14.11,13.85,14.01,7435700,12.36
"2012-08-07",14.14,14.34,14.11,14.25,6623100,12.57
"2012-08-08",13.9,14.02,13.65,13.94,4644800,12.63
"2012-08-09",13.87,13.95,13.54,13.68,3519300,12.39
"2012-08-10",13.68,13.71,13.5,13.58,3552800,12.3
"2012-08-13",13.5,13.6,13.46,13.55,2709500,12.27
"2012-08-14",13.57,13.59,13.38,13.46,2322800,12.19
"2012-08-15",13.43,13.53,13.28,13.36,2324200,12.1
"2012-08-16",13.38,13.47,13.27,13.45,2738400,12.18
"2012-08-17",13.46,13.57,13.35,13.53,3524200,12.26
"2012-08-20",13.49,13.69,13.4,13.68,2458900,12.39
"2012-08-21",13.7,13.88,13.61,13.65,2413300,12.37
"2012-08-22",13.64,13.7,13.5,13.53,1837400,12.26
"2012-08-23",13.55,13.65,13.45,13.61,2323400,12.33
"2012-08-24",13.56,13.67,13.48,13.61,1789500,12.33
"2012-08-27",13.61,13.65,13.33,13.34,2038300,12.08
"2012-08-28",13.34,13.55,13.33,13.35,1566500,12.09
"2012-08-29",13.4,13.42,13.32,13.35,1273200,12.09
"2012-08-30",13.34,13.41,13.26,13.32,1324100,12.07
"2012-08-31",13.38,13.5,13.32,13.36,1832100,12.1
"2012-09-04",13.37,13.48,13.1,13.19,2511000,11.95
"2012-09-05",13.23,13.36,13.17,13.35,1742400,12.09
"2012-09-06",13.42,13.83,13.41,13.76,2847700,12.46
"2012-09-07",13.77,14.02,13.71,13.97,2705600,12.66
"2012-09-10",13.97,14.23,13.85,14.16,2852900,12.83
"2012-09-11",14.25,14.45,14.17,14.42,2452100,13.06
"2012-09-12",14.49,14.67,14.42,14.66,2872400,13.28
"2012-09-13",14.47,14.82,14.35,14.73,3487900,13.34
"2012-09-14",14.75,15.27,14.75,15.27,4194200,13.83
"2012-09-17",15.25,15.25,14.73,14.88,2932100,13.48
"2012-09-18",14.89,14.91,14.61,14.61,2653900,13.24
"2012-09-19",14.64,14.68,14.36,14.45,3314400,13.09
"2012-09-20",14.44,14.52,14.2,14.37,2741400,13.02
"2012-09-21",14.51,14.54,14.26,14.29,3007400,12.95
"2012-09-24",14.32,14.41,14.13,14.25,2555600,12.91
"2012-09-25",14.27,14.34,13.94,13.96,3164500,12.65
"2012-09-26",13.98,14.07,13.79,13.94,2534900,12.63
"2012-09-27",14,14.07,13.86,14.02,3128000,12.7
"2012-09-28",14,14,13.77,13.82,2781200,12.52
"2012-10-01",13.89,14,13.75,13.78,4210400,12.48
"2012-10-02",13.82,13.87,13.5,13.6,3624200,12.32
"2012-10-03",13.66,13.75,13.53,13.69,3625700,12.4
"2012-10-04",13.75,13.81,13.55,13.73,2652900,12.44
"2012-10-05",13.82,13.89,13.71,13.81,2047200,12.51
"2012-10-08",13.75,13.78,13.63,13.69,1656100,12.4
"2012-10-09",13.68,13.73,13.57,13.57,2352800,12.29
"2012-10-10",13.71,13.75,13.35,13.4,3016700,12.14
"2012-10-11",13.52,13.66,13.49,13.53,2471200,12.26
"2012-10-12",13.56,13.69,13.33,13.36,2346800,12.1
"2012-10-15",13.39,13.45,13.3,13.43,3178400,12.17
"2012-10-16",13.51,13.98,13.5,13.96,3016000,12.65
"2012-10-17",13.97,14.11,13.85,14.1,2481900,12.77
"2012-10-18",14.1,14.56,14.1,14.49,4148700,13.13
"2012-10-19",14.45,14.47,13.65,14.27,9111300,12.93
"2012-10-22",14.35,14.73,14.08,14.17,2592300,12.84
"2012-10-23",14.02,14.06,13.75,13.98,3731300,12.66
"2012-10-24",14,14.2,13.92,14.06,2239400,12.74
"2012-10-25",14.14,14.38,14.1,14.35,2743900,13
"2012-10-26",14.25,14.42,14.25,14.33,2872500,12.98
"2012-10-31",14.42,14.45,14.16,14.36,2374400,13.01
"2012-11-01",14.45,14.67,14.36,14.64,4820300,13.26
"2012-11-02",14.05,14.05,12.57,12.73,16953300,11.53
"2012-11-05",12.71,13.2,12.65,12.7,6379100,11.5
"2012-11-06",12.76,12.99,12.71,12.75,4982700,11.55
"2012-11-07",12.73,12.78,12.07,12.2,6398100,11.05
"2012-11-08",12.26,12.5,12.01,12.02,3859400,10.89
"2012-11-09",12.02,12.13,11.84,11.9,3683000,10.78
"2012-11-12",11.97,12.06,11.78,11.92,3255400,10.8
"2012-11-13",11.83,11.9,11.63,11.67,4381500,10.57
"2012-11-14",11.42,11.44,10.81,10.85,5477100,10.16
"2012-11-15",11,11.33,10.79,10.99,6088600,10.29
"2012-11-16",10.96,11.03,10.88,11.02,6118000,10.31
"2012-11-19",11.11,11.15,10.96,11.1,4780800,10.39
"2012-11-20",11.07,11.1,10.8,11,4521100,10.3
"2012-11-21",10.96,11,10.87,10.91,3455300,10.21
"2012-11-23",11.01,11.17,10.96,11.17,1641600,10.45
"2012-11-26",11.12,11.24,11.05,11.11,3978400,10.4
"2012-11-27",11.08,11.21,10.93,11,4362300,10.3
"2012-11-28",10.96,11.22,10.92,11.22,2567400,10.5
"2012-11-29",11.25,11.39,11.06,11.09,4590300,10.38
"2012-11-30",11.11,11.24,11.02,11.19,5250500,10.47
"2012-12-03",11.25,11.69,11.25,11.64,9308400,10.89
"2012-12-04",11.63,11.64,11.01,11.03,7431800,10.32
"2012-12-05",11.04,11.19,10.65,10.88,7116200,10.18
"2012-12-06",10.88,11.07,10.75,10.89,4966200,10.19
"2012-12-07",10.93,11.03,10.89,10.93,3488600,10.23
"2012-12-10",10.88,11.04,10.86,10.94,3373900,10.24
"2012-12-11",10.97,11.05,10.94,11.01,2932900,10.3
"2012-12-12",11.08,11.13,10.76,10.82,4624200,10.13
"2012-12-13",10.8,10.89,10.73,10.79,3021200,10.1
"2012-12-14",10.78,10.97,10.65,10.68,3720900,10
"2012-12-17",10.73,10.98,10.7,10.86,5830400,10.16
"2012-12-18",10.86,11.18,10.83,11.16,6588600,10.45
"2012-12-19",11.18,11.29,10.87,10.95,4504800,10.25
"2012-12-20",10.97,11.12,10.9,11.09,3757100,10.38
"2012-12-21",10.96,10.96,10.71,10.78,14386400,10.09
"2012-12-24",10.81,10.89,10.65,10.69,1739300,10.01
"2012-12-26",10.7,10.79,10.53,10.57,3443900,9.89
"2012-12-27",10.55,10.59,10.38,10.52,4016100,9.85
"2012-12-28",10.43,10.54,10.36,10.41,3038100,9.74
"2012-12-31",10.36,10.7,10.34,10.64,3771800,9.96
"2013-01-02",10.98,11.08,10.73,10.79,4179600,10.1
"2013-01-03",10.81,11.14,10.71,11.09,4030100,10.38
"2013-01-04",11.13,11.45,11.1,11.37,4001200,10.64
"2013-01-07",11.38,11.69,11.31,11.65,4740300,10.9
"2013-01-08",11.73,11.83,11.56,11.78,5971300,11.03
"2013-01-09",11.9,12,11.71,11.88,4052800,11.12
"2013-01-10",11.98,12.01,11.8,11.9,3557200,11.14
"2013-01-11",12,12,11.75,11.91,3654600,11.15
"2013-01-14",11.93,12,11.45,11.74,4680900,10.99
"2013-01-15",11.78,11.86,11.65,11.7,3268800,10.95
"2013-01-16",11.69,11.9,11.6,11.71,3736300,10.96
"2013-01-17",11.78,11.88,11.71,11.73,2809000,10.98
"2013-01-18",11.77,11.79,11.56,11.62,12441400,10.88
"2013-01-22",11.7,12.05,11.7,12.05,4756600,11.28
"2013-01-23",12.06,12.24,11.92,11.99,3724200,11.22
"2013-01-24",12.03,12.2,12,12.15,3248700,11.37
"2013-01-25",12.17,12.29,12.07,12.15,2434200,11.37
"2013-01-28",12.19,12.3,12.1,12.3,2599900,11.51
"2013-01-29",12.3,12.32,12.15,12.15,2326500,11.37
"2013-01-30",12.15,12.26,11.89,11.98,5091700,11.21
"2013-01-31",12.76,14.49,12.76,14.41,18397200,13.49
"2013-02-01",14.39,14.59,13.69,13.82,9427800,12.93
"2013-02-04",13.81,13.85,13.23,13.34,5227300,12.49
"2013-02-05",13.41,13.54,13.05,13.46,4507400,12.6
"2013-02-06",13.37,13.95,13.3,13.84,4209600,12.95
"2013-02-07",13.84,13.93,13.63,13.88,3448600,12.99
"2013-02-08",13.86,13.93,13.73,13.84,2614700,12.95
"2013-02-11",13.89,14,13.84,13.85,2558800,12.96
"2013-02-12",13.97,13.99,13.8,13.89,3797800,13
"2013-02-13",13.51,13.87,13.45,13.71,4373600,13.19
"2013-02-14",13.63,13.7,13.41,13.49,3978100,12.98
"2013-02-15",13.48,13.59,13.39,13.45,2658900,12.94
"2013-02-19",13.48,13.69,13.4,13.58,2831400,13.06
"2013-02-20",13.6,13.6,13.24,13.28,2150200,12.77
"2013-02-21",13.27,13.27,12.85,12.94,2827000,12.45
"2013-02-22",13.01,13.27,13,13.27,1618000,12.76
"2013-02-25",13.34,13.34,12.86,12.87,2150000,12.38
"2013-02-26",12.92,13.08,12.9,12.97,2599300,12.48
"2013-02-27",12.96,13.19,12.92,13.17,2409700,12.67
"2013-02-28",13.17,13.29,13.05,13.1,2414300,12.6
"2013-03-01",13.06,13.16,12.89,13.03,3145700,12.53
"2013-03-04",12.98,13.62,12.98,13.56,4173000,13.04
"2013-03-05",13.64,13.7,13.51,13.66,2698700,13.14
"2013-03-06",13.74,13.81,13.65,13.79,3340600,13.27
"2013-03-07",13.81,14.03,13.73,14.03,3650200,13.5
"2013-03-08",14.1,14.11,13.72,13.96,3339600,13.43
"2013-03-11",14.09,14.33,14.08,14.23,2627700,13.69
"2013-03-12",14.26,14.71,14.24,14.66,3976500,14.1
"2013-03-13",14.6,14.92,14.5,14.88,3582800,14.31
"2013-03-14",14.99,15.56,14.98,15.51,4324400,14.92
"2013-03-15",15.5,15.5,14.97,15.24,6528000,14.66
"2013-03-18",15.16,15.44,15.02,15.29,2627800,14.71
"2013-03-19",15.3,15.4,15.19,15.29,2040900,14.71
"2013-03-20",15.35,15.39,15.04,15.2,2688400,14.62
"2013-03-21",15.17,15.4,15.13,15.17,2037100,14.59
"2013-03-22",15.25,15.33,14.99,15.03,2874200,14.46
"2013-03-25",15.2,15.24,14.98,15,2980900,14.43
"2013-03-26",15.1,15.22,15.05,15.12,2832800,14.54
"2013-03-27",15.04,15.09,14.67,14.93,2947300,14.36
"2013-03-28",14.93,14.95,14.8,14.86,2550400,14.29
"2013-04-01",14.9,14.93,14.44,14.47,3208700,13.92
"2013-04-02",14.57,14.61,14.37,14.42,5031200,13.87
"2013-04-03",14.46,14.74,14.32,14.37,5455100,13.82
"2013-04-04",14.44,14.59,14.38,14.48,3041900,13.93
"2013-04-05",14.37,14.6,14.32,14.6,2841100,14.04
"2013-04-08",14.65,14.89,14.56,14.72,2799900,14.16
"2013-04-09",14.72,15.1,14.72,14.95,3893700,14.38
"2013-04-10",14.99,15.17,14.97,15.01,4575400,14.44
"2013-04-11",15.02,15.25,15.02,15.18,3237700,14.6
"2013-04-12",15.15,15.18,14.96,15.09,2080000,14.52
"2013-04-15",15.03,15.06,14.4,14.42,3222000,13.87
"2013-04-16",14.57,14.81,14.51,14.67,3639500,14.11
"2013-04-17",14.62,14.69,14.23,14.44,3130300,13.89
"2013-04-18",14.48,14.57,14.16,14.24,2746600,13.7
"2013-04-19",14.35,14.54,14.02,14.31,8093800,13.77
"2013-04-22",14.33,14.46,14.13,14.41,2679100,13.86
"2013-04-23",14.5,14.79,14.48,14.71,2786100,14.15
"2013-04-24",14.72,14.88,14.66,14.76,2727800,14.2
"2013-04-25",14.85,15.08,14.8,15.07,3883800,14.5
"2013-04-26",15.07,16.06,15.07,15.9,8907400,15.29
"2013-04-29",15.94,16.43,15.75,16.2,6990900,15.58
"2013-04-30",14.46,14.56,13.12,13.67,28312200,13.15
"2013-05-01",13.37,14.48,13.37,14.28,10440100,13.74
"2013-05-02",14.25,14.61,14.16,14.55,8080600,14
"2013-05-03",15.02,15.96,14.92,15.39,9843200,14.8
"2013-05-06",15.39,15.6,15.14,15.15,4488000,14.57
"2013-05-07",15.16,15.45,15.15,15.41,3476600,14.82
"2013-05-08",15.36,15.47,15.17,15.45,3450400,15.05
"2013-05-09",15.57,15.71,15.3,15.67,3387700,15.26
"2013-05-10",15.71,15.72,15.35,15.44,2356800,15.04
"2013-05-13",15.34,15.4,14.93,15.01,3410800,14.62
"2013-05-14",15.04,15.09,14.82,15.05,2208200,14.66
"2013-05-15",14.98,15.04,14.68,14.78,3048800,14.39
"2013-05-16",14.83,15,14.67,14.71,2612200,14.32
"2013-05-17",14.7,14.86,14.58,14.79,2653000,14.4
"2013-05-20",14.81,15.24,14.64,15.2,3919900,14.8
"2013-05-21",15.19,15.3,15.04,15.19,2871100,14.79
"2013-05-22",15.06,15.26,15,15.05,4176800,14.66
"2013-05-23",14.86,15.23,14.79,15.06,2688900,14.67
"2013-05-24",15,15.15,14.92,15.12,2712700,14.72
"2013-05-28",15.26,15.26,15,15.08,3053800,14.69
"2013-05-29",15,15.13,14.95,15.01,2575300,14.62
"2013-05-30",15.06,15.26,14.9,15.01,2606400,14.62
"2013-05-31",14.93,15.04,14.65,14.68,9722600,14.3
"2013-06-03",14.68,14.74,14.32,14.45,3855800,14.07
"2013-06-04",14.49,15.02,14.43,14.99,3462200,14.6
"2013-06-05",14.93,15.13,14.41,14.49,4041900,14.11
"2013-06-06",14.43,14.48,13.92,14.07,9704400,13.7
"2013-06-07",14.02,14.65,13.98,14.64,3661900,14.26
"2013-06-10",14.64,14.84,14.53,14.79,2111500,14.4
"2013-06-11",14.67,14.97,14.48,14.77,3424100,14.38
"2013-06-12",14.92,14.92,14.25,14.31,2574300,13.94
"2013-06-13",14.27,14.65,14.09,14.59,1813800,14.21
"2013-06-14",14.56,14.72,14.42,14.59,1688400,14.21
"2013-06-17",14.63,14.76,14.48,14.51,2297100,14.13
"2013-06-18",14.49,14.79,14.43,14.69,1919400,14.31
"2013-06-19",14.7,14.77,14.24,14.25,2366800,13.88
"2013-06-20",14.08,14.16,13.63,13.78,2970300,13.42
"2013-06-21",13.89,14.21,13.78,14.1,3839600,13.73
"2013-06-24",14.06,14.1,13.82,13.95,3583300,13.58
"2013-06-25",14.05,14.42,14,14.41,2595200,14.03
"2013-06-26",14.52,14.86,14.51,14.75,2489400,14.36
"2013-06-27",14.81,15.19,14.74,15.19,2746600,14.79
"2013-06-28",15.09,15.17,14.68,14.68,4351800,14.3
"2013-07-01",14.71,15.04,14.55,14.96,2206600,14.57
"2013-07-02",14.87,14.94,13.85,14.08,6464000,13.71
"2013-07-03",14,14.24,13.86,14.2,1900400,13.83
"2013-07-05",14.31,14.41,14.06,14.38,2218900,14
"2013-07-08",14.4,14.45,14.27,14.33,3638400,13.95
"2013-07-09",14.37,14.45,14.17,14.25,4024900,13.88
"2013-07-10",14.23,14.52,14.23,14.29,4540000,13.92
"2013-07-11",14.42,14.53,14,14.12,6963600,13.75
"2013-07-12",14.08,14.11,13.8,13.96,6852600,13.59
"2013-07-15",13.87,14.07,13.76,13.92,4604500,13.56
"2013-07-16",13.94,14.25,13.87,14,4654300,13.63
"2013-07-17",14.06,14.25,14.06,14.16,3993800,13.79
"2013-07-18",14.15,14.25,14.03,14.18,5418900,13.81
"2013-07-19",14.19,14.51,13.9,14.06,39770400,13.69
"2013-07-22",14.16,14.66,14.12,14.61,8654900,14.23
"2013-07-23",14.7,14.87,14.46,14.52,4053500,14.14
"2013-07-24",14.51,14.69,14.43,14.54,5810100,14.16
"2013-07-25",14.54,14.63,14.42,14.59,2683000,14.21
"2013-07-26",14.45,14.54,14.31,14.42,4133800,14.04
"2013-07-29",14.28,14.76,14.26,14.72,6323700,14.33
"2013-07-30",15.14,17,15.1,16.6,24870200,16.17
"2013-07-31",16.59,16.66,16.15,16.51,11312400,16.08
"2013-08-01",16.65,16.99,16.56,16.91,5763400,16.47
"2013-08-02",16.9,17.51,16.79,17.46,5957300,17
"2013-08-05",17.36,17.6,17.21,17.58,5317600,17.12
"2013-08-06",17.5,18.03,17.37,17.89,7838700,17.42
"2013-08-07",17.69,17.72,17.38,17.71,5164100,17.43
"2013-08-08",17.7,17.85,17.44,17.63,4618600,17.35
"2013-08-09",17.51,17.61,17.28,17.31,4034000,17.04
"2013-08-12",17.25,17.4,17.21,17.28,2931700,17.01
"2013-08-13",17.27,17.98,17.25,17.79,4108700,17.51
"2013-08-14",17.87,17.87,17.54,17.66,2716300,17.38
"2013-08-15",17.4,17.54,17.3,17.44,2426300,17.16
"2013-08-16",17.38,17.61,17.17,17.49,3035500,17.21
"2013-08-19",17.45,17.68,17.3,17.56,2886100,17.28
"2013-08-20",17.57,17.9,17.54,17.72,2452700,17.44
"2013-08-21",17.61,17.63,17.32,17.4,1980800,17.12
"2013-08-22",17.48,17.55,17.09,17.19,2058700,16.92
"2013-08-23",17.19,17.44,17.16,17.33,1933500,17.06
"2013-08-26",17.3,17.35,17.13,17.19,2204100,16.92
"2013-08-27",17.01,17.11,16.75,16.84,2615300,16.57
"2013-08-28",16.79,16.94,16.69,16.85,1742100,16.58
"2013-08-29",16.8,16.95,16.67,16.67,2322100,16.41
"2013-08-30",16.74,16.76,16.18,16.32,2930000,16.06
"2013-09-03",16.56,16.8,16.26,16.34,2198400,16.08
"2013-09-04",16.32,16.72,16.25,16.66,2865000,16.4
"2013-09-05",16.64,16.69,16.45,16.65,2127900,16.39
"2013-09-06",16.75,17.01,16.64,16.82,2564500,16.55
"2013-09-09",16.82,17.03,16.77,17,1937500,16.73
"2013-09-10",17.1,17.25,16.96,17.14,2145900,16.87
"2013-09-11",17.13,17.37,17.06,17.14,2893900,16.87
"2013-09-12",17.18,17.22,16.87,16.95,3872900,16.68
"2013-09-13",17.04,17.25,16.87,17.22,3084600,16.95
"2013-09-16",17.39,17.5,17.16,17.17,2428800,16.9
"2013-09-17",17.2,17.57,17.19,17.45,1972500,17.17
"2013-09-18",17.41,17.7,17.16,17.68,3200100,17.4
"2013-09-19",17.68,18.82,17.63,18.5,7647900,18.21
"2013-09-20",18.54,18.6,18.08,18.16,4836700,17.87
"2013-09-23",18.03,18.11,17.71,17.98,3242300,17.7
"2013-09-24",17.98,18.36,17.93,18.11,3270300,17.82
"2013-09-25",18.1,18.2,17.95,18,3521900,17.71
"2013-09-26",17.95,18.24,17.93,18,1532600,17.71
"2013-09-27",17.96,18.12,17.93,18.06,2294800,17.77
"2013-09-30",17.92,18.4,17.91,18.19,2827200,17.9
"2013-10-01",18.22,18.93,18.21,18.93,5116200,18.63
"2013-10-02",18.83,19.37,18.66,19.24,7311500,18.94
"2013-10-03",19.24,19.24,18.75,19.07,4517900,18.77
"2013-10-04",19.1,19.38,18.9,18.9,5426200,18.6
"2013-10-07",18.76,18.99,18.61,18.73,3245600,18.43
"2013-10-08",18.67,18.89,18.38,18.48,3643700,18.19
"2013-10-09",18.5,18.66,18.38,18.5,2342400,18.21
"2013-10-10",18.71,19.14,18.7,19.12,2075300,18.82
"2013-10-11",19.05,19.25,18.88,19.17,4063300,18.87
"2013-10-14",18.97,19.33,18.93,19.29,1878600,18.98
"2013-10-15",19.23,19.43,19.08,19.22,3535200,18.92
"2013-10-16",19.24,19.61,19.24,19.57,2665500,19.26
"2013-10-17",19.55,19.66,19.35,19.62,2643800,19.31
"2013-10-18",19.69,19.93,19.6,19.9,2838400,19.58
"2013-10-21",19.94,20.13,19.85,19.96,3046900,19.64
"2013-10-22",20.05,20.34,19.93,20.1,3451700,19.78
"2013-10-23",19.94,20.01,19.81,19.95,1874000,19.63
"2013-10-24",19.91,20.02,19.65,19.73,3372100,19.42
"2013-10-25",19.73,19.8,19.31,19.45,4184500,19.14
"2013-10-28",19.5,19.54,19.07,19.24,5553900,18.94
"2013-10-29",19.58,22,19.41,20.77,16124600,20.44
"2013-10-30",20.82,21.34,20.57,20.84,6537500,20.51
"2013-10-31",20.84,21.45,20.73,21.34,5315600,21
"2013-11-01",21.35,21.5,21.16,21.48,3727600,21.14
"2013-11-04",21.52,22.11,21.5,21.88,4140900,21.53
"2013-11-05",21.74,21.93,21.53,21.8,3208900,21.45
"2013-11-06",21.86,22.02,21.65,21.81,4750900,21.46
"2013-11-07",21.77,22,21.27,21.32,3665900,20.98
"2013-11-08",21.31,21.61,21.26,21.41,3392800,21.07
"2013-11-11",21.36,21.75,21.32,21.75,9703600,21.41
"2013-11-12",21.75,22,21.63,21.89,4477600,21.54
"2013-11-13",21.74,22.49,21.69,22.27,3636100,21.92
"2013-11-14",22.1,23.04,22.1,22.85,5613800,22.68
"2013-11-15",22.82,24.18,22.8,23.82,10742100,23.64
"2013-11-18",23.63,23.8,23.18,23.34,6006600,23.17
"2013-11-19",23.46,23.72,23.35,23.4,3829100,23.23
"2013-11-20",23.4,23.64,23.17,23.21,3298200,23.04
"2013-11-21",23.25,23.8,23.22,23.67,3291300,23.49
"2013-11-22",23.71,24.15,23.65,24.09,3368600,23.91
"2013-11-25",24.03,24.17,23.52,23.63,3263700,23.45
"2013-11-26",23.63,23.75,23.23,23.33,3624600,23.16
"2013-11-27",23.33,23.56,23.2,23.39,2816300,23.22
"2013-11-29",23.38,23.49,23.06,23.17,1593600,23
"2013-12-02",23.25,23.74,23.15,23.38,2859200,23.21
"2013-12-03",23.17,23.32,22.29,22.37,5772600,22.2
"2013-12-04",22.32,22.84,22.08,22.52,4965400,22.35
"2013-12-05",22.49,22.49,21.42,21.55,5839900,21.39
"2013-12-06",21.77,22.31,21.53,22.24,4929000,22.07
"2013-12-09",22.21,22.35,22.06,22.23,2495900,22.06
"2013-12-10",22.11,22.57,22.1,22.51,2687000,22.34
"2013-12-11",22.51,22.66,21.96,22.04,3905400,21.88
"2013-12-12",22.06,22.11,21.71,21.97,3303000,21.81
"2013-12-13",21.91,22.3,21.91,22.24,2648500,22.07
"2013-12-16",22.24,22.38,22.05,22.2,3806900,22.03
"2013-12-17",22.15,22.18,21.72,22.06,3146100,21.9
"2013-12-18",22.04,22.23,21.36,22.13,3731200,21.96
"2013-12-19",22.12,22.3,22.01,22.06,3070800,21.9
"2013-12-20",22.05,22.73,21.91,22.4,11535200,22.23
"2013-12-23",22.55,23.05,22.46,22.96,3318700,22.79
"2013-12-24",22.93,23.1,22.73,23.05,749400,22.88
"2013-12-26",23,23.84,22.97,23.77,3799300,23.59
"2013-12-27",23.7,23.8,23.53,23.56,2287500,23.38
"2013-12-30",23.5,23.59,23.31,23.38,1502400,23.21
"2013-12-31",23.35,23.5,23.23,23.3,2162100,23.13
"2014-01-02",23.3,23.48,23.17,23.43,3752600,23.26
"2014-01-03",23.45,23.95,23.44,23.85,2709000,23.67
"2014-01-06",23.92,24.18,23.57,23.63,3863900,23.45
"2014-01-07",23.79,23.93,23.6,23.67,1697200,23.49
"2014-01-08",23.64,23.81,23.41,23.69,3126700,23.51
"2014-01-09",23.7,23.83,23.19,23.36,2281000,23.19
"2014-01-10",23.48,23.62,23.29,23.48,1998300,23.3
"2014-01-13",23.3,23.56,22.64,22.91,2626400,22.74
"2014-01-14",22.98,23.45,22.95,23.33,2302100,23.16
"2014-01-15",23.37,23.77,23.36,23.67,1650600,23.49
"2014-01-16",23.59,23.78,23.32,23.46,1323300,23.28
"2014-01-17",23.43,23.54,23.07,23.1,1479500,22.93
"2014-01-21",23.15,23.32,22.88,23.2,1484300,23.03
"2014-01-22",23.17,23.44,23.06,23.23,1735700,23.06
"2014-01-23",23,23.07,22.2,22.38,3187400,22.21
"2014-01-24",22.12,22.23,21.62,21.64,3188300,21.48
"2014-01-27",21.62,21.93,21.01,21.13,4468900,20.97
"2014-01-28",21.14,21.86,21.13,21.8,3537500,21.64
"2014-01-29",21.54,21.84,21.52,21.73,3618800,21.57
"2014-01-30",23,25.89,22.78,25.85,11430300,25.66
"2014-01-31",25.57,26,25.15,25.18,7666100,24.99
"2014-02-03",25.16,25.58,24.11,24.45,6790000,24.27
"2014-02-04",24.74,25.22,24.26,25.04,5000700,24.85
"2014-02-05",24.83,25.11,24.41,24.69,3748200,24.51
"2014-02-06",24.78,25.3,24.7,25.1,2277200,24.91
"2014-02-07",25.15,25.58,25.06,25.47,3169200,25.28
"2014-02-10",25.41,25.49,24.91,25.07,3322500,24.88
"2014-02-11",25.05,25.28,24.81,25.18,3573800,24.99
"2014-02-12",25.14,25.14,24.72,25.05,2877000,25.05
"2014-02-13",24.99,25.5,24.81,25.4,2796100,25.4
"2014-02-14",25.35,25.74,25.11,25.64,2598800,25.64
"2014-02-18",25.64,25.7,25.22,25.62,3476500,25.62
"2014-02-19",25.45,25.59,25.2,25.24,2878900,25.24
"2014-02-20",25.25,25.44,24.95,25.34,2380900,25.34
"2014-02-21",25.45,25.53,25,25.11,3568200,25.11
"2014-02-24",25.16,25.31,24.67,24.68,3567300,24.68
"2014-02-25",24.67,25.18,24.4,25,3655600,25
"2014-02-26",25.11,25.44,24.87,25.03,2763100,25.03
"2014-02-27",24.89,25.16,24.86,25,2474200,25
"2014-02-28",25.04,25.53,24.87,25.45,3438800,25.45
"2014-03-03",25.26,25.69,25.09,25.67,2850500,25.67
"2014-03-04",25.87,26.21,25.61,25.99,3751000,25.99
"2014-03-05",26,26.33,25.95,26.32,2644800,26.32
"2014-03-06",26.38,26.47,26.14,26.29,2311500,26.29
"2014-03-07",26.46,26.63,26.07,26.51,2434000,26.51
"2014-03-10",26.34,26.34,25.87,26.08,2968900,26.08
"2014-03-11",26.14,26.29,25.73,25.81,2379800,25.81
"2014-03-12",25.63,25.76,25.15,25.69,3590100,25.69
"2014-03-13",25.76,25.97,25.29,25.38,2389400,25.38
"2014-03-14",25.24,25.38,25.08,25.25,2461900,25.25
"2014-03-17",25.46,25.54,25.18,25.32,1390200,25.32
