"","PEG.Open","PEG.High","PEG.Low","PEG.Close","PEG.Volume","PEG.Adjusted"
"2010-03-10",30.6,30.7,30.29,30.55,3263100,25.62
"2010-03-11",30.43,30.71,30.41,30.67,2532000,25.72
"2010-03-15",30.52,30.85,30.52,30.85,2157300,25.87
"2010-03-18",30.94,31.2,30.71,30.99,2269300,25.99
"2010-03-19",31.3,31.34,30.65,30.92,3568900,25.93
"2010-03-22",30.8,30.92,30.5,30.59,2010200,25.65
"2010-03-23",30.59,30.95,30.36,30.53,2770200,25.6
"2010-03-24",30.45,30.63,30.07,30.09,3384400,25.23
"2010-03-25",30.09,30.21,29.18,29.35,5960600,24.61
"2010-03-26",29.44,29.45,29.04,29.11,3177700,24.41
"2010-03-29",29.31,29.51,29.15,29.49,2689700,24.73
"2010-03-30",29.6,29.63,29.36,29.45,2444400,24.7
"2010-03-31",29.58,29.64,29.11,29.52,3954100,24.76
"2010-04-01",29.66,30.15,29.66,30.12,3110800,25.26
"2010-04-05",30.25,30.87,30.23,30.82,3317600,25.85
"2010-04-06",30.69,31.15,30.56,31.1,3975800,26.08
"2010-04-07",30.97,30.97,30.4,30.68,5440700,25.73
"2010-04-08",30.62,30.62,30.23,30.48,2602200,25.56
"2010-04-09",30.52,30.71,30.22,30.69,2686600,25.74
"2010-04-12",30.99,31.06,30.81,31.03,2048000,26.02
"2010-04-13",31.06,31.13,30.66,30.85,2521900,25.87
"2010-04-14",30.83,31.23,30.61,31.22,3131700,26.18
"2010-04-15",31.12,31.18,30.7,30.7,3118200,25.75
"2010-04-16",30.65,30.8,30.16,30.25,2908600,25.37
"2010-04-19",30.12,30.39,30.07,30.26,1610200,25.38
"2010-04-20",30.46,30.81,30.37,30.79,2127000,25.82
"2010-04-21",30.75,30.86,30.59,30.83,1747000,25.86
"2010-04-22",30.84,31.12,30.62,31.07,2338700,26.06
"2010-04-23",31.02,31.55,30.85,31.55,2064300,26.46
"2010-04-26",31.47,31.64,31.33,31.39,2478900,26.33
"2010-04-27",31.31,31.55,31.01,31.07,3475200,26.06
"2010-04-28",31.29,31.53,30.77,31.46,3518700,26.38
"2010-04-29",31.6,32.07,31.6,31.84,2678900,26.7
"2010-04-30",31.94,32.65,31.89,32.13,4937400,26.95
"2010-05-03",32.33,32.87,32.27,32.77,2559700,27.48
"2010-05-04",32.51,32.58,31.95,32.15,2741900,26.96
"2010-05-05",31.77,32.21,31.57,31.89,3174900,26.74
"2010-05-06",31.84,31.97,29.61,31,3644400,26
"2010-05-07",31.01,31.38,30.26,30.7,4797900,25.75
"2010-05-10",31.71,32.08,31.17,31.42,6063500,26.35
"2010-05-11",31.13,31.78,31.13,31.48,4001900,26.4
"2010-05-12",31.46,32.2,31.32,32.15,3551900,26.96
"2010-05-13",32.41,32.72,32,32.1,3647400,26.92
"2010-05-14",31.94,32.19,31.47,31.81,3619300,26.68
"2010-05-17",32.08,32.24,31.33,31.87,5231000,26.73
"2010-05-18",32.01,32.19,31.5,31.57,3671200,26.48
"2010-05-19",31.49,31.62,31.05,31.43,3681400,26.36
"2010-05-20",30.84,30.97,30.35,30.49,7311000,25.57
"2010-05-21",30.07,30.38,29.76,30.26,4815300,25.38
"2010-05-24",30.45,30.72,30.07,30.13,2486900,25.27
"2010-05-25",29.53,30.05,29.02,30.05,4362600,25.2
"2010-05-26",30.3,30.41,29.75,29.89,2880100,25.07
"2010-05-27",30.27,30.62,30.08,30.6,2347000,25.66
"2010-05-28",30.61,30.96,30.49,30.63,2633600,25.69
"2010-06-01",30.44,30.84,30.12,30.28,3910900,25.39
"2010-06-02",30.48,31.13,30.17,31.12,4898400,26.1
"2010-06-03",31.15,31.51,31.11,31.49,2023500,26.41
"2010-06-04",31.08,31.51,30.55,30.67,3386000,25.72
"2010-06-07",30.46,31.12,30.21,30.81,4980500,26.13
"2010-06-08",30.84,31.61,30.65,31.58,4824300,26.78
"2010-06-09",31.8,32.4,31.46,31.86,6026100,27.02
"2010-06-10",32.22,32.45,32.05,32.24,3392400,27.34
"2010-06-11",31.92,32.15,31.57,32.11,2917200,27.23
"2010-06-14",32.37,32.75,32.26,32.32,2706800,27.41
"2010-06-15",32.59,33.12,32.33,33.12,2682300,28.09
"2010-06-16",32.88,33.33,32.54,33.2,2628500,28.16
"2010-06-17",33.22,33.73,32.97,33.64,3113300,28.53
"2010-06-18",33.61,33.8,33.36,33.62,3351300,28.51
"2010-06-21",34.1,34.21,32.95,33.08,4271100,28.06
"2010-06-22",33.05,33.36,32.08,32.19,5555200,27.3
"2010-06-23",32.1,32.18,31.68,31.71,4480800,26.89
"2010-06-24",31.67,32.34,31.63,31.82,3122700,26.99
"2010-06-25",31.91,32.43,31.36,32.4,6229800,27.48
"2010-06-28",32.47,32.63,32.04,32.43,2779500,27.5
"2010-06-29",32.09,32.11,31.48,31.61,4139500,26.81
"2010-06-30",31.76,32.06,31.3,31.33,4804100,26.57
"2010-07-01",31.43,31.47,30.92,31.15,3695100,26.42
"2010-07-02",31.15,31.63,31.13,31.38,2860400,26.61
"2010-07-06",31.54,31.85,31.36,31.71,4111400,26.89
"2010-07-07",31.72,32.85,31.64,32.72,6629900,27.75
"2010-07-08",32.84,33.19,32.84,33.16,3598200,28.12
"2010-07-09",33.04,33.43,32.92,33.34,2794700,28.28
"2010-07-12",33.31,33.58,33.13,33.45,2576600,28.37
"2010-07-13",33.71,33.83,33.32,33.47,3269600,28.39
"2010-07-14",33.31,33.63,33.12,33.52,2047800,28.43
"2010-07-15",33.27,33.86,33.24,33.74,2137800,28.62
"2010-07-16",33.61,33.71,32.96,32.97,3187400,27.96
"2010-07-19",33.16,33.54,32.98,33.3,2418900,28.24
"2010-07-20",33.1,33.53,32.68,33.48,3059400,28.4
"2010-07-21",33.58,33.58,32.8,33,2205400,27.99
"2010-07-22",33.31,33.91,33.18,33.69,3581300,28.57
"2010-07-23",33.62,33.84,33.36,33.77,2144500,28.64
"2010-07-26",33.8,34.08,33.69,34.05,2072100,28.88
"2010-07-27",34.17,34.83,34.12,34.78,2720300,29.5
"2010-07-28",34.7,34.93,34.3,34.39,3851800,29.17
"2010-07-29",34.64,34.75,33.49,33.82,4388400,28.68
"2010-07-30",33.31,33.75,32.2,32.9,5140700,27.9
"2010-08-02",33.15,33.34,32.73,33.31,5799500,28.25
"2010-08-03",33.29,33.54,33.03,33.07,2353900,28.05
"2010-08-04",33.09,33.12,32.3,32.9,3977500,27.9
"2010-08-05",32.68,32.75,32.15,32.4,3294400,27.48
"2010-08-06",32.28,32.84,32.2,32.74,3779800,27.77
"2010-08-09",32.75,32.97,32.6,32.67,2599600,27.71
"2010-08-10",32.47,32.78,32.21,32.52,2870400,27.58
"2010-08-11",32.14,32.2,31.72,31.74,2726900,26.92
"2010-08-12",31.48,32.06,31.18,31.56,4236300,26.77
"2010-08-13",31.5,32.07,31.38,31.71,2645600,26.89
"2010-08-16",31.57,31.82,31.3,31.54,2201700,26.75
"2010-08-17",31.78,32.39,31.64,32.09,2635000,27.22
"2010-08-18",32.01,32.32,31.82,32.18,2833100,27.29
"2010-08-19",31.8,32.24,31.5,31.66,2281500,26.85
"2010-08-20",31.43,31.81,31.38,31.73,2326600,26.91
"2010-08-23",31.8,32.36,31.8,32.2,3047700,27.31
"2010-08-24",31.91,32.46,31.91,32.13,3381100,27.25
"2010-08-25",31.69,31.92,31.28,31.75,8832900,26.93
"2010-08-26",31.91,32,31.28,31.39,3413900,26.62
"2010-08-27",31.54,32.15,31.26,32.07,2723000,27.2
"2010-08-30",32.03,32.16,31.66,31.66,2079400,26.85
"2010-08-31",31.63,32.03,31.36,31.96,3960300,27.11
"2010-09-01",32.25,32.84,32.13,32.83,2665800,27.84
"2010-09-02",32.84,32.95,32.46,32.62,2465600,27.67
"2010-09-03",32.7,32.96,32.56,32.93,2371800,27.93
"2010-09-07",32.39,32.74,32.37,32.48,2628700,27.84
"2010-09-08",32.57,32.69,32.03,32.12,1916500,27.53
"2010-09-09",32.49,32.59,32.36,32.36,1821900,27.73
"2010-09-10",32.3,32.36,31.79,31.92,3606600,27.36
"2010-09-13",32.07,32.17,31.82,32,2997700,27.43
"2010-09-14",32.04,32.2,31.76,31.93,3248700,27.37
"2010-09-15",31.9,31.9,31.26,31.45,3627100,26.95
"2010-09-16",31.43,31.64,31.27,31.59,2698700,27.07
"2010-09-17",31.77,31.87,31.61,31.86,3856900,27.31
"2010-09-20",31.95,32.28,31.78,32.26,2804100,27.65
"2010-09-21",32.36,32.7,32.04,32.44,4052200,27.8
"2010-09-22",32.46,32.91,32.37,32.4,2650700,27.77
"2010-09-23",32.16,32.59,32.02,32.06,2426400,27.48
"2010-09-24",32.41,32.87,32.27,32.87,2745900,28.17
"2010-09-27",32.96,33.23,32.82,33.06,2883700,28.33
"2010-09-28",33.14,33.27,32.83,33.14,2292800,28.4
"2010-09-29",32.96,33.07,32.65,32.96,1784800,28.25
"2010-09-30",33.28,33.28,33.03,33.08,3332600,28.35
"2010-10-01",33.37,33.38,32.94,33.08,2032100,28.35
"2010-10-04",33.03,33.43,32.92,33.08,1935600,28.35
"2010-10-05",33.41,33.65,33.25,33.57,1777900,28.77
"2010-10-06",33.51,33.59,32.98,33.03,2152300,28.31
"2010-10-07",33.19,33.42,33.14,33.4,1799900,28.63
"2010-10-08",33.52,33.65,33.31,33.51,1777700,28.72
"2010-10-11",33.58,33.72,33.27,33.42,1816000,28.64
"2010-10-12",33.43,33.5,32.9,33.17,2025900,28.43
"2010-10-13",33.27,33.5,33.1,33.39,2115200,28.62
"2010-10-14",33.35,33.53,33,33.11,1818300,28.38
"2010-10-15",33.29,33.4,32.97,33.25,6137600,28.5
"2010-10-18",33.31,33.8,33.21,33.73,1606600,28.91
"2010-10-19",33.35,33.72,33.18,33.32,2108200,28.56
"2010-10-20",33.43,33.82,33.4,33.56,1518500,28.76
"2010-10-21",33.7,33.97,33.53,33.8,3533400,28.97
"2010-10-22",33.8,33.81,33.12,33.25,3579300,28.5
"2010-10-25",33.49,33.64,33.2,33.33,2618000,28.57
"2010-10-26",33.24,33.4,33.06,33.39,2958200,28.62
"2010-10-27",33.12,33.12,32.2,32.63,5428800,27.97
"2010-10-28",32.77,32.94,32.24,32.45,4623100,27.81
"2010-10-29",32.45,32.6,32.28,32.34,2755600,27.72
"2010-11-01",32.47,32.68,31.95,32.18,3089400,27.58
"2010-11-02",32.39,32.9,32.33,32.87,2164600,28.17
"2010-11-03",32.97,33.12,32.65,32.93,2808200,28.22
"2010-11-04",33.21,33.44,33.14,33.26,2359800,28.51
"2010-11-05",33.36,33.43,32.79,33.02,2333100,28.3
"2010-11-08",32.74,32.93,32.28,32.51,2325600,27.86
"2010-11-09",32.57,32.78,32.35,32.46,2616500,27.82
"2010-11-10",32.32,32.54,32.05,32.25,2594500,27.64
"2010-11-11",32.15,32.36,31.93,32.06,3004100,27.48
"2010-11-12",32.06,32.07,31.55,31.66,3302400,27.13
"2010-11-15",31.83,32.3,31.83,31.96,1714600,27.39
"2010-11-16",31.85,31.95,31.17,31.44,2299200,26.95
"2010-11-17",31.48,31.58,31.16,31.24,3245900,26.77
"2010-11-18",31.47,31.58,31.07,31.16,4471100,26.71
"2010-11-19",30.94,30.98,30.35,30.76,5191200,26.36
"2010-11-22",30.78,30.9,30.51,30.82,2388600,26.41
"2010-11-23",30.61,30.8,30.45,30.64,3195300,26.26
"2010-11-24",30.82,30.98,30.74,30.93,2348400,26.51
"2010-11-26",30.61,30.87,30.57,30.63,1196100,26.25
"2010-11-29",30.5,30.93,30.44,30.84,3189400,26.43
"2010-11-30",30.8,31.07,30.63,30.83,9312200,26.42
"2010-12-01",31.25,31.51,30.85,31.46,8987000,26.96
"2010-12-02",31.45,31.59,31.09,31.49,8879800,26.99
"2010-12-03",31.44,31.79,31.32,31.74,2670100,27.2
"2010-12-06",31.5,31.57,31.2,31.44,3062000,27.24
"2010-12-07",31.66,31.68,31.17,31.27,3108500,27.09
"2010-12-08",31.33,31.4,30.99,31.13,3905200,26.97
"2010-12-09",31.2,31.52,30.84,31.29,5234700,27.11
"2010-12-10",31.36,31.37,30.91,31.12,2529600,26.96
"2010-12-13",31.37,31.37,30.96,31.18,1938100,27.02
"2010-12-14",31.18,31.59,31.04,31.46,3121100,27.26
"2010-12-15",31.27,31.45,31.07,31.19,2408300,27.02
"2010-12-16",31.19,31.93,31.07,31.87,5069100,27.61
"2010-12-17",31.81,31.92,31.57,31.64,4916700,27.41
"2010-12-20",31.84,31.89,31.45,31.48,2543700,27.27
"2010-12-21",31.64,31.69,31.07,31.24,2662400,27.07
"2010-12-22",31.33,31.61,31.21,31.6,1516600,27.38
"2010-12-23",31.49,31.54,31.24,31.43,1738900,27.23
"2010-12-27",31.32,31.48,31.25,31.43,1089200,27.23
"2010-12-28",31.54,31.58,31.26,31.54,925000,27.33
"2010-12-29",31.58,31.62,31.31,31.36,951100,27.17
"2010-12-30",31.39,31.54,31.34,31.39,1117300,27.2
"2010-12-31",31.42,31.91,31.38,31.81,2023100,27.56
"2011-01-03",32.01,32.06,31.56,31.8,2671200,27.55
"2011-01-04",31.8,31.87,31.29,31.58,3440500,27.36
"2011-01-05",31.45,31.64,31.23,31.32,3161100,27.14
"2011-01-06",31.37,31.42,31.09,31.25,3401600,27.08
"2011-01-07",31.31,31.59,30.91,31.59,4845700,27.37
"2011-01-10",31.5,31.65,31.11,31.6,3082000,27.38
"2011-01-11",31.63,31.95,31.45,31.9,2630800,27.64
"2011-01-12",31.93,32.43,31.93,32.16,2220400,27.86
"2011-01-13",32.08,32.21,31.5,31.59,2870900,27.37
"2011-01-14",31.49,31.66,31.41,31.62,1731000,27.4
"2011-01-18",31.67,31.85,31.23,31.32,3337500,27.14
"2011-01-19",31.31,31.8,31.31,31.77,2363700,27.53
"2011-01-20",31.78,32.31,31.78,32.17,2067900,27.87
"2011-01-21",32.49,32.49,32.21,32.46,3530500,28.12
"2011-01-24",32.38,32.78,32.36,32.7,2246100,28.33
"2011-01-25",32.67,32.85,32.46,32.5,2619000,28.16
"2011-01-26",32.53,32.65,32.42,32.57,1968800,28.22
"2011-01-27",32.6,32.78,32.49,32.63,1967400,28.27
"2011-01-28",32.66,32.75,32.25,32.43,2277500,28.1
"2011-01-31",32.46,32.6,32.29,32.43,2136000,28.1
"2011-02-01",32.61,33.12,32.27,33.12,2877500,28.7
"2011-02-02",32.94,32.94,32.27,32.59,3733800,28.24
"2011-02-03",32.6,32.82,32.41,32.75,2384200,28.38
"2011-02-04",32.67,32.67,32.21,32.22,3299300,27.92
"2011-02-07",32.33,32.61,32.23,32.61,1554700,28.25
"2011-02-08",32.59,32.75,32.38,32.74,1628200,28.37
"2011-02-09",32.64,33.12,32.42,33.02,2549900,28.61
"2011-02-10",33,33.06,32.74,32.89,1612800,28.5
"2011-02-11",32.78,33.11,32.74,32.87,1130000,28.48
"2011-02-14",32.83,32.92,32.41,32.58,1075100,28.23
"2011-02-15",32.46,32.53,32.3,32.45,1709600,28.12
"2011-02-16",32.42,32.61,31.88,32.12,2868300,27.83
"2011-02-17",32.08,32.18,31.7,32.07,2275600,27.79
"2011-02-18",32.12,32.12,31.71,31.74,3141000,27.5
"2011-02-22",31.28,32.36,31.05,32.23,5709700,27.92
"2011-02-23",32.28,32.46,31.92,32.3,4238600,27.99
"2011-02-24",32.29,32.48,32.01,32.23,4264000,27.92
"2011-02-25",32.27,32.44,32.05,32.42,2317800,28.09
"2011-02-28",32.51,32.9,32.37,32.7,2862000,28.33
"2011-03-01",32.59,32.73,31.89,31.91,4022800,27.65
"2011-03-02",31.93,32.09,31.63,31.89,2324200,27.63
"2011-03-03",32.15,32.3,31.95,31.95,2313700,27.68
"2011-03-04",31.99,32,31.33,31.61,2506300,27.39
"2011-03-07",31.65,32.07,31.45,31.47,2725800,27.27
"2011-03-08",31.06,31.78,31.06,31.68,2024400,27.75
"2011-03-09",31.68,32.54,31.68,32.51,3497700,28.48
"2011-03-10",32.27,32.65,31.97,32.05,3110900,28.07
"2011-03-11",32.1,32.46,31.88,32.38,2556200,28.36
"2011-03-14",32.13,32.13,31.33,31.51,4001800,27.6
"2011-03-15",30.9,31.18,30.61,31.1,4011300,27.24
"2011-03-16",31.1,31.58,30.15,30.32,7318400,26.56
"2011-03-17",30.7,30.75,30.16,30.47,3962000,26.69
"2011-03-18",30.54,30.7,30.21,30.43,3378500,26.66
"2011-03-21",30.62,30.99,30.54,30.76,2280300,26.94
"2011-03-22",30.82,31.18,30.74,31,2085500,27.16
"2011-03-23",30.92,31.23,30.77,31.15,1856200,27.29
"2011-03-24",31.31,31.44,31.16,31.17,2497300,27.3
"2011-03-25",31.25,31.49,31.06,31.09,2319100,27.23
"2011-03-28",31.17,31.27,30.98,30.98,1376400,27.14
"2011-03-29",30.96,31.38,30.76,31.31,1536500,27.43
"2011-03-30",31.39,31.87,31.29,31.69,2004600,27.76
"2011-03-31",31.74,31.88,31.49,31.51,2322100,27.6
"2011-04-01",31.71,31.77,31.37,31.5,2431300,27.59
"2011-04-04",31.45,31.5,30.73,30.89,5329700,27.06
"2011-04-05",30.87,31,30.77,30.81,4063900,26.99
"2011-04-06",30.91,31.56,30.85,31.56,4590200,27.65
"2011-04-07",31.49,31.53,31.08,31.36,2359500,27.47
"2011-04-08",31.53,31.55,31,31.22,1497200,27.35
"2011-04-11",31.08,31.14,30.44,30.56,3957500,26.77
"2011-04-12",30.48,30.7,30.3,30.58,3569100,26.79
"2011-04-13",30.63,31.1,30.61,30.96,3624700,27.12
"2011-04-14",30.79,31.05,30.66,30.87,2714200,27.04
"2011-04-15",30.96,31.51,30.93,31.2,2880200,27.33
"2011-04-18",31.02,31.07,30.72,30.9,2118300,27.07
"2011-04-19",30.88,30.9,30.47,30.52,2867000,26.73
"2011-04-20",30.77,30.95,30.62,30.76,3153900,26.94
"2011-04-21",30.79,30.94,30.49,30.93,1680000,27.09
"2011-04-25",30.87,31,30.75,30.81,1059100,26.99
"2011-04-26",30.91,31.3,30.78,31.24,2395800,27.37
"2011-04-27",31.3,31.88,31.22,31.8,3720000,27.86
"2011-04-28",31.73,32.23,31.69,32.09,2797400,28.11
"2011-04-29",32.12,32.2,31.81,32.17,2148500,28.18
"2011-05-02",32.19,32.49,32.02,32.18,2526000,28.19
"2011-05-03",32.19,32.8,31.94,32.22,4520500,28.22
"2011-05-04",32.15,32.42,31.67,32.34,4362200,28.33
"2011-05-05",32.27,32.46,31.73,32.05,3207500,28.07
"2011-05-06",32.14,32.62,32.08,32.3,7308000,28.29
"2011-05-09",32.38,32.55,32.14,32.34,2537500,28.33
"2011-05-10",32.46,33.1,32.38,32.99,2724600,28.9
"2011-05-11",32.94,33.29,32.76,33.25,3657900,29.13
"2011-05-12",33.26,33.82,33.1,33.7,3700000,29.52
"2011-05-13",33.81,33.94,33.28,33.45,3405700,29.3
"2011-05-16",33.36,33.83,33.1,33.53,3536400,29.37
"2011-05-17",33.49,33.91,33.43,33.82,2213600,29.63
"2011-05-18",33.82,33.96,33.44,33.93,2389800,29.72
"2011-05-19",33.96,34.2,33.9,34.18,2455300,29.94
"2011-05-20",34.07,34.22,33.85,34.11,2359400,29.88
"2011-05-23",33.99,34.12,33.76,33.81,2168500,29.62
"2011-05-24",33.93,33.94,33.37,33.4,2652100,29.26
"2011-05-25",33.44,33.65,33.06,33.44,2310100,29.29
"2011-05-26",33.34,33.45,32.98,33.22,2403200,29.1
"2011-05-27",33.41,33.5,33.16,33.34,1892700,29.2
"2011-05-31",33.49,33.65,33.15,33.5,2072000,29.35
"2011-06-01",33.34,33.52,32.9,32.9,2588200,28.82
"2011-06-02",33,33,32.58,32.88,2542000,28.8
"2011-06-03",32.53,32.73,32.32,32.48,1853500,28.45
"2011-06-06",32.43,32.52,32.19,32.38,1755000,28.36
"2011-06-07",32.27,32.49,31.95,31.99,2747800,28.32
"2011-06-08",32.07,32.21,31.77,31.91,3201100,28.25
"2011-06-09",31.96,32.19,31.74,32.04,2155400,28.37
"2011-06-10",32,32.01,31.7,31.75,1807500,28.11
"2011-06-13",31.6,32.4,31.59,31.6,3882700,27.98
"2011-06-14",31.85,32.03,31.5,31.88,3288100,28.22
"2011-06-15",31.64,31.87,31.07,31.14,3747600,27.57
"2011-06-16",31.2,31.74,31.17,31.41,2496300,27.81
"2011-06-17",31.57,31.8,31.46,31.56,2205500,27.94
"2011-06-20",31.44,31.74,31.27,31.66,1599700,28.03
"2011-06-21",31.83,32.06,31.6,31.76,2184200,28.12
"2011-06-22",31.62,32.04,31.5,31.79,2629200,28.15
"2011-06-23",31.42,31.61,31.13,31.58,2798300,27.96
"2011-06-24",31.65,32.03,31.08,31.08,4761100,27.52
"2011-06-27",31.28,32.02,31.26,31.91,3311100,28.25
"2011-06-28",31.95,32.15,31.81,32.09,2110700,28.41
"2011-06-29",32.16,32.37,31.97,32.24,1994900,28.54
"2011-06-30",32.39,32.68,32.11,32.64,2496800,28.9
"2011-07-01",32.68,32.96,32.53,32.93,1720100,29.15
"2011-07-05",32.89,32.89,32.54,32.65,1996100,28.91
"2011-07-06",32.64,32.81,32.38,32.6,1459400,28.86
"2011-07-07",32.76,32.86,32.52,32.83,1989800,29.07
"2011-07-08",32.61,32.66,32.34,32.54,1400300,28.81
"2011-07-11",32.18,32.2,31.88,32.06,1523500,28.38
"2011-07-12",31.96,32.37,31.88,32.13,2756800,28.45
"2011-07-13",32.33,32.43,31.93,32.03,2107200,28.36
"2011-07-14",32.08,32.11,31.8,32,2825500,28.33
"2011-07-15",32.04,32.09,31.67,31.84,2658700,28.19
"2011-07-18",31.73,31.81,31.46,31.58,1478200,27.96
"2011-07-19",31.68,31.9,31.45,31.88,1466700,28.22
"2011-07-20",31.92,32.13,31.78,31.96,943700,28.3
"2011-07-21",32.18,32.75,32.14,32.62,2273300,28.88
"2011-07-22",32.67,32.87,32.48,32.81,2079000,29.05
"2011-07-25",32.64,33.31,32.64,33.2,3155400,29.39
"2011-07-26",33.16,33.48,33,33.29,3964200,29.47
"2011-07-27",33.2,33.33,33.03,33.24,3830200,29.43
"2011-07-28",33.2,33.21,32.89,33.09,2074000,29.3
"2011-07-29",32.86,33.06,32.61,32.75,3232700,29
"2011-08-01",33.02,33.05,32.29,32.66,2397000,28.92
"2011-08-02",32.46,32.6,32.19,32.25,3406500,28.55
"2011-08-03",32.32,32.32,31.32,31.73,3799800,28.09
"2011-08-04",31.47,31.53,30.2,30.27,4704200,26.8
"2011-08-05",30.56,30.73,29.87,30.33,5603200,26.85
"2011-08-08",29.83,30.25,28.69,28.84,6464400,25.53
"2011-08-09",29.29,29.84,27.97,29.81,5722700,26.39
"2011-08-10",29.33,29.96,28.89,28.97,5427600,25.65
"2011-08-11",29.08,31.24,29.01,30.87,7297300,27.33
"2011-08-12",31.01,31.48,30.75,31.07,6167900,27.51
"2011-08-15",31.33,32.41,31.22,32.37,4854800,28.66
"2011-08-16",32.09,32.47,31.89,32.37,3719600,28.66
"2011-08-17",32.36,32.87,32.32,32.5,4113600,28.77
"2011-08-18",31.75,32.17,31.45,32.03,5492400,28.36
"2011-08-19",31.6,32.07,31.43,31.62,4068600,27.99
"2011-08-22",32.41,32.41,31.51,31.89,4061700,28.23
"2011-08-23",31.61,32.31,31.44,32.3,3964100,28.6
"2011-08-24",32.22,33.46,32.06,33.44,4454700,29.61
"2011-08-25",33.51,33.51,32.95,33.16,11385100,29.36
"2011-08-26",32.95,33.25,32.15,33,3022700,29.22
"2011-08-29",33.36,33.77,33.25,33.74,5126500,29.87
"2011-08-30",33.64,33.87,33.49,33.69,2689100,29.83
"2011-08-31",33.78,34.19,33.65,34.13,4599100,30.22
"2011-09-01",34.12,34.22,33.41,33.5,4061400,29.66
"2011-09-02",32.94,33.34,32.88,33.08,2354600,29.29
"2011-09-06",32.14,32.94,31.9,32.89,3783400,29.12
"2011-09-07",32.66,33.31,32.58,33.23,3471200,29.73
"2011-09-08",33,33.56,33,33.26,2329800,29.76
"2011-09-09",32.89,32.91,32.13,32.28,3790800,28.88
"2011-09-12",32.05,32.67,31.87,32.66,4448700,29.22
"2011-09-13",32.74,33.24,32.48,33.19,3437600,29.69
"2011-09-14",33.24,33.96,32.88,33.6,3273600,30.06
"2011-09-15",33.93,34.1,33.64,34.05,2493400,30.46
"2011-09-16",34.23,34.58,34.13,34.47,3556700,30.84
"2011-09-19",33.92,34.44,33.9,34.34,2133900,30.72
"2011-09-20",34.52,35.48,34.4,34.81,3576800,31.14
"2011-09-21",34.71,35.03,33.8,33.82,3636400,30.26
"2011-09-22",33.05,33.36,32.65,33.04,4908700,29.56
"2011-09-23",32.98,33.68,32.92,33.61,3042800,30.07
"2011-09-26",33.86,34.02,33.47,34,2555500,30.42
"2011-09-27",34.52,34.59,33.93,34.09,2699300,30.5
"2011-09-28",34.14,34.33,33.47,33.53,3187900,30
"2011-09-29",34.15,34.2,33.52,33.96,2878300,30.38
"2011-09-30",33.67,34.06,33.37,33.37,4447200,29.86
"2011-10-03",33.35,33.55,32.31,32.33,4214900,28.92
"2011-10-04",31.97,32.31,31.24,31.89,6600000,28.53
"2011-10-05",31.97,32.02,31.37,31.97,3834000,28.6
"2011-10-06",31.92,32.57,31.8,32.56,2621700,29.13
"2011-10-07",32.73,32.83,32.12,32.32,4706100,28.92
"2011-10-10",32.72,32.88,32.6,32.82,3134800,29.36
"2011-10-11",32.77,32.84,32.33,32.79,2968800,29.34
"2011-10-12",32.94,32.99,32.44,32.63,3742100,29.19
"2011-10-13",32.46,32.74,32.23,32.64,3457400,29.2
"2011-10-14",32.92,33.09,32.79,33.06,2178700,29.58
"2011-10-17",32.99,33.36,32.96,33.2,2403800,29.7
"2011-10-18",33.11,33.31,32.8,33.03,4042700,29.55
"2011-10-19",33.07,33.61,32.93,33.04,1813700,29.56
"2011-10-20",33.11,33.55,33.08,33.41,2935400,29.89
"2011-10-21",33.68,34.17,33.66,34.17,2828100,30.57
"2011-10-24",34.27,34.42,34.03,34.42,2797600,30.79
"2011-10-25",34.17,34.39,33.93,33.95,3035700,30.37
"2011-10-26",34.4,34.44,34,34.31,2328600,30.7
"2011-10-27",34.87,34.96,34.29,34.43,4725600,30.8
"2011-10-28",34.35,34.45,33.86,33.99,4434400,30.41
"2011-10-31",33.75,34.2,33.7,33.7,2984000,30.15
"2011-11-01",32.59,33.47,32.46,32.57,4458400,29.14
"2011-11-02",33.01,33.83,33.01,33.59,3576800,30.05
"2011-11-03",33.88,34.49,33.75,34.38,4392400,30.76
"2011-11-04",34.12,34.12,33.5,33.88,2488200,30.31
"2011-11-07",33.97,34.18,33.71,34.17,1991400,30.57
"2011-11-08",34.15,34.22,33.75,34.18,2667100,30.58
"2011-11-09",33.75,33.77,33,33.07,3457900,29.59
"2011-11-10",33.52,34,33.38,33.62,3309900,30.08
"2011-11-11",33.96,34.32,33.96,34.03,2546900,30.45
"2011-11-14",33.89,34.05,33.4,33.6,1918400,30.06
"2011-11-15",33.42,33.59,33.16,33.26,3526000,29.76
"2011-11-16",33.03,33.22,32.71,32.77,3198900,29.32
"2011-11-17",32.78,32.85,32.27,32.59,3942900,29.16
"2011-11-18",32.82,32.82,32.51,32.69,6638500,29.25
"2011-11-21",32.33,32.44,31.93,32.2,10806900,28.81
"2011-11-22",32.25,32.29,31.7,31.72,3260700,28.38
"2011-11-23",31.51,31.62,31.05,31.18,3071900,27.9
"2011-11-25",31.3,31.44,31.18,31.21,972200,27.92
"2011-11-28",31.85,31.95,31.37,31.59,2220200,28.26
"2011-11-29",31.77,32.15,31.7,31.95,3611600,28.58
"2011-11-30",32.7,33,32.63,32.94,3563700,29.47
"2011-12-01",32.76,33,32.59,32.65,2366600,29.21
"2011-12-02",32.88,32.88,32.22,32.31,2559100,28.91
"2011-12-05",32.7,32.78,32.35,32.58,3429900,29.15
"2011-12-06",32.69,32.85,32.48,32.65,3434900,29.21
"2011-12-07",32.04,32.25,31.71,32.07,3936400,29
"2011-12-08",31.99,32.07,31.47,31.53,2502700,28.51
"2011-12-09",31.69,31.79,31.36,31.71,2218900,28.67
"2011-12-12",31.5,31.7,31.2,31.42,2379100,28.41
"2011-12-13",31.53,31.94,31.35,31.49,2769300,28.47
"2011-12-14",31.49,31.68,31.05,31.05,3058300,28.07
"2011-12-15",31.35,31.9,31.33,31.84,2625100,28.79
"2011-12-16",31.95,32.01,31.22,31.29,4574600,28.29
"2011-12-19",31.45,31.64,30.6,30.64,3300700,27.7
"2011-12-20",31.06,31.3,30.79,31.28,3032500,28.28
"2011-12-21",31.3,31.68,31.21,31.67,3293800,28.64
"2011-12-22",31.77,32.25,31.67,32.15,2814700,29.07
"2011-12-23",32.32,32.71,32.27,32.54,1950700,29.42
"2011-12-27",32.55,32.84,32.47,32.82,1259500,29.68
"2011-12-28",32.78,32.8,32.45,32.52,1199600,29.4
"2011-12-29",32.64,32.96,32.6,32.94,1919700,29.78
"2011-12-30",33.01,33.22,32.84,33.01,2667100,29.85
"2012-01-03",33.19,33.25,31.77,31.81,5153300,28.76
"2012-01-04",31.82,32.02,31.62,31.66,3422400,28.63
"2012-01-05",31.51,32.05,31.44,32,2546800,28.93
"2012-01-06",32.07,32.11,31.64,31.87,2367500,28.82
"2012-01-09",31.87,31.94,31.53,31.64,1996400,28.61
"2012-01-10",31.96,31.96,31.55,31.57,3327400,28.54
"2012-01-11",31.52,31.6,31.11,31.15,3621300,28.17
"2012-01-12",31.26,31.37,31.03,31.17,1837100,28.18
"2012-01-13",31.05,31.1,30.67,30.9,3328600,27.94
"2012-01-17",31.17,31.3,30.59,30.69,3937600,27.75
"2012-01-18",30.72,30.8,30.38,30.51,3246100,27.59
"2012-01-19",30.51,30.59,30.18,30.25,3595200,27.35
"2012-01-20",30.33,30.51,29.97,30.2,3844400,27.31
"2012-01-23",30.43,30.92,30.3,30.81,3646200,27.86
"2012-01-24",30.7,30.74,30.29,30.36,2576000,27.45
"2012-01-25",30.22,30.99,30,30.93,4723100,27.97
"2012-01-26",31,31.35,30.83,31.13,3005700,28.15
"2012-01-27",31.09,31.13,30.28,30.33,3093500,27.42
"2012-01-30",30.21,30.3,30.02,30.21,2715000,27.32
"2012-01-31",30.32,30.45,30.12,30.34,3310700,27.43
"2012-02-01",30.43,30.48,30.18,30.35,2744800,27.44
"2012-02-02",30.39,30.41,29.82,30,4042500,27.13
"2012-02-03",30.23,30.32,29.97,30.27,2368300,27.37
"2012-02-06",30.16,30.26,30.09,30.23,1640000,27.33
"2012-02-07",30.22,30.71,30.02,30.61,2212700,27.68
"2012-02-08",30.62,30.92,30.52,30.87,2627400,27.91
"2012-02-09",30.86,30.9,30.17,30.38,4415000,27.47
"2012-02-10",30.25,30.51,30.16,30.51,3042300,27.59
"2012-02-13",30.62,30.74,30.42,30.67,1960200,27.73
"2012-02-14",30.65,30.78,30.38,30.78,2743500,27.83
"2012-02-15",30.78,30.88,30.53,30.66,2187400,27.72
"2012-02-16",30.7,31.41,30.7,31.35,2949700,28.35
"2012-02-17",31.5,31.6,31.24,31.33,2744200,28.33
"2012-02-21",31.37,31.39,30.71,30.92,3273000,27.96
"2012-02-22",30.78,31.12,30.72,30.96,3054500,27.99
"2012-02-23",30.87,30.94,30.45,30.5,11310600,27.58
"2012-02-24",30.5,30.61,30.33,30.43,9490200,27.51
"2012-02-27",30.43,30.72,30.25,30.68,13229100,27.74
"2012-02-28",30.49,30.69,30.41,30.65,3337400,27.71
"2012-02-29",30.65,30.98,30.46,30.78,3244800,27.83
"2012-03-01",30.86,31.1,30.65,30.8,2579600,27.85
"2012-03-02",30.82,31.16,30.82,31.03,2521700,28.06
"2012-03-05",31.05,31.1,30.6,30.96,2976600,27.99
"2012-03-06",30.84,30.9,30.38,30.62,3897900,27.69
"2012-03-07",30.33,30.44,30.1,30.24,3049200,27.66
"2012-03-08",30.37,30.63,30.29,30.52,2796800,27.92
"2012-03-09",30.75,30.75,30.21,30.29,3610600,27.71
"2012-03-12",30.3,30.55,30.23,30.5,2757300,27.9
"2012-03-13",30.59,30.64,30.28,30.49,2770300,27.89
"2012-03-14",30.49,30.55,30.04,30.1,2610300,27.53
"2012-03-15",30.1,30.36,29.9,30.13,2982900,27.56
"2012-03-16",30.12,30.18,29.9,30.12,3524800,27.55
"2012-03-19",30.02,30.32,29.95,29.98,2423000,27.43
"2012-03-20",29.77,29.85,29.59,29.78,3586200,27.24
"2012-03-21",29.8,29.87,29.67,29.78,3875800,27.24
"2012-03-22",29.65,29.84,29.6,29.81,3091600,27.27
"2012-03-23",29.82,30,29.62,29.67,2752400,27.14
"2012-03-26",29.87,30,29.75,29.98,3015100,27.43
"2012-03-27",30.03,30.35,29.98,30.24,3177000,27.66
"2012-03-28",30.25,30.39,29.95,30.11,3523000,27.54
"2012-03-29",29.97,30.28,29.75,30.25,2586200,27.67
"2012-03-30",30.51,30.63,30.31,30.61,3164100,28
"2012-04-02",30.6,30.75,30.38,30.62,2594600,28.01
"2012-04-03",30.65,30.68,30.11,30.39,2638200,27.8
"2012-04-04",30.28,30.38,30.12,30.21,2838000,27.64
"2012-04-05",30.09,30.14,29.58,29.71,5719900,27.18
"2012-04-09",29.48,29.65,29.42,29.53,4034700,27.01
"2012-04-10",29.44,29.45,28.92,29.09,5449700,26.61
"2012-04-11",29.32,29.45,29.27,29.36,3496200,26.86
"2012-04-12",29.41,29.5,29.25,29.41,3823800,26.9
"2012-04-13",29.37,29.99,29.37,29.69,7844100,27.16
"2012-04-16",29.79,30.19,29.77,30.02,3099200,27.46
"2012-04-17",30.11,30.36,29.8,30.32,3034100,27.74
"2012-04-18",30.22,30.44,30.05,30.1,2484000,27.53
"2012-04-19",29.99,30.27,29.95,30.08,3095400,27.52
"2012-04-20",30.16,30.5,30.01,30.41,2554100,27.82
"2012-04-23",30.33,30.38,30.16,30.35,1809300,27.76
"2012-04-24",30.41,30.59,30.31,30.4,2451100,27.81
"2012-04-25",30.46,30.59,30.35,30.55,1995100,27.95
"2012-04-26",30.55,31,30.48,30.95,2836600,28.31
"2012-04-27",31,31.22,30.89,31.19,2946700,28.53
"2012-04-30",31.16,31.17,30.92,31.15,3181100,28.5
"2012-05-01",31.22,31.5,31.14,31.47,2958700,28.79
"2012-05-02",31.43,31.9,31.18,31.39,3505600,28.72
"2012-05-03",31.36,31.81,31.28,31.5,4022900,28.82
"2012-05-04",31.43,31.75,31.4,31.64,2563400,28.94
"2012-05-07",31.45,31.58,31.24,31.43,1937700,28.75
"2012-05-08",31.32,31.46,31.14,31.32,2737500,28.65
"2012-05-09",31.17,31.81,31.13,31.51,3429700,28.82
"2012-05-10",31.62,32.03,31.47,31.99,2632600,29.26
"2012-05-11",31.9,32.18,31.76,32.02,2391000,29.29
"2012-05-14",31.87,31.98,31.72,31.82,1712400,29.11
"2012-05-15",31.85,31.9,31.53,31.64,2269600,28.94
"2012-05-16",31.75,31.84,31.51,31.62,2449200,28.93
"2012-05-17",31.68,31.87,31.59,31.64,2302100,28.94
"2012-05-18",31.77,32,31.57,31.68,3740500,28.98
"2012-05-21",31.66,31.66,30.77,30.98,7083600,28.34
"2012-05-22",30.98,31.11,30.83,30.93,3862500,28.29
"2012-05-23",30.89,30.96,30.51,30.7,2417700,28.08
"2012-05-24",30.74,30.97,30.44,30.67,11836400,28.06
"2012-05-25",30.65,30.9,30.4,30.47,12369900,27.87
"2012-05-29",30.6,30.87,30.47,30.78,13139400,28.16
"2012-05-30",30.68,30.94,30.61,30.75,4746400,28.13
"2012-05-31",30.74,31.38,30.74,31.19,4237100,28.53
"2012-06-01",30.96,31.44,30.94,31.2,4082200,28.54
"2012-06-04",31.22,31.25,31.04,31.21,3458600,28.55
"2012-06-05",31.18,31.52,31.12,31.31,2807300,28.64
"2012-06-06",31.1,31.39,30.97,31.39,5576300,29.04
"2012-06-07",31.6,31.77,31.47,31.65,2919600,29.28
"2012-06-08",31.6,31.98,31.57,31.93,2449200,29.54
"2012-06-11",32.03,32.19,31.79,31.83,3690800,29.45
"2012-06-12",31.8,31.86,31.44,31.77,3004700,29.4
"2012-06-13",31.88,31.88,31.4,31.67,3429300,29.3
"2012-06-14",31.79,32.11,31.63,32.06,2817100,29.66
"2012-06-15",32.27,32.36,32.04,32.33,3797300,29.91
"2012-06-18",32.25,32.37,32.03,32.1,2591900,29.7
"2012-06-19",32.23,32.4,32.1,32.18,2368500,29.78
"2012-06-20",32.19,32.4,31.86,32.01,2340400,29.62
"2012-06-21",32.11,32.35,31.52,31.54,3285300,29.18
"2012-06-22",31.79,31.79,31.51,31.65,1890000,29.28
"2012-06-25",31.52,31.64,31.45,31.61,1549800,29.25
"2012-06-26",31.33,31.48,31.06,31.3,3327900,28.96
"2012-06-27",31.3,31.99,31.3,31.87,2381800,29.49
"2012-06-28",31.73,31.9,31.53,31.88,2148900,29.5
"2012-06-29",32.28,32.51,32.14,32.5,3261500,30.07
"2012-07-02",32.66,32.74,32.36,32.6,2452300,30.16
"2012-07-03",32.56,32.63,32.28,32.5,1189800,30.07
"2012-07-05",32.35,32.51,32.16,32.33,1869100,29.91
"2012-07-06",32.14,32.25,32,32.19,1619400,29.78
"2012-07-09",32.11,32.21,31.92,32.07,1314300,29.67
"2012-07-10",32.16,32.31,32.02,32.1,1268900,29.7
"2012-07-11",32.15,32.4,32.15,32.35,1723200,29.93
"2012-07-12",32.27,32.43,32.14,32.26,1520900,29.85
"2012-07-13",32.31,32.72,32.23,32.71,1426900,30.27
"2012-07-16",32.74,32.83,32.57,32.6,2023500,30.16
"2012-07-17",32.62,32.75,32.48,32.6,2516000,30.16
"2012-07-18",32.58,33,32.48,32.94,2183800,30.48
"2012-07-19",32.73,32.93,32.4,32.91,2269300,30.45
"2012-07-20",32.75,33.05,32.66,32.84,1751800,30.39
"2012-07-23",32.67,32.81,32.44,32.64,1742400,30.2
"2012-07-24",32.65,32.75,32.26,32.53,2511200,30.1
"2012-07-25",32.58,32.73,32.35,32.49,1724900,30.06
"2012-07-26",32.87,33.31,32.81,33.26,2632700,30.77
"2012-07-27",33.47,33.81,33.37,33.75,2758600,31.23
"2012-07-30",33.63,34.07,33.59,34,2237800,31.46
"2012-07-31",33.75,33.95,33.14,33.24,3972400,30.76
"2012-08-01",33.18,33.66,32.51,32.6,4154900,30.16
"2012-08-02",32.55,32.6,32.06,32.3,2978000,29.89
"2012-08-03",32.64,32.87,32.47,32.64,2200000,30.2
"2012-08-06",32.75,32.91,32.5,32.66,2144700,30.22
"2012-08-07",32.72,32.82,32.42,32.44,2598000,30.02
"2012-08-08",32.41,32.59,32.27,32.54,2174700,30.11
"2012-08-09",32.5,32.58,32.35,32.56,1538000,30.13
"2012-08-10",32.54,32.82,32.33,32.8,1395300,30.35
"2012-08-13",32.7,32.77,32.44,32.57,1488100,30.14
"2012-08-14",32.58,32.75,32.49,32.62,1669500,30.18
"2012-08-15",32.64,32.91,32.57,32.7,1890900,30.26
"2012-08-16",32.7,32.83,32.4,32.46,2424500,30.03
"2012-08-17",32.52,32.7,32.46,32.67,1881500,30.23
"2012-08-20",32.46,32.49,32.12,32.32,2857300,29.9
"2012-08-21",32.38,32.73,32.17,32.43,2405200,30.01
"2012-08-22",32.43,32.52,32.16,32.31,1795700,29.9
"2012-08-23",32.3,32.3,31.84,31.94,2189700,29.55
"2012-08-24",31.84,32.18,31.84,32.13,2162800,29.73
"2012-08-27",32.06,32.17,31.89,32.05,1991100,29.66
"2012-08-28",32.01,32.13,31.85,31.98,1678000,29.59
"2012-08-29",31.81,31.91,31.7,31.81,2119400,29.43
"2012-08-30",31.69,31.75,31.5,31.63,2559600,29.27
"2012-08-31",31.68,31.75,31.54,31.66,7234300,29.29
"2012-09-04",31.65,31.76,31.51,31.68,8195000,29.31
"2012-09-05",31.3,31.47,31.25,31.27,2201900,29.26
"2012-09-06",31.44,31.75,31.43,31.72,2027400,29.68
"2012-09-07",31.72,31.74,31.45,31.66,2743500,29.63
"2012-09-10",31.87,31.88,31.64,31.78,1872800,29.74
"2012-09-11",31.78,31.89,31.53,31.54,1596300,29.51
"2012-09-12",31.54,31.61,31.19,31.25,2249300,29.24
"2012-09-13",31.23,31.89,31.22,31.87,2652100,29.82
"2012-09-14",31.85,31.95,31.69,31.86,2811800,29.81
"2012-09-17",31.86,31.97,31.52,31.62,1646700,29.59
"2012-09-18",31.53,31.66,31.33,31.39,1793800,29.37
"2012-09-19",31.41,31.72,31.41,31.55,1530800,29.52
"2012-09-20",31.56,31.8,31.55,31.74,1627400,29.7
"2012-09-21",31.82,31.87,31.58,31.7,2430400,29.66
"2012-09-24",31.67,32.02,31.61,31.94,2031400,29.89
"2012-09-25",32.01,32.2,31.82,31.82,1946500,29.78
"2012-09-26",31.83,32.19,31.83,31.85,1332700,29.8
"2012-09-27",31.91,32.09,31.83,31.85,1799800,29.8
"2012-09-28",31.83,32.25,31.65,32.18,3180500,30.11
"2012-10-01",32.18,32.24,31.67,31.71,2330800,29.67
"2012-10-02",31.87,32.11,31.83,31.94,2714200,29.89
"2012-10-03",32.01,32.13,31.92,32.13,1526200,30.07
"2012-10-04",32.25,32.5,32.17,32.39,1503800,30.31
"2012-10-05",32.46,32.55,32.25,32.33,1172000,30.25
"2012-10-08",32.32,32.48,32.26,32.41,1638000,30.33
"2012-10-09",32.36,32.5,32.31,32.46,1399200,30.37
"2012-10-10",32.44,32.63,32.34,32.48,1843400,30.39
"2012-10-11",32.6,33.15,32.42,32.7,2627900,30.6
"2012-10-12",32.79,32.84,32.44,32.49,2316600,30.4
"2012-10-15",32.51,32.64,32.37,32.62,1973900,30.52
"2012-10-16",32.7,32.84,32.59,32.68,1745400,30.58
"2012-10-17",32.79,33.12,32.73,33.07,2779100,30.95
"2012-10-18",33.07,33.36,32.97,33.32,2177000,31.18
"2012-10-19",33.22,33.29,32.62,32.71,2679900,30.61
"2012-10-22",32.23,32.43,32.22,32.43,2206200,30.35
"2012-10-23",32.22,32.29,32.01,32.18,1619300,30.11
"2012-10-24",32.18,32.23,31.83,31.88,1805800,29.83
"2012-10-25",32.03,32.07,31.78,32.01,1571300,29.95
"2012-10-26",32.07,32.11,31.71,31.74,2413100,29.7
"2012-10-31",31.89,32.25,31.77,32.04,2742200,29.98
"2012-11-01",31.83,31.83,31.08,31.14,3901500,29.14
"2012-11-02",31.15,31.48,31.05,31.08,3255200,29.08
"2012-11-05",31,31.15,30.55,30.72,2642200,28.75
"2012-11-06",30.72,30.86,30.52,30.53,1722100,28.57
"2012-11-07",30.44,30.44,29.82,29.96,2407500,28.04
"2012-11-08",29.95,30.27,29.93,29.95,2367100,28.03
"2012-11-09",30.06,30.27,29.88,29.9,1980100,27.98
"2012-11-12",29.9,29.97,29.49,29.6,2082200,27.7
"2012-11-13",29.59,30.15,29.54,29.83,3329000,27.91
"2012-11-14",29.84,29.92,29.39,29.49,3249100,27.6
"2012-11-15",29.46,29.63,29.05,29.28,2519300,27.4
"2012-11-16",29.29,29.46,29.15,29.45,3997200,27.56
"2012-11-19",29.55,29.86,29.49,29.78,3352000,27.87
"2012-11-20",29.8,29.85,29.4,29.63,2201600,27.73
"2012-11-21",29.62,29.67,29.1,29.4,2082000,27.51
"2012-11-23",29.48,29.54,29.07,29.24,1162800,27.36
"2012-11-26",29.22,29.86,29.2,29.71,2590100,27.8
"2012-11-27",29.76,29.9,29.67,29.78,2307200,27.87
"2012-11-28",29.74,29.97,29.54,29.96,2323700,28.04
"2012-11-29",30.01,30.01,29.66,29.89,2461800,27.97
"2012-11-30",29.95,30.12,29.82,30.09,3290600,28.16
"2012-12-03",30.09,30.14,29.53,29.85,2024400,27.93
"2012-12-04",29.91,30.06,29.71,29.72,2616000,27.81
"2012-12-05",29.47,30.22,29.35,30.01,4088000,28.42
"2012-12-06",30.03,30.17,29.85,29.96,2808000,28.37
"2012-12-07",29.97,30.07,29.86,30.06,2398300,28.47
"2012-12-10",30.03,30.12,29.92,30.09,1926700,28.5
"2012-12-11",30.09,30.43,30.06,30.27,2527200,28.67
"2012-12-12",30.24,30.57,30.24,30.28,2134000,28.68
"2012-12-13",30.24,30.3,29.94,30.13,1780300,28.54
"2012-12-14",30.14,30.19,30,30.06,1851600,28.47
"2012-12-17",30.12,30.65,30.12,30.64,2531800,29.02
"2012-12-18",30.59,31,30.51,30.98,2598800,29.34
"2012-12-19",30.97,31,30.74,30.74,2574100,29.11
"2012-12-20",30.78,30.87,30.56,30.81,1431800,29.18
"2012-12-21",30.76,30.87,30.46,30.74,4756200,29.11
"2012-12-24",30.66,30.66,30.37,30.54,632600,28.92
"2012-12-26",30.58,30.7,30.27,30.33,1743400,28.72
"2012-12-27",30.26,30.39,29.89,30.28,2626800,28.68
"2012-12-28",30.15,30.37,29.93,29.94,2214400,28.36
"2012-12-31",29.96,30.66,29.78,30.6,4551900,28.98
"2013-01-02",30.9,31.15,30.68,30.93,2864100,29.29
"2013-01-03",30.99,31.13,30.85,30.93,1948400,29.29
"2013-01-04",30.96,31.09,30.93,31.06,1489800,29.42
"2013-01-07",30.97,30.97,30.48,30.62,1490100,29
"2013-01-08",30.53,30.72,30.39,30.46,3733200,28.85
"2013-01-09",30.56,30.56,30.03,30.1,3320200,28.51
"2013-01-10",30.23,30.3,29.98,30.14,3640300,28.54
"2013-01-11",30.22,30.22,29.94,30.12,2268900,28.53
"2013-01-14",30.2,30.23,29.95,30.01,1757200,28.42
"2013-01-15",29.99,30.05,29.76,29.97,3854100,28.38
"2013-01-16",29.91,29.94,29.7,29.78,2220300,28.2
"2013-01-17",29.88,29.99,29.7,29.79,2477800,28.21
"2013-01-18",29.91,29.99,29.7,29.83,3315800,28.25
"2013-01-22",29.83,30.42,29.83,30.35,3070900,28.74
"2013-01-23",30.31,30.35,30.13,30.14,2305700,28.54
"2013-01-24",30.2,30.39,30.13,30.28,1901500,28.68
"2013-01-25",30.39,30.53,30.2,30.53,3143900,28.91
"2013-01-28",30.54,30.68,30.28,30.68,3284200,29.06
"2013-01-29",30.64,31.09,30.58,30.92,2767500,29.28
"2013-01-30",30.96,31.05,30.82,30.88,2232100,29.25
"2013-01-31",30.87,31.2,30.87,31.18,2884900,29.53
"2013-02-01",31.2,31.33,31.1,31.17,1990000,29.52
"2013-02-04",31.05,31.26,31.01,31.15,3035300,29.5
"2013-02-05",31.23,31.3,30.97,30.99,2256200,29.35
"2013-02-06",30.92,31.24,30.78,31.2,2504800,29.55
"2013-02-07",31.24,31.76,31.05,31.54,4646400,29.87
"2013-02-08",31.47,31.54,31.19,31.43,1885000,29.77
"2013-02-11",31.43,31.55,31.34,31.54,1293900,29.87
"2013-02-12",31.49,31.6,31.26,31.51,1669200,29.84
"2013-02-13",31.56,31.69,31.41,31.5,1719900,29.83
"2013-02-14",31.39,31.57,31.07,31.12,2778700,29.47
"2013-02-15",31.25,31.37,31.09,31.09,3218500,29.44
"2013-02-19",31.16,31.64,31.16,31.41,3325200,29.75
"2013-02-20",31.4,31.65,31.26,31.29,4360900,29.63
"2013-02-21",31.3,31.98,31.3,31.74,4253200,30.06
"2013-02-22",31.82,32.17,31.79,32.16,7800300,30.46
"2013-02-25",32.27,32.65,31.97,31.97,11650500,30.28
"2013-02-26",32.15,32.36,32.03,32.16,11913000,30.46
"2013-02-27",32.21,32.7,32.11,32.67,2784700,30.94
"2013-02-28",32.64,32.76,32.46,32.59,3387300,30.87
"2013-03-01",32.57,32.85,32.32,32.85,3757900,31.11
"2013-03-04",32.88,33.44,32.73,33.21,3481200,31.45
"2013-03-05",33.34,33.61,33.32,33.45,2994600,31.68
"2013-03-06",33.08,33.13,32.85,32.95,2267300,31.55
"2013-03-07",32.97,33.17,32.65,32.67,2788600,31.28
"2013-03-08",32.7,32.78,32.52,32.69,2299500,31.3
"2013-03-11",32.68,32.92,32.62,32.86,1689900,31.46
"2013-03-12",32.8,32.95,32.61,32.76,1784400,31.36
"2013-03-13",32.77,32.98,32.63,32.81,1926600,31.41
"2013-03-14",32.86,32.99,32.69,32.95,3503200,31.55
"2013-03-15",32.83,33.28,32.72,33.28,3282900,31.86
"2013-03-18",33.13,33.3,32.95,33.12,1808500,31.71
"2013-03-19",33.23,33.32,32.96,33.15,2478100,31.74
"2013-03-20",33.31,33.64,33.25,33.56,2449600,32.13
"2013-03-21",33.46,33.62,33.35,33.42,2143100,32
"2013-03-22",33.42,33.62,33.31,33.41,1694200,31.99
"2013-03-25",33.52,33.73,33.13,33.28,2160200,31.86
"2013-03-26",33.43,33.65,33.37,33.59,2140100,32.16
"2013-03-27",33.44,33.73,33.33,33.69,1255500,32.25
"2013-03-28",33.82,34.37,33.69,34.34,3455700,32.88
"2013-04-01",34.29,34.33,34.01,34.18,1994400,32.72
"2013-04-02",34.3,34.39,34.11,34.23,1436600,32.77
"2013-04-03",34.25,34.41,34.17,34.26,2062000,32.8
"2013-04-04",34.34,34.6,34.33,34.55,2122600,33.08
"2013-04-05",34.35,34.58,34.31,34.51,2041300,33.04
"2013-04-08",34.17,34.55,34.12,34.54,2773500,33.07
"2013-04-09",34.6,34.74,34.47,34.56,1746500,33.09
"2013-04-10",34.68,35,34.55,34.95,1801100,33.46
"2013-04-11",34.98,35.08,34.84,34.96,2573400,33.47
"2013-04-12",34.9,35.14,34.89,35.06,2683900,33.57
"2013-04-15",34.99,35.22,34.71,34.71,2681000,33.23
"2013-04-16",34.84,35.11,34.5,35.04,2583600,33.55
"2013-04-17",35.02,35.21,34.76,35.11,2734700,33.61
"2013-04-18",35.17,35.42,34.92,35.38,2362100,33.87
"2013-04-19",35.5,35.93,35.4,35.9,2491300,34.37
"2013-04-22",35.9,35.93,35.63,35.8,1611800,34.27
"2013-04-23",35.89,35.89,35.4,35.81,3336600,34.28
"2013-04-24",35.87,36.17,35.7,35.89,2139200,34.36
"2013-04-25",36.05,36.34,35.88,36.1,2019800,34.56
"2013-04-26",36.08,36.36,36.01,36.12,1953400,34.58
"2013-04-29",36.28,36.6,36.18,36.43,1591300,34.88
"2013-04-30",36.46,36.89,36.04,36.61,3151100,35.05
"2013-05-01",36.67,37,36.57,36.59,2045200,35.03
"2013-05-02",36.67,36.7,36.3,36.47,2640800,34.92
"2013-05-03",36.59,36.79,36.19,36.29,3369100,34.74
"2013-05-06",36.23,36.29,35.43,35.43,2642200,33.92
"2013-05-07",35.53,35.88,35.38,35.81,3280600,34.28
"2013-05-08",35.73,35.94,35.09,35.31,3212500,33.8
"2013-05-09",35.32,35.41,34.72,34.82,2727300,33.34
"2013-05-10",34.82,34.85,34.52,34.81,1563600,33.33
"2013-05-13",34.64,34.9,34.34,34.57,2059900,33.1
"2013-05-14",34.53,34.85,34.5,34.75,2011000,33.27
"2013-05-15",34.75,35.17,34.49,34.89,2453200,33.4
"2013-05-16",34.84,34.93,34.57,34.65,1884500,33.17
"2013-05-17",34.75,35.09,34.64,35.07,2692200,33.58
"2013-05-20",35.05,35.15,34.72,34.84,1650700,33.36
"2013-05-21",34.83,34.97,34.39,34.77,2927400,33.29
"2013-05-22",34.75,35.12,34.13,34.3,2921500,32.84
"2013-05-23",34.04,34.19,33.51,34.05,2169300,32.6
"2013-05-24",33.91,34.03,33.68,33.89,1896000,32.45
"2013-05-28",34.25,34.76,33.87,34.02,4362700,32.57
"2013-05-29",33.79,33.84,32.86,33.3,3318100,31.88
"2013-05-30",33.45,34.01,33.33,33.35,2885700,31.93
"2013-05-31",33.22,33.64,33.04,33.04,3589900,31.63
"2013-06-03",33.02,33.34,32.6,33.09,3887500,31.68
"2013-06-04",33.03,33.05,32.66,32.84,3991800,31.44
"2013-06-05",32.51,32.51,32,32.12,4297500,31.09
"2013-06-06",32.14,32.7,32.1,32.7,2884300,31.65
"2013-06-07",32.71,32.93,32.36,32.68,2192900,31.63
"2013-06-10",32.76,32.77,32.39,32.5,2171600,31.46
"2013-06-11",32.26,32.62,32.22,32.4,1810300,31.36
"2013-06-12",32.56,32.66,31.97,32.07,3124600,31.04
"2013-06-13",32.06,32.62,32.06,32.58,2901000,31.54
"2013-06-14",32.58,32.88,32.56,32.63,1598000,31.59
"2013-06-17",32.8,33.15,32.71,32.98,3132400,31.92
"2013-06-18",32.97,33.22,32.87,33.19,1993200,32.13
"2013-06-19",33.1,33.21,32.35,32.35,2273000,31.31
"2013-06-20",32.17,32.25,31.12,31.21,4105800,30.21
"2013-06-21",31.47,31.76,31.03,31.67,4250200,30.66
"2013-06-24",31.47,32.13,31.1,31.85,3003800,30.83
"2013-06-25",32.08,32.43,31.78,32.28,2291700,31.25
"2013-06-26",32.51,33,32.41,32.9,2960300,31.85
"2013-06-27",33.01,33.18,32.58,32.65,2485300,31.6
"2013-06-28",32.77,33.05,32.43,32.66,8910300,31.61
"2013-07-01",32.77,32.86,31.8,31.85,3551700,30.83
"2013-07-02",31.8,32.11,31.66,31.84,2916100,30.82
"2013-07-03",31.72,31.96,31.62,31.8,1103700,30.78
"2013-07-05",31.88,31.93,31.32,31.66,2129200,30.65
"2013-07-08",31.82,32.39,31.81,32.27,2566400,31.24
"2013-07-09",32.42,32.6,32.23,32.27,2313500,31.24
"2013-07-10",32.28,32.48,32.06,32.41,1884200,31.37
"2013-07-11",32.78,33.09,32.59,33.03,2770500,31.97
"2013-07-12",33.02,33.22,32.83,33.16,1577200,32.1
"2013-07-15",33.1,33.91,33.04,33.91,2230200,32.82
"2013-07-16",33.92,33.99,33.59,33.65,2128800,32.57
"2013-07-17",33.83,33.88,33.49,33.66,1261300,32.58
"2013-07-18",33.49,34.2,33.49,34.16,1872900,33.07
"2013-07-19",34.31,34.37,33.99,34.22,1985700,33.12
"2013-07-22",34.3,34.4,34.15,34.19,972400,33.1
"2013-07-23",34.18,34.66,34.06,34.47,1912400,33.37
"2013-07-24",34.45,34.45,33.59,33.82,1576500,32.74
"2013-07-25",33.72,34.12,33.72,34.1,1396900,33.01
"2013-07-26",33.91,34.32,33.77,34.32,1637600,33.22
"2013-07-29",34.14,34.36,34.1,34.25,2388300,33.15
"2013-07-30",34.49,34.79,34.05,34.24,2044200,33.14
"2013-07-31",34.2,34.25,33.51,33.79,2998800,32.71
"2013-08-01",33.94,34.39,33.91,34.34,2361400,33.24
"2013-08-02",34.33,34.53,34.08,34.53,2016000,33.42
"2013-08-05",34.39,34.39,34.13,34.15,1593000,33.06
"2013-08-06",34.07,34.13,33.61,33.71,2381300,32.63
"2013-08-07",33.52,33.89,33.41,33.77,2113000,32.69
"2013-08-08",33.91,34.16,33.72,34.07,1951200,32.98
"2013-08-09",34.1,34.23,33.85,33.92,1966500,32.83
"2013-08-12",33.78,34,33.58,33.9,2095000,32.81
"2013-08-13",33.91,33.93,33.45,33.5,2053100,32.43
"2013-08-14",33.41,33.44,33.02,33.27,1339200,32.2
"2013-08-15",33.1,33.13,32.8,32.9,1701300,31.85
"2013-08-16",32.81,32.97,32.34,32.58,2014100,31.54
"2013-08-19",32.57,32.75,32.18,32.26,1704100,31.23
"2013-08-20",32.29,32.81,32.19,32.55,2042400,31.51
"2013-08-21",32.47,32.47,31.9,32.13,2497600,31.1
"2013-08-22",32.22,32.7,32.06,32.51,5774500,31.47
"2013-08-23",32.56,32.86,32.39,32.76,5828200,31.71
"2013-08-26",32.76,32.85,32.48,32.5,1756300,31.46
"2013-08-27",32.26,32.66,32.25,32.5,1868700,31.46
"2013-08-28",32.54,32.84,32.32,32.7,2061200,31.65
"2013-08-29",32.58,32.66,32.28,32.37,1777500,31.33
"2013-08-30",32.37,32.59,32.27,32.42,1716500,31.38
"2013-09-03",32.63,32.7,31.91,32.14,2670200,31.11
"2013-09-04",31.75,32.1,31.55,32.07,3533500,31.4
"2013-09-05",32.06,32.16,31.77,31.97,2409000,31.3
"2013-09-06",32.09,32.68,32.09,32.16,3210300,31.48
"2013-09-09",32.16,32.32,32,32.12,2136600,31.44
"2013-09-10",32.26,32.34,32.02,32.31,2073400,31.63
"2013-09-11",32.37,32.43,31.84,32.04,3380200,31.37
"2013-09-12",32.17,32.3,31.72,31.83,2314100,31.16
"2013-09-13",31.91,32.35,31.86,32.33,2491200,31.65
"2013-09-16",32.7,32.87,32.31,32.42,3077100,31.74
"2013-09-17",32.7,33.03,32.6,32.84,3490100,32.15
"2013-09-18",32.94,34.03,32.63,33.9,4069300,33.19
"2013-09-19",33.87,34.22,33.7,33.9,3194900,33.19
"2013-09-20",33.89,33.96,33.25,33.25,3672200,32.55
"2013-09-23",33.23,33.79,33.12,33.73,2779700,33.02
"2013-09-24",33.66,34.02,33.57,33.88,3953200,33.17
"2013-09-25",33.87,33.99,33.54,33.55,3297800,32.84
"2013-09-26",33.54,33.71,33.13,33.33,2203700,32.63
"2013-09-27",33.19,33.45,32.84,33.02,2903700,32.33
"2013-09-30",32.98,33.15,32.72,32.93,3135800,32.24
"2013-10-01",33.26,33.38,33.07,33.21,2363500,32.51
"2013-10-02",33.11,33.39,32.82,33.37,3036400,32.67
"2013-10-03",33.19,33.26,32.69,32.9,3224300,32.21
"2013-10-04",32.91,33.07,32.76,32.92,1906800,32.23
"2013-10-07",32.76,33.01,32.6,32.73,1489300,32.04
"2013-10-08",32.71,33.27,32.67,33,2244300,32.31
"2013-10-09",33.05,33.61,32.98,33.22,2220300,32.52
"2013-10-10",33.44,33.78,33.11,33.78,2139200,33.07
"2013-10-11",33.75,33.96,33.64,33.91,1575400,33.2
"2013-10-14",33.83,33.85,33.22,33.74,2168400,33.03
"2013-10-15",33.63,33.8,33.22,33.28,2392700,32.58
"2013-10-16",33.49,33.63,32.9,33.38,3854800,32.68
"2013-10-17",33.29,34,33.06,33.93,2938700,33.22
"2013-10-18",33.97,34.14,33.8,33.91,2393100,33.2
"2013-10-21",33.89,33.91,33.51,33.71,1999400,33
"2013-10-22",33.75,34.37,33.64,34.28,3174400,33.56
"2013-10-23",34.24,34.55,34,34.05,3151900,33.33
"2013-10-24",34.05,34.17,33.79,33.98,1822500,33.26
"2013-10-25",33.86,34.34,33.65,34.32,2117600,33.6
"2013-10-28",33.96,34.15,33.62,33.94,3487800,33.23
"2013-10-29",33.94,34.13,33.7,33.83,2180200,33.12
"2013-10-30",34.02,34.13,33.13,33.18,4142900,32.48
"2013-10-31",33.24,33.8,32.74,33.5,5966100,32.79
"2013-11-01",33.68,34.05,33.55,33.82,3745900,33.11
"2013-11-04",33.98,34.08,33.77,34.03,2854800,33.31
"2013-11-05",34.01,34.29,33.62,33.64,3180100,32.93
"2013-11-06",33.69,33.84,33.49,33.78,3109100,33.07
"2013-11-07",33.9,34.09,33.44,33.47,3544000,32.77
"2013-11-08",33.35,33.51,33.04,33.51,4931400,32.8
"2013-11-11",33.57,33.67,33.36,33.49,2220500,32.79
"2013-11-12",33.34,33.34,32.89,33.19,2968800,32.49
"2013-11-13",32.98,33.57,32.81,33.57,2917600,32.86
"2013-11-14",33.66,33.86,33.38,33.75,2286400,33.04
"2013-11-15",33.62,34.08,33.59,34.08,3546700,33.36
"2013-11-18",34.13,34.16,33.77,34.14,2711100,33.42
"2013-11-19",34.11,34.17,33.76,34.01,2958400,33.29
"2013-11-20",33.99,34.06,33.44,33.47,3408800,32.77
"2013-11-21",33.55,33.93,33.46,33.68,8580400,32.97
"2013-11-22",33.59,33.83,33.54,33.61,9078800,32.9
"2013-11-25",33.74,33.8,33.41,33.42,12098600,32.72
"2013-11-26",33.35,33.42,32.86,32.9,3178100,32.21
"2013-11-27",33.01,33.08,32.61,32.8,2475100,32.11
"2013-11-29",33.07,33.08,32.61,32.69,1409800,32
"2013-12-02",32.73,32.85,32.37,32.68,3184300,31.99
"2013-12-03",32.49,33.06,32.49,32.88,4673200,32.19
"2013-12-04",32.46,32.78,32.29,32.68,8139000,32.35
"2013-12-05",32.53,32.71,32.05,32.21,4709000,31.88
"2013-12-06",32.35,32.75,32.25,32.56,3230900,32.23
"2013-12-09",32.58,32.64,32.12,32.41,4242600,32.08
"2013-12-10",32.47,32.47,32.11,32.2,3390900,31.87
"2013-12-11",32.14,32.2,31.8,31.87,3031300,31.54
"2013-12-12",31.93,32.38,31.82,32.12,3260300,31.79
"2013-12-13",32.08,32.21,31.8,31.86,2010300,31.53
"2013-12-16",32.01,32.34,31.92,32.11,2582800,31.78
"2013-12-17",32.04,32.12,31.84,31.9,2205900,31.57
"2013-12-18",31.86,32.27,31.39,32.2,3180500,31.87
"2013-12-19",32,32.07,31.42,31.65,3955700,31.33
"2013-12-20",31.64,31.91,31.58,31.75,6570100,31.43
"2013-12-23",32.02,32.17,31.64,31.74,10696800,31.42
"2013-12-24",31.81,31.93,31.62,31.85,1511800,31.52
"2013-12-26",31.98,32.01,31.76,31.84,1753400,31.51
"2013-12-27",31.89,32.02,31.72,31.92,1926200,31.59
"2013-12-30",31.98,32.05,31.86,32.02,2471400,31.69
"2013-12-31",32.07,32.12,31.81,32.04,3024400,31.71
"2014-01-02",31.91,31.93,31.31,31.33,3322600,31.01
"2014-01-03",31.71,31.72,31.29,31.43,3898900,31.11
"2014-01-06",31.51,31.65,31.45,31.62,4652700,31.3
"2014-01-07",31.61,31.72,31.35,31.65,4838500,31.33
"2014-01-08",31.7,31.72,31.33,31.48,3504700,31.16
"2014-01-09",31.62,31.92,31.58,31.72,7099400,31.4
"2014-01-10",31.85,32.45,31.79,31.88,8893800,31.55
"2014-01-13",31.85,31.92,31.45,31.57,5637000,31.25
"2014-01-14",31.56,31.65,31.25,31.41,5198800,31.09
"2014-01-15",31.54,31.69,31.44,31.53,5235600,31.21
"2014-01-16",31.57,31.73,31.48,31.72,2570500,31.4
"2014-01-17",31.8,31.87,31.65,31.78,2163200,31.46
"2014-01-21",31.81,32.21,31.79,32.09,3050400,31.76
"2014-01-22",32.11,32.43,32.11,32.41,3244200,32.08
"2014-01-23",32.29,32.89,32.12,32.74,5691300,32.41
"2014-01-24",32.65,33.4,32.57,33.02,5910200,32.68
"2014-01-27",32.97,33.38,32.87,33.22,5450300,32.88
"2014-01-28",33.29,33.33,32.82,32.93,2960900,32.59
"2014-01-29",32.89,33.08,32.64,32.89,5093500,32.55
"2014-01-30",33.05,33.4,32.93,33.37,2373800,33.03
"2014-01-31",32.98,33.5,32.97,33.34,4354300,33
"2014-02-03",33.43,33.89,33.18,33.23,4269800,32.89
"2014-02-04",33.46,33.54,32.88,33.12,2926000,32.78
"2014-02-05",33.1,33.12,32.87,33.01,2947900,32.67
"2014-02-06",33.07,33.62,32.94,33.57,2939200,33.23
"2014-02-07",33.64,34.15,33.49,33.95,5972500,33.6
"2014-02-10",33.8,33.96,33.44,33.91,4143600,33.56
"2014-02-11",33.95,34.42,33.89,34.37,2672800,34.02
"2014-02-12",34.34,34.6,34.14,34.4,5401800,34.05
"2014-02-13",34.31,34.55,34.28,34.5,3529200,34.15
"2014-02-14",34.37,34.7,34.27,34.7,2691200,34.35
"2014-02-18",34.74,35.15,34.65,35.11,3949500,34.75
"2014-02-19",35.07,35.3,34.86,34.97,3376500,34.61
"2014-02-20",35.29,37.07,35.29,36.53,12224400,36.16
"2014-02-21",36.32,37.34,36.32,36.58,6386900,36.21
"2014-02-24",36.71,37.05,36.54,36.73,4708300,36.35
"2014-02-25",36.9,36.96,36.66,36.78,4737600,36.4
"2014-02-26",36.85,36.96,36.64,36.66,2794800,36.29
"2014-02-27",36.64,36.83,36.33,36.45,2385000,36.08
"2014-02-28",36.5,36.77,36.45,36.66,2312700,36.29
"2014-03-03",36.46,36.61,36.13,36.14,2745200,35.77
"2014-03-04",36.37,36.46,36.13,36.24,3184900,35.87
"2014-03-05",35.89,35.95,35.58,35.81,3356400,35.81
"2014-03-06",35.96,35.96,35.4,35.51,3724800,35.51
"2014-03-07",35.57,35.61,35.09,35.44,5650000,35.44
"2014-03-10",35.45,35.78,35.35,35.5,6331100,35.5
"2014-03-11",35.5,35.59,35.14,35.17,5005500,35.17
"2014-03-12",35.02,35.79,35,35.79,2621900,35.79
"2014-03-13",35.78,36.4,35.76,36.2,3333100,36.2
"2014-03-14",36.07,36.71,36,36.65,3738000,36.65
"2014-03-17",36.69,36.85,36.31,36.79,2438000,36.79
