"","PM.Open","PM.High","PM.Low","PM.Close","PM.Volume","PM.Adjusted"
"2008-03-17",50,52.65,49.24,49.39,1988000,38.54
"2008-03-18",49.85,52,47.75,49.6,8067600,38.7
"2008-03-19",49.6,51,46.9,50.1,3007700,39.09
"2008-03-20",50.2,50.2,48.87,49.15,3007700,38.35
"2008-03-24",49.81,51,49.81,51,1437000,39.79
"2008-03-25",51.4,51.75,50.6,51.75,1100800,40.38
"2008-03-26",51.7,52.47,50.3,50.3,2023200,39.25
"2008-03-27",50.95,52.03,50,50.68,8653300,39.54
"2008-03-28",50.95,52.5,50.56,51.06,9961200,39.84
"2008-03-31",52.4,54.7,50,50.58,19408900,39.46
"2008-04-01",51.1,52.19,49.01,50.58,23322500,39.46
"2008-04-02",51.16,52.07,50.15,51.21,12944700,39.96
"2008-04-03",51,51.5,50.4,51.05,12439100,39.83
"2008-04-04",51.48,51.48,50.8,51.37,6651000,40.08
"2008-04-07",51.6,51.6,50.5,50.67,7099300,39.53
"2008-04-08",50.41,51.01,50.21,50.6,8283300,39.48
"2008-04-09",50.5,50.59,49.15,49.38,8916200,38.53
"2008-04-10",49.49,49.91,48.5,48.66,14321900,37.97
"2008-04-11",48.49,48.89,48.08,48.33,11400700,37.71
"2008-04-14",48.3,48.35,47.43,48,11532500,37.45
"2008-04-15",47.78,48.35,47.78,48.2,9603400,37.61
"2008-04-16",48.41,49.61,48.35,49.46,14837600,38.59
"2008-04-17",49.72,50,49.42,49.85,6660700,38.89
"2008-04-18",50.49,50.94,49.38,49.96,9630700,38.98
"2008-04-21",50.2,50.89,49.13,50.63,6528300,39.5
"2008-04-22",50.6,50.9,49.92,50.07,5504900,39.07
"2008-04-23",51,52.34,50.9,52,13532300,40.57
"2008-04-24",52,52.43,51.5,52,5847500,40.57
"2008-04-25",52.14,52.18,50.75,51.3,11399700,40.03
"2008-04-28",50.94,51.3,50.75,51.07,8382500,39.85
"2008-04-29",51.44,52.2,50.26,52.01,12325300,40.58
"2008-04-30",51.7,52.01,50.91,51.03,8733100,39.81
"2008-05-01",50.83,51.17,50.62,50.75,7120800,39.6
"2008-05-02",50.9,51.1,50.4,51.02,9291100,39.81
"2008-05-05",50.87,51.63,50.63,50.81,8398500,39.64
"2008-05-06",50.9,51.95,50.85,51.88,7588300,40.48
"2008-05-07",51.97,52.2,51.31,51.69,6391400,40.33
"2008-05-08",51.65,52.21,51.5,52.2,6669700,40.73
"2008-05-09",51.9,52.46,51.53,51.83,5491700,40.44
"2008-05-12",51.98,52.54,51.3,52.47,5851300,40.94
"2008-05-13",52.42,52.84,52.04,52.46,5986600,40.93
"2008-05-14",52.51,52.85,52.4,52.67,5381500,41.09
"2008-05-15",52.51,53.31,52.1,53.25,8376500,41.55
"2008-05-16",53.23,53.5,52.35,53.38,7172600,41.65
"2008-05-19",53.49,53.95,52.93,53.63,6580200,41.84
"2008-05-20",53.3,53.94,52.82,52.91,6887400,41.28
"2008-05-21",53.04,53.18,51.83,51.98,6784200,40.56
"2008-05-22",51.82,52.77,51.78,52.28,5135200,40.79
"2008-05-23",52.1,52.98,51.75,51.8,5197400,40.42
"2008-05-27",51.92,51.94,51.12,51.63,6505400,40.28
"2008-05-28",51.7,51.9,50.83,51.16,13524100,39.92
"2008-05-29",50.96,52.16,50.93,52.02,7386900,40.59
"2008-05-30",52.07,52.99,51.81,52.66,7047800,41.09
"2008-06-02",52.15,52.7,51.92,52.11,8668100,40.66
"2008-06-03",52.1,52.62,51.67,51.67,6552400,40.31
"2008-06-04",51.69,52.27,51.5,51.95,6407400,40.53
"2008-06-05",52.03,52.24,51.54,51.81,6407400,40.42
"2008-06-06",51.5,51.51,50.4,50.5,10198500,39.4
"2008-06-09",50.8,50.95,49.18,49.49,9937000,38.61
"2008-06-10",49.01,49.65,48.53,49.49,8847000,38.61
"2008-06-11",49.49,50.6,49.12,49.86,12367200,38.9
"2008-06-12",49.87,51.38,49.87,51.29,11782900,40.02
"2008-06-13",51.28,51.88,50.7,51.61,7365600,40.27
"2008-06-16",51.17,51.17,50.24,50.73,8251100,39.58
"2008-06-17",50.55,50.97,50.12,50.63,5633800,39.5
"2008-06-18",50.22,50.56,49.82,49.9,9967500,38.93
"2008-06-19",49.8,50.58,49.7,50.4,9591400,39.32
"2008-06-20",50.07,50.59,49.77,50.22,11448200,39.18
"2008-06-23",50.33,50.7,49.9,50.64,6625800,39.51
"2008-06-24",50.25,51.54,50.05,51.17,8976600,39.92
"2008-06-25",51.45,52.75,51.25,51.77,10334100,40.39
"2008-06-26",51.1,51.54,50.15,50.15,12055000,39.48
"2008-06-27",50.11,50.25,49.22,49.83,15397700,39.23
"2008-06-30",49.8,50.17,48.84,49.39,9972600,38.88
"2008-07-01",49.03,50.59,48.73,50.39,11092000,39.67
"2008-07-02",50.47,51.07,49.87,50.6,7956400,39.83
"2008-07-03",50.57,51.51,50.29,51.47,5151300,40.52
"2008-07-07",51.47,52.33,51.1,51.85,8395000,40.82
"2008-07-08",51.73,54,51.56,53.77,13977700,42.33
"2008-07-09",53.72,54.43,53.25,54,10411300,42.51
"2008-07-10",53.89,53.99,52.71,53.44,11581100,42.07
"2008-07-11",52.93,53.84,52.25,53.37,6588500,42.01
"2008-07-14",53.26,53.89,52.75,53.56,8298900,42.16
"2008-07-15",52.89,53.87,52.32,53.3,8306600,41.96
"2008-07-16",52.77,53.37,51.73,52.92,6910000,41.66
"2008-07-17",53.2,53.2,50.9,50.96,10317300,40.12
"2008-07-18",51.1,51.47,50.12,50.72,9559600,39.93
"2008-07-21",50.82,50.99,50.25,50.48,4370800,39.74
"2008-07-22",50.25,52.1,50.06,52.05,8926900,40.97
"2008-07-23",52.59,52.59,50.89,51.47,7943800,40.52
"2008-07-24",51.4,53.09,51.4,52.46,8717600,41.3
"2008-07-25",52.27,53.55,52.27,53.05,8066100,41.76
"2008-07-28",52.78,53.25,52.34,52.62,5131000,41.42
"2008-07-29",52.74,53.41,52.63,53.34,7257600,41.99
"2008-07-30",53.56,54.02,52.67,53.37,7355800,42.01
"2008-07-31",53.37,53.79,51.34,51.65,10498800,40.66
"2008-08-01",51.75,52.6,51.75,52.08,6718500,41
"2008-08-04",52.1,54.08,51.28,53.72,8962600,42.29
"2008-08-05",53.7,55.54,53.6,55.2,12884400,43.45
"2008-08-06",54.86,56.15,54.71,55.53,12660800,43.71
"2008-08-07",55.13,55.31,54.3,54.64,9282200,43.01
"2008-08-08",54.5,55.5,54.5,55.21,9266200,43.46
"2008-08-11",54.7,55.75,54.64,55.75,9724400,43.89
"2008-08-12",55.61,56.26,55.52,55.95,6690400,44.04
"2008-08-13",55.86,55.99,55.37,55.54,7810200,43.72
"2008-08-14",55.24,55.77,54.94,55.47,5723200,43.67
"2008-08-15",55.51,55.7,55.25,55.57,6561300,43.75
"2008-08-18",55.66,55.7,54.91,55.01,5742800,43.3
"2008-08-19",54.76,55.19,54.45,54.51,5712500,42.91
"2008-08-20",54.55,54.7,54.07,54.61,4411500,42.99
"2008-08-21",54.2,55.05,53.55,54.82,4693100,43.16
"2008-08-22",55,55.53,54.41,55.53,4342600,43.71
"2008-08-25",55.3,55.66,54.56,54.87,4400200,43.19
"2008-08-26",54.79,55.1,54.21,54.64,6995000,43.01
"2008-08-27",54.75,54.89,53.71,54.1,5459100,42.59
"2008-08-28",54.01,54.26,53.55,53.92,5426100,42.45
"2008-08-29",53.76,54.46,53.66,53.7,6060100,42.27
"2008-09-02",53.75,55.32,53.7,54.81,8835700,43.15
"2008-09-03",54.75,55.48,54,54.07,8236900,42.56
"2008-09-04",54,54.2,53.21,53.37,7565900,42.01
"2008-09-05",53.35,54.21,53.24,54,7810500,42.51
"2008-09-08",54,55.4,53.69,54.98,16614500,43.28
"2008-09-09",55.03,55.73,54.78,54.78,11236800,43.12
"2008-09-10",54.9,55.18,54.32,54.62,9203000,43
"2008-09-11",54.28,54.81,53.75,54.81,8566700,43.58
"2008-09-12",54.39,54.65,53.25,53.68,8564300,42.68
"2008-09-15",53.14,54.12,52.82,52.82,10481900,42
"2008-09-16",51.97,54.25,49.46,53.77,15648800,42.75
"2008-09-17",53.49,53.49,48.06,48.98,22145900,38.94
"2008-09-18",49.72,52.75,49.72,50,22618300,39.75
"2008-09-19",52.17,52.44,50,51.42,16822000,40.88
"2008-09-22",50.81,51.98,49.59,50.03,10379600,39.78
"2008-09-23",49.89,50.8,49.25,49.25,8218900,39.16
"2008-09-24",49.54,50.19,48.95,49.79,9164800,39.59
"2008-09-25",49.99,52,49.66,51.61,12454800,41.03
"2008-09-26",50.76,51.38,50.01,50.9,9314100,40.47
"2008-09-29",50.69,50.89,46.8,46.8,14648300,37.21
"2008-09-30",48.1,49.75,47.69,48.1,14356400,38.24
"2008-10-01",47.96,50.82,47.35,50.78,11718100,40.37
"2008-10-02",50.39,51.95,48.75,49.08,11218400,39.02
"2008-10-03",49.9,51.78,49.45,49.67,12181100,39.49
"2008-10-06",48.44,49.5,44,46.12,25421600,36.67
"2008-10-07",47.65,47.8,43.72,44.36,14791700,35.27
"2008-10-08",41.95,45.27,41.37,43.05,18701800,34.23
"2008-10-09",43.8,45,38.45,39,17782900,31.01
"2008-10-10",37.01,45,33.3,39.74,29162700,31.6
"2008-10-13",42,46,41.46,44.99,19808100,35.77
"2008-10-14",46.87,46.96,42.19,44.04,18448000,35.02
"2008-10-15",43.87,44.5,39.7,40.82,14561500,32.46
"2008-10-16",41.15,43.88,39.4,43.01,17459500,34.2
"2008-10-17",42.79,45.48,42.41,43.3,14269900,34.43
"2008-10-20",43.77,45.09,43,43.39,11162500,34.5
"2008-10-21",43.09,43.89,41.67,42.16,9769500,33.52
"2008-10-22",42.5,43.37,40.3,40.83,14755100,32.46
"2008-10-23",41.17,43.72,40,42.96,11903100,34.16
"2008-10-24",39.88,41.5,39,40.5,13534300,32.2
"2008-10-27",40.02,40.25,38.87,39.06,11106600,31.06
"2008-10-28",40.26,42.98,38.27,42.58,15876000,33.85
"2008-10-29",42.46,43.83,38.21,41.55,12468400,33.04
"2008-10-30",42.78,43.43,40.75,42.8,8336900,34.03
"2008-10-31",42.44,44.32,41.87,43.47,11919800,34.56
"2008-11-03",43.23,43.35,42.46,42.61,6143200,33.88
"2008-11-04",43.75,44.94,43.4,44.75,9852900,35.58
"2008-11-05",43.93,46.47,43.51,44.02,10004000,35
"2008-11-06",43.51,44,40.36,40.88,11733200,32.5
"2008-11-07",41.15,42.88,41.01,42.2,6935200,33.55
"2008-11-10",42.88,43.27,41.3,42.11,6064100,33.48
"2008-11-11",41.8,42.27,40.32,41.32,6880000,32.85
"2008-11-12",41,41,38.75,39.1,13244600,31.09
"2008-11-13",38.58,39.89,37.01,39.84,16381800,31.68
"2008-11-14",39.4,39.66,38,38.41,15140300,30.54
"2008-11-17",37.17,39.98,37.16,38.35,10496100,30.49
"2008-11-18",38.33,39,36.59,38.55,16243100,30.65
"2008-11-19",38.31,38.76,36.23,36.64,13955700,29.13
"2008-11-20",36.22,39.43,36.05,36.63,19557600,29.12
"2008-11-21",37.48,38.37,36,38.26,19190300,30.42
"2008-11-24",38.99,43.24,38.24,41.83,19287100,33.26
"2008-11-25",42.28,43.31,40.42,41.2,18246400,32.76
"2008-11-26",40.43,42.56,39.82,42.5,8658000,33.79
"2008-11-28",42.33,42.95,41.65,42.16,4651400,33.52
"2008-12-01",40.91,41.64,39.38,39.68,11708900,31.55
"2008-12-02",40.35,40.59,39.1,40.03,12697300,31.83
"2008-12-03",39,41.95,39,41.61,9148700,33.08
"2008-12-04",41.2,41.95,40.41,40.86,10659500,32.49
"2008-12-05",40.28,42.4,39.97,42.36,11548000,33.68
"2008-12-08",43.25,43.5,41.75,42.66,10048200,33.92
"2008-12-09",41.8,42.4,41.78,41.97,12248300,33.37
"2008-12-10",41.95,42.69,41.42,42.3,10514500,33.63
"2008-12-11",41.91,42.74,41.51,41.95,10582000,33.35
"2008-12-12",40.75,41.71,40.2,41.36,8789500,32.88
"2008-12-15",41.05,41.9,40.12,41.54,10763100,33.03
"2008-12-16",41.14,41.6,40,41.02,16539600,32.61
"2008-12-17",40.5,42.81,40.5,42.03,12391700,33.42
"2008-12-18",42.23,42.98,41.59,41.96,13240600,33.36
"2008-12-19",42.42,42.99,41.73,41.85,23861000,33.27
"2008-12-22",41.91,42.28,41.44,42.17,9734300,33.53
"2008-12-23",41.36,42.81,41.35,41.73,7614700,33.61
"2008-12-24",41.98,42.58,41.4,42.42,2736400,34.16
"2008-12-26",42.58,42.93,42.25,42.46,2911500,34.2
"2008-12-29",42.5,43.17,42.02,43.16,10159000,34.76
"2008-12-30",43.39,44.15,43.01,43.91,8737700,35.36
"2008-12-31",43.93,44.5,43.31,43.51,7886100,35.04
"2009-01-02",43.47,45,43.28,44.12,7250900,35.53
"2009-01-05",43.79,44.73,43.51,44.47,6636900,35.82
"2009-01-06",44.47,45.02,42.93,43.24,14051200,34.83
"2009-01-07",43.07,43.65,42.37,42.7,9346100,34.39
"2009-01-08",42.57,42.89,42,42.7,8728300,34.39
"2009-01-09",42.86,43.33,42.11,42.32,8594600,34.08
"2009-01-12",42.31,43.03,41.65,41.83,8829000,33.69
"2009-01-13",41.89,42.8,41.63,42.19,9938300,33.98
"2009-01-14",41.44,41.74,40.66,41.56,10078000,33.47
"2009-01-15",41.33,41.94,40.7,41.48,9398100,33.41
"2009-01-16",41.93,42.45,40.94,42.12,9670400,33.92
"2009-01-20",41.98,42.86,41.33,41.48,9878900,33.41
"2009-01-21",42.03,42.03,40.4,41.41,10609200,33.35
"2009-01-22",41.1,41.22,40.4,40.96,9756100,32.99
"2009-01-23",40.53,41.44,39.75,41.22,9972300,33.2
"2009-01-26",41.32,42.38,40.88,41.13,9750300,33.13
"2009-01-27",41.28,41.82,40.02,40.15,11807500,32.34
"2009-01-28",40.81,40.84,39.6,39.99,9369300,32.21
"2009-01-29",39.71,40.2,38.66,38.75,9528900,31.21
"2009-01-30",38.97,39.01,36.99,37.15,19184600,29.92
"2009-02-02",36.68,37.73,36.65,37.41,11974800,30.13
"2009-02-03",37.98,38.65,37.47,38.32,11844600,30.86
"2009-02-04",38.51,38.71,35.15,36.78,20294800,29.62
"2009-02-05",36.11,37.3,35.82,37.26,14638200,30.01
"2009-02-06",37.21,37.46,36.52,36.83,12779500,29.66
"2009-02-09",36.75,37.03,36.53,36.72,8706900,29.57
"2009-02-10",36.65,36.9,35.9,36.04,12692000,29.03
"2009-02-11",36.31,36.56,35.95,36.37,10399900,29.29
"2009-02-12",36.01,36.47,35.8,36.15,11930000,29.11
"2009-02-13",36.09,36.26,35.68,35.99,11326400,28.99
"2009-02-17",35.32,35.4,34.5,34.73,12750800,27.97
"2009-02-18",34.96,35.63,34.79,35.4,13314100,28.51
"2009-02-19",35.82,36.04,35.41,35.91,9859700,28.92
"2009-02-20",35.29,35.92,35.25,35.63,13236100,28.7
"2009-02-23",36.07,36.07,35.03,35.11,10778400,28.28
"2009-02-24",35.34,35.34,34.6,34.9,12551600,28.11
"2009-02-25",34.78,35.2,34.51,34.8,26323300,28.03
"2009-02-26",35.08,35.45,34.2,34.21,10910900,27.55
"2009-02-27",33.66,34.11,33.42,33.47,13862200,26.96
"2009-03-02",32.79,33.5,32.53,32.75,16290300,26.38
"2009-03-03",32.61,33.05,32.25,32.34,14967700,26.05
"2009-03-04",32.86,33.72,32.6,33.49,14920300,26.97
"2009-03-05",32.79,33.1,32.04,32.95,16889400,26.54
"2009-03-06",33.19,33.45,32.51,33.34,15374600,26.85
"2009-03-09",33,34.28,32.96,34.07,12549200,27.44
"2009-03-10",34.59,34.59,33.36,34.05,11017200,27.42
"2009-03-11",34.33,34.44,33.46,33.65,9251500,27.1
"2009-03-12",33.75,34.71,33.28,34.64,7669500,27.9
"2009-03-13",34.85,36.15,34.75,36.01,11342200,29
"2009-03-16",36.22,37.45,36.17,37.16,9206700,29.93
"2009-03-17",36.86,38.78,36.47,38.6,13755200,31.09
"2009-03-18",38.22,39.26,37.95,38.28,12208500,30.83
"2009-03-19",38.26,38.4,37.15,37.21,12822800,29.97
"2009-03-20",37.4,38.69,37.4,38.36,18304800,30.89
"2009-03-23",38.65,38.65,37.57,38.12,13056400,31.14
"2009-03-24",37.72,39.09,37.72,38.8,13010100,31.7
"2009-03-25",39.1,39.28,38.19,38.58,7969300,31.52
"2009-03-26",38.81,38.84,37.97,38.3,12736300,31.29
"2009-03-27",38.36,38.39,37.27,37.58,8728900,30.7
"2009-03-30",37.49,37.88,36.45,36.73,8717500,30
"2009-03-31",36.6,36.94,35.49,35.58,14856400,29.06
"2009-04-01",35.22,36.37,35.15,36.22,10944400,29.59
"2009-04-02",36.44,36.63,35.69,36.09,13244100,29.48
"2009-04-03",36.04,36.39,35.8,36.2,10122200,29.57
"2009-04-06",36.29,37.45,35.97,37.33,8652200,30.49
"2009-04-07",36.85,37.5,36.6,36.98,11754800,30.21
"2009-04-08",37.18,38.35,36.65,38.25,8867500,31.25
"2009-04-09",38.96,38.96,37.44,37.71,7901000,30.8
"2009-04-13",37.51,37.82,36.97,37.08,6492600,30.29
"2009-04-14",36.74,36.8,35.91,36.44,8350900,29.77
"2009-04-15",36.22,37.87,36.22,37.8,8083600,30.88
"2009-04-16",38.08,38.08,37.02,38,7073300,31.04
"2009-04-17",38.09,38.17,37.18,37.32,8923900,30.49
"2009-04-20",36.88,37.63,36.69,36.91,8869300,30.15
"2009-04-21",36.81,37.14,36.46,36.89,7414300,30.14
"2009-04-22",36.66,37.22,36.25,36.25,9480500,29.61
"2009-04-23",36.42,37.35,36.03,37,8630200,30.22
"2009-04-24",37.26,37.96,37.05,37.43,9252600,30.58
"2009-04-27",36.97,37.65,36.97,37.19,7162400,30.38
"2009-04-28",36.8,37.37,36.65,36.83,7996400,30.09
"2009-04-29",36.85,37.63,36.58,36.84,9783500,30.09
"2009-04-30",37.06,37.34,36.19,36.2,18185200,29.57
"2009-05-01",36.28,37.2,36.18,37.18,8875400,30.37
"2009-05-04",37.28,38.2,37.2,38.13,8676300,31.15
"2009-05-05",37.94,38.28,37.18,37.29,6827400,30.46
"2009-05-06",37.7,39.6,37.25,39.29,11361000,32.1
"2009-05-07",39.48,40.91,39.02,40.87,14231000,33.39
"2009-05-08",41.18,41.66,40.51,41.1,8746800,33.57
"2009-05-11",40.51,40.91,40.05,40.55,7628300,33.12
"2009-05-12",40.76,42.17,40.33,41.84,10475100,34.18
"2009-05-13",41.38,42.04,40.87,41.77,8644100,34.12
"2009-05-14",41.72,42.7,41.63,42.42,9419200,34.65
"2009-05-15",42.45,43.33,41.85,43.17,11214600,35.27
"2009-05-18",43.45,43.7,42.48,42.69,9992400,34.87
"2009-05-19",42.6,42.72,41.98,42.22,9561600,34.49
"2009-05-20",42.53,43.47,42.06,43.19,7575100,35.28
"2009-05-21",43.13,43.13,42.3,42.81,7137700,34.97
"2009-05-22",42.14,43.18,42.14,42.71,5314000,34.89
"2009-05-26",42.46,42.57,41.85,42.13,10845800,34.42
"2009-05-27",42.05,42.1,41.32,41.65,8896000,34.02
"2009-05-28",41.45,42.88,41.45,42.54,7339600,34.75
"2009-05-29",42.72,42.72,41.95,42.64,8213000,34.83
"2009-06-01",42.68,43.88,42.68,43.63,9056300,35.64
"2009-06-02",43.49,44.89,43.33,44.6,7371900,36.43
"2009-06-03",44.14,44.53,43.92,44.19,10864300,36.1
"2009-06-04",44.15,44.66,43.44,44.43,7750800,36.29
"2009-06-05",44.7,45.44,44.06,44.1,8512800,36.02
"2009-06-08",43.78,44.97,43.44,44.53,6577900,36.38
"2009-06-09",44.57,44.57,43.55,43.85,11056800,35.82
"2009-06-10",43.86,44.29,42.79,43.52,8962500,35.55
"2009-06-11",43.42,44.99,43.4,43.88,10803200,35.85
"2009-06-12",43.67,44.5,43.2,43.52,7668100,35.55
"2009-06-15",43.09,43.58,42.83,42.89,10373700,35.04
"2009-06-16",43.1,43.28,42.22,42.26,9264500,34.52
"2009-06-17",42.22,42.36,41.82,41.9,8242700,34.23
"2009-06-18",42.04,43.12,41.94,42.53,10791600,34.74
"2009-06-19",42.71,42.9,42,42.15,17642100,34.43
"2009-06-22",41.54,41.76,41.15,41.58,14083200,34.41
"2009-06-23",41.31,41.73,41.28,41.46,10973300,34.31
"2009-06-24",41.56,41.99,41.34,41.63,9114600,34.45
"2009-06-25",41.42,43.06,41.38,42.98,8934400,35.57
"2009-06-26",41.9,42.99,41.75,42.61,8200400,35.26
"2009-06-29",42.77,43.44,42.5,43.39,7483800,35.9
"2009-06-30",43.47,43.72,42.51,43.62,14363200,36.1
"2009-07-01",43.9,44.61,43.8,44.09,9547600,36.48
"2009-07-02",43.6,43.98,42.83,42.94,8503900,35.53
"2009-07-06",42.6,44.32,42.3,44.15,7843300,36.53
"2009-07-07",44.06,44.84,43.64,43.75,9543000,36.2
"2009-07-08",43.99,44.24,43.24,43.49,8664800,35.99
"2009-07-09",43.66,43.66,42.13,42.34,7482700,35.04
"2009-07-10",43.06,43.57,42.02,42.35,6827000,35.04
"2009-07-13",42.54,43.12,42.29,42.9,6203100,35.5
"2009-07-14",42.87,42.98,42.52,42.66,6033000,35.3
"2009-07-15",42.88,44.08,42.75,44.03,6779000,36.43
"2009-07-16",43.5,43.87,43.01,43.3,7422300,35.83
"2009-07-17",43.5,44.07,43.03,44,6574300,36.41
"2009-07-20",44.22,44.22,43.23,43.95,9231100,36.37
"2009-07-21",44.07,44.49,43.35,43.9,5925600,36.33
"2009-07-22",43.8,44.25,43.71,43.88,5176300,36.31
"2009-07-23",44.44,47,44.35,46.02,11303200,38.08
"2009-07-24",45.9,47.39,45.59,47.3,9537600,39.14
"2009-07-27",47.17,48.63,46.34,46.7,8754300,38.64
"2009-07-28",45.74,46.58,45.74,46.48,7305300,38.46
"2009-07-29",46.25,46.96,46.03,46.82,5761000,38.74
"2009-07-30",46.91,47.49,46.65,46.82,6425200,38.74
"2009-07-31",46.68,47.74,46.43,46.6,6473700,38.56
"2009-08-03",47.03,47.89,46.65,46.82,9388900,38.74
"2009-08-04",46.78,47.35,46.55,46.98,5132200,38.88
"2009-08-05",46.91,47.06,46.5,46.77,6272700,38.7
"2009-08-06",46.84,47.02,46.34,46.99,4758300,38.88
"2009-08-07",47.31,47.47,46.7,47.06,5111600,38.94
"2009-08-10",46.63,47.24,46.59,47.2,5780900,39.06
"2009-08-11",47.19,47.8,46.73,46.79,6113300,38.72
"2009-08-12",46.6,47.15,46.48,46.54,5808900,38.51
"2009-08-13",46.54,46.78,46.05,46.43,5642900,38.42
"2009-08-14",46.31,46.95,46.03,46.62,4689400,38.58
"2009-08-17",46.08,46.74,45.39,45.46,7421600,37.62
"2009-08-18",45.45,46.7,45.03,46.32,6601600,38.33
"2009-08-19",46,46.1,45.4,45.79,7579800,37.89
"2009-08-20",45.78,46.64,45.62,46.48,5494100,38.46
"2009-08-21",46.7,47.18,46.39,46.87,7337000,38.78
"2009-08-24",46.67,47.56,46.67,47.43,6390600,39.25
"2009-08-25",47.34,47.52,46.78,46.8,9507000,38.73
"2009-08-26",46.63,47.25,46.55,46.68,7146900,38.63
"2009-08-27",46.67,46.9,46,46.27,6784100,38.29
"2009-08-28",46.1,46.26,45.29,45.36,7727300,37.54
"2009-08-31",45.24,45.9,45.24,45.71,8126700,37.82
"2009-09-01",45.67,45.93,45.08,45.16,7414300,37.37
"2009-09-02",45.05,45.99,45,45.64,6145200,37.77
"2009-09-03",45.95,45.95,45.13,45.82,7037900,37.92
"2009-09-04",45.76,46.14,45.65,46.05,4768900,38.11
"2009-09-08",46.39,47.48,45.92,47.45,10048800,39.26
"2009-09-09",47.25,47.63,46.76,47.22,6826100,39.07
"2009-09-10",47.24,47.48,46.46,46.82,6629700,38.74
"2009-09-11",46.75,47.84,46.62,47.42,7410600,39.24
"2009-09-14",47.01,47.99,46.81,47.66,7043700,39.44
"2009-09-15",47.75,47.9,46.71,46.9,7110100,38.81
"2009-09-16",47.12,47.55,46.92,47.5,7671100,39.31
"2009-09-17",47.51,48.02,47.47,47.53,7710400,39.33
"2009-09-18",47.65,48.5,47.65,48.18,17568500,39.87
"2009-09-21",48.1,48.54,48,48.43,5370500,40.08
"2009-09-22",48.65,48.93,48.22,48.93,7484100,40.49
"2009-09-23",49.04,49.95,48.9,49.4,8995600,40.88
"2009-09-24",49.1,49.1,48.15,48.29,10624100,40.43
"2009-09-25",48.1,48.2,47.5,47.64,6395200,39.89
"2009-09-28",47.7,48.29,47.66,48.02,4432700,40.21
"2009-09-29",48.14,48.96,48.02,48.72,5636300,40.79
"2009-09-30",48.71,48.85,47.91,48.74,8976900,40.81
"2009-10-01",48.68,48.74,48.12,48.32,7630200,40.46
"2009-10-02",48.12,48.49,48,48.36,6963100,40.49
"2009-10-05",48.5,49.27,47.77,49.05,9709500,41.07
"2009-10-06",49.17,50.03,49.13,49.91,8904300,41.79
"2009-10-07",49.8,49.86,49.4,49.59,9683800,41.52
"2009-10-08",49.86,50.6,49.74,50.35,7524100,42.16
"2009-10-09",50.67,50.97,49.86,50.19,5219400,42.03
"2009-10-12",50.38,50.55,50.05,50.45,3310400,42.24
"2009-10-13",50.28,50.4,49.64,49.88,5416900,41.77
"2009-10-14",50.12,50.58,49.51,50.33,5591900,42.14
"2009-10-15",50.09,50.7,50.08,50.38,7219200,42.18
"2009-10-16",50.19,51.25,50.08,50.95,8630700,42.66
"2009-10-19",51.06,51.78,50.76,51.45,6689900,43.08
"2009-10-20",51.56,52.35,51.45,51.55,8639700,43.16
"2009-10-21",51.3,51.7,50.43,50.82,7966000,42.55
"2009-10-22",50.69,50.79,48.5,49.46,13783700,41.41
"2009-10-23",49.37,49.44,48.68,49.07,7676500,41.09
"2009-10-26",49.26,49.52,48.6,48.75,7051800,40.82
"2009-10-27",48.78,49.25,48.39,48.91,7695000,40.95
"2009-10-28",48.65,49.47,48.58,48.96,8683600,41
"2009-10-29",48.99,49.33,48.45,49.01,7444900,41.04
"2009-10-30",49,49,47.07,47.36,15503500,39.66
"2009-11-02",47.38,48.71,47.08,48.57,9781700,40.67
"2009-11-03",48.26,48.38,47.65,47.85,8170400,40.07
"2009-11-04",48.03,48.22,47.29,47.38,8214700,39.67
"2009-11-05",47.6,48.79,47.6,48.66,8068900,40.74
"2009-11-06",48.48,48.92,48.19,48.83,6527600,40.89
"2009-11-09",49.11,50,48.95,49.87,6462200,41.76
"2009-11-10",49.62,50.37,49.43,49.83,5521100,41.72
"2009-11-11",50.07,50.25,49.29,49.35,4880900,41.32
"2009-11-12",49.26,50.25,49.25,49.96,6943900,41.83
"2009-11-13",50.07,50.29,49.74,50.15,5836000,41.99
"2009-11-16",50.1,50.85,50,50.64,8650100,42.4
"2009-11-17",50.51,50.98,50.41,50.61,6530400,42.38
"2009-11-18",50.49,50.61,50.2,50.52,6059900,42.3
"2009-11-19",50.21,50.38,49.91,50.14,6392100,41.98
"2009-11-20",50.01,50.28,49.63,49.73,7772400,41.64
"2009-11-23",49.88,50.38,49.67,50.07,7239600,41.92
"2009-11-24",50.09,50.72,50.05,50.32,8046800,42.13
"2009-11-25",50.35,50.57,50.15,50.31,5797300,42.13
"2009-11-27",49.49,50.25,49.12,49.99,3605100,41.86
"2009-11-30",49.96,49.99,48.01,48.09,17340200,40.27
"2009-12-01",48.53,49.47,48.5,49.17,9529700,41.17
"2009-12-02",49.17,49.83,49.06,49.17,5426800,41.17
"2009-12-03",49.2,49.83,49.13,49.48,8830500,41.43
"2009-12-04",49.78,50.5,49.42,49.82,8208200,41.72
"2009-12-07",49.61,50.15,49.54,49.84,8917400,41.73
"2009-12-08",49.6,49.91,48.45,49.04,8198300,41.06
"2009-12-09",49.49,49.67,48.66,49.06,7889500,41.08
"2009-12-10",49.27,49.59,48.7,48.87,6891500,40.92
"2009-12-11",48.87,49.32,48.4,48.48,9229600,40.59
"2009-12-14",49.56,50.44,49.33,50.26,12467800,42.08
"2009-12-15",49.81,50.39,49.75,50.07,7803800,41.92
"2009-12-16",50,50.54,49.93,50.08,9946200,41.93
"2009-12-17",49.96,49.98,49.21,49.29,8658000,41.27
"2009-12-18",49.77,49.77,48.32,48.66,20178700,40.74
"2009-12-21",49.15,49.46,48.99,49.25,9102000,41.24
"2009-12-22",49.42,49.83,49.35,49.6,7071100,41.53
"2009-12-23",48.93,49.32,48.72,48.8,7117600,41.34
"2009-12-24",48.76,49.08,48.76,48.9,2514400,41.43
"2009-12-28",48.9,49.08,48.73,48.85,4449200,41.39
"2009-12-29",48.78,48.99,48.6,48.85,4916000,41.39
"2009-12-30",48.59,48.95,48.46,48.66,4561400,41.23
"2009-12-31",48.59,48.88,48.12,48.19,4383100,40.83
"2010-01-04",48.33,49.59,48.25,49.35,7844500,41.81
"2010-01-05",49.37,49.57,48.76,48.92,7168600,41.45
"2010-01-06",48.66,49,48.29,48.92,11777200,41.45
"2010-01-07",48.77,49.6,48.56,49.53,8905400,41.96
"2010-01-08",49.32,49.52,48.78,49.26,6580800,41.73
"2010-01-11",49.78,49.8,49.25,49.44,6090900,41.89
"2010-01-12",49.37,49.37,48.85,49.17,6752900,41.66
"2010-01-13",49.17,49.89,49.17,49.67,5926400,42.08
"2010-01-14",49.48,49.98,49.48,49.6,4602200,42.02
"2010-01-15",49.66,49.97,49.46,49.62,8269200,42.04
"2010-01-19",49.6,50.2,49.51,50.09,8804100,42.44
"2010-01-20",49.9,49.91,48.7,49.24,6461400,41.72
"2010-01-21",49.22,49.31,47.59,47.73,10276000,40.44
"2010-01-22",47.6,47.77,46.71,46.81,8717000,39.66
"2010-01-25",47.09,47.63,47.02,47.05,5880900,39.86
"2010-01-26",46.69,47.4,46.69,47,5858200,39.82
"2010-01-27",46.85,47.1,46.22,46.64,5177700,39.51
"2010-01-28",46.66,47.1,46.02,46.21,5594200,39.15
"2010-01-29",46.53,47.09,45.43,45.51,7064100,38.56
"2010-02-01",45.74,46.23,45.63,46.11,8066200,39.07
"2010-02-02",46.21,47.72,46.07,47.6,8715600,40.33
"2010-02-03",47.33,47.44,46.81,46.97,5001800,39.79
"2010-02-04",46.6,46.81,45.9,45.94,6728400,38.92
"2010-02-05",46.22,46.22,45.01,45.66,8451200,38.68
"2010-02-08",45.31,46.28,45.31,45.53,5242500,38.57
"2010-02-09",45.93,47,45.7,46.85,8742400,39.69
"2010-02-10",46.81,47.09,46.39,46.81,6480000,39.66
"2010-02-11",46.65,48.93,46.05,48.67,16677800,41.23
"2010-02-12",48.35,49.93,48.2,49.29,13040700,41.76
"2010-02-16",49.6,49.92,49.06,49.42,11304100,41.87
"2010-02-17",49.51,49.89,49.35,49.83,7402400,42.22
"2010-02-18",49.59,50.35,49.59,50.28,7533300,42.6
"2010-02-19",50.2,50.41,49.8,49.98,8931900,42.34
"2010-02-22",50,50.07,49.68,49.75,8233500,42.15
"2010-02-23",49.75,50,49.18,49.3,10514700,41.77
"2010-02-24",49.32,49.97,48.97,49.83,8305900,42.22
"2010-02-25",49.43,49.88,49,49.61,9596000,42.03
"2010-02-26",49.62,49.63,48.95,48.98,8502800,41.5
"2010-03-01",49.05,49.25,48.79,48.93,8198300,41.45
"2010-03-02",49.39,50.09,49.11,49.81,7126700,42.2
"2010-03-03",49.82,50.17,49.72,49.98,7166800,42.34
"2010-03-04",50.16,50.8,50.06,50.66,7350200,42.92
"2010-03-05",50.75,51.38,50.52,51.25,7140400,43.42
"2010-03-08",51.13,51.28,50.69,50.79,6970700,43.03
"2010-03-09",50.61,50.78,50.2,50.38,6203800,42.68
"2010-03-10",50.25,50.41,49.85,50.3,5967300,42.62
"2010-03-11",50.29,50.51,49.68,50.24,8066600,42.56
"2010-03-12",50.25,50.5,49.95,50.14,6118200,42.48
"2010-03-15",50.05,51.12,49.81,50.92,9131000,43.14
"2010-03-16",50.98,51.43,50.82,51.24,5970200,43.41
"2010-03-17",51.45,51.92,51.27,51.83,6784300,43.91
"2010-03-18",51.94,51.99,51.65,51.82,6092500,43.9
"2010-03-19",51.92,52.85,51.83,52.68,15243800,44.63
"2010-03-22",52.39,53.07,52.23,52.89,6994400,44.81
"2010-03-23",52.2,52.44,51.69,52.44,7052200,44.92
"2010-03-24",52.43,52.7,51.84,51.89,8034100,44.45
"2010-03-25",52.12,52.53,51.66,51.72,6076200,44.3
"2010-03-26",51.78,52.45,51.68,52.12,5112400,44.65
"2010-03-29",52.27,52.74,52.25,52.53,7271600,45
"2010-03-30",52.62,52.92,52.16,52.49,4820600,44.96
"2010-03-31",52.5,52.5,51.95,52.16,6486100,44.68
"2010-04-01",52.24,52.68,52.16,52.47,5846800,44.95
"2010-04-05",52.6,52.99,52.36,52.85,4390900,45.27
"2010-04-06",52.64,52.95,52.55,52.65,4451200,45.1
"2010-04-07",52.57,52.8,52.29,52.52,5572600,44.99
"2010-04-08",52.29,52.72,52.21,52.37,4755700,44.86
"2010-04-09",52.76,52.81,52.03,52.75,4844300,45.19
"2010-04-12",52.86,53.2,52.74,52.95,5055600,45.36
"2010-04-13",52.78,52.82,52.08,52.46,4531800,44.94
"2010-04-14",52.09,52.09,50.8,51.3,12739900,43.94
"2010-04-15",50.65,51.62,50.65,51.59,6596800,44.19
"2010-04-16",51.45,51.68,50.56,50.74,8822900,43.47
"2010-04-19",50.55,51.44,50.55,51.35,5769800,43.99
"2010-04-20",51.48,53.91,51.16,51.92,6890900,44.48
"2010-04-21",51.97,52.87,51.8,51.99,6611300,44.54
"2010-04-22",50.38,51.32,50.08,51.24,10098900,43.89
"2010-04-23",51.18,51.23,50.6,51.14,6457700,43.81
"2010-04-26",51.04,51.14,50.06,50.13,7802200,42.94
"2010-04-27",50.01,50.07,48.22,48.44,12135800,41.49
"2010-04-28",48.67,49.34,48.53,49.09,9074100,42.05
"2010-04-29",49.45,50.3,49.33,49.58,7819100,42.47
"2010-04-30",49.47,49.81,49.02,49.08,6884400,42.04
"2010-05-03",49.32,49.68,49.15,49.42,6482700,42.33
"2010-05-04",49.01,49.75,48.86,49,9986300,41.97
"2010-05-05",48.89,49.55,48.5,48.71,7506100,41.73
"2010-05-06",48.5,48.91,44,47,16460800,40.26
"2010-05-07",46.14,47,45.92,46.42,14566200,39.76
"2010-05-10",47.91,49.04,47.7,48.35,9709700,41.42
"2010-05-11",47.74,48.63,47.74,48.35,8924200,41.42
"2010-05-12",47.93,48.31,47.52,47.99,8489700,41.11
"2010-05-13",47.86,48.19,47.31,47.36,6602600,40.57
"2010-05-14",47.27,47.47,46.29,46.56,10548700,39.88
"2010-05-17",46.6,46.83,45.89,46.25,9076800,39.62
"2010-05-18",46.44,46.76,45.37,45.56,10435700,39.03
"2010-05-19",45.37,46.52,45.1,46.26,11069300,39.63
"2010-05-20",45.47,45.92,44.49,44.55,13066700,38.16
"2010-05-21",43.9,44.71,43.38,44.26,16035700,37.91
"2010-05-24",44.04,44.72,43.57,44.3,12667000,37.95
"2010-05-25",43.6,43.92,42.97,43.72,15891000,37.45
"2010-05-26",43.85,44.56,43.55,43.7,14571200,37.43
"2010-05-27",44.23,44.8,44.09,44.7,11520600,38.29
"2010-05-28",44.76,44.8,44.02,44.12,14109100,37.79
"2010-06-01",43.77,44.59,43.51,43.97,9173500,37.67
"2010-06-02",44.04,45.06,44.04,45.05,9575200,38.59
"2010-06-03",45.06,45.36,44.69,45.02,6411200,38.57
"2010-06-04",44.57,44.75,43.51,43.74,11855100,37.47
"2010-06-07",43.72,44.25,43.07,43.17,10536000,36.98
"2010-06-08",43.13,43.77,42.94,43.73,11988100,37.46
"2010-06-09",43.98,45.14,43.78,44.15,11085700,37.82
"2010-06-10",44.59,45.58,44.59,45.11,9979300,38.64
"2010-06-11",44.84,44.94,43.09,44.35,15482400,37.99
"2010-06-14",44.61,45.95,44.61,45.57,11379200,39.04
"2010-06-15",46.22,46.22,45.47,45.56,9119600,39.03
"2010-06-16",45.39,45.78,45.13,45.55,6227700,39.02
"2010-06-17",45.78,45.96,45.34,45.6,7420800,39.06
"2010-06-18",45.67,46.28,45.6,45.91,13155400,39.33
"2010-06-21",46.28,46.64,45.93,46.29,10605200,39.65
"2010-06-22",45.81,46.01,44.95,44.99,8248600,39.03
"2010-06-23",45.96,47.08,45.9,46.49,15496300,40.33
"2010-06-24",46.28,46.72,46.04,46.43,13230100,40.28
"2010-06-25",46.56,47,45.9,45.9,17658200,39.82
"2010-06-28",46,46.68,45.9,46.29,9271200,40.16
"2010-06-29",45.9,46.8,45.54,45.72,11364000,39.66
"2010-06-30",46.15,46.36,45.75,45.84,10800400,39.77
"2010-07-01",45.77,46.68,45.55,46.55,12567400,40.38
"2010-07-02",46.63,46.88,46.23,46.45,6941700,40.3
"2010-07-06",46.75,47.19,46.34,46.77,9049400,40.57
"2010-07-07",46.59,47.56,46.39,47.54,11016500,41.24
"2010-07-08",47.95,48.68,47.67,48.54,8888200,42.11
"2010-07-09",48.8,48.9,48.22,48.59,5783600,42.15
"2010-07-12",48.57,48.99,48.26,48.84,5136000,42.37
"2010-07-13",49.12,49.45,49,49.3,5681200,42.77
"2010-07-14",49.18,49.73,48.96,49.52,5539000,42.96
"2010-07-15",49.62,50.3,49.33,50.1,8227500,43.46
"2010-07-16",49.99,50.89,49.51,49.67,8352500,43.09
"2010-07-19",49.51,50.1,49.43,49.96,5500900,43.34
"2010-07-20",49.66,50.75,49.63,50.63,6860200,43.92
"2010-07-21",50.78,50.86,49.2,49.89,8427300,43.28
"2010-07-22",50.38,51.09,49.9,50.84,8090500,44.1
"2010-07-23",50.82,50.97,50.27,50.66,7968500,43.95
"2010-07-26",50.57,51.23,50.57,51.19,5317700,44.41
"2010-07-27",51.26,51.38,50.95,51.34,7215100,44.54
"2010-07-28",51.36,51.45,50.9,51.04,5187200,44.28
"2010-07-29",51.16,51.55,50.78,51.18,7213200,44.4
"2010-07-30",50.8,51.3,50.6,51.04,7115800,44.28
"2010-08-02",51.47,52,51.25,51.96,6944000,45.07
"2010-08-03",51.81,52.5,51.81,52.15,6826800,45.24
"2010-08-04",52.13,52.5,51.96,52.24,4903000,45.32
"2010-08-05",52.08,52.09,51.7,51.82,6634300,44.95
"2010-08-06",51.53,52.21,51.23,52.19,6231900,45.27
"2010-08-09",52.38,52.62,52.17,52.54,6837600,45.58
"2010-08-10",52.09,53.24,52.05,52.97,8210600,45.95
"2010-08-11",52.22,52.47,51.63,51.75,7369600,44.89
"2010-08-12",51.22,52.16,51.18,51.85,7476900,44.98
"2010-08-13",51.59,52.28,51.59,51.99,6276000,45.1
"2010-08-16",51.66,52.06,50.96,51.99,5486600,45.1
"2010-08-17",52.34,53.04,51.99,52.57,6503900,45.6
"2010-08-18",52.55,52.99,52.22,52.76,9184200,45.77
"2010-08-19",52.72,52.72,51.62,52,9741700,45.11
"2010-08-20",51.75,52.43,51.75,51.98,7730100,45.09
"2010-08-23",52.1,52.49,51.71,51.73,5506500,44.88
"2010-08-24",51.31,51.7,51.06,51.51,7319800,44.68
"2010-08-25",51.17,51.75,50.93,51.52,10833600,44.69
"2010-08-26",51.54,51.84,50.54,51.06,6954300,44.29
"2010-08-27",51.14,51.63,50.65,51.44,6943100,44.62
"2010-08-30",51.08,51.91,51.08,51.43,3937900,44.62
"2010-08-31",51.37,51.77,51.02,51.36,6513000,44.55
"2010-09-01",51.88,53.09,51.88,52.97,8452400,45.95
"2010-09-02",52.97,53.36,52.87,53.29,6497500,46.23
"2010-09-03",53.11,54.1,53.11,54.04,6718500,46.88
"2010-09-07",53.92,54.25,53.57,53.64,5649600,46.53
"2010-09-08",53.61,53.86,53.4,53.62,7384600,46.52
"2010-09-09",53.68,53.97,53.22,53.75,7495000,46.63
"2010-09-10",53.87,54.87,53.81,54.6,6993300,47.37
"2010-09-13",54.96,54.99,54.32,54.77,6024400,47.51
"2010-09-14",54.55,55,54.26,54.86,7006900,47.59
"2010-09-15",54.86,55.6,54.63,55.54,6853500,48.18
"2010-09-16",55.2,55.3,54.81,55.11,7305200,47.81
"2010-09-17",55.3,55.9,55.07,55.12,9668900,47.82
"2010-09-20",55.29,56.23,55,55.95,7959000,48.54
"2010-09-21",56.03,56.25,55.46,56.04,9415100,48.61
"2010-09-22",55.13,55.4,54.9,55.19,8079000,48.43
"2010-09-23",54.81,55.64,54.66,55.11,5943700,48.36
"2010-09-24",55.58,56.5,55.56,56.1,6991400,49.23
"2010-09-27",55.98,56.22,55.45,55.46,5742800,48.67
"2010-09-28",55.4,56.19,55.17,56.08,7329000,49.21
"2010-09-29",55.97,56.65,55.75,56.32,6343600,49.42
"2010-09-30",56.48,57.11,55.81,56.02,7636400,49.16
"2010-10-01",56.04,56.51,55.45,55.55,7624400,48.75
"2010-10-04",55.39,55.71,55.1,55.29,5167600,48.52
"2010-10-05",55.66,55.97,55.15,55.35,10135400,48.57
"2010-10-06",55.4,56.93,55.37,56.31,10977500,49.41
"2010-10-07",56.56,56.65,55.95,56.29,6645900,49.4
"2010-10-08",56.75,57.2,56.6,56.63,6366700,49.69
"2010-10-11",56.96,57.16,56.33,56.42,3329800,49.51
"2010-10-12",56.48,57.3,56.4,57.18,5307600,50.18
"2010-10-13",57.39,57.75,57.01,57.36,6376000,50.33
"2010-10-14",57.4,57.9,57.39,57.75,5885000,50.68
"2010-10-15",58.02,58.78,58.02,58.54,13173400,51.37
"2010-10-18",58.34,58.56,58.06,58.38,6675100,51.23
"2010-10-19",57.81,58.04,56.66,57.07,8711400,50.08
"2010-10-20",57.22,57.69,57.01,57.48,5809400,50.44
"2010-10-21",56.88,57.85,56.49,57.56,6863900,50.51
"2010-10-22",57.92,58.29,57.58,58.13,4375200,51.01
"2010-10-25",58.53,59.85,58.47,59.47,9071800,52.19
"2010-10-26",59.15,59.53,58.93,59.5,5663400,52.21
"2010-10-27",58.97,59.14,58.38,58.98,6200700,51.76
"2010-10-28",59.27,59.7,58.93,59.26,5686200,52
"2010-10-29",59.06,59.26,58.5,58.51,6335200,51.34
"2010-11-01",58.61,59.31,58.12,58.29,7299800,51.15
"2010-11-02",58.38,59,58.14,58.46,7546100,51.3
"2010-11-03",58.6,59.53,58.4,59.3,6331200,52.04
"2010-11-04",59.88,60.83,59.7,60.82,8143400,53.37
"2010-11-05",60.87,60.87,60.18,60.44,7494700,53.04
"2010-11-08",60.03,60.39,59.85,60.22,6237200,52.84
"2010-11-09",60.01,60.2,59.41,59.56,5744300,52.26
"2010-11-10",59.48,59.79,59.16,59.61,5302300,52.31
"2010-11-11",59.05,59.86,59.02,59.82,5694300,52.49
"2010-11-12",59.66,59.88,59.29,59.64,5838700,52.34
"2010-11-15",59.61,59.96,59.35,59.45,4685000,52.17
"2010-11-16",59.22,59.51,58.26,58.54,9158000,51.37
"2010-11-17",58.68,58.94,57.79,57.79,7483900,50.71
"2010-11-18",58.51,59.85,58.34,59.45,9374300,52.17
"2010-11-19",59.46,59.86,58.97,59.81,7446400,52.48
"2010-11-22",59.24,59.53,58.86,59.48,7451000,52.19
"2010-11-23",58.78,58.96,58.41,58.77,8530600,51.57
"2010-11-24",59.18,59.29,58.86,59.21,6333700,51.96
"2010-11-26",58.92,59.09,58.5,58.78,2064500,51.58
"2010-11-29",58.34,58.36,57.33,57.82,11539600,50.74
"2010-11-30",57.48,57.58,56.75,56.89,11511900,49.92
"2010-12-01",57.37,57.97,56.71,57.7,8113900,50.63
"2010-12-02",57.51,58.01,57.3,57.93,6584600,50.83
"2010-12-03",57.6,58.54,57.46,58.12,7030100,51
"2010-12-06",58.08,58.65,57.81,58.53,9234000,51.36
"2010-12-07",58.96,59.4,58.89,59.4,10943400,52.12
"2010-12-08",59.45,59.5,59.08,59.35,6173000,52.08
"2010-12-09",59.71,59.8,59.18,59.39,4848900,52.12
"2010-12-10",59.52,59.92,58.89,59,6760500,51.77
"2010-12-13",59.05,59.23,58.34,58.7,7765600,51.51
"2010-12-14",58.82,59.43,58.75,59.39,5581900,52.12
"2010-12-15",58.88,59.6,58.87,59.41,6643400,52.13
"2010-12-16",59.37,59.74,58.96,59.71,5942700,52.4
"2010-12-17",59.67,59.87,59.17,59.69,11569500,52.38
"2010-12-20",59.79,60.14,59.43,59.57,7457100,52.27
"2010-12-21",59.41,59.55,58.3,58.48,6149600,51.87
"2010-12-22",58.63,58.94,58.25,58.87,4701000,52.22
"2010-12-23",58.68,58.92,58.38,58.67,2824500,52.04
"2010-12-27",58.51,58.77,58.43,58.6,2641900,51.98
"2010-12-28",58.58,58.83,58.22,58.53,3018800,51.92
"2010-12-29",58.72,58.93,58.51,58.75,2783100,52.11
"2010-12-30",58.64,58.75,58.33,58.49,2303700,51.88
"2010-12-31",58.48,58.85,58.31,58.53,2738300,51.92
"2011-01-03",58.88,58.99,58.43,58.67,5053700,52.04
"2011-01-04",58.48,58.95,58.15,58.67,5779500,52.04
"2011-01-05",58.8,58.92,57.79,58.5,5635800,51.89
"2011-01-06",58.25,58.4,57.36,57.72,7922300,51.2
"2011-01-07",57.23,57.49,55.92,56.42,12085800,50.05
"2011-01-10",56.43,56.74,55.85,56.51,8867000,50.13
"2011-01-11",56.75,56.95,55.92,56.02,7971000,49.69
"2011-01-12",56.32,56.59,56,56.59,7355300,50.2
"2011-01-13",56.37,56.58,56.11,56.5,6032900,50.12
"2011-01-14",56.29,56.77,56.18,56.67,5394100,50.27
"2011-01-18",56.54,57,55.98,56.22,8001300,49.87
"2011-01-19",56.29,56.62,56.16,56.59,7535000,50.2
"2011-01-20",56.62,56.87,56.26,56.49,6740200,50.11
"2011-01-21",56.82,57,56.26,56.7,10525700,50.3
"2011-01-24",56.58,57.18,56.25,57.1,6127900,50.65
"2011-01-25",56.87,57.62,56.72,57.53,5851600,51.03
"2011-01-26",57.67,57.75,57.34,57.38,5347600,50.9
"2011-01-27",57.55,57.58,56.94,56.99,6060600,50.55
"2011-01-28",57.3,57.31,56.55,56.6,7435200,50.21
"2011-01-31",56.84,57.27,56.46,57.24,6955400,50.77
"2011-02-01",57.52,58.21,57.5,57.72,6181300,51.2
"2011-02-02",57.48,57.76,57.33,57.68,4924700,51.16
"2011-02-03",57.49,58.09,57.49,58.01,4650800,51.46
"2011-02-04",58.07,58.76,57.91,58.67,5990400,52.04
"2011-02-07",58.91,59,58.46,59,4570200,52.34
"2011-02-08",59,59.11,58.65,59.06,4411400,52.39
"2011-02-09",58.61,59.67,58.5,59.54,5387000,52.81
"2011-02-10",59.29,59.9,58.89,59.17,7236200,52.49
"2011-02-11",58.91,59.86,58.87,59.62,5341300,52.89
"2011-02-14",59.53,59.77,59.09,59.74,4933700,52.99
"2011-02-15",59.46,60.18,59.44,59.89,5315500,53.13
"2011-02-16",60.12,60.76,59.94,60.7,5718100,53.84
"2011-02-17",60.39,60.88,60.3,60.84,5427200,53.97
"2011-02-18",60.86,61.64,60.8,61.43,5768600,54.49
"2011-02-22",60.82,61.99,60.5,61.54,7172900,54.59
"2011-02-23",61.55,62.38,61.5,61.98,9054600,54.98
"2011-02-24",61.81,63,61.79,62.29,7587600,55.25
"2011-02-25",62.43,62.69,62,62.25,5441100,55.22
"2011-02-28",62.68,63.12,62.4,62.78,7559500,55.69
"2011-03-01",63.06,63.63,62.21,62.27,7321700,55.24
"2011-03-02",62.31,63.33,62.13,62.92,6570300,55.81
"2011-03-03",63.35,63.95,63.1,63.67,9531500,56.48
"2011-03-04",63.69,63.88,63.03,63.5,12608500,56.33
"2011-03-07",63.66,64.42,63.52,63.64,10173200,56.45
"2011-03-08",63.85,64.6,63.78,64.25,5591300,56.99
"2011-03-09",64.17,64.45,63.89,64.35,4946700,57.08
"2011-03-10",63.82,64.19,63.59,63.76,6675000,56.56
"2011-03-11",63.43,63.98,63.37,63.78,5529200,56.58
"2011-03-14",63.55,63.84,63.23,63.58,5935100,56.4
"2011-03-15",62.49,62.91,61.88,62.7,11350200,55.62
"2011-03-16",62.44,62.64,61.45,61.87,11373200,54.88
"2011-03-17",62.45,62.78,61.67,61.79,7963900,54.81
"2011-03-18",61.7,62.53,61.35,61.72,11876800,54.75
"2011-03-21",62.21,63.53,61.91,62.95,6364200,55.84
"2011-03-22",62.23,63.89,62.21,63.34,2472600,56.76
"2011-03-23",63.26,64.11,63.08,63.84,5225800,57.21
"2011-03-24",64.05,64.74,63.8,64.52,6869100,57.82
"2011-03-25",64.65,65.47,64.53,65.12,7119500,58.36
"2011-03-28",65.38,65.62,65.17,65.17,4712700,58.4
"2011-03-29",64.79,65.29,64.61,65.26,6213400,58.48
"2011-03-30",65.85,65.92,65.24,65.7,7714000,58.88
"2011-03-31",65.75,65.9,65.34,65.63,7642000,58.81
"2011-04-01",65.87,66.02,64.91,64.93,6334500,58.19
"2011-04-04",64.93,65.05,64.49,64.92,7125200,58.18
"2011-04-05",64.76,65.97,64.65,65.55,4984900,58.74
"2011-04-06",65.75,66.05,65.48,65.81,4979000,58.98
"2011-04-07",65.62,65.69,65.07,65.68,6408000,58.86
"2011-04-08",65.66,66.04,65.52,65.83,5467400,58.99
"2011-04-11",66.27,67.28,66.25,66.83,6952500,59.89
"2011-04-12",66.59,66.82,65.82,66.04,5358400,59.18
"2011-04-13",65.9,66.21,65.72,66.11,5847900,59.24
"2011-04-14",65.98,66.45,65.83,66.19,6947900,59.32
"2011-04-15",66.39,66.74,65.96,66.56,5609400,59.65
"2011-04-18",66.08,66.49,65.48,65.76,5865500,58.93
"2011-04-19",65.61,66.19,65.31,66.13,4527100,59.26
"2011-04-20",66.85,67.35,66.42,66.48,5661300,59.58
"2011-04-21",67.01,68.21,66.84,67.61,6478100,60.59
"2011-04-25",67.75,67.91,67.36,67.6,4779900,60.58
"2011-04-26",67.8,68.09,67.34,67.59,8e+06,60.57
"2011-04-27",67.53,67.59,66.94,67.52,6112300,60.51
"2011-04-28",67.47,69.22,67.42,69.03,6409200,61.86
"2011-04-29",69.16,69.79,68.63,69.44,5600000,62.23
"2011-05-02",69.81,69.92,69.16,69.31,6088800,62.11
"2011-05-03",69.03,69.63,68.85,69.55,7870000,62.33
"2011-05-04",69.55,69.83,69.08,69.35,5015800,62.15
"2011-05-05",69.18,69.45,68.25,68.39,6422100,61.29
"2011-05-06",68.8,69.39,68.57,68.6,6071600,61.48
"2011-05-09",68.84,69,68.17,68.29,5464700,61.2
"2011-05-10",68.42,68.49,68.17,68.28,7360200,61.19
"2011-05-11",68.3,68.58,67.98,68.17,6203500,61.09
"2011-05-12",68.13,68.25,67.95,68.21,6820300,61.13
"2011-05-13",68.26,69.08,68.26,68.31,7165000,61.22
"2011-05-16",68.02,68.7,67.84,68.44,6765700,61.33
"2011-05-17",68.25,68.73,68.24,68.59,4512600,61.47
"2011-05-18",68.74,69.4,68.46,69.28,8409000,62.09
"2011-05-19",69.55,70.77,69.54,70.68,7536400,63.34
"2011-05-20",70.61,70.68,69.99,70.19,4671400,62.9
"2011-05-23",69.41,69.8,68.91,69.1,5524500,61.92
"2011-05-24",69,70.09,68.91,69.86,6350000,62.61
"2011-05-25",69.42,69.71,69.12,69.49,5681400,62.27
"2011-05-26",69.45,70.67,69.07,70.3,6382100,63
"2011-05-27",70.24,70.73,70.2,70.52,3858500,63.2
"2011-05-31",70.82,71.75,70.76,71.75,8216000,64.3
"2011-06-01",71.7,71.75,71.03,71.07,6768900,63.69
"2011-06-02",70.92,70.99,69.63,69.91,6427200,62.65
"2011-06-03",69.25,69.65,68.76,68.99,5985700,61.83
"2011-06-06",68.79,68.99,68.25,68.32,7685600,61.23
"2011-06-07",68.6,68.62,67.79,67.81,8337900,60.77
"2011-06-08",67.55,68.32,67.12,68.04,6347100,60.97
"2011-06-09",68.31,68.61,67.53,68.12,5635300,61.05
"2011-06-10",67.82,68.08,67.35,67.35,5328300,60.36
"2011-06-13",67.3,67.83,66.8,67.53,8626400,60.52
"2011-06-14",68.16,69.51,67.83,68.92,8348300,61.76
"2011-06-15",68.59,68.74,66.52,67.51,7271300,60.5
"2011-06-16",67.44,68.03,67.07,67.52,5429900,60.51
"2011-06-17",67.95,69,67.95,68.48,8793900,61.37
"2011-06-20",68.46,69.41,68.43,69.08,4984300,61.91
"2011-06-21",68.74,68.88,67.93,68.05,5184600,61.55
"2011-06-22",67.62,67.83,66.64,66.65,8345900,60.29
"2011-06-23",66.28,66.36,65.51,66.17,7146100,59.85
"2011-06-24",66.16,66.16,64.68,65.1,10964100,58.89
"2011-06-27",65.4,66.16,65.2,65.92,7110000,59.63
"2011-06-28",66.16,66.17,65.52,65.89,4977400,59.6
"2011-06-29",66.35,66.61,66.02,66.17,5401600,59.85
"2011-06-30",66.45,66.81,66.06,66.77,5419900,60.4
"2011-07-01",66.66,67.14,66.48,66.75,5212800,60.38
"2011-07-05",66.9,68.16,66.79,67.19,7157800,60.78
"2011-07-06",67.32,68.59,67.18,68.24,6418300,61.73
"2011-07-07",68.65,69.38,68.65,69.14,6035400,62.54
"2011-07-08",68.64,69.46,68.47,69.41,5314400,62.78
"2011-07-11",69.62,69.65,68.43,68.68,5363900,62.12
"2011-07-12",68.63,68.8,67,67.1,7765900,60.69
"2011-07-13",67.45,67.53,66.61,66.84,4570300,60.46
"2011-07-14",66.58,66.9,66.23,66.42,4561600,60.08
"2011-07-15",66.62,67.07,66.17,66.93,5462700,60.54
"2011-07-18",66.8,67.44,66.48,66.83,4252400,60.45
"2011-07-19",67.16,68.72,67.06,68.51,6245100,61.97
"2011-07-20",68.49,68.5,67.18,68.19,5556300,61.68
"2011-07-21",69.75,71.76,69.74,71.49,11095700,64.67
"2011-07-22",71.38,72.26,71.3,72.11,7298100,65.23
"2011-07-25",71.73,72.32,70.91,72.13,5292500,65.24
"2011-07-26",72.01,72.5,71.6,71.92,4713400,65.05
"2011-07-27",71.48,72.56,71.48,71.77,5796400,64.92
"2011-07-28",71.89,72.74,71.61,72.35,6880200,65.44
"2011-07-29",71.7,71.99,71.17,71.17,9143900,64.38
"2011-08-01",71.62,71.66,69.86,70.72,6034800,63.97
"2011-08-02",70.42,70.89,69.75,69.75,7059000,63.09
"2011-08-03",69.91,70,69.18,69.96,7725000,63.28
"2011-08-04",69.23,69.37,67.22,67.4,11139300,60.97
"2011-08-05",68.05,69.76,67.12,69.34,14179900,62.72
"2011-08-08",67.83,69.17,66.09,66.27,16489300,59.94
"2011-08-09",66.58,67.56,64.23,67.4,19274200,60.97
"2011-08-10",67.09,67.17,64.65,64.9,14335000,58.7
"2011-08-11",65.27,66.23,64.77,65.55,13389700,59.29
"2011-08-12",66.42,66.81,65.73,66.63,10255600,60.27
"2011-08-15",66.92,68.33,66.68,68.33,11101600,61.81
"2011-08-16",67.87,68.48,67.34,67.7,7347100,61.24
"2011-08-17",68.09,69.72,68.02,69.06,8695500,62.47
"2011-08-18",67.86,68.88,67.63,68.5,11290600,61.96
"2011-08-19",67.64,70.78,67.64,68.83,11874700,62.26
"2011-08-22",70.23,70.54,68.5,68.72,8068300,62.16
"2011-08-23",68.7,70.3,68.39,70.27,8924700,63.56
"2011-08-24",70,70.58,69.73,70.14,7765100,63.44
"2011-08-25",70.11,70.25,68.58,68.87,8085500,62.3
"2011-08-26",68.8,69.54,67.76,69.2,7422300,62.59
"2011-08-29",69.89,70.68,69.8,70.5,6213400,63.77
"2011-08-30",70.31,70.51,69.8,70.12,6688100,63.43
"2011-08-31",70.39,70.64,69.09,69.32,9735100,62.7
"2011-09-01",69.42,70.07,69.07,69.3,8491200,62.68
"2011-09-02",68.77,69.33,68.12,68.24,6369800,61.73
"2011-09-06",66.9,67.92,66.72,67.81,9626100,61.34
"2011-09-07",68.28,68.96,67.94,68.96,9280000,62.38
"2011-09-08",68.47,68.98,68.42,68.55,6845900,62.01
"2011-09-09",68.05,68.24,65.5,65.9,17242000,59.61
"2011-09-12",64.98,66.06,64.42,66.02,28147800,59.72
"2011-09-13",65.99,66.46,65.19,65.97,6781000,59.67
"2011-09-14",66.85,68.32,66.52,67.59,11287700,61.14
"2011-09-15",68.31,68.49,67.66,68.29,7060200,61.77
"2011-09-16",68.73,69.27,68,69.08,15149600,62.49
"2011-09-19",68.16,68.57,67.65,67.91,11023400,61.43
"2011-09-20",68.65,69.17,68.25,68.28,7621700,61.76
"2011-09-21",68.68,68.83,66.71,66.8,8637700,60.42
"2011-09-22",65.77,65.77,63.66,64.96,16868000,58.76
"2011-09-23",63.92,64.09,63.5,63.81,10699100,58.41
"2011-09-26",64.27,64.69,63.52,64.58,8132000,59.12
"2011-09-27",65.36,65.54,64.36,64.71,8374400,59.23
"2011-09-28",64.99,65.01,63.26,63.38,6536200,58.02
"2011-09-29",64.21,64.78,63.12,64.01,5979400,58.59
"2011-09-30",63.48,64.15,62.32,62.38,9173800,57.1
"2011-10-03",62.24,63.29,61.75,61.76,10959400,56.53
"2011-10-04",61.18,62.99,60.45,62.8,1e+07,57.49
"2011-10-05",63.47,63.72,62.81,63.29,7835900,57.93
"2011-10-06",63.42,64.6,63.12,64.58,6452300,59.12
"2011-10-07",64.96,65.57,64.6,65.13,7334000,59.62
"2011-10-10",65.92,66.39,65.53,66.05,4575700,60.46
"2011-10-11",66.44,66.45,65.09,65.3,6601800,59.77
"2011-10-12",65.92,66.65,65.31,66.31,8097100,60.7
"2011-10-13",66.27,66.75,65.82,66.45,5656500,60.83
"2011-10-14",67.19,67.4,66.9,67.4,7242200,61.7
"2011-10-17",67.49,68.06,66.86,67.04,6575000,61.37
"2011-10-18",66.68,67.06,65.36,66.31,7378300,60.7
"2011-10-19",66.51,67.09,65.98,66.03,5661600,60.44
"2011-10-20",67.78,69.11,67.36,68.19,12115700,62.42
"2011-10-21",68.98,70.37,68.9,70,13618000,64.08
"2011-10-24",70.11,70.28,69.32,69.48,7631000,63.6
"2011-10-25",68.5,69.4,68.48,68.84,10066800,63.02
"2011-10-26",69.76,70.83,69.14,70.8,10327100,64.81
"2011-10-27",71.8,72.47,70.99,72,10180400,65.91
"2011-10-28",72.05,72.49,71.32,72.12,6246000,66.02
"2011-10-31",71.61,72.01,69.74,69.87,10206300,63.96
"2011-11-01",68.18,69.31,67.75,68.76,9908100,62.94
"2011-11-02",69.08,70.17,68.93,69.87,7788500,63.96
"2011-11-03",70.19,70.96,70.02,70.79,5399200,64.8
"2011-11-04",70.66,70.86,69.87,70.21,5754100,64.27
"2011-11-07",70.13,70.58,69.48,70.5,3976600,64.53
"2011-11-08",70.6,71.32,70.08,71.2,4631200,65.18
"2011-11-09",70.02,70.32,69.12,69.62,6214900,63.73
"2011-11-10",70.02,71.21,70.02,71,5708800,64.99
"2011-11-11",71.5,72.12,71.35,71.64,4136400,65.58
"2011-11-14",71.64,71.67,70.86,71.21,5024100,65.18
"2011-11-15",71.37,71.75,70.9,71.52,4392700,65.47
"2011-11-16",71.5,73.17,71.06,71.62,7934600,65.56
"2011-11-17",71.47,73.46,71.47,72.08,7073200,65.98
"2011-11-18",72.36,73.29,72.32,73.09,8647300,66.91
"2011-11-21",71.82,72.53,71.54,72,6422600,65.91
"2011-11-22",72.11,72.59,71.85,72.01,5401500,65.92
"2011-11-23",71.46,71.62,70.82,71.02,5685900,65.01
"2011-11-25",71.01,72.24,70.98,71.31,3575400,65.28
"2011-11-28",72.1,73.15,72,73.09,6827800,66.91
"2011-11-29",73.38,75.45,73.38,74.46,8016600,68.16
"2011-11-30",75.93,76.4,75.09,76.24,9494900,69.79
"2011-12-01",76.1,77,75.58,75.69,5938000,69.29
"2011-12-02",75.97,76.44,75.32,75.47,5414500,69.08
"2011-12-05",76.71,77.03,75.36,75.87,5335900,69.45
"2011-12-06",75.79,75.84,75.3,75.58,5314700,69.18
"2011-12-07",75.23,75.88,74.75,75.58,5676400,69.18
"2011-12-08",75.33,75.58,74.39,74.56,6465200,68.25
"2011-12-09",75.2,75.89,74.97,75.58,5647700,69.18
"2011-12-12",75.32,75.86,74.77,75.15,7101500,68.79
"2011-12-13",75.85,76.54,75.35,75.51,6092300,69.12
"2011-12-14",75.3,76.47,74.61,74.86,7792600,68.53
"2011-12-15",75.67,76.29,75.29,75.92,6055100,69.5
"2011-12-16",76.43,76.63,75.29,75.6,8857800,69.2
"2011-12-19",76.04,76.81,75.79,76.2,6178100,69.75
"2011-12-20",76.24,76.81,75.93,76.7,6665400,70.93
"2011-12-21",76.87,78.29,76.61,78.18,6912800,72.3
"2011-12-22",78.44,78.55,77.45,77.85,4308300,71.99
"2011-12-23",78.05,78.9,77.95,78.75,3037300,72.82
"2011-12-27",78.99,79.42,78.42,78.83,2510600,72.9
"2011-12-28",78.68,79.15,78.36,78.51,2656300,72.6
"2011-12-29",78.88,79.19,78.67,79.1,3511000,73.15
"2011-12-30",79.16,79.25,78.18,78.48,3678000,72.57
"2012-01-03",79.16,79.96,78.52,78.59,6708400,72.67
"2012-01-04",78.15,78.5,77.8,78.45,5589500,72.55
"2012-01-05",78.17,78.67,77.8,78.21,5407000,72.32
"2012-01-06",77.67,77.81,76.65,77.08,6745900,71.28
"2012-01-09",77.06,77.26,76.6,76.86,4766400,71.07
"2012-01-10",77.65,77.9,76.92,77.32,4937000,71.5
"2012-01-11",77.17,77.85,76.53,76.6,5095800,70.83
"2012-01-12",76.58,77.12,76.41,76.45,4698700,70.7
"2012-01-13",76.22,77.4,76.07,77.32,4916800,71.5
"2012-01-17",77.1,77.47,75.76,75.9,6676900,70.19
"2012-01-18",75.81,75.81,72.85,73.26,13761200,67.75
"2012-01-19",73.69,74.52,73.13,73.78,8226400,68.23
"2012-01-20",73.96,74.62,73.65,74.52,6017200,68.91
"2012-01-23",74.39,75.1,74.09,74.86,5924200,69.23
"2012-01-24",74.65,75.2,73.87,74.15,4608700,68.57
"2012-01-25",73.83,76.93,73.7,76.81,8417000,71.03
"2012-01-26",77.15,77.15,75.86,76.38,5419800,70.63
"2012-01-27",76.29,76.73,75.22,75.46,5934500,69.78
"2012-01-30",75.12,75.23,74.51,74.9,4698900,69.26
"2012-01-31",75.03,75.21,74.5,74.77,5688800,69.14
"2012-02-01",75.19,76.08,75.15,75.75,4321500,70.05
"2012-02-02",76.02,76.02,75.33,75.84,2967200,70.13
"2012-02-03",76.45,76.8,75.81,76.62,3496200,70.85
"2012-02-06",76.46,77.18,76.26,76.85,3733700,71.07
"2012-02-07",76.51,77.98,76.49,77.6,5607100,71.76
"2012-02-08",77.59,77.91,77.07,77.88,5024600,72.02
"2012-02-09",77.9,80.99,77.84,80.06,10988900,74.03
"2012-02-10",80.08,80.48,79.71,80.44,7602800,74.39
"2012-02-13",80.69,81.89,80.42,81.61,7551400,75.47
"2012-02-14",81.22,81.65,81,81.65,5689100,75.5
"2012-02-15",81.89,82.05,81.17,81.55,4965800,75.41
"2012-02-16",81.64,82.31,81.27,81.94,4548900,75.77
"2012-02-17",82.34,82.66,81.51,81.74,5418400,75.59
"2012-02-21",82.27,82.68,81.9,82.27,5134700,76.08
"2012-02-22",82.1,82.77,81.54,82.29,5085700,76.1
"2012-02-23",81.97,82.36,81.31,82.17,4272600,75.99
"2012-02-24",82.5,83.08,82.29,83.02,4023000,76.77
"2012-02-27",82.6,83.36,82.49,83.1,4340200,76.85
"2012-02-28",83.18,83.95,83,83.86,4728900,77.55
"2012-02-29",84,84.3,83.52,83.52,5817000,77.23
"2012-03-01",83.5,84.33,82.91,84.23,4944700,77.89
"2012-03-02",84.29,84.73,83.79,84.55,4183300,78.19
"2012-03-05",84.4,85.43,84.14,85.42,4097400,78.99
"2012-03-06",84.82,85.42,83.97,84.06,6932900,77.73
"2012-03-07",84.04,84.39,83.26,84.07,4852700,77.74
"2012-03-08",84.81,85.16,84.54,84.62,3738200,78.25
"2012-03-09",84.94,85.24,84.61,84.61,3601500,78.24
"2012-03-12",84.93,85.56,83.9,84.54,8037600,78.18
"2012-03-13",84.78,85.76,84.59,85.71,5132900,79.26
"2012-03-14",85.34,85.76,84.95,85.45,5170700,79.02
"2012-03-15",85.46,85.9,85.24,85.9,4849500,79.43
"2012-03-16",85.97,86.17,85.54,85.81,7930600,79.35
"2012-03-19",85.82,86.6,85.46,86.34,3724600,79.84
"2012-03-20",85.83,86.66,85.82,86.54,4578900,80.03
"2012-03-21",86.54,86.7,86.06,86.12,4892200,79.64
"2012-03-22",85.98,87.14,85.92,86.84,6051300,80.3
"2012-03-23",86.86,87.15,86.43,86.83,6264900,80.29
"2012-03-26",87.09,88.51,87,88.15,6321400,81.52
"2012-03-27",88.14,88.42,87.52,87.52,5187900,81.65
"2012-03-28",87.5,87.59,86.62,86.97,6090500,81.13
"2012-03-29",86.51,87,86.14,86.65,4906400,80.83
"2012-03-30",87.07,88.86,87.07,88.61,6974800,82.66
"2012-04-02",88.86,89.62,88.85,89.38,4848300,83.38
"2012-04-03",88.79,89.02,88.29,88.98,7640600,83.01
"2012-04-04",88.63,90.1,88.6,89.49,7032900,83.48
"2012-04-05",89.1,89.25,88.11,88.64,6328000,82.69
"2012-04-09",87.95,88.7,87.95,88.37,3422700,82.44
"2012-04-10",88.09,88.23,86.89,87.05,5615400,81.21
"2012-04-11",87.64,88.2,87.3,87.52,5166600,81.65
"2012-04-12",87.74,87.78,86.62,87.26,5058900,81.4
"2012-04-13",87.55,88.79,87.41,87.84,6023400,81.94
"2012-04-16",88.17,88.26,86.53,87.04,5765900,81.2
"2012-04-17",87.26,87.9,86.79,87.45,4819400,81.58
"2012-04-18",87,88.11,86.63,87.74,4861600,81.85
"2012-04-19",88,88,86.1,86.75,6089700,80.93
"2012-04-20",86.38,88.32,86.14,87.81,6637800,81.92
"2012-04-23",87.16,87.58,86.61,86.94,4677700,81.1
"2012-04-24",87.09,87.26,86.12,86.17,5064700,80.39
"2012-04-25",86.4,87.88,86.18,87.64,6191900,81.76
"2012-04-26",87.82,88.75,87.46,88.55,4545700,82.61
"2012-04-27",88.99,90.63,88.67,89.81,7067800,83.78
"2012-04-30",89.81,89.98,89,89.51,6439100,83.5
"2012-05-01",89.31,91.05,89.31,90,5911600,83.96
"2012-05-02",89.81,90.68,89.81,90.31,5132600,84.25
"2012-05-03",90.02,90.63,89.52,89.96,5300000,83.92
"2012-05-04",89.75,90.11,89,89.13,3710000,83.15
"2012-05-07",88.99,89.18,88.22,88.28,5218200,82.35
"2012-05-08",88.12,88.41,87.11,87.72,6154600,81.83
"2012-05-09",86.84,86.98,85.64,85.64,7574900,79.89
"2012-05-10",86.32,86.74,85.99,86.16,5120600,80.38
"2012-05-11",85.57,86.47,85.57,86.15,4842300,80.37
"2012-05-14",85.65,86,85.13,85.39,4833200,79.66
"2012-05-15",85.27,85.67,84.55,84.72,4777200,79.03
"2012-05-16",84.78,85.66,84.58,85.24,4998800,79.52
"2012-05-17",85.12,85.31,84.19,84.2,4578200,78.55
"2012-05-18",84.52,85.31,84.11,84.3,6538900,78.64
"2012-05-21",84.6,84.86,83.78,84.74,4646100,79.05
"2012-05-22",84.99,85.77,84.7,85.06,4994900,79.35
"2012-05-23",84.73,84.97,83.99,84.33,4938500,78.67
"2012-05-24",84.43,85.5,84.34,85.34,5261700,79.61
"2012-05-25",85.34,85.9,85.25,85.38,3603300,79.65
"2012-05-29",85.43,85.73,84.92,85.59,3809500,79.85
"2012-05-30",84.95,85.47,84.64,84.88,4203500,79.18
"2012-05-31",84.84,85.26,84.41,84.51,5967600,78.84
"2012-06-01",83.16,83.78,82.46,82.79,7960100,77.23
"2012-06-04",82.62,82.7,81.34,81.91,6040300,76.41
"2012-06-05",81.41,82.11,81.1,81.91,4298300,76.41
"2012-06-06",82.01,83.07,81.91,83.07,4818100,77.49
"2012-06-07",83.95,84.08,83.4,83.6,3599800,77.99
"2012-06-08",83.4,84.11,83.23,83.97,3821300,78.33
"2012-06-11",84.41,85.18,84.08,84.38,14009800,78.72
"2012-06-12",84.64,85.47,84.33,85.01,4642200,79.3
"2012-06-13",85.86,87.05,85.2,85.7,6411300,79.95
"2012-06-14",85.99,87.99,85.89,87.34,4914600,81.48
"2012-06-15",87.94,88.19,87.19,87.73,8794800,81.84
"2012-06-18",87.52,88.68,87.3,88.13,4128500,82.21
"2012-06-19",88.44,88.93,88.1,88.52,4908700,82.58
"2012-06-20",88.48,88.81,87.84,88.51,4612600,82.57
"2012-06-21",87.68,88.03,85.5,85.6,9160700,79.85
"2012-06-22",86.08,86.59,85.55,86.01,7178700,80.24
"2012-06-25",84.64,84.76,83.93,83.99,5044400,79.06
"2012-06-26",84.05,84.45,83.79,84.03,4600100,79.1
"2012-06-27",84.16,85.25,84.16,84.9,4641300,79.92
"2012-06-28",84.36,85.81,84.09,85.62,4093200,80.59
"2012-06-29",86.91,87.6,86.4,87.26,6269100,82.14
"2012-07-02",87.34,89.06,87.2,89,4728400,83.78
"2012-07-03",88.88,89.57,88.64,89.49,2487200,84.24
"2012-07-05",89.22,89.57,88.6,88.98,3772700,83.76
"2012-07-06",88.46,89.58,88.18,89.45,3780700,84.2
"2012-07-09",89.31,90.99,89.22,90.61,5976200,85.29
"2012-07-10",91.06,91.39,90.39,90.7,4399100,85.38
"2012-07-11",90.63,91.07,90.24,90.54,4618800,85.23
"2012-07-12",90.51,90.88,89.89,89.9,4797900,84.62
"2012-07-13",90.08,90.49,89.75,90.21,3507600,84.92
"2012-07-16",90.1,91,90.02,90.84,4117800,85.51
"2012-07-17",90.53,91,89.25,89.99,4634100,84.71
"2012-07-18",89.9,90,88.92,89.41,5162400,84.16
"2012-07-19",89.51,90.73,89.31,89.55,6410400,84.29
"2012-07-20",88.83,89.32,88.19,88.89,6255300,83.67
"2012-07-23",88.31,88.96,87.78,87.99,4037100,82.83
"2012-07-24",87.89,88.4,87.02,87.69,4915000,82.54
"2012-07-25",87.81,88.07,86.83,86.89,4566700,81.79
"2012-07-26",87.89,89.01,87.89,88.6,5348600,83.4
"2012-07-27",88.42,90.99,87.75,90.3,6680300,85
"2012-07-30",89.9,91.39,89.87,91.18,4151500,85.83
"2012-07-31",91.17,91.81,90.85,91.44,5541000,86.07
"2012-08-01",91.45,91.79,90.25,90.64,3362100,85.32
"2012-08-02",90.3,90.92,89.55,90.07,3962700,84.78
"2012-08-03",91.17,92,90.73,91.93,4123300,86.53
"2012-08-06",92,93.15,91.8,92.23,4546100,86.82
"2012-08-07",92.66,92.89,91.25,91.32,4299500,85.96
"2012-08-08",91.2,92.01,90.56,91.77,3403700,86.38
"2012-08-09",91.77,91.97,91.04,91.38,2807700,86.02
"2012-08-10",91.1,92.43,91.06,92.21,2640000,86.8
"2012-08-13",91.98,92.49,91.68,92.43,2418100,87.01
"2012-08-14",92.49,93.48,92.11,93.14,4051500,87.67
"2012-08-15",92.98,93.26,92.27,92.97,4163600,87.51
"2012-08-16",92.46,93.48,92.08,93.29,4595400,87.81
"2012-08-17",93.48,93.5,92.73,93.38,4161600,87.9
"2012-08-20",93.39,93.6,92.99,93.17,2919500,87.7
"2012-08-21",93.14,93.29,91.59,91.71,3779700,86.33
"2012-08-22",91.39,91.59,90.85,90.87,3905800,85.54
"2012-08-23",90.68,90.85,88.68,88.69,6914900,83.48
"2012-08-24",88.56,89.99,88.28,89.76,5397900,84.49
"2012-08-27",89.79,90.49,89.68,90.09,2943300,84.8
"2012-08-28",89.8,91.24,89.78,90.88,3094500,85.55
"2012-08-29",91.48,91.99,90.76,90.78,4027700,85.45
"2012-08-30",90.84,90.96,90.31,90.55,2666900,85.24
"2012-08-31",90.81,91.56,89.3,89.3,6626500,84.06
"2012-09-04",89.44,89.95,89.17,89.63,3917000,84.37
"2012-09-05",89.52,89.88,89,89.09,3766600,83.86
"2012-09-06",89.11,90.1,89,89.48,5497600,84.23
"2012-09-07",89.4,89.88,88.67,88.83,4860000,83.62
"2012-09-10",88.64,88.85,87.97,88.62,4862200,83.42
"2012-09-11",88.71,89.07,88.38,88.38,4193300,83.19
"2012-09-12",88.59,88.59,86.11,86.67,8388100,81.58
"2012-09-13",87.03,90.57,86.8,90.15,17534600,84.86
"2012-09-14",89.6,90.05,88.84,89.48,19859500,84.23
"2012-09-17",89.36,90.91,89.35,90.69,18849900,85.37
"2012-09-18",90.69,91.85,90.51,91.51,4473800,86.14
"2012-09-19",91.3,91.93,90.82,91.64,4209700,86.26
"2012-09-20",91.51,92.25,91.51,92.13,5467100,86.72
"2012-09-21",92.3,92.59,92.03,92.14,6761500,86.73
"2012-09-24",92.01,92.32,91.5,92.13,3907400,86.72
"2012-09-25",91.49,91.95,90.06,90.08,4973400,85.58
"2012-09-26",90.09,90.95,89.94,90.41,3910900,85.9
"2012-09-27",90.56,91.02,89.94,90.66,3860900,86.13
"2012-09-28",90.5,90.5,89.73,89.94,5092900,85.45
"2012-10-01",90.27,91.17,90,90.71,4336200,86.18
"2012-10-02",91.1,92,91.1,91.85,3879800,87.26
"2012-10-03",91.92,92.94,91.85,92.77,3823800,88.14
"2012-10-04",93.04,94,92.99,93.31,3516700,88.65
"2012-10-05",93.75,94.13,93.4,93.74,3906800,89.06
"2012-10-08",93.7,93.86,93.03,93.35,2944600,88.69
"2012-10-09",92.78,93.23,91.49,91.5,4057500,86.93
"2012-10-10",91.66,92.36,90.7,90.78,3794600,86.25
"2012-10-11",91.84,91.84,90.62,90.84,4422300,86.3
"2012-10-12",91.48,92.78,91.37,91.7,3617300,87.12
"2012-10-15",92.15,92.31,91.5,92.06,4761400,87.46
"2012-10-16",92.49,92.8,91.94,92.52,2996300,87.9
"2012-10-17",92.21,92.82,91.83,91.85,4829300,87.26
"2012-10-18",89.08,90.36,87.96,88,8848900,83.61
"2012-10-19",88.16,89.57,88,88.12,7140900,83.72
"2012-10-22",88.28,89.41,88.1,89.2,4386700,84.75
"2012-10-23",88.51,88.51,87.4,87.91,4171500,83.52
"2012-10-24",87.8,88.43,87.51,87.73,3948800,83.35
"2012-10-25",88.32,88.56,87.53,87.73,3710500,83.35
"2012-10-26",87.95,88.97,87.48,88.28,4375000,83.87
"2012-10-31",89.24,89.5,88.26,88.56,5379100,84.14
"2012-11-01",88.97,89.43,87.56,87.59,5298000,83.22
"2012-11-02",87.65,88.47,86.87,86.93,9707000,82.59
"2012-11-05",86.61,87.45,85.66,86.79,4741200,82.46
"2012-11-06",87,87.86,86.92,87.39,4059800,83.03
"2012-11-07",87.16,87.59,86.34,86.35,5175400,82.04
"2012-11-08",86.42,87.22,85.52,85.55,4271600,81.28
"2012-11-09",84.77,86.48,84.53,85.42,3982600,81.16
"2012-11-12",85.32,86.21,84.9,84.98,3493200,80.74
"2012-11-13",84.59,85.55,84.35,84.42,5288800,80.21
"2012-11-14",84.4,85.17,82.24,82.39,8158500,78.28
"2012-11-15",82.2,84.03,82.1,83.97,7166800,79.78
"2012-11-16",84.21,85.2,83.89,84.93,6501000,80.69
"2012-11-19",85.59,86.86,85.54,86.86,5035500,82.52
"2012-11-20",86.93,88.13,86.86,88.1,5853300,83.7
"2012-11-21",88.18,88.88,88.01,88.72,3296700,84.29
"2012-11-23",89,90.43,88.9,90.41,2169500,85.9
"2012-11-26",89.84,90,89.14,89.87,3384100,85.38
"2012-11-27",90.52,90.52,89.07,89.13,4474400,84.68
"2012-11-28",89,90.04,88.25,89.91,5520800,85.42
"2012-11-29",89.97,90.84,89.49,90.33,5658300,85.82
"2012-11-30",89.93,90.4,89.56,89.88,7562500,85.39
"2012-12-03",90.01,90.49,89.73,89.8,3848200,85.32
"2012-12-04",89.81,89.95,88.95,88.95,4145400,84.51
"2012-12-05",89.07,89.42,88.18,88.53,6070300,84.11
"2012-12-06",88.65,89.57,88.38,88.67,4198900,84.24
"2012-12-07",88.67,89.7,88.67,89.47,3897500,85
"2012-12-10",89.16,89.96,88.99,89.07,3619300,84.62
"2012-12-11",89.49,89.72,88.17,88.46,4918500,84.04
"2012-12-12",88.9,89.7,88.51,88.78,4600700,84.35
"2012-12-13",88.69,89.2,87.91,88.2,3898500,83.8
"2012-12-14",87.51,88.3,87.51,87.75,4875800,83.37
"2012-12-17",87.95,88.47,87.11,87.39,5717300,83.03
"2012-12-18",87.28,87.45,85.38,86.51,8176600,82.19
"2012-12-19",86.52,86.76,84.62,84.65,9307000,80.42
"2012-12-20",84.44,85.57,83.79,85.5,7770400,81.27
"2012-12-21",85.19,85.76,84.1,84.95,10896300,80.75
"2012-12-24",83.6,84.26,83.6,83.74,2435100,80.4
"2012-12-26",83.83,83.85,82.81,82.95,3509600,79.64
"2012-12-27",83.14,83.93,82.91,83.77,5230400,80.43
"2012-12-28",83.2,83.99,82.6,82.65,3911100,79.35
"2012-12-31",82.72,83.74,82.44,83.64,5705000,80.3
"2013-01-02",84.7,86.77,84.33,86.74,6499100,83.28
"2013-01-03",86.94,87.32,85.4,85.86,5817000,82.44
"2013-01-04",86,86.65,85.87,86.52,4205800,83.07
"2013-01-07",86.17,86.7,85.91,86.25,3980800,82.81
"2013-01-08",86.22,86.56,85.97,86.09,4426100,82.66
"2013-01-09",86.35,86.66,85.51,85.83,4776300,82.41
"2013-01-10",86.38,87.29,86.32,87.29,5312800,83.81
"2013-01-11",88.53,89.83,88.53,89.23,8106000,85.67
"2013-01-14",89.34,89.66,88.77,89.07,4521100,85.52
"2013-01-15",88.65,89.31,88.55,88.92,4439700,85.37
"2013-01-16",88.44,88.78,87.9,88.34,3400400,84.82
"2013-01-17",88.66,89.39,88.47,89.14,4568300,85.58
"2013-01-18",89.41,89.98,88.9,89.98,5443600,86.39
"2013-01-22",89.93,90.29,89.25,90.03,5937000,86.44
"2013-01-23",89.73,90,88.54,88.84,4865200,85.3
"2013-01-24",89.12,90,88.76,89.76,4403600,86.18
"2013-01-25",89.83,90,89,89.42,4499700,85.85
"2013-01-28",89.31,89.4,88.88,89,4549700,85.45
"2013-01-29",88.64,89.56,88.55,88.91,4972700,85.36
"2013-01-30",88.44,88.67,87.4,87.65,6468300,84.15
"2013-01-31",87.81,89.02,87.65,88.16,5045200,84.64
"2013-02-01",88.92,88.97,87.66,88.13,5420400,84.62
"2013-02-04",87.53,88.05,86.8,87.33,5808700,83.85
"2013-02-05",87.43,88.14,87.31,87.96,4546200,84.45
"2013-02-06",87.75,87.92,87.36,87.69,3920500,84.19
"2013-02-07",87.15,90,86.85,89.82,7478500,86.24
"2013-02-08",89.64,90.85,89.64,90.45,4366500,86.84
"2013-02-11",90.4,90.82,90.24,90.35,3283400,86.75
"2013-02-12",90.63,90.73,90.01,90.14,3638500,86.55
"2013-02-13",90.43,91.47,90.43,90.99,3852800,87.36
"2013-02-14",90.86,90.99,89.85,90.01,5268700,86.42
"2013-02-15",90.06,91,89.4,89.99,5235600,86.4
"2013-02-19",90.37,91.4,90.09,91.31,4428500,87.67
"2013-02-20",91.28,92.79,90.75,92.09,4866700,88.42
"2013-02-21",91.61,93.61,91.35,93.13,5990900,89.42
"2013-02-22",93.22,93.48,92.63,93.42,4070600,89.69
"2013-02-25",93.28,93.57,91.55,91.56,6398900,87.91
"2013-02-26",92.03,92.59,91.16,91.6,5150100,87.95
"2013-02-27",91.36,91.82,90.73,91.43,4801300,87.78
"2013-02-28",91.68,92.25,91.38,91.75,6038900,88.09
"2013-03-01",91.69,92.67,91.14,91.44,4554100,87.79
"2013-03-04",91.48,92.57,91.47,92.36,4116200,88.68
"2013-03-05",92.5,92.92,91.92,92.28,4552800,88.6
"2013-03-06",92.34,92.63,91.41,91.6,4083800,87.95
"2013-03-07",91.4,91.96,91.4,91.81,3178600,88.15
"2013-03-08",91.87,91.92,90.91,91.11,3946700,87.48
"2013-03-11",90.9,91.55,90.82,91.21,3249400,87.57
"2013-03-12",91.38,91.42,90.3,90.89,4420000,87.27
"2013-03-13",90.84,90.9,90.04,90.55,4122500,86.94
"2013-03-14",90.93,91.6,90.83,91.31,5079000,87.67
"2013-03-15",90.98,91.63,90.24,91.37,9899400,87.73
"2013-03-18",90.54,90.93,90.25,90.36,4503000,86.76
"2013-03-19",90.59,91.22,90.29,90.81,3717900,87.19
"2013-03-20",91,91.71,90.99,91.42,4184500,87.77
"2013-03-21",91.12,91.54,90.88,91.05,4008600,87.42
"2013-03-22",91,91.97,90.85,91.62,13665900,87.97
"2013-03-25",91.99,92.63,91.78,91.99,14448600,88.32
"2013-03-26",91.54,91.81,90.99,91.76,4675200,88.92
"2013-03-27",91.29,92.64,91.24,92,4168300,89.15
"2013-03-28",92.04,92.94,91.95,92.71,4424700,89.84
"2013-04-01",92.74,92.81,92.07,92.78,2946600,89.91
"2013-04-02",93.05,94.45,92.9,94.41,4619000,91.49
"2013-04-03",94.58,95.32,94.07,94.36,6293500,91.44
"2013-04-04",94.74,95.26,94.35,94.53,3820000,91.61
"2013-04-05",93.79,94,92.33,92.72,5033400,89.85
"2013-04-08",92.94,94.49,92.8,94.44,3674300,91.52
"2013-04-09",94.77,95.1,94.06,94.54,3295400,91.62
"2013-04-10",94.89,95.42,94.24,95.26,3744500,92.31
"2013-04-11",95.33,96.07,95.03,95.6,3718300,92.64
"2013-04-12",95.67,96.6,95.3,96.44,3944500,93.46
"2013-04-15",95.94,96.17,94.09,94.11,5015900,91.2
"2013-04-16",94.46,95.23,93.73,94.97,5630000,92.03
"2013-04-17",94.57,94.72,93.52,94.04,4342800,91.13
"2013-04-18",92,92.62,90.7,91.69,8277400,88.85
"2013-04-19",91.94,92.6,91.5,91.95,5951000,89.11
"2013-04-22",91.9,92.95,91.67,92.82,4176900,89.95
"2013-04-23",93.28,93.88,92,93.6,4274000,90.71
"2013-04-24",93.77,94.94,93.64,94.05,5209100,91.14
"2013-04-25",94.47,94.81,94.21,94.64,3363200,91.71
"2013-04-26",94.77,95.72,94.67,95.31,4369700,92.36
"2013-04-29",95.31,96.12,94.96,95.96,3802700,92.99
"2013-04-30",95.83,95.9,95.06,95.59,3716400,92.63
"2013-05-01",95.32,96.73,95.22,95.67,5123100,92.71
"2013-05-02",95.88,96.04,94.54,95.01,5691600,92.07
"2013-05-03",95.46,95.6,94.05,94.26,5661500,91.34
"2013-05-06",93.78,94.08,92.85,93.11,6189600,90.23
"2013-05-07",93.12,93.89,93,93.61,4977600,90.71
"2013-05-08",93.65,94.56,93.47,94.51,4239000,91.59
"2013-05-09",94.38,94.54,93.43,93.71,3770900,90.81
"2013-05-10",93.95,94.1,93,93.32,5357900,90.43
"2013-05-13",93.16,94.54,93.03,94.04,4749300,91.13
"2013-05-14",93.97,95.04,93.84,94.96,4634400,92.02
"2013-05-15",95.06,96.31,94.97,96.3,5042600,93.32
"2013-05-16",95.81,96.32,95.25,95.44,5138800,92.49
"2013-05-17",95.53,96.01,94.96,95.68,5141000,92.72
"2013-05-20",95.68,95.75,94.75,95,3855300,92.06
"2013-05-21",94.94,94.97,93.69,94.4,5202400,91.48
"2013-05-22",93.94,95.33,93.75,93.97,7011900,91.06
"2013-05-23",93.4,94.6,93.3,94.31,5458000,91.39
"2013-05-24",93.86,94.43,93.33,94.12,3815700,91.21
"2013-05-28",94.89,95.6,93.16,93.36,6276300,90.47
"2013-05-29",92.67,92.74,91.45,92.25,6789000,89.4
"2013-05-30",92.25,92.91,92.02,92.42,4373900,89.56
"2013-05-31",91.97,92.57,90.89,90.91,7408600,88.1
"2013-06-03",90.95,92.66,90.2,92.38,6554000,89.52
"2013-06-04",92.38,92.82,91.42,91.89,4728500,89.05
"2013-06-05",91.66,91.72,90.41,90.47,4480200,87.67
"2013-06-06",90.15,92,89.43,92,9930500,89.15
"2013-06-07",92.65,93.07,91.07,92.09,5650600,89.24
"2013-06-10",92.26,92.73,91.41,91.63,3888200,88.8
"2013-06-11",91.09,92.33,90.85,91.23,3648100,88.41
"2013-06-12",91.7,92.15,91.1,91.65,4194800,88.82
"2013-06-13",91.74,92.77,91.36,92.58,3899900,89.72
"2013-06-14",92.32,93.17,91.97,92.12,3811100,89.27
"2013-06-17",92.43,93,91.82,92.47,4584500,89.61
"2013-06-18",92.51,92.88,91.94,92.65,2888100,89.78
"2013-06-19",92.73,93.13,90.26,90.26,4843400,87.47
"2013-06-20",89.86,89.86,86.33,86.63,9511400,83.95
"2013-06-21",87.48,88.44,86.65,87.46,11088400,84.76
"2013-06-24",86.61,88.03,86.05,86.85,6824800,84.16
"2013-06-25",86.57,86.94,86.05,86.5,6387200,84.65
"2013-06-26",87.12,88.41,86.94,87.54,6448100,85.67
"2013-06-27",88.37,88.96,87.69,87.78,5276500,85.91
"2013-06-28",87.5,88.32,86.56,86.62,11121000,84.77
"2013-07-01",87.11,87.96,87.11,87.53,5338100,85.66
"2013-07-02",87.39,88.38,87.05,87.56,4775900,85.69
"2013-07-03",87.08,88.18,86.8,87.75,2070400,85.88
"2013-07-05",88.12,88.25,86.58,87.51,3039500,85.64
"2013-07-08",88.01,89.12,87.78,88.57,4373500,86.68
"2013-07-09",89.28,89.9,88.93,89.18,4290500,87.28
"2013-07-10",89.22,89.91,88.22,88.43,5005700,86.54
"2013-07-11",89.84,91.08,89.66,90.34,5808600,88.41
"2013-07-12",90.99,91.4,89.04,89.7,4957000,87.78
"2013-07-15",89.68,90.18,89.21,89.61,3612400,87.7
"2013-07-16",89.52,90.75,89.31,89.95,4933700,88.03
"2013-07-17",90.26,90.65,89.71,89.71,4354200,87.79
"2013-07-18",88.28,90.2,87.65,89.25,6148200,87.34
"2013-07-19",89.31,89.49,88.45,88.61,5242400,86.72
"2013-07-22",89,90.1,88.57,89.23,4326700,87.32
"2013-07-23",89.2,89.68,88.58,88.78,4164800,86.88
"2013-07-24",88.84,88.93,87.89,88.54,5171600,86.65
"2013-07-25",88.09,89.67,88.09,89.22,3956400,87.32
"2013-07-26",88.68,88.99,87.72,88.88,3825700,86.98
"2013-07-29",88.6,89.14,88.35,88.67,3250200,86.78
"2013-07-30",89.1,89.44,88.67,89.17,3672200,87.27
"2013-07-31",89.14,89.94,88.83,89.18,5371200,87.28
"2013-08-01",89.61,89.9,89.37,89.71,5262700,87.79
"2013-08-02",89.39,89.75,89.11,89.59,3507000,87.68
"2013-08-05",89.39,89.56,88.71,89.22,2791100,87.32
"2013-08-06",89.01,89.17,88.56,88.77,4230000,86.87
"2013-08-07",88.65,88.65,87.88,88.21,4218900,86.33
"2013-08-08",88.52,89.8,88.41,89.36,4193400,87.45
"2013-08-09",89.35,89.57,88.43,88.7,3338200,86.81
"2013-08-12",88.21,88.73,88,88.3,2918500,86.41
"2013-08-13",88.21,88.59,87.58,88.33,3035900,86.44
"2013-08-14",88.52,88.98,87.81,88.18,2942200,86.3
"2013-08-15",87.79,88.03,86.95,87.14,3630400,85.28
"2013-08-16",86.7,87.15,85.6,85.75,4711100,83.92
"2013-08-19",85.6,85.8,85.06,85.16,4447100,83.34
"2013-08-20",85.22,85.24,84.18,84.21,5963200,82.41
"2013-08-21",84.13,84.81,83.67,83.77,7091700,81.98
"2013-08-22",83.74,84.37,83.74,84.17,4718800,82.37
"2013-08-23",84.35,85.64,84.27,85.37,4331400,83.55
"2013-08-26",85.5,85.65,84.41,84.41,3420100,82.61
"2013-08-27",83.99,84.59,83.53,84.11,5002600,82.31
"2013-08-28",83.77,83.81,82.9,82.95,6096300,81.18
"2013-08-29",83.03,84.42,82.86,83.88,4510700,82.09
"2013-08-30",83.67,84,83.15,83.44,4386000,81.66
"2013-09-03",83.83,84.39,83.16,83.4,4725500,81.62
"2013-09-04",83.28,84.31,83.2,83.85,3708000,82.06
"2013-09-05",83.96,84.75,83.69,84.1,4310700,82.3
"2013-09-06",84.38,84.62,83.56,84.19,3574500,82.39
"2013-09-09",84.41,84.52,83.73,84.51,3965200,82.71
"2013-09-10",84.79,84.91,84.04,84.23,4462500,82.43
"2013-09-11",84.69,86.58,84.61,86.56,5591800,84.71
"2013-09-12",86.6,86.73,85.98,86.28,4237800,84.44
"2013-09-13",86.49,87.88,86.49,87.78,4455700,85.91
"2013-09-16",88.68,89.08,87.73,87.85,4262900,85.97
"2013-09-17",87.77,88.35,87.72,88.22,4154100,86.34
"2013-09-18",88.31,90.22,87.83,89.95,5829800,88.03
"2013-09-19",90.08,91.25,89.89,90.54,4761800,88.61
"2013-09-20",90.66,90.96,90.36,90.47,20793500,88.54
"2013-09-23",90.12,90.16,89.26,89.75,13825500,87.83
"2013-09-24",88.49,88.55,87.27,87.41,5731000,86.45
"2013-09-25",87.4,87.6,86.56,86.91,3990000,85.95
"2013-09-26",87.02,87.72,86.77,87.69,3597600,86.73
"2013-09-27",87.26,87.46,86.72,87.33,3319400,86.37
"2013-09-30",86.72,87.21,86.28,86.59,4288500,85.64
"2013-10-01",86.73,87.43,86.52,87.37,3538600,86.41
"2013-10-02",86.98,87.77,86.57,87.72,4335900,86.76
"2013-10-03",87.54,87.95,86.8,87.49,3987700,86.53
"2013-10-04",87.44,87.69,86.74,87.04,3600100,86.08
"2013-10-07",86.63,87.26,86.47,86.58,3728500,85.63
"2013-10-08",86.42,87.03,85.9,85.94,4643400,85
"2013-10-09",86.08,86.42,84.16,84.16,7307300,83.23
"2013-10-10",84.8,86.2,84.8,86.16,5831400,85.21
"2013-10-11",86.29,86.71,84.71,85.03,5988600,84.1
"2013-10-14",84.69,87.05,84.66,86.69,4534500,85.74
"2013-10-15",86.56,86.56,85.4,85.5,4978700,84.56
"2013-10-16",85.95,86.25,85.4,86.09,4808700,85.14
"2013-10-17",85.83,87.5,85.79,86.89,6286300,85.93
"2013-10-18",86.85,87.24,86.11,86.93,5654300,85.97
"2013-10-21",86.64,86.97,86.38,86.85,3437900,85.9
"2013-10-22",86.77,87.92,86.21,87.78,5247600,86.82
"2013-10-23",87.4,88.82,87.29,88.12,4229100,87.15
"2013-10-24",88.65,89.21,88.01,88.18,5116000,87.21
"2013-10-25",87.77,88.65,87.69,88.6,4610000,87.63
"2013-10-28",88.73,90.38,88.51,89.9,5250800,88.91
"2013-10-29",90.1,90.5,89.4,90.36,4294300,89.37
"2013-10-30",90.59,90.66,89.31,89.34,3723500,88.36
"2013-10-31",89.23,90.1,88.8,89.12,5339800,88.14
"2013-11-01",89.36,90.15,89.2,89.76,4094500,88.77
"2013-11-04",90.15,90.35,89.59,90.25,3589200,89.26
"2013-11-05",90.07,90.49,89.83,90.13,3085100,89.14
"2013-11-06",90.44,91.24,90.28,91.01,3902600,90.01
"2013-11-07",91.04,91.25,89.59,89.97,5184400,88.98
"2013-11-08",89.74,89.79,88.71,89.41,4972600,88.43
"2013-11-11",89.36,90.97,89.25,89.73,3417700,88.74
"2013-11-12",89.61,89.76,88.83,89.75,3910100,88.76
"2013-11-13",89.4,90.72,89.36,90.62,3723300,89.62
"2013-11-14",90.67,91.24,90.59,90.7,3765700,89.7
"2013-11-15",90.55,91.4,90.48,91.36,4089300,90.36
"2013-11-18",91.32,91.81,91.32,91.64,3463800,90.63
"2013-11-19",91.45,91.68,91.04,91.47,3162500,90.46
"2013-11-20",91.53,91.81,88.6,89.3,10067500,88.32
"2013-11-21",87.34,87.96,84.9,86.6,15638000,85.65
"2013-11-22",86.78,87.29,86.28,86.95,7114700,85.99
"2013-11-25",87.14,87.18,86.21,86.29,4688400,85.34
"2013-11-26",86.12,86.37,84.86,85.48,8403300,84.54
"2013-11-27",85.44,85.77,85.25,85.5,3626400,84.56
"2013-11-29",85.75,86.01,85.3,85.54,2990400,84.6
"2013-12-02",85.33,85.7,85,85.07,3904000,84.13
"2013-12-03",84.85,85.76,84.85,85.76,5200800,84.82
"2013-12-04",85.32,86.04,85.01,85.91,4495400,84.97
"2013-12-05",85.69,86.09,85.11,85.51,5591800,84.57
"2013-12-06",86.31,86.55,85.6,85.83,4844800,84.89
"2013-12-09",86.04,86.44,85.59,86.35,4597600,85.4
"2013-12-10",86.25,86.49,85.38,85.79,4756300,84.85
"2013-12-11",86.01,86.29,85.51,85.92,5352100,84.98
"2013-12-12",85.73,85.85,85.21,85.32,4616800,84.38
"2013-12-13",85.45,85.58,84.9,85.24,3650000,84.3
"2013-12-16",85.27,85.27,84.62,84.75,5500600,83.82
"2013-12-17",84.71,84.86,84.32,84.65,5663200,83.72
"2013-12-18",84.99,85.56,83.81,85.48,6874300,84.54
"2013-12-19",85.33,85.68,84.82,85.48,5667300,84.54
"2013-12-20",85.55,85.86,85.31,85.52,9643600,84.58
"2013-12-23",84.84,85.39,84.33,85.25,4166600,85.25
"2013-12-24",85.09,85.99,85.01,85.43,1909600,85.43
"2013-12-26",85.48,86.14,85.43,86.01,2624000,86.01
"2013-12-27",86.2,86.93,86.09,86.74,3046000,86.74
"2013-12-30",86.57,86.89,85.84,86.6,3908300,86.6
"2013-12-31",86.63,87.34,86.42,87.13,3799000,87.13
"2014-01-02",87,87.2,85.75,86.02,3748000,86.02
"2014-01-03",86.25,86.5,85.51,85.53,3847000,85.53
"2014-01-06",85.55,85.57,84.55,84.93,5323900,84.93
"2014-01-07",85.12,85.67,84.53,84.68,7502500,84.68
"2014-01-08",84.5,84.61,82.93,83.27,10906300,83.27
"2014-01-09",83.25,83.63,82.61,83.31,6690100,83.31
"2014-01-10",83.96,84.05,82.41,82.57,9047600,82.57
"2014-01-13",82.44,82.96,82.27,82.45,6999000,82.45
"2014-01-14",82.74,83,82.31,82.45,6103200,82.45
"2014-01-15",82.45,83.3,82.35,83.08,5525800,83.08
"2014-01-16",82.96,84.55,82.62,84.52,6866200,84.52
"2014-01-17",84.13,84.26,83.2,83.33,6171600,83.33
"2014-01-21",84.32,84.54,83.41,83.99,4528100,83.99
"2014-01-22",83.92,84.41,83.45,84.19,3401900,84.19
"2014-01-23",83.61,84.41,83,83.54,4534300,83.54
"2014-01-24",82.96,83.18,81.5,81.5,8040200,81.5
"2014-01-27",81.63,81.86,80.77,80.78,5444200,80.78
"2014-01-28",80.89,81.01,80.51,80.81,5951100,80.81
"2014-01-29",80.47,80.47,78.33,79.44,10371500,79.44
"2014-01-30",79.61,79.8,78.93,79.09,7011600,79.09
"2014-01-31",78.31,78.95,77.19,78.14,8001800,78.14
"2014-02-03",78.09,78.19,75.28,75.39,9837000,75.39
"2014-02-04",75.85,77.23,75.57,76.88,7917900,76.88
"2014-02-05",76.56,77.08,76.06,76.9,7038800,76.9
"2014-02-06",76.88,78.79,76.66,78.11,8400900,78.11
"2014-02-07",78.33,80.29,78.17,80.25,8628100,80.25
"2014-02-10",79.95,80.1,78.44,78.81,6526000,78.81
"2014-02-11",78.61,79.5,78.01,79.46,6011300,79.46
"2014-02-12",79.64,79.66,78.31,78.44,5160000,78.44
"2014-02-13",78.25,79.32,77.55,79.24,4595200,79.24
"2014-02-14",79.31,80.55,78.88,80.39,6641400,80.39
"2014-02-18",80.21,80.94,80,80.01,5987900,80.01
"2014-02-19",79.77,80.19,79.5,79.6,4469700,79.6
"2014-02-20",79.63,80.15,79.25,79.71,4545900,79.71
"2014-02-21",79.64,79.94,78.9,78.97,5425100,78.97
"2014-02-24",78.79,79.64,78.52,79.17,5043600,79.17
"2014-02-25",79.4,80.09,79.33,79.93,5361500,79.93
"2014-02-26",80.05,80.08,78.92,79.5,5278200,79.5
"2014-02-27",79.5,81.14,79.35,80.78,5974200,80.78
"2014-02-28",81.16,81.6,80.51,80.91,4569000,80.91
"2014-03-03",80.25,80.97,79.77,80.45,5289900,80.45
"2014-03-04",81,81.86,80.99,81.58,5595700,81.58
"2014-03-05",81.87,81.88,80.77,81.07,3844300,81.07
"2014-03-06",81.2,81.5,80.79,80.91,5150000,80.91
"2014-03-07",81.02,81.04,79.22,80.34,5384600,80.34
"2014-03-10",80.32,80.57,80.04,80.43,4571400,80.43
"2014-03-11",80.62,80.85,79.15,79.52,5318200,79.52
"2014-03-12",79.15,79.45,78.79,79.17,4363900,79.17
"2014-03-13",79.41,79.89,79.06,79.23,4285700,79.23
"2014-03-14",79.25,80.48,79.18,79.89,4777900,79.89
"2014-03-17",80.01,80.68,80,80.28,4453800,80.28
