"","RHT.Open","RHT.High","RHT.Low","RHT.Close","RHT.Volume","RHT.Adjusted"
"2007-01-03",22.91,23.1,21.76,22.17,3728300,22.17
"2007-01-04",22.88,22.88,21.61,22.67,2915900,22.67
"2007-01-05",22.37,22.5,22.1,22.24,2014900,22.24
"2007-01-08",22.23,22.59,22,22.34,2694800,22.34
"2007-01-09",22.09,22.39,21.9,22.11,2806100,22.11
"2007-01-10",22.02,22.34,21.96,22.11,2058000,22.11
"2007-01-11",22,22.65,22,22.37,2963700,22.37
"2007-01-12",22.45,22.45,21.88,22.16,2048900,22.16
"2007-01-16",21.96,22.44,21.95,22.18,1257800,22.18
"2007-01-17",22.36,22.59,22.22,22.48,1841000,22.48
"2007-01-18",22.48,22.48,20.71,20.96,5135500,20.96
"2007-01-19",21.46,21.81,21.3,21.69,3929100,21.69
"2007-01-22",21.69,22,21.58,21.79,3007800,21.79
"2007-01-23",21.8,21.94,21.54,21.73,2549300,21.73
"2007-01-24",21.74,22.19,21.74,22.05,1299200,22.05
"2007-01-25",22,22.27,21.96,22.25,2052900,22.25
"2007-01-26",22.3,22.39,22,22.24,1413800,22.24
"2007-01-29",22.34,22.53,21.93,22.2,1662500,22.2
"2007-01-30",22.14,22.8,22.14,22.72,2432900,22.72
"2007-01-31",22.22,22.75,22.05,22.73,2327700,22.73
"2007-02-01",22.89,22.89,22.57,22.8,1851500,22.8
"2007-02-02",22.79,22.95,22.49,22.68,2071800,22.68
"2007-02-05",22.78,22.87,22.53,22.54,2495500,22.54
"2007-02-06",22.98,22.98,22.48,22.83,2660600,22.83
"2007-02-07",22.84,23.73,22.7,23.35,3449200,23.35
"2007-02-08",23.24,24.22,23.13,24.1,2669200,24.1
"2007-02-09",24.19,24.34,23.74,24,3942300,24
"2007-02-12",24,24.75,23.84,24.58,3688200,24.58
"2007-02-13",25,25.15,24.16,24.27,3107300,24.27
"2007-02-14",24.29,25,24.02,24.23,2702300,24.23
"2007-02-15",24.24,24.54,23.77,23.81,2686600,23.81
"2007-02-16",23.67,24,23.55,24,1889300,24
"2007-02-20",24,24.71,23.96,24.37,1785000,24.37
"2007-02-21",24.27,24.48,23.92,23.95,1169700,23.95
"2007-02-22",23.76,24.13,23.59,23.65,1280300,23.65
"2007-02-23",23.67,24.29,23,23.6,1704700,23.6
"2007-02-26",24.07,24.5,23.75,23.79,2574400,23.79
"2007-02-27",23.49,23.72,22.5,22.85,2066500,22.85
"2007-02-28",22.81,22.95,22.36,22.45,2008400,22.45
"2007-03-01",21.89,22.79,21.3,22.71,1567700,22.71
"2007-03-02",22.52,22.72,21.87,22.01,1534400,22.01
"2007-03-05",21.25,21.9,21.22,21.71,1823300,21.71
"2007-03-06",22.15,22.36,21.71,22.12,1713000,22.12
"2007-03-07",22.23,22.35,21.55,21.7,2776500,21.7
"2007-03-08",21.87,22.5,21.87,22.3,1833600,22.3
"2007-03-09",22.32,22.77,22.25,22.67,1614100,22.67
"2007-03-12",22.68,23.15,22.6,22.94,1217800,22.94
"2007-03-13",21.99,22.92,21.99,22.71,1157100,22.71
"2007-03-14",22.7,22.88,22.37,22.52,2008900,22.52
"2007-03-15",22.4,22.83,22.27,22.52,2115300,22.52
"2007-03-16",22.52,22.82,22.51,22.64,1090700,22.64
"2007-03-19",22.67,23.04,22.53,22.91,1056200,22.91
"2007-03-20",22.91,23.1,22.56,22.98,1470000,22.98
"2007-03-21",23.1,24.08,22.89,23.83,2536800,23.83
"2007-03-22",23.77,24.48,23.64,24.15,1944400,24.15
"2007-03-23",24.16,24.41,23.92,24.24,1280000,24.24
"2007-03-26",24.22,24.37,23.74,23.78,1701200,23.78
"2007-03-27",23.97,23.97,23.66,23.7,2301200,23.7
"2007-03-28",23.63,23.63,23.14,23.52,1723200,23.52
"2007-03-29",23.7,23.7,22.75,23.14,3123000,23.14
"2007-03-30",23.9,24.05,22.08,22.93,7234000,22.93
"2007-04-02",22.93,22.93,22.31,22.31,2150400,22.31
"2007-04-03",22.33,22.5,22.04,22.12,2653300,22.12
"2007-04-04",22.03,22.45,22.01,22.15,1687300,22.15
"2007-04-05",22.1,22.14,21.95,22,1221500,22
"2007-04-09",22.1,22.12,21.6,21.87,2045900,21.87
"2007-04-10",21.88,21.89,21.35,21.7,3337900,21.7
"2007-04-11",21.7,21.91,21.34,21.46,1479400,21.46
"2007-04-12",21.4,22.43,21.38,22.4,3430800,22.4
"2007-04-13",22.5,22.5,22.02,22.35,1989700,22.35
"2007-04-16",22.34,22.34,22.05,22.19,2635200,22.19
"2007-04-17",22.32,22.68,22.27,22.66,1819800,22.66
"2007-04-18",22.65,22.93,22.43,22.7,1550300,22.7
"2007-04-19",23,23,22.1,22.17,2059700,22.17
"2007-04-20",22.28,22.36,22.01,22.17,1373400,22.17
"2007-04-23",22.23,22.35,22.08,22.2,1255500,22.2
"2007-04-24",22.1,22.22,21.67,21.85,2003300,21.85
"2007-04-25",21.86,22.16,21.79,22.14,1272300,22.14
"2007-04-26",22.02,22.12,21.7,21.88,1336100,21.88
"2007-04-27",21.77,21.93,21.55,21.8,1232100,21.8
"2007-04-30",21.74,21.94,21.11,21.14,1484700,21.14
"2007-05-01",21.11,21.12,20.5,20.59,2733800,20.59
"2007-05-02",20.56,20.85,20.45,20.81,2410400,20.81
"2007-05-03",21,21.28,20.79,21.28,2011900,21.28
"2007-05-04",21.29,21.66,21.14,21.6,1568500,21.6
"2007-05-07",21.48,22.54,21.43,22.39,2790500,22.39
"2007-05-08",22.52,22.7,21.91,22.2,2382400,22.2
"2007-05-09",22.1,22.45,21.84,22.3,1405900,22.3
"2007-05-10",22.16,22.75,21.9,22.3,2599700,22.3
"2007-05-11",22.28,22.83,22.17,22.75,1323800,22.75
"2007-05-14",22.65,22.93,22.39,22.49,3235700,22.49
"2007-05-15",22.49,22.5,21.95,21.95,1559500,21.95
"2007-05-16",21.94,22.19,21.71,22.17,1145500,22.17
"2007-05-17",22.18,22.28,21.91,22.16,905600,22.16
"2007-05-18",22.12,22.57,22.12,22.57,2170600,22.57
"2007-05-21",22.58,22.76,22.45,22.53,2381700,22.53
"2007-05-22",23.3,23.5,22.9,23.28,3880800,23.28
"2007-05-23",23.3,23.44,22.97,23.05,1261900,23.05
"2007-05-24",22.96,22.96,21.83,21.93,2275100,21.93
"2007-05-25",22.01,22.28,21.71,21.91,1379500,21.91
"2007-05-29",22.05,22.5,22.05,22.26,1062800,22.26
"2007-05-30",22.26,23.05,22.26,22.95,2597300,22.95
"2007-05-31",23.75,24.73,23.6,24.56,5020800,24.56
"2007-06-01",24.88,25.25,24.4,24.57,8579200,24.57
"2007-06-04",24.58,24.79,24.1,24.42,2548900,24.42
"2007-06-05",24.38,24.74,24.25,24.33,3120900,24.33
"2007-06-06",24.21,24.59,24.13,24.17,2210000,24.17
"2007-06-07",24.34,24.55,23.55,23.66,2611100,23.66
"2007-06-08",23.58,23.94,23.53,23.74,1230900,23.74
"2007-06-11",23.85,24.39,23.5,23.64,1581700,23.64
"2007-06-12",23.5,23.83,23.03,23.23,2618100,23.23
"2007-06-13",23.35,23.98,22.79,23.34,1947000,23.34
"2007-06-14",23.45,23.98,23.28,23.35,2443000,23.35
"2007-06-15",23.5,23.75,23.22,23.28,1185200,23.28
"2007-06-18",23.24,23.46,23.16,23.27,786300,23.27
"2007-06-19",23.13,23.58,23.05,23.42,2769500,23.42
"2007-06-20",23.4,24.37,23.4,23.8,1961600,23.8
"2007-06-21",23.8,24.22,23.71,24.22,1205100,24.22
"2007-06-22",24.35,24.35,23.64,23.86,1078000,23.86
"2007-06-25",23.78,24.11,23.41,23.44,958800,23.44
"2007-06-26",23.42,23.75,23.17,23.36,2175600,23.36
"2007-06-27",23.15,24.5,23.11,24.19,3437700,24.19
"2007-06-28",23.75,23.75,22.19,22.37,9320200,22.37
"2007-06-29",22.45,22.68,22,22.28,2546100,22.28
"2007-07-02",22,22.07,21.68,21.75,2877600,21.75
"2007-07-03",21.71,21.86,21.71,21.83,846600,21.83
"2007-07-05",21.75,21.76,21.41,21.6,1583300,21.6
"2007-07-06",21.55,21.6,21.31,21.48,1268400,21.48
"2007-07-09",21.39,21.44,20.87,20.97,2969500,20.97
"2007-07-10",20.97,21.22,20.88,21.15,1905800,21.15
"2007-07-11",21.24,21.37,20.95,21.26,1902600,21.26
"2007-07-12",21.4,21.7,21.26,21.7,2426700,21.7
"2007-07-13",21.72,21.72,21.31,21.38,1993100,21.38
"2007-07-16",21.86,21.86,21.11,21.55,1779300,21.55
"2007-07-17",21.52,21.95,21.35,21.84,2057800,21.84
"2007-07-18",21.65,21.67,21.35,21.5,1610600,21.5
"2007-07-19",21.73,21.77,21.38,21.7,1931400,21.7
"2007-07-20",21.86,22.2,21.73,22.18,2220600,22.18
"2007-07-23",22.08,22.19,21.51,21.72,2018500,21.72
"2007-07-24",21.71,22.35,21.59,22.15,3020200,22.15
"2007-07-25",22,22.23,21.8,22.08,1653700,22.08
"2007-07-26",22,22.43,21.3,21.82,2086100,21.82
"2007-07-27",21.87,22.25,21.42,21.5,2003500,21.5
"2007-07-30",21.66,21.66,20.9,21.05,2401800,21.05
"2007-07-31",21.07,21.24,20.75,20.82,1970800,20.82
"2007-08-01",20.74,20.85,19.82,20.79,3326000,20.79
"2007-08-02",21.02,21.22,20.63,20.83,2511000,20.83
"2007-08-03",20.7,20.86,19.99,19.99,2347300,19.99
"2007-08-06",19.9,21.35,19.72,21.25,2642200,21.25
"2007-08-07",21.25,21.46,20.65,21.25,2181300,21.25
"2007-08-08",21.35,22.69,21.18,22.69,3037500,22.69
"2007-08-09",22.53,23.82,22.22,22.3,3921400,22.3
"2007-08-10",21.83,22.92,21.65,21.98,2730200,21.98
"2007-08-13",22.19,22.19,21.23,21.77,1527800,21.77
"2007-08-14",21.69,22.04,20.97,21.05,1500600,21.05
"2007-08-15",21.14,22.1,20.81,21.01,1790700,21.01
"2007-08-16",20.47,21.06,19.97,20.46,3569900,20.46
"2007-08-17",20.6,20.94,19.9,20.38,2082700,20.38
"2007-08-20",20.56,20.56,19.75,20.06,1985000,20.06
"2007-08-21",20.33,20.37,19.64,19.81,2084700,19.81
"2007-08-22",19.8,20,19.31,19.56,3271400,19.56
"2007-08-23",19.86,19.86,19.08,19.24,2300200,19.24
"2007-08-24",19.19,19.77,19.17,19.69,2297500,19.69
"2007-08-27",19.59,19.77,19,19.11,2687800,19.11
"2007-08-28",19.01,19.19,18.57,18.67,3146400,18.67
"2007-08-29",18.5,19.29,18.5,19.12,3605800,19.12
"2007-08-30",19.19,19.66,19.04,19.3,2405200,19.3
"2007-08-31",19.28,19.55,19.06,19.45,1523600,19.45
"2007-09-04",19.49,19.94,19.49,19.81,1756100,19.81
"2007-09-05",19.96,19.96,19.46,19.56,2008400,19.56
"2007-09-06",19.73,19.73,19.38,19.54,1534400,19.54
"2007-09-07",19.45,19.58,19.21,19.41,2001200,19.41
"2007-09-10",19.67,19.68,18.76,19.01,2226200,19.01
"2007-09-11",19.21,19.45,19.05,19.43,1658400,19.43
"2007-09-12",19.26,19.38,19.01,19.05,1664500,19.05
"2007-09-13",19.12,19.22,19.01,19.13,891700,19.13
"2007-09-14",19.02,19.18,18.91,19.08,1203600,19.08
"2007-09-17",19,19.39,18.31,19.25,2806600,19.25
"2007-09-18",19.33,19.75,19.11,19.72,1848100,19.72
"2007-09-19",19.97,20.1,19.65,19.9,1361300,19.9
"2007-09-20",19.85,20.38,19.81,20.18,2445900,20.18
"2007-09-21",20.2,20.46,19.7,19.77,3166600,19.77
"2007-09-24",19.37,19.45,18.74,19,6421700,19
"2007-09-25",19,19.51,18.65,18.89,6057500,18.89
"2007-09-26",20.33,20.39,19.52,19.89,9009100,19.89
"2007-09-27",19.89,20,19.72,19.95,2396900,19.95
"2007-09-28",19.79,19.94,19.63,19.87,3071200,19.87
"2007-10-01",19.67,19.86,19.09,19.7,4088000,19.7
"2007-10-02",19.57,19.72,19.38,19.43,1871200,19.43
"2007-10-03",19.36,19.5,19.25,19.5,3029100,19.5
"2007-10-04",19.51,19.84,19.4,19.75,2464100,19.75
"2007-10-05",19.8,20.6,19.8,20.57,4063200,20.57
"2007-10-08",20.65,20.72,20.42,20.61,1242300,20.61
"2007-10-09",20.62,21.57,20.62,21.42,3790600,21.42
"2007-10-10",21.48,21.67,21.38,21.52,3436300,21.52
"2007-10-11",21.65,21.65,21.33,21.38,1758000,21.38
"2007-10-12",21.35,21.43,20.84,21.39,1812800,21.39
"2007-10-15",21.23,21.3,20.82,21,1393300,21
"2007-10-16",20.91,21.24,20.76,21,1802700,21
"2007-10-17",21.03,21.21,20.68,20.86,1834300,20.86
"2007-10-18",20.72,21.11,20.69,21.05,1119400,21.05
"2007-10-19",20.88,21.03,20.64,20.82,1665400,20.82
"2007-10-22",20.54,21.05,20.52,20.98,1015200,20.98
"2007-10-23",21,21.15,20.61,21,1731900,21
"2007-10-24",20.84,21,20.55,20.99,1280700,20.99
"2007-10-25",20.93,20.98,20.66,20.85,1600100,20.85
"2007-10-26",20.91,21.21,20.8,21.16,2273700,21.16
"2007-10-29",21.13,21.66,20.85,21.35,1546300,21.35
"2007-10-30",21.3,21.34,20.84,20.91,1276400,20.91
"2007-10-31",20.91,21.74,20.77,21.59,1828600,21.59
"2007-11-01",21.22,21.6,21.02,21.34,951500,21.34
"2007-11-02",21.47,21.67,21.26,21.5,1267100,21.5
"2007-11-05",21.5,21.97,21.16,21.88,1806800,21.88
"2007-11-06",21.9,22.48,21.82,22.43,2242500,22.43
"2007-11-07",21.98,22.67,21.98,22.11,1789400,22.11
"2007-11-08",22.25,22.25,20.56,21,2933700,21
"2007-11-09",20.69,20.99,20.21,20.23,2275200,20.23
"2007-11-12",19.7,21,19.7,19.9,2546700,19.9
"2007-11-13",19.87,20.27,19.72,20.14,1547500,20.14
"2007-11-14",20.07,20.36,19.9,19.98,1007600,19.98
"2007-11-15",19.7,19.97,19.35,19.58,2400600,19.58
"2007-11-16",19.52,19.75,19.23,19.47,1719100,19.47
"2007-11-19",19.14,19.5,18.71,18.91,2533100,18.91
"2007-11-20",19.15,19.15,18.48,18.9,1634200,18.9
"2007-11-21",18.57,18.88,18.45,18.65,1034000,18.65
"2007-11-23",18.69,18.75,18.2,18.62,659000,18.62
"2007-11-26",18.7,19.13,18.51,18.78,1721300,18.78
"2007-11-27",18.7,19.27,18.49,18.78,2212900,18.78
"2007-11-28",18.75,19.78,18.75,19.56,1910900,19.56
"2007-11-29",19.34,20.07,19.34,20.03,1879900,20.03
"2007-11-30",20.05,20.46,19.88,20.02,1537900,20.02
"2007-12-03",20.06,20.14,19.68,19.84,1376800,19.84
"2007-12-04",20,20.24,19.61,19.69,1510100,19.69
"2007-12-05",19.66,20.2,19.66,20.03,1598000,20.03
"2007-12-06",19.89,20.14,19.81,20.07,691000,20.07
"2007-12-07",20.01,20.19,19.81,20.01,646100,20.01
"2007-12-10",19.28,19.75,19.19,19.47,1447900,19.47
"2007-12-11",19.2,19.78,19.11,19.14,1255500,19.14
"2007-12-12",19.35,19.6,19.05,19.33,2297800,19.33
"2007-12-13",18.75,19.2,18.69,19.03,1950500,19.03
"2007-12-14",18.9,19.27,18.75,18.85,2129500,18.85
"2007-12-17",18.98,18.98,18.58,18.7,2857800,18.7
"2007-12-18",18.8,18.9,18.28,18.35,1716700,18.35
"2007-12-19",18.18,18.8,18.04,18.26,2599400,18.26
"2007-12-20",18.3,18.93,18.3,18.79,5105600,18.79
"2007-12-21",20.17,20.95,20,20.71,8019000,20.71
"2007-12-24",20.87,21.14,20.66,21.14,867500,21.14
"2007-12-26",21.03,21.23,20.85,21.15,1303000,21.15
"2007-12-27",21,21.32,20.95,21.04,1636000,21.04
"2007-12-28",20.95,21.25,20.95,21.12,1806300,21.12
"2007-12-31",21,21.21,20.74,20.84,1433500,20.84
"2008-01-02",20.84,21.05,20.42,20.6,2294200,20.6
"2008-01-03",20.51,20.87,20.51,20.71,1519700,20.71
"2008-01-04",20.55,20.75,20.25,20.34,3421500,20.34
"2008-01-07",20.45,20.51,19.97,20.18,3328000,20.18
"2008-01-08",20.08,20.54,19.88,19.89,2427500,19.89
"2008-01-09",19.84,20.46,19.76,19.95,4126300,19.95
"2008-01-10",20,20.2,19.52,19.85,3816800,19.85
"2008-01-11",19.53,19.8,19.53,19.65,1436700,19.65
"2008-01-14",19.66,20,19.45,19.85,1830300,19.85
"2008-01-15",19.67,19.85,19.19,19.26,2273400,19.26
"2008-01-16",19.02,19.42,18.59,18.68,5276600,18.68
"2008-01-17",18.7,19.01,18.07,18.27,3078400,18.27
"2008-01-18",18.43,18.78,17.97,18.17,4486800,18.17
"2008-01-22",17.54,18.21,17.32,17.68,3415000,17.68
"2008-01-23",16.98,17.85,16.82,17.81,4347900,17.81
"2008-01-24",17.86,18.23,17.62,18.16,3430300,18.16
"2008-01-25",18.27,18.5,17.88,17.95,3840700,17.95
"2008-01-28",17.73,18.01,17.49,17.85,2403700,17.85
"2008-01-29",17.92,18.29,17.56,17.58,2802700,17.58
"2008-01-30",17.72,18.57,17.51,18.04,3086000,18.04
"2008-01-31",17.7,19.06,17.7,18.67,3236000,18.67
"2008-02-01",18.93,19.35,18.8,19.14,2375900,19.14
"2008-02-04",19.13,19.5,19.04,19.33,1653200,19.33
"2008-02-05",19.09,19.17,18.6,18.68,2324500,18.68
"2008-02-06",18.82,18.86,18.18,18.26,1705100,18.26
"2008-02-07",18.17,18.37,17.97,18.18,1613400,18.18
"2008-02-08",18.04,18.64,18,18.2,1689000,18.2
"2008-02-11",18.18,18.42,18.08,18.24,1314500,18.24
"2008-02-12",18.35,18.47,17.89,18.1,1671400,18.1
"2008-02-13",18.1,18.79,18.1,18.61,1341900,18.61
"2008-02-14",18.54,18.55,18.01,18.12,1355500,18.12
"2008-02-15",18.01,18.22,18,18.12,1512700,18.12
"2008-02-19",18.21,18.53,18,18.13,2308600,18.13
"2008-02-20",18.03,18.18,17.86,18.08,2467200,18.08
"2008-02-21",18.11,18.62,18.04,18.18,2230800,18.18
"2008-02-22",18.27,18.37,17.92,18.24,1458800,18.24
"2008-02-25",18.2,18.4,18.04,18.31,1508300,18.31
"2008-02-26",18.12,18.53,18.12,18.28,1371800,18.28
"2008-02-27",18.1,18.54,18.1,18.34,1100100,18.34
"2008-02-28",18.26,18.31,17.78,17.89,1539200,17.89
"2008-02-29",17.98,17.98,17.6,17.83,1641800,17.83
"2008-03-03",17.73,17.79,17.15,17.37,2241700,17.37
"2008-03-04",17.33,17.5,17.09,17.43,1381300,17.43
"2008-03-05",17.43,17.82,17.24,17.7,1648500,17.7
"2008-03-06",17.75,17.9,17.39,17.46,1080200,17.46
"2008-03-07",17.24,17.74,17.19,17.32,1605200,17.32
"2008-03-10",17.24,17.64,17.24,17.32,1684400,17.32
"2008-03-11",17.55,17.96,17.02,17.28,3799500,17.28
"2008-03-12",17.22,17.48,17.13,17.15,2434500,17.15
"2008-03-13",17.01,17.53,16.89,17.42,2878400,17.42
"2008-03-14",17.57,17.57,17,17.05,2930700,17.05
"2008-03-17",16.77,17.05,16.53,16.58,3130800,16.58
"2008-03-18",16.66,17.13,16.66,17.04,6501600,17.04
"2008-03-19",17.04,17.28,16.78,16.82,3466100,16.82
"2008-03-20",16.82,17.1,16.69,17.06,3045400,17.06
"2008-03-24",17.04,18.41,17,18.35,4641600,18.35
"2008-03-25",18.29,18.44,17.5,18.2,2911000,18.2
"2008-03-26",18.1,18.19,17.66,18.05,2115800,18.05
"2008-03-27",18.13,18.13,17.5,17.53,2755000,17.53
"2008-03-28",18.48,18.93,18,18.49,5565500,18.49
"2008-03-31",18.34,18.66,17.97,18.39,2733300,18.39
"2008-04-01",18.54,20.1,18.37,20.04,5047500,20.04
"2008-04-02",19.98,20.76,19.86,20.22,4210300,20.22
"2008-04-03",20.29,20.6,20.02,20.2,2122200,20.2
"2008-04-04",20.13,20.47,19.87,20.32,1346800,20.32
"2008-04-07",20.27,20.45,20.04,20.14,1634700,20.14
"2008-04-08",20.12,20.59,19.9,20.28,1456200,20.28
"2008-04-09",20.12,20.38,19.57,19.81,3033300,19.81
"2008-04-10",19.72,20,19.7,19.97,1544100,19.97
"2008-04-11",19.62,19.83,19.15,19.34,1177900,19.34
"2008-04-14",19.4,19.65,19.14,19.17,1497900,19.17
"2008-04-15",19.18,19.24,18.76,18.96,1723600,18.96
"2008-04-16",19.02,19.46,18.94,19.36,1485500,19.36
"2008-04-17",19.22,19.68,19.15,19.63,1173300,19.63
"2008-04-18",19.86,20,19.67,19.69,1516700,19.69
"2008-04-21",19.68,19.69,19.14,19.52,1423000,19.52
"2008-04-22",19.61,19.87,19.43,19.85,1912700,19.85
"2008-04-23",19.84,20.7,19.77,20.35,1702300,20.35
"2008-04-24",20.21,20.8,20.1,20.61,1405700,20.61
"2008-04-25",20.53,20.7,20.23,20.61,1092200,20.61
"2008-04-28",20.59,20.87,20.47,20.66,1035300,20.66
"2008-04-29",20.52,21.14,20.52,21.11,1930600,21.11
"2008-04-30",21.1,21.14,20.49,20.57,1720100,20.57
"2008-05-01",20.41,21.25,20.41,21.2,1676100,21.2
"2008-05-02",21.25,21.5,21.03,21.21,1032600,21.21
"2008-05-05",21.2,21.81,21.2,21.75,2628500,21.75
"2008-05-06",21.61,22.31,21.4,22.31,2786600,22.31
"2008-05-07",22.39,22.39,21.72,21.84,2114700,21.84
"2008-05-08",22.01,22.1,21.62,21.96,2615200,21.96
"2008-05-09",21.75,22.11,21.57,21.86,1255800,21.86
"2008-05-12",21.88,22.05,21.65,21.98,1395300,21.98
"2008-05-13",22.04,22.14,21.76,22.1,967500,22.1
"2008-05-14",22.1,22.82,22.06,22.42,1608800,22.42
"2008-05-15",22.41,23.06,22.29,22.96,1706100,22.96
"2008-05-16",23,23,22.33,22.63,2246900,22.63
"2008-05-19",22.84,23.64,22.76,23.49,5092300,23.49
"2008-05-20",23.43,23.67,23.06,23.58,2807800,23.58
"2008-05-21",23.46,23.63,23.1,23.42,3558300,23.42
"2008-05-22",23.27,23.48,23.14,23.42,1753300,23.42
"2008-05-23",23.31,23.61,23.2,23.5,1959300,23.5
"2008-05-27",23.57,23.96,23.39,23.85,1900700,23.85
"2008-05-28",24,24.2,23.74,24.15,1988300,24.15
"2008-05-29",24.24,24.42,23.96,24.11,3193400,24.11
"2008-05-30",24.1,24.42,24.07,24.36,3627600,24.36
"2008-06-02",24.39,24.84,24.11,24.12,2867500,24.12
"2008-06-03",24.24,24.24,23.05,23.32,7031800,23.32
"2008-06-04",23.3,23.3,22.67,22.72,4279900,22.72
"2008-06-05",22.78,23.21,22.75,23.15,3014000,23.15
"2008-06-06",22.84,23.15,22.74,22.76,2853200,22.76
"2008-06-09",22.7,22.87,22.28,22.48,3423600,22.48
"2008-06-10",22.16,23.24,22.16,23.1,4544200,23.1
"2008-06-11",22.82,23.11,22,22.1,3514800,22.1
"2008-06-12",22.23,22.61,22.06,22.18,1793500,22.18
"2008-06-13",22.31,22.68,22.16,22.25,1766600,22.25
"2008-06-16",22.08,22.58,22.02,22.41,1351300,22.41
"2008-06-17",22.65,22.72,22.35,22.48,1792500,22.48
"2008-06-18",22.47,22.49,22,22.03,1761800,22.03
"2008-06-19",21.92,23.01,21.92,22.84,2642600,22.84
"2008-06-20",22.66,22.71,22.15,22.24,2054100,22.24
"2008-06-23",22.52,22.52,21.57,21.75,2269300,21.75
"2008-06-24",21.76,21.87,21.36,21.49,1710400,21.49
"2008-06-25",21.62,22.64,21.46,22.3,4841200,22.3
"2008-06-26",21.44,21.66,20.85,21.51,7913000,21.51
"2008-06-27",21.46,21.5,20.92,21.17,4215000,21.17
"2008-06-30",21.18,21.18,20.65,20.69,2254300,20.69
"2008-07-01",20.44,21.03,20.03,20.96,4648800,20.96
"2008-07-02",20.97,21.74,20.84,21.05,4821300,21.05
"2008-07-03",21.09,21.13,20.55,21.04,1328200,21.04
"2008-07-07",21.04,21.19,20.33,20.53,2192500,20.53
"2008-07-08",20.45,20.7,20.04,20.64,2187400,20.64
"2008-07-09",20.71,21.22,20.29,20.37,2324700,20.37
"2008-07-10",20.37,20.57,19.57,19.83,2527800,19.83
"2008-07-11",19.61,19.99,19.43,19.72,2062700,19.72
"2008-07-14",19.78,19.89,19.27,19.36,1739400,19.36
"2008-07-15",19.12,20.49,19,20.21,4089700,20.21
"2008-07-16",20.12,20.53,20.02,20.42,1730600,20.42
"2008-07-17",20.36,20.98,20.3,20.86,1248600,20.86
"2008-07-18",20.4,21.34,20.4,21.19,1742700,21.19
"2008-07-21",21.23,21.43,20.85,20.96,1152100,20.96
"2008-07-22",20.61,21.34,20.59,21.23,1161400,21.23
"2008-07-23",21.13,21.66,21.09,21.43,1555800,21.43
"2008-07-24",21.4,21.4,20.7,20.76,1461400,20.76
"2008-07-25",20.76,21.12,20.52,21.06,1157800,21.06
"2008-07-28",20.8,21.29,20.6,20.74,2351400,20.74
"2008-07-29",20.92,21.44,20.87,21.33,932900,21.33
"2008-07-30",21.46,21.6,21.25,21.57,958300,21.57
"2008-07-31",21.69,21.83,21.26,21.38,1424400,21.38
"2008-08-01",21.5,21.59,20.98,21.23,796100,21.23
"2008-08-04",21.34,21.6,20.96,21.44,1137800,21.44
"2008-08-05",21.51,21.67,21.38,21.55,1094600,21.55
"2008-08-06",21.52,22.1,21.14,22,1825500,22
"2008-08-07",21.75,22.79,21.75,22.59,3467300,22.59
"2008-08-08",22.45,23,22.45,22.88,2407600,22.88
"2008-08-11",22.95,23.31,22.77,23.11,2136700,23.11
"2008-08-12",23.04,23.38,22.97,23.23,2211300,23.23
"2008-08-13",23.08,23.33,22.81,23,2327200,23
"2008-08-14",23.02,23.11,22.82,22.97,1844500,22.97
"2008-08-15",23,23.05,22.68,22.75,960200,22.75
"2008-08-18",22.76,22.78,22.29,22.59,1147300,22.59
"2008-08-19",22.4,22.68,22.27,22.33,1112200,22.33
"2008-08-20",22.27,22.53,21.72,21.94,3053000,21.94
"2008-08-21",21.78,21.83,21.42,21.6,1831200,21.6
"2008-08-22",21.7,21.93,21.5,21.72,1164600,21.72
"2008-08-25",21.54,21.82,21.23,21.29,1091200,21.29
"2008-08-26",21.18,21.42,20.75,20.88,1643600,20.88
"2008-08-27",20.86,21.01,20.67,20.78,1991500,20.78
"2008-08-28",20.72,20.95,20.63,20.88,1205000,20.88
"2008-08-29",20.7,21.09,20.61,21,1210700,21
"2008-09-02",21.1,21.2,20.67,20.85,1575300,20.85
"2008-09-03",20.73,21,20.38,20.44,1326200,20.44
"2008-09-04",20.28,20.48,19.83,19.93,2258700,19.93
"2008-09-05",19.72,19.84,18.9,19.01,4631000,19.01
"2008-09-08",19.57,19.57,18.62,19.27,3089900,19.27
"2008-09-09",19.24,19.31,18.63,18.75,3033300,18.75
"2008-09-10",18.71,18.95,18.69,18.79,1285500,18.79
"2008-09-11",18.63,18.65,18.3,18.45,2205100,18.45
"2008-09-12",18.3,18.51,18.25,18.42,4101500,18.42
"2008-09-15",17.99,18.27,17.8,17.83,2488900,17.83
"2008-09-16",17.7,18.21,17.5,18.12,2938800,18.12
"2008-09-17",17.9,18.04,17.2,17.26,3413900,17.26
"2008-09-18",17.33,18.19,17.3,18.16,3873100,18.16
"2008-09-19",18.88,21.62,18.15,18.55,5723100,18.55
"2008-09-22",18.55,18.57,17.79,17.85,1122100,17.85
"2008-09-23",17.87,18.22,17.5,17.95,2791800,17.95
"2008-09-24",17.84,18.08,17.35,17.9,4073500,17.9
"2008-09-25",16.85,17.35,16.37,16.37,6200800,16.37
"2008-09-26",16.04,16.48,15.49,16.41,5698900,16.41
"2008-09-29",16.17,16.17,15.05,15.33,2880900,15.33
"2008-09-30",15.38,15.83,14.74,15.07,5028200,15.07
"2008-10-01",14.91,15.68,14.89,15.59,3098800,15.59
"2008-10-02",15.6,15.93,15.27,15.29,3131300,15.29
"2008-10-03",15.49,15.67,14.65,14.65,2048800,14.65
"2008-10-06",14.49,14.67,13.57,14.49,3490100,14.49
"2008-10-07",14.48,14.67,13.44,13.47,2848800,13.47
"2008-10-08",13.18,14.89,12.51,14.65,3889700,14.65
"2008-10-09",14.61,15,13.09,13.55,2997400,13.55
"2008-10-10",13.1,13.76,12.41,12.8,4257800,12.8
"2008-10-13",13.21,14.77,13.21,14.77,3390500,14.77
"2008-10-14",15.06,15.43,13.2,13.35,3897500,13.35
"2008-10-15",13.42,13.53,12.2,12.38,1669600,12.38
"2008-10-16",12.39,12.68,11.34,12.54,2297400,12.54
"2008-10-17",12.44,13.32,12.16,12.97,2295800,12.97
"2008-10-20",13.04,14.23,13.03,14.15,2298200,14.15
"2008-10-21",14,14.07,12.92,12.94,1446100,12.94
"2008-10-22",12.9,12.9,11.89,12.28,1654900,12.28
"2008-10-23",12.17,12.33,11.32,11.77,1327800,11.77
"2008-10-24",10.91,11.79,10.72,11.37,1166900,11.37
"2008-10-27",11.45,11.45,10.57,10.57,1716000,10.57
"2008-10-28",10.92,11.58,10.57,11.58,1963800,11.58
"2008-10-29",11.58,12.38,11.16,11.96,1741600,11.96
"2008-10-30",12.06,12.52,11.96,12.42,1349800,12.42
"2008-10-31",12.29,13.55,12.24,13.31,2114300,13.31
"2008-11-03",13.41,13.84,13.21,13.73,1341300,13.73
"2008-11-04",14.05,14.29,13.63,14.21,2090300,14.21
"2008-11-05",13.88,14.29,13.57,13.59,993200,13.59
"2008-11-06",13.3,13.54,12.47,12.57,1350400,12.57
"2008-11-07",12.57,13.15,12.33,12.82,1338400,12.82
"2008-11-10",12.94,13,12.09,12.2,1383100,12.2
"2008-11-11",12.04,12.1,11.56,11.61,2486500,11.61
"2008-11-12",11.26,11.7,10.75,10.91,2130200,10.91
"2008-11-13",10.99,11.67,10,11.6,2923000,11.6
"2008-11-14",11.47,11.47,10.49,10.49,2253600,10.49
"2008-11-17",10.54,11,10.08,10.16,2675800,10.16
"2008-11-18",10.24,10.25,9.53,9.89,2776900,9.89
"2008-11-19",9.67,9.93,8.91,8.92,3125400,8.92
"2008-11-20",8.75,8.97,7.75,7.89,4750300,7.89
"2008-11-21",8.16,8.59,7.5,8.56,5462600,8.56
"2008-11-24",8.74,10.98,8.45,9.84,5543000,9.84
"2008-11-25",9.81,10,9.13,9.25,3413800,9.25
"2008-11-26",8.94,9.79,8.83,9.48,4120800,9.48
"2008-11-28",9.56,9.56,9.01,9.25,1404300,9.25
"2008-12-01",8.99,9.04,8.5,8.58,3220100,8.58
"2008-12-02",8.84,9.41,8.3,9.38,6114500,9.38
"2008-12-03",9.02,10.53,8.83,10.46,3508600,10.46
"2008-12-04",10.78,11.68,10.62,10.93,5189900,10.93
"2008-12-05",10.78,12.24,10.78,12.18,2888500,12.18
"2008-12-08",12.23,12.91,12.08,12.43,2136000,12.43
"2008-12-09",12.43,13,12,12.36,2153100,12.36
"2008-12-10",12.33,12.35,11.7,11.91,2250900,11.91
"2008-12-11",11.63,12.28,11.22,11.38,1309200,11.38
"2008-12-12",11.24,11.69,10.98,11.65,1539000,11.65
"2008-12-15",11.55,11.63,10.95,11.14,1906200,11.14
"2008-12-16",11.18,12.3,11.14,12.21,2392000,12.21
"2008-12-17",12.17,12.78,11.94,12.44,2126600,12.44
"2008-12-18",12.5,12.5,11.54,11.84,1421600,11.84
"2008-12-19",11.73,12.6,11.6,12.37,2205600,12.37
"2008-12-22",12.49,12.56,11.62,11.97,2029600,11.97
"2008-12-23",13.6,13.99,12.75,12.99,6443600,12.99
"2008-12-24",13.14,13.24,12.84,13,885100,13
"2008-12-26",13.12,13.19,12.84,13.13,752500,13.13
"2008-12-29",13.21,13.21,12.85,12.99,1769600,12.99
"2008-12-30",12.86,13.24,12.75,13.19,1439800,13.19
"2008-12-31",13.2,13.43,13.05,13.22,2343800,13.22
"2009-01-02",13.06,14.07,13.06,13.99,1498900,13.99
"2009-01-05",13.97,14.3,13.72,14.14,1735100,14.14
"2009-01-06",14.16,16.13,14.16,15.69,3193700,15.69
"2009-01-07",15.54,15.54,14.75,14.92,2773800,14.92
"2009-01-08",14.69,14.87,14.4,14.66,1581800,14.66
"2009-01-09",14.61,15.57,14.14,15.46,3331500,15.46
"2009-01-12",15.3,15.97,15.3,15.5,3641300,15.5
"2009-01-13",15.5,15.81,15.03,15.54,3690800,15.54
"2009-01-14",15.11,15.41,14.32,14.66,3554200,14.66
"2009-01-15",14.52,14.8,13.9,14.75,3855300,14.75
"2009-01-16",15,15,14.09,14.82,3272700,14.82
"2009-01-20",14.78,14.78,13.52,13.52,2373200,13.52
"2009-01-21",13.81,14.03,13.53,13.95,2783100,13.95
"2009-01-22",13.8,14.22,13.44,14,2563000,14
"2009-01-23",13.82,14.35,13.41,14.28,2466200,14.28
"2009-01-26",14.3,14.78,14.3,14.62,2531000,14.62
"2009-01-27",14.79,15.11,14.66,14.9,3022800,14.9
"2009-01-28",15.07,15.64,14.85,15.31,2372800,15.31
"2009-01-29",15.18,15.21,14.68,14.75,1521700,14.75
"2009-01-30",14.77,15.08,14.5,14.65,1885200,14.65
"2009-02-02",14.26,14.94,14.2,14.87,1958100,14.87
"2009-02-03",14.87,15.42,14.63,15.37,3683800,15.37
"2009-02-04",15.32,15.65,15.2,15.34,3239200,15.34
"2009-02-05",15.21,15.84,15.1,15.66,1959500,15.66
"2009-02-06",15.62,16.3,15.49,16.19,1876900,16.19
"2009-02-09",16.04,16.45,15.83,15.9,2575000,15.9
"2009-02-10",15.6,16.25,15.59,15.8,2741100,15.8
"2009-02-11",16.1,16.1,15.28,15.31,2890000,15.31
"2009-02-12",15.36,15.56,14.69,15.47,2269300,15.47
"2009-02-13",15.47,15.74,15.23,15.29,1513400,15.29
"2009-02-17",15.05,15.05,14.36,14.42,1999100,14.42
"2009-02-18",14.41,14.57,13.99,14.04,2232400,14.04
"2009-02-19",14.41,14.41,13.97,14.08,2309600,14.08
"2009-02-20",13.9,14.41,13.72,14.33,3313800,14.33
"2009-02-23",14.31,14.54,13.89,13.95,2079000,13.95
"2009-02-24",13.97,14.69,13.7,14.54,2455000,14.54
"2009-02-25",14.66,14.66,13.98,14.19,2600100,14.19
"2009-02-26",14.44,14.5,13.92,13.95,2383200,13.95
"2009-02-27",13.77,14.18,13.35,13.69,3433600,13.69
"2009-03-02",13.5,13.84,13.29,13.53,2890800,13.53
"2009-03-03",13.61,14.04,13.41,13.74,3079000,13.74
"2009-03-04",13.92,14.63,13.81,14.42,2795300,14.42
"2009-03-05",14.24,14.45,13.67,13.69,1956000,13.69
"2009-03-06",13.75,13.98,12.98,13.43,2558000,13.43
"2009-03-09",13.28,13.76,13.1,13.2,1551600,13.2
"2009-03-10",13.34,14.31,13.29,14.29,2173100,14.29
"2009-03-11",14.35,15.1,14.27,14.92,2158800,14.92
"2009-03-12",14.76,15.57,14.61,15.21,2397400,15.21
"2009-03-13",15.34,15.48,14.85,15.07,2539800,15.07
"2009-03-16",15.12,15.38,14.74,14.79,1583200,14.79
"2009-03-17",14.85,15.64,14.76,15.64,1434300,15.64
"2009-03-18",15.63,15.99,15.26,15.76,2744000,15.76
"2009-03-19",15.88,15.99,15.59,15.65,1120500,15.65
"2009-03-20",15.51,15.65,14.89,14.89,1373000,14.89
"2009-03-23",15.29,17.73,14.96,16.37,9783500,16.37
"2009-03-24",16.25,16.25,15.14,15.27,5127500,15.27
"2009-03-25",15.31,15.69,14.43,15,5395000,15
"2009-03-26",16.73,17.8,16.4,17.6,10206600,17.6
"2009-03-27",17.18,17.7,16.95,16.99,4094100,16.99
"2009-03-30",16.9,17.83,16.47,17.81,4473300,17.81
"2009-03-31",17.98,18.43,17.55,17.84,4749700,17.84
"2009-04-01",17.76,18.07,17.44,17.68,5339000,17.68
"2009-04-02",17.93,18.2,17.78,17.88,4887200,17.88
"2009-04-03",17.8,18.78,17.8,18.62,2922700,18.62
"2009-04-06",18.47,18.55,17.78,18.41,3230300,18.41
"2009-04-07",17.93,18.4,17.81,18.12,1836500,18.12
"2009-04-08",18.15,18.6,17.99,18.5,1538500,18.5
"2009-04-09",18.78,19.02,18.42,19,1817100,19
"2009-04-13",18.99,19.16,18.35,18.82,1605400,18.82
"2009-04-14",18.69,18.8,18.13,18.22,1580000,18.22
"2009-04-15",18.2,18.3,17.54,17.82,1968200,17.82
"2009-04-16",17.85,18.45,17.85,18.28,2470100,18.28
"2009-04-17",18.19,18.48,18.06,18.32,1251900,18.32
"2009-04-20",17.88,17.91,17.17,17.33,2413100,17.33
"2009-04-21",17.22,17.58,17.11,17.57,1714100,17.57
"2009-04-22",17.38,18.9,17.06,18.37,5092800,18.37
"2009-04-23",18.4,18.71,17.55,17.96,3335600,17.96
"2009-04-24",18.14,18.33,17.73,18.16,2918800,18.16
"2009-04-27",17.98,18.25,17.71,17.9,2055500,17.9
"2009-04-28",17.6,17.75,17.26,17.35,1834300,17.35
"2009-04-29",17.47,17.88,17.39,17.77,1876300,17.77
"2009-04-30",18.02,18.05,17.06,17.27,2938200,17.27
"2009-05-01",17.31,17.32,16.65,17.12,2866900,17.12
"2009-05-04",18,18.3,17.6,17.94,2778700,17.94
"2009-05-05",17.8,18.2,17.5,18.16,1880200,18.16
"2009-05-06",18.3,18.3,17.54,18.07,2022200,18.07
"2009-05-07",18.08,18.1,17.36,17.57,1658500,17.57
"2009-05-08",17.64,17.93,17.28,17.6,1561500,17.6
"2009-05-11",17.32,18.29,17.1,18.07,2089700,18.07
"2009-05-12",18.14,18.22,17.42,17.94,1954000,17.94
"2009-05-13",17.54,17.84,17.44,17.61,2289200,17.61
"2009-05-14",17.54,18.25,17.54,18.12,2271700,18.12
"2009-05-15",18.29,20.1,18.28,19.86,6436000,19.86
"2009-05-18",20.04,20.04,18.85,19.62,3567600,19.62
"2009-05-19",19.55,19.95,19.27,19.36,3635500,19.36
"2009-05-20",19.36,19.6,18.75,18.93,3166400,18.93
"2009-05-21",18.82,19.38,18.61,18.99,3835900,18.99
"2009-05-22",19.2,19.55,18.69,19.41,1833300,19.41
"2009-05-26",19.25,19.99,19.01,19.73,3311500,19.73
"2009-05-27",19.9,20.39,19.65,19.74,2751600,19.74
"2009-05-28",19.67,20.18,19.51,19.98,2904200,19.98
"2009-05-29",19.83,20.11,19.4,19.95,6557000,19.95
"2009-06-01",20.11,20.84,19.78,20.77,2807000,20.77
"2009-06-02",20.73,20.99,20.47,20.56,2604900,20.56
"2009-06-03",20.49,20.59,19.63,19.88,3058900,19.88
"2009-06-04",19.84,20.2,19.72,20.03,1845000,20.03
"2009-06-05",20.4,20.62,19.75,19.92,2696700,19.92
"2009-06-08",19.8,20.03,19.31,19.84,1826100,19.84
"2009-06-09",19.86,20.65,19.85,20.5,2475700,20.5
"2009-06-10",20.49,20.73,19.94,20.26,1501900,20.26
"2009-06-11",20.19,20.65,20.13,20.52,1490400,20.52
"2009-06-12",20.99,20.99,20.22,20.79,1672400,20.79
"2009-06-15",20.58,20.84,20.12,20.59,2511600,20.59
"2009-06-16",21.09,21.09,20.14,20.17,2573400,20.17
"2009-06-17",20.21,20.41,19.6,20.13,2177200,20.13
"2009-06-18",20.19,20.3,19.88,20.23,1853000,20.23
"2009-06-19",20.23,20.42,19.68,19.99,2858300,19.99
"2009-06-22",19.79,19.79,18.77,18.83,2274900,18.83
"2009-06-23",18.84,19.64,18.51,19.63,3649900,19.63
"2009-06-24",19.71,20.25,19.49,20.13,3525700,20.13
"2009-06-25",18.15,19.32,18.11,19.29,8126900,19.29
"2009-06-26",19,20.06,18.85,19.87,2779000,19.87
"2009-06-29",20.06,20.43,19.66,19.99,3137000,19.99
"2009-06-30",20.18,20.25,19.84,20.13,3627800,20.13
"2009-07-01",20.15,20.86,20.03,20.63,2470700,20.63
"2009-07-02",20.42,20.5,20,20.42,1311700,20.42
"2009-07-06",20.15,20.21,19.41,19.66,2614800,19.66
"2009-07-07",19.6,19.66,18.97,19.04,1581900,19.04
"2009-07-08",19.2,19.28,18.69,19.05,2355100,19.05
"2009-07-09",19.06,19.55,19.04,19.35,1167800,19.35
"2009-07-10",19.12,19.38,19,19.2,1007300,19.2
"2009-07-13",19.11,19.37,18.79,19.29,1862900,19.29
"2009-07-14",19.4,19.56,19.27,19.52,1051300,19.52
"2009-07-15",19.71,20.52,19.66,20.48,1646100,20.48
"2009-07-16",20.42,20.92,20.22,20.86,1990100,20.86
"2009-07-17",20.75,20.98,20.53,20.6,1723600,20.6
"2009-07-20",21.98,22.91,21.8,22.32,10006600,22.32
"2009-07-21",22.25,22.43,22.02,22.43,3478100,22.43
"2009-07-22",22.23,22.95,22.15,22.87,3427300,22.87
"2009-07-23",22.44,23.48,22.35,23.24,4882300,23.24
"2009-07-24",23.04,23.72,22.54,23,44500200,23
"2009-07-27",22.91,23,22.43,22.71,4333400,22.71
"2009-07-28",22.58,22.69,22.24,22.63,3305800,22.63
"2009-07-29",22.41,22.54,22.18,22.52,2162400,22.52
"2009-07-30",22.78,22.99,22.5,22.58,2879400,22.58
"2009-07-31",22.52,22.96,22.52,22.83,2693800,22.83
"2009-08-03",22.77,22.79,22.24,22.3,3053800,22.3
"2009-08-04",22.14,22.37,22.05,22.28,2534600,22.28
"2009-08-05",22.29,22.51,21.93,22.28,1822500,22.28
"2009-08-06",22.37,22.5,21.78,21.93,1938900,21.93
"2009-08-07",22.18,22.3,21.72,21.84,1778400,21.84
"2009-08-10",21.79,22.07,21.65,22.03,1679600,22.03
"2009-08-11",21.99,22.11,21.58,21.6,1472100,21.6
"2009-08-12",21.57,22.42,21.54,22.18,1943700,22.18
"2009-08-13",22.3,22.5,22.03,22.37,1270300,22.37
"2009-08-14",22.23,22.31,21.51,21.62,1727600,21.62
"2009-08-17",21.14,21.39,20.85,20.91,1413500,20.91
"2009-08-18",20.99,21.08,20.76,20.84,1417300,20.84
"2009-08-19",20.67,21.33,20.58,21.23,1614000,21.23
"2009-08-20",21.26,21.98,21.11,21.94,2235500,21.94
"2009-08-21",22.12,22.55,21.84,22.28,1327900,22.28
"2009-08-24",22.35,22.44,22.05,22.27,1045100,22.27
"2009-08-25",22.45,22.52,22.09,22.37,1178900,22.37
"2009-08-26",22.35,22.58,22.15,22.42,1178700,22.42
"2009-08-27",22.41,22.69,22.25,22.69,1194100,22.69
"2009-08-28",22.84,23.25,22.59,22.9,1896600,22.9
"2009-08-31",22.7,23.23,22.52,22.96,2155100,22.96
"2009-09-01",22.9,23.25,22.23,22.6,2384800,22.6
"2009-09-02",22.67,22.84,22.19,22.76,2093600,22.76
"2009-09-03",22.78,23.13,22.52,23.11,2030000,23.11
"2009-09-04",23.1,23.89,23.07,23.63,3201000,23.63
"2009-09-08",24.3,24.89,24.26,24.83,3792300,24.83
"2009-09-09",24.82,25,24.65,24.97,2898300,24.97
"2009-09-10",24.85,25.64,24.84,25.48,2746600,25.48
"2009-09-11",25.42,25.65,25.13,25.39,1751700,25.39
"2009-09-14",25.1,25.39,25.06,25.35,1505300,25.35
"2009-09-15",25.35,25.38,24.8,24.98,2210600,24.98
"2009-09-16",25.03,25.29,24.73,25.19,1810100,25.19
"2009-09-17",25.04,25.59,24.92,25.46,1925400,25.46
"2009-09-18",25.55,26.06,25.38,25.84,2582000,25.84
"2009-09-21",25.74,26.32,25.57,25.72,1793700,25.72
"2009-09-22",25.82,25.95,25.12,25.4,2560400,25.4
"2009-09-23",25.57,25.7,24.78,24.88,3323000,24.88
"2009-09-24",27.06,28.68,27.06,27.95,12485100,27.95
"2009-09-25",27.62,28.35,27.43,27.8,3616600,27.8
"2009-09-28",27.75,27.99,27.38,27.85,3732900,27.85
"2009-09-29",27.75,27.99,27.48,27.74,3207800,27.74
"2009-09-30",27.94,27.99,27.28,27.64,3923200,27.64
"2009-10-01",27.6,28.38,26.91,26.97,6175100,26.97
"2009-10-02",26.61,27.25,26.52,26.73,3994900,26.73
"2009-10-05",26.95,27.71,26.7,27.62,3405000,27.62
"2009-10-06",27.87,28.07,27.3,27.96,2545900,27.96
"2009-10-07",27.96,27.96,27.47,27.91,1319100,27.91
"2009-10-08",27.98,27.98,27.53,27.6,1852900,27.6
"2009-10-09",27.5,28.21,27.5,28.16,2164800,28.16
"2009-10-12",28.27,28.42,27.53,27.86,1599200,27.86
"2009-10-13",27.93,28.11,27.65,28.02,2022300,28.02
"2009-10-14",28.27,28.64,27.9,28.64,3335600,28.64
"2009-10-15",28.42,28.94,28.36,28.84,2306400,28.84
"2009-10-16",28.65,28.74,28.18,28.63,2149600,28.63
"2009-10-19",28.61,28.87,28.06,28.46,1643300,28.46
"2009-10-20",28.66,28.68,27.58,27.75,2012600,27.75
"2009-10-21",27.7,28,27.38,27.44,1656700,27.44
"2009-10-22",27.36,27.79,27.22,27.75,2488100,27.75
"2009-10-23",28.03,28.03,27.32,27.49,2516100,27.49
"2009-10-26",27.81,28.6,27.57,27.7,2668100,27.7
"2009-10-27",27.74,27.89,26.87,27.24,2121900,27.24
"2009-10-28",27.18,27.18,25.95,26.05,2089500,26.05
"2009-10-29",26.09,26.77,25.99,26.65,1529200,26.65
"2009-10-30",26.65,26.75,25.78,25.81,1704000,25.81
"2009-11-02",25.8,26.25,25.5,25.76,1988900,25.76
"2009-11-03",25.59,26.45,25.45,26.38,1831600,26.38
"2009-11-04",26.67,27.62,26.42,27.08,2876800,27.08
"2009-11-05",27.42,27.64,27.21,27.56,1496400,27.56
"2009-11-06",27.35,27.85,27.25,27.59,1424100,27.59
"2009-11-09",27.06,27.44,26.85,27.27,2693800,27.27
"2009-11-10",27,27.65,27,27.56,1259400,27.56
"2009-11-11",27.65,28.08,27.53,27.85,1583000,27.85
"2009-11-12",27.93,28.08,27.8,27.97,2609800,27.97
"2009-11-13",27.98,28.28,27.75,28.18,1904500,28.18
"2009-11-16",28.39,28.8,28.27,28.61,1811200,28.61
"2009-11-17",28.55,28.87,28.47,28.65,1410900,28.65
"2009-11-18",28.64,28.68,28.2,28.36,1219700,28.36
"2009-11-19",28.18,28.29,27.58,27.87,1098200,27.87
"2009-11-20",27.71,27.78,26.87,27.09,2018100,27.09
"2009-11-23",27.3,27.82,27.3,27.6,1942700,27.6
"2009-11-24",27.55,27.85,27.36,27.5,1208100,27.5
"2009-11-25",27.56,27.69,27.35,27.62,1213500,27.62
"2009-11-27",27.12,27.17,26.65,26.8,757800,26.8
"2009-11-30",26.79,26.79,25.92,26.7,2368900,26.7
"2009-12-01",26.81,27.65,26.81,27.45,2019100,27.45
"2009-12-02",27.61,28.03,27.57,27.71,1685800,27.71
"2009-12-03",27.68,28.15,27.57,27.62,1109700,27.62
"2009-12-04",28.01,28.27,27.57,27.91,1369800,27.91
"2009-12-07",27.99,28.44,27.76,28.13,1342900,28.13
"2009-12-08",28.02,28.14,27.5,27.73,840000,27.73
"2009-12-09",27.63,27.64,26.98,27.13,2376800,27.13
"2009-12-10",27.3,27.8,27.25,27.66,1851500,27.66
"2009-12-11",27.72,28.38,27.72,28.22,1800100,28.22
"2009-12-14",28.48,29.44,28.33,29.3,2625700,29.3
"2009-12-15",29.28,29.38,28.76,29.13,1820500,29.13
"2009-12-16",29.13,29.49,28.76,28.88,2558800,28.88
"2009-12-17",28.58,29.07,28.58,28.94,2092500,28.94
"2009-12-18",29.14,29.68,29.08,29.27,3489500,29.27
"2009-12-21",29.5,30,29.29,29.74,2206500,29.74
"2009-12-22",29.93,30,29.57,29.87,3206600,29.87
"2009-12-23",31.62,31.76,30.95,31.43,5003800,31.43
"2009-12-24",31.45,31.49,31.16,31.36,748000,31.36
"2009-12-28",31.33,31.33,30.61,30.97,2270500,30.97
"2009-12-29",30.97,31.14,30.79,31,1179500,31
"2009-12-30",30.87,31.4,30.79,31.26,1239700,31.26
"2009-12-31",31.21,31.22,30.9,30.9,1153400,30.9
"2010-01-04",31.23,31.5,31.03,31.12,2060800,31.12
"2010-01-05",31.17,31.35,30.77,30.97,2116700,30.97
"2010-01-06",30.95,31.42,30.78,30.97,2164200,30.97
"2010-01-07",30.98,31,30.34,30.39,1900000,30.39
"2010-01-08",30.42,30.42,29.92,30.14,2764500,30.14
"2010-01-11",30.15,30.24,29.56,29.74,2429300,29.74
"2010-01-12",29.51,29.64,28.72,29.09,2971500,29.09
"2010-01-13",29.16,29.75,28.56,29.49,2834100,29.49
"2010-01-14",29.61,30,29.44,29.77,2076800,29.77
"2010-01-15",29.8,29.8,28.91,29.08,2269000,29.08
"2010-01-19",28.93,29.69,28.86,29.61,1979600,29.61
"2010-01-20",29.4,29.48,28.8,29.16,1949900,29.16
"2010-01-21",29.17,29.94,28.95,29.06,3001800,29.06
"2010-01-22",29.02,29.11,27.63,27.73,2944100,27.73
"2010-01-25",27.94,28.06,27.39,27.69,2164700,27.69
"2010-01-26",27.77,28.74,27.74,28.15,2931000,28.15
"2010-01-27",28.05,28.24,27.41,27.97,2570400,27.97
"2010-01-28",27.87,27.96,26.94,27.36,1738500,27.36
"2010-01-29",27.4,27.74,27.1,27.22,2412700,27.22
"2010-02-01",27.21,28.35,26.87,28.33,3926100,28.33
"2010-02-02",28.32,28.7,28.15,28.48,2565200,28.48
"2010-02-03",28.3,28.75,28.18,28.44,1140400,28.44
"2010-02-04",28.07,28.1,26.92,27,2183600,27
"2010-02-05",26.88,27.31,26.51,27.24,1926300,27.24
"2010-02-08",27.2,27.74,26.99,27.19,1461100,27.19
"2010-02-09",27.5,27.81,27.01,27.41,1691700,27.41
"2010-02-10",27.36,27.49,27,27.19,1097500,27.19
"2010-02-11",27.64,28.1,27,28.03,2094900,28.03
"2010-02-12",27.84,27.99,27.54,27.86,1459100,27.86
"2010-02-16",28.14,28.64,28.11,28.54,1661400,28.54
"2010-02-17",28.67,28.85,28.47,28.78,1483100,28.78
"2010-02-18",28.79,29.22,28.67,29.18,1217400,29.18
"2010-02-19",28.95,29.56,28.93,29.12,1734900,29.12
"2010-02-22",29.28,29.28,28.85,29.01,1553800,29.01
"2010-02-23",28.99,29,27.92,27.99,2747100,27.99
"2010-02-24",28.16,28.53,28.01,28.28,1290900,28.28
"2010-02-25",27.89,28.21,27.36,28.14,1718000,28.14
"2010-02-26",28.11,28.31,27.82,28.05,1119100,28.05
"2010-03-01",28.16,28.82,28.01,28.63,1377800,28.63
"2010-03-02",28.81,28.97,28.62,28.75,1261700,28.75
"2010-03-03",28.87,29.74,28.8,29.35,2214800,29.35
"2010-03-04",29.37,30.02,29.28,29.88,2269800,29.88
"2010-03-05",30,30.72,29.86,30.27,2864100,30.27
"2010-03-08",30.15,30.24,29.83,30.01,2378000,30.01
"2010-03-09",29.9,30.45,29.76,30.21,1352000,30.21
"2010-03-10",30.13,30.42,30.08,30.36,1413300,30.36
"2010-03-11",30.36,30.64,30.17,30.62,2179800,30.62
"2010-03-12",30.72,30.9,30.57,30.76,1950300,30.76
"2010-03-15",30.65,30.78,30.45,30.76,1421300,30.76
"2010-03-16",30.73,30.93,30.47,30.61,1883800,30.61
"2010-03-17",30.72,30.87,30.49,30.72,1877300,30.72
"2010-03-18",30.62,30.69,30.12,30.2,2701500,30.2
"2010-03-19",30.2,30.34,29.8,29.97,2982700,29.97
"2010-03-22",29.95,30.2,29.87,30,3730900,30
"2010-03-23",30,30.38,29.66,30.17,3801600,30.17
"2010-03-24",30.29,31.14,30.1,30.7,6859200,30.7
"2010-03-25",29.99,30.02,28.45,28.9,13764200,28.9
"2010-03-26",28.84,28.99,28.2,28.39,5293300,28.39
"2010-03-29",28.5,28.61,28.15,28.16,3461500,28.16
"2010-03-30",28.24,29.07,27.9,28.93,6205000,28.93
"2010-03-31",28.89,29.45,28.85,29.27,4173900,29.27
"2010-04-01",29.38,30,29.38,29.94,5814900,29.94
"2010-04-05",29.94,30.39,29.94,30.36,3186100,30.36
"2010-04-06",30.12,30.72,30.08,30.39,2581400,30.39
"2010-04-07",30.28,30.43,30.07,30.34,2964400,30.34
"2010-04-08",30.17,30.5,30,30.48,3204400,30.48
"2010-04-09",30.47,30.84,30.28,30.81,2243700,30.81
"2010-04-12",30.77,31,30.57,30.81,2169600,30.81
"2010-04-13",30.96,31.25,30.82,31.16,2674300,31.16
"2010-04-14",32,32.19,31.78,32.09,4067600,32.09
"2010-04-15",31.95,32.11,31.49,31.67,3573500,31.67
"2010-04-16",31.49,31.67,30.93,31.1,3397700,31.1
"2010-04-19",30.89,31.22,30.25,30.7,2440100,30.7
"2010-04-20",30.85,31.2,30.81,31.03,2411400,31.03
"2010-04-21",31.16,31.22,30.73,31.1,1684600,31.1
"2010-04-22",30.84,31.35,30.3,31.29,1966600,31.29
"2010-04-23",30.98,31.47,30.93,31.46,1432300,31.46
"2010-04-26",31.48,31.7,31.3,31.54,1647800,31.54
"2010-04-27",31.31,31.63,30.66,30.75,2358900,30.75
"2010-04-28",31,31.02,30.23,30.62,1596400,30.62
"2010-04-29",30.75,30.88,30.55,30.78,1351200,30.78
"2010-04-30",30.78,30.83,29.82,29.87,2132000,29.87
"2010-05-03",30.06,30.7,30.01,30.6,1332500,30.6
"2010-05-04",30.22,30.22,29.43,29.7,1877900,29.7
"2010-05-05",29.39,29.72,29.32,29.51,1832100,29.51
"2010-05-06",29.34,30,26.81,28.2,3451100,28.2
"2010-05-07",28.13,28.28,26.69,27.49,4536700,27.49
"2010-05-10",28.74,29.24,28.5,28.9,3135100,28.9
"2010-05-11",29.2,29.82,29.01,29.33,2638700,29.33
"2010-05-12",29.45,30.17,29.3,30.12,2474300,30.12
"2010-05-13",29.98,31.17,29.98,30.76,3859900,30.76
"2010-05-14",30.5,30.6,30,30.4,3849800,30.4
"2010-05-17",30.45,30.8,29.9,30.52,2128800,30.52
"2010-05-18",30.74,30.88,29.68,30.05,2131000,30.05
"2010-05-19",29.85,29.93,28.62,29.36,2715100,29.36
"2010-05-20",28.57,28.73,27.92,28.26,4529600,28.26
"2010-05-21",27.71,29.46,27.58,29.22,3733700,29.22
"2010-05-24",29.18,29.67,28.9,29.22,2076100,29.22
"2010-05-25",28.47,28.93,28.02,28.92,2423000,28.92
"2010-05-26",29.08,29.94,28.73,28.92,2823500,28.92
"2010-05-27",29.52,29.93,29.24,29.93,1726100,29.93
"2010-05-28",30.09,30.34,29.26,29.31,2731600,29.31
"2010-06-01",28.84,29.53,28.43,28.43,3508800,28.43
"2010-06-02",28.48,28.97,28.3,28.84,5019000,28.84
"2010-06-03",29.01,30.18,28.82,30.07,2837500,30.07
"2010-06-04",29.57,29.71,28.5,28.62,2663100,28.62
"2010-06-07",28.8,28.97,27.94,27.96,2557100,27.96
"2010-06-08",28.11,28.75,27.82,28.7,3679500,28.7
"2010-06-09",28.82,29.65,28.65,29.02,2960800,29.02
"2010-06-10",29.6,30.09,29.28,30.07,3068300,30.07
"2010-06-11",29.56,31.37,29.56,31.35,4083700,31.35
"2010-06-14",31.45,31.76,31.17,31.25,3145300,31.25
"2010-06-15",31.43,32.08,31.43,32,3102400,32
"2010-06-16",31.9,32.34,31.69,32.23,3568400,32.23
"2010-06-17",32.25,32.45,31.76,32.13,2547100,32.13
"2010-06-18",32.17,32.32,31.72,31.92,2253400,31.92
"2010-06-21",32.25,32.48,31.4,31.58,2066900,31.58
"2010-06-22",31.71,31.88,30.81,30.86,3792300,30.86
"2010-06-23",31.86,32.52,30.99,31.36,4978700,31.36
"2010-06-24",31.19,31.39,30.63,30.78,2922800,30.78
"2010-06-25",30.86,31.31,30.49,31.07,3056600,31.07
"2010-06-28",31.1,31.34,30.75,30.99,2182800,30.99
"2010-06-29",30.24,30.55,29.16,29.39,2894300,29.39
"2010-06-30",29.35,29.73,28.82,28.94,2486700,28.94
"2010-07-01",28.9,29.39,28.2,29.2,3702600,29.2
"2010-07-02",29.1,29.2,28.69,28.91,2009500,28.91
"2010-07-06",29.41,29.69,29.19,29.44,3423800,29.44
"2010-07-07",29.54,30.74,29.45,30.71,2811900,30.71
"2010-07-08",30.91,30.99,30.13,30.55,2879100,30.55
"2010-07-09",30.6,30.82,30.34,30.64,1197500,30.64
"2010-07-12",30.42,31.04,30.37,30.86,1770100,30.86
"2010-07-13",31.12,31.86,31,31.59,2780400,31.59
"2010-07-14",31.66,32.23,31.53,32.22,2877100,32.22
"2010-07-15",32.14,32.6,31.93,32.47,4049900,32.47
"2010-07-16",32.14,32.35,31.53,31.58,3796000,31.58
"2010-07-19",31.75,31.97,31.37,31.82,2031100,31.82
"2010-07-20",31.27,32.06,31.06,32.03,2984000,32.03
"2010-07-21",32.26,32.5,31.5,31.61,3159500,31.61
"2010-07-22",31.98,32.45,31.78,32.34,2400700,32.34
"2010-07-23",32.04,33.21,31.87,33.21,5200800,33.21
"2010-07-26",33.17,33.64,32.97,33.22,2826800,33.22
"2010-07-27",33.57,33.57,32.29,32.4,3265300,32.4
"2010-07-28",32.24,32.6,31.65,31.8,2924800,31.8
"2010-07-29",32.07,32.23,31.27,32.01,4094700,32.01
"2010-07-30",31.69,32.31,31.35,32.15,3120200,32.15
"2010-08-02",32.49,32.8,32.37,32.62,2156000,32.62
"2010-08-03",32.5,32.53,31.88,32.04,2130100,32.04
"2010-08-04",32.06,33.99,32.05,33.83,4461800,33.83
"2010-08-05",33.54,33.63,32.97,33.25,2477900,33.25
"2010-08-06",32.97,33.64,32.57,33.45,2329000,33.45
"2010-08-09",33.63,33.81,33.42,33.49,1675400,33.49
"2010-08-10",33.02,33.21,32.59,33.13,2427200,33.13
"2010-08-11",32.49,32.49,31.73,31.95,2010000,31.95
"2010-08-12",31.36,31.36,30.63,30.85,3695500,30.85
"2010-08-13",30.74,31.46,30.62,30.93,1932900,30.93
"2010-08-16",30.68,31.06,30.29,31.02,2127200,31.02
"2010-08-17",31.28,32.08,31.2,31.88,2413900,31.88
"2010-08-18",31.81,31.9,31.38,31.79,1901500,31.79
"2010-08-19",31.82,32.1,31.14,31.41,2668000,31.41
"2010-08-20",31.14,32.72,31.05,32.54,3823000,32.54
"2010-08-23",32.69,33.5,32.56,32.77,3952400,32.77
"2010-08-24",32.25,33.13,31.88,33.01,4523900,33.01
"2010-08-25",32.64,33.36,32.55,33.25,3178000,33.25
"2010-08-26",33.44,34.75,33.44,34.54,6130100,34.54
"2010-08-27",34.74,35.27,34.24,35.16,2922800,35.16
"2010-08-30",35.04,35.26,34.52,34.52,1677600,34.52
"2010-08-31",34.24,34.9,34.22,34.55,2106200,34.55
"2010-09-01",35.04,36.44,35.04,35.65,3962000,35.65
"2010-09-02",35.79,36.58,35.68,36.54,2531200,36.54
"2010-09-03",36.72,37.36,36.46,36.98,2350500,36.98
"2010-09-07",36.59,37.15,36.49,36.93,2320500,36.93
"2010-09-08",37.18,37.53,36.92,37.08,2554100,37.08
"2010-09-09",37.51,37.61,36.78,36.98,1229800,36.98
"2010-09-10",37.06,37.61,36.98,37.41,1297400,37.41
"2010-09-13",37.91,39.08,37.91,38.95,3623200,38.95
"2010-09-14",38.39,38.95,38.03,38.6,3278400,38.6
"2010-09-15",38.35,38.79,38.01,38.74,2320600,38.74
"2010-09-16",38.98,38.99,36.95,37.44,5825900,37.44
"2010-09-17",37.72,38.46,37.72,38.34,3992800,38.34
"2010-09-20",38.45,39.48,38.36,38.98,3925400,38.98
"2010-09-21",38.96,39.04,38,38.43,3469500,38.43
"2010-09-22",38.3,38.72,36.66,36.75,5693200,36.75
"2010-09-23",39.86,41.47,39.37,40.07,13076700,40.07
"2010-09-24",40.77,41.74,40.54,41.26,4279700,41.26
"2010-09-27",41.2,41.24,40.34,40.82,2869600,40.82
"2010-09-28",40.83,41.33,40.16,41.27,3112100,41.27
"2010-09-29",41.22,41.28,40.37,41.03,3597800,41.03
"2010-09-30",41.37,41.6,40.5,41,3015600,41
"2010-10-01",41.07,41.71,40.95,41.27,2793000,41.27
"2010-10-04",41.04,41.2,40.24,40.62,2118800,40.62
"2010-10-05",40.94,41.61,40.89,41.5,3582300,41.5
"2010-10-06",41.4,41.5,37.33,38.32,10010900,38.32
"2010-10-07",38.6,38.75,37.51,38.17,5192800,38.17
"2010-10-08",37.99,38.85,37.95,38.67,2371700,38.67
"2010-10-11",38.66,39.83,38.3,38.41,2993900,38.41
"2010-10-12",38.08,39.35,37.88,39.15,2656900,39.15
"2010-10-13",39.44,40.03,39.17,39.41,1711300,39.41
"2010-10-14",39.5,39.68,39.05,39.67,1690700,39.67
"2010-10-15",39.89,40.51,39.56,40.4,4113100,40.4
"2010-10-18",40.03,40.28,39.32,39.82,2521700,39.82
"2010-10-19",38.38,39.2,38,38.68,3660400,38.68
"2010-10-20",38.75,39.22,38.55,38.92,2096000,38.92
"2010-10-21",39.13,39.5,38.74,39.15,2129500,39.15
"2010-10-22",39.17,40.68,39.03,40.66,2880000,40.66
"2010-10-25",40.72,41.33,40.58,41.08,1822800,41.08
"2010-10-26",40.76,41.58,40.17,41.27,2820200,41.27
"2010-10-27",41.01,42.5,41,42.46,3163600,42.46
"2010-10-28",42.72,42.73,41.22,42.22,2933600,42.22
"2010-10-29",42.24,42.49,41.94,42.26,1533800,42.26
"2010-11-01",42.4,42.95,42.12,42.56,1598700,42.56
"2010-11-02",42.81,43.47,42.7,43.16,1508900,43.16
"2010-11-03",43.38,43.39,42.14,42.98,2149300,42.98
"2010-11-04",43.44,43.59,42.88,43.43,1622200,43.43
"2010-11-05",43.32,43.48,42.8,43.1,1224400,43.1
"2010-11-08",42.97,43.47,42.79,43.01,2089000,43.01
"2010-11-09",43.15,43.39,42.73,42.94,1808500,42.94
"2010-11-10",42.9,43.79,42.55,43.68,1298400,43.68
"2010-11-11",43.27,43.74,42.57,43.57,1628300,43.57
"2010-11-12",43.27,43.27,41.8,41.96,2041800,41.96
"2010-11-15",42.17,42.51,41.25,41.31,1743100,41.31
"2010-11-16",41.03,41.15,40.47,40.91,2362200,40.91
"2010-11-17",40.92,41.75,40.47,40.93,2125900,40.93
"2010-11-18",41.49,42.22,41.34,41.76,1146900,41.76
"2010-11-19",41.95,42.92,41.74,41.87,2202400,41.87
"2010-11-22",41.96,42.73,41.69,42.67,1926500,42.67
"2010-11-23",42.71,43.31,41.94,42.25,2143700,42.25
"2010-11-24",42.64,43.68,42.59,43.31,2241800,43.31
"2010-11-26",42.9,43.43,42.76,43.32,887900,43.32
"2010-11-29",43.09,43.17,42.25,43.04,1806700,43.04
"2010-11-30",42.59,43.63,42.39,43.5,2325000,43.5
"2010-12-01",44.33,46.25,44.21,46.23,3673500,46.23
"2010-12-02",46.44,47.07,46.27,46.93,3026400,46.93
"2010-12-03",46.59,47.64,46.45,47.45,1825000,47.45
"2010-12-06",47.27,47.39,46.71,46.92,1364500,46.92
"2010-12-07",48.27,49,47.17,47.5,2721200,47.5
"2010-12-08",48.28,48.44,47.55,47.99,1821100,47.99
"2010-12-09",48.51,48.51,47.51,47.71,2273200,47.71
"2010-12-10",47.89,48.49,47.64,48.27,1994400,48.27
"2010-12-13",48.42,48.78,48.01,48.45,1702200,48.45
"2010-12-14",48.41,48.51,47.54,47.68,2137000,47.68
"2010-12-15",47.75,48.09,47.17,47.25,1895400,47.25
"2010-12-16",47.28,48.31,47.05,48.19,2546400,48.19
"2010-12-17",48.1,48.5,47.8,47.83,4194900,47.83
"2010-12-20",48.44,48.48,47.48,47.92,3089500,47.92
"2010-12-21",48.01,48.3,47.5,47.88,3514300,47.88
"2010-12-22",47.15,47.83,45.27,46.7,5794500,46.7
"2010-12-23",46.96,47.2,46.34,46.51,1483600,46.51
"2010-12-27",46.47,46.57,45.57,46.12,1093700,46.12
"2010-12-28",46.21,46.28,45.67,46.07,1077800,46.07
"2010-12-29",46.24,46.76,45.95,46.62,968800,46.62
"2010-12-30",46.39,46.58,46.19,46.25,747300,46.25
"2010-12-31",46.24,46.24,45.5,45.65,945400,45.65
"2011-01-03",46.06,46.89,46.05,46.56,1707500,46.56
"2011-01-04",46.59,46.77,45.98,46.15,1981400,46.15
"2011-01-05",46.02,46.83,45.75,46.55,980200,46.55
"2011-01-06",46.44,46.71,46.02,46.25,1141700,46.25
"2011-01-07",46.2,46.35,45.08,45.71,1682300,45.71
"2011-01-10",45.34,46.52,44.84,46.5,1397700,46.5
"2011-01-11",46.62,46.76,46.02,46.3,1025500,46.3
"2011-01-12",46.66,46.66,45.94,46.06,1296300,46.06
"2011-01-13",46.06,46.12,45.36,45.54,1037800,45.54
"2011-01-14",45.57,45.86,44.94,45.86,1303200,45.86
"2011-01-18",45.65,46.18,45.3,45.73,890800,45.73
"2011-01-19",45.87,46.46,45.21,45.57,1791500,45.57
"2011-01-20",45.13,45.15,42.95,43.28,3275600,43.28
"2011-01-21",43.47,43.75,42.6,42.76,2052100,42.76
"2011-01-24",42.72,42.72,41.94,42.08,2729900,42.08
"2011-01-25",41.68,41.8,39.84,40,5130900,40
"2011-01-26",41.14,42.4,41.13,42.19,4528900,42.19
"2011-01-27",42.16,43,41.26,41.38,3611100,41.38
"2011-01-28",41.43,41.75,40.51,41.06,3073700,41.06
"2011-01-31",41.1,41.37,40.92,41.32,2784800,41.32
"2011-02-01",41.3,42.27,41.19,41.99,2432200,41.99
"2011-02-02",41.68,42.79,41.58,42.58,2653100,42.58
"2011-02-03",42.65,43.26,42.28,43.07,2756100,43.07
"2011-02-04",43.02,43.73,42.7,43.57,2164600,43.57
"2011-02-07",43.59,44.54,43.49,44.11,1629600,44.11
"2011-02-08",44.03,44.89,43.75,44.46,2289100,44.46
"2011-02-09",44.31,44.75,44.15,44.39,1827100,44.39
"2011-02-10",44.03,45,43.84,44.72,1468200,44.72
"2011-02-11",44.44,45.36,44.27,44.88,1466300,44.88
"2011-02-14",44.77,45.62,44.7,45.56,1330600,45.56
"2011-02-15",45.27,45.55,45.13,45.29,1266400,45.29
"2011-02-16",45.52,45.77,45.13,45.66,1207000,45.66
"2011-02-17",45.52,45.89,45.17,45.58,1113600,45.58
"2011-02-18",45.64,45.81,45.2,45.43,1648000,45.43
"2011-02-22",44.75,44.81,42.86,43.03,1894800,43.03
"2011-02-23",42.94,43.15,40.56,40.58,4959600,40.58
"2011-02-24",39.74,41.13,39.42,40.59,6254800,40.59
"2011-02-25",41.01,41.67,40.72,41.34,2066100,41.34
"2011-02-28",41.5,41.55,40.68,41.28,1858800,41.28
"2011-03-01",41.43,41.59,40.12,40.35,1738500,40.35
"2011-03-02",40.21,41.02,40.13,40.71,1253000,40.71
"2011-03-03",41.19,41.91,40.98,41.86,1576900,41.86
"2011-03-04",41.75,41.98,40.8,40.96,1536200,40.96
"2011-03-07",41.31,41.36,39.81,40.35,1514500,40.35
"2011-03-08",40.42,41.6,40.23,41.3,2014300,41.3
"2011-03-09",41.1,41.6,40.78,41.34,1408400,41.34
"2011-03-10",40.71,40.92,39.96,40.35,1451400,40.35
"2011-03-11",40.04,41.17,39.97,41.06,1087400,41.06
"2011-03-14",40.59,41.17,39.93,40.21,1311200,40.21
"2011-03-15",38.84,40.34,38.47,40.11,2175800,40.11
"2011-03-16",39.88,40.77,39.49,39.58,2122000,39.58
"2011-03-17",40.35,40.35,39.24,39.29,2065100,39.29
"2011-03-18",39.94,40.21,38.9,39.11,2731400,39.11
"2011-03-21",39.61,40.18,39.14,39.81,1776200,39.81
"2011-03-22",39.84,39.84,39.02,39.56,1920400,39.56
"2011-03-23",39.17,40.25,38.75,39.97,2893900,39.97
"2011-03-24",45.33,47.88,44.76,47.26,18029000,47.26
"2011-03-25",47.29,47.68,46.14,46.34,4226400,46.34
"2011-03-28",46.41,46.82,45.72,46.09,3540100,46.09
"2011-03-29",45.89,47,45.79,46.91,2266700,46.91
"2011-03-30",47.1,47.26,45.53,46.1,2573800,46.1
"2011-03-31",45.94,46.05,45.18,45.39,2065500,45.39
"2011-04-01",45.86,46.43,45.41,46.31,2891700,46.31
"2011-04-04",46.31,47.21,46.27,47.03,3345400,47.03
"2011-04-05",46.8,46.84,46.11,46.38,2589100,46.38
"2011-04-06",46.49,46.59,44.77,45.17,2722000,45.17
"2011-04-07",45.11,45.84,44.59,45.12,1662500,45.12
"2011-04-08",45.56,45.57,44.79,45.2,1377700,45.2
"2011-04-11",45.1,45.59,44.66,45.04,1462800,45.04
"2011-04-12",44.53,45.14,44.21,44.59,2096200,44.59
"2011-04-13",45.01,46.03,44.96,45.7,2199400,45.7
"2011-04-14",45.16,45.63,44.65,45.49,2039800,45.49
"2011-04-15",45.45,46.04,45.11,45.92,1821900,45.92
"2011-04-18",45.28,45.39,44.34,45.26,1690200,45.26
"2011-04-19",45.18,45.37,44.55,45.11,1421400,45.11
"2011-04-20",46.55,48.15,46.43,47.71,3784900,47.71
"2011-04-21",48.08,48.38,47.27,47.59,1843900,47.59
"2011-04-25",47.52,47.73,47.02,47.22,839600,47.22
"2011-04-26",47.3,47.56,46.19,46.48,1800000,46.48
"2011-04-27",46.69,46.72,45.73,46.72,1049700,46.72
"2011-04-28",46.52,46.95,46.26,46.74,1012400,46.74
"2011-04-29",46.8,47.55,46.44,47.47,1446000,47.47
"2011-05-02",47.66,47.71,46.44,47.27,2444100,47.27
"2011-05-03",47.12,47.27,46.23,47,2505800,47
"2011-05-04",47,47.12,45.31,45.84,3011900,45.84
"2011-05-05",45.52,47.35,44.59,45.6,2241400,45.6
"2011-05-06",46.2,46.67,45.38,45.79,1763100,45.79
"2011-05-09",45.96,46.2,45.58,46.1,892600,46.1
"2011-05-10",46.25,47.04,46.05,46.86,1114700,46.86
"2011-05-11",46.87,47.26,46.09,46.35,1598100,46.35
"2011-05-12",46.13,47.55,45.8,47.44,1700000,47.44
"2011-05-13",47.35,47.79,46.77,46.87,1458500,46.87
"2011-05-16",46.64,46.69,45.44,45.5,1938600,45.5
"2011-05-17",45.35,45.4,44.57,45.2,1413400,45.2
"2011-05-18",45.21,45.79,44.83,45.59,1037600,45.59
"2011-05-19",45.7,45.85,45.08,45.64,948600,45.64
"2011-05-20",45.62,46.09,45.21,45.74,1443900,45.74
"2011-05-23",44.92,44.92,43.86,44.03,1981400,44.03
"2011-05-24",44.08,44.23,42.94,42.98,2797400,42.98
"2011-05-25",43.07,43.36,42.5,43.07,1513300,43.07
"2011-05-26",43.07,43.53,42.72,43.45,1678500,43.45
"2011-05-27",43.61,43.88,43.32,43.35,1148900,43.35
"2011-05-31",43.68,43.91,43.18,43.6,2332200,43.6
"2011-06-01",43.49,44.08,42.9,42.91,2860600,42.91
"2011-06-02",42.86,43.47,42.54,43.03,1641300,43.03
"2011-06-03",42.41,42.81,42.02,42.12,1759800,42.12
"2011-06-06",42.77,42.95,42.25,42.38,1880300,42.38
"2011-06-07",42.56,42.98,42.08,42.47,1956500,42.47
"2011-06-08",42.18,42.59,41.57,41.81,1924700,41.81
"2011-06-09",41.92,42.59,41.64,42.49,1354100,42.49
"2011-06-10",42.2,42.4,41.44,41.49,1609400,41.49
"2011-06-13",41.63,41.96,41.3,41.63,1706400,41.63
"2011-06-14",42.12,42.6,41.97,42.26,1488300,42.26
"2011-06-15",41.71,42.34,41.39,41.41,1474300,41.41
"2011-06-16",41.38,41.53,40.27,40.94,2333500,40.94
"2011-06-17",41.63,42.01,40.99,41.2,2705300,41.2
"2011-06-20",41.13,42.21,41,41.95,2544500,41.95
"2011-06-21",42.05,43.89,41.99,43.75,2863800,43.75
"2011-06-22",43.37,44.31,42.8,43.72,3583500,43.72
"2011-06-23",45.74,46.48,44.4,45.27,10098400,45.27
"2011-06-24",45.31,45.49,44.7,45.03,2540200,45.03
"2011-06-27",44.8,45.83,44.69,45.19,2456400,45.19
"2011-06-28",45.3,45.73,45.01,45.65,1798700,45.65
"2011-06-29",45.82,45.82,44.87,45.19,2359400,45.19
"2011-06-30",45.24,46.07,45,45.9,2024300,45.9
"2011-07-01",45.8,46.47,45.52,46.4,1490500,46.4
"2011-07-05",46.29,46.46,45.79,46.06,1879400,46.06
"2011-07-06",46.17,46.58,45.89,46.49,1409400,46.49
"2011-07-07",46.91,47.1,46.52,46.67,1215900,46.67
"2011-07-08",46.15,46.55,45.94,46.51,1005900,46.51
"2011-07-11",45.86,46.19,45.09,45.31,1940200,45.31
"2011-07-12",45.39,45.39,43.75,43.78,2014700,43.78
"2011-07-13",44.24,44.77,43.72,43.87,1703600,43.87
"2011-07-14",43.92,44.39,42.3,42.68,2960700,42.68
"2011-07-15",43.06,43.32,42.29,43.3,3792200,43.3
"2011-07-18",43.25,43.28,42.23,43.05,2007900,43.05
"2011-07-19",43.06,44.71,43.04,44.47,3028300,44.47
"2011-07-20",44.52,44.52,43.55,43.7,1700800,43.7
"2011-07-21",43.9,44.22,43.26,43.82,2627500,43.82
"2011-07-22",43.88,44.92,43.88,44.55,2363000,44.55
"2011-07-25",44,44.46,43.85,43.95,1645700,43.95
"2011-07-26",44,44.65,43.69,44.22,1897700,44.22
"2011-07-27",43.87,43.87,42.4,42.6,2713600,42.6
"2011-07-28",42.57,43.11,42.12,42.66,1702400,42.66
"2011-07-29",42.12,42.69,41.54,42.08,1748000,42.08
"2011-08-01",42.59,42.81,40.64,41.29,3181200,41.29
"2011-08-02",40.86,41.33,40.07,40.25,3750700,40.25
"2011-08-03",40.28,40.88,39.42,40.52,2913900,40.52
"2011-08-04",40.01,40.05,38.58,38.63,3309200,38.63
"2011-08-05",38.96,39.2,36.67,37.75,4654100,37.75
"2011-08-08",36.62,37.12,34.94,34.96,4666300,34.96
"2011-08-09",35.3,36.82,34.03,36.7,5387300,36.7
"2011-08-10",35.66,36.86,35.22,35.32,4439800,35.32
"2011-08-11",35.66,38.18,35.18,37.68,4331400,37.68
"2011-08-12",37.97,38.08,37.06,37.42,3663100,37.42
"2011-08-15",37.73,38.64,37.51,38.62,2409300,38.62
"2011-08-16",38.16,38.19,37.23,37.8,2436000,37.8
"2011-08-17",37.97,38.19,36.23,36.58,2875700,36.58
"2011-08-18",35.44,35.45,32.95,33.33,5761700,33.33
"2011-08-19",33.02,33.89,31.77,31.87,5738900,31.87
"2011-08-22",32.77,33.2,32.17,32.26,3950000,32.26
"2011-08-23",32.56,34.88,32.27,34.81,4512600,34.81
"2011-08-24",34.58,35.48,34.15,35.44,3711900,35.44
"2011-08-25",35.56,35.57,34.34,34.49,1995000,34.49
"2011-08-26",34.29,36.08,34.06,35.9,2153200,35.9
"2011-08-29",36.35,37.24,36.22,37.19,1577400,37.19
"2011-08-30",36.93,38.08,36.69,37.86,2183500,37.86
"2011-08-31",38.41,39.7,38.28,39.54,4091200,39.54
"2011-09-01",39.53,39.99,38.25,38.5,2525400,38.5
"2011-09-02",37.57,37.76,36.91,37.27,1932700,37.27
"2011-09-06",35.92,37.02,35.65,36.95,1843100,36.95
"2011-09-07",37.69,38.6,37.49,38.6,1739600,38.6
"2011-09-08",38.48,39.1,38.16,38.28,1843400,38.28
"2011-09-09",37.76,38.33,36.71,37.23,2097000,37.23
"2011-09-12",36.64,38.03,36.61,38.01,2187000,38.01
"2011-09-13",38.11,38.96,37.89,38.84,2190900,38.84
"2011-09-14",39,40.4,38.42,39.68,2025100,39.68
"2011-09-15",40.3,41.34,40.26,41.24,2758500,41.24
"2011-09-16",41.47,41.56,40.59,41.21,2180000,41.21
"2011-09-19",40.45,41.17,39.77,40.94,2277900,40.94
"2011-09-20",41.14,41.68,39.95,40.09,2333200,40.09
"2011-09-21",41.04,41.38,40.25,40.29,4088600,40.29
"2011-09-22",42.18,42.55,40.32,41.49,8954600,41.49
"2011-09-23",41.27,42.56,40.91,42.32,3283900,42.32
"2011-09-26",42.72,43.56,41.52,43.49,3471800,43.49
"2011-09-27",44,44.99,43,44.72,4241000,44.72
"2011-09-28",44.7,45.07,43.21,43.65,4438600,43.65
"2011-09-29",44.42,44.8,42.75,43.93,3629000,43.93
"2011-09-30",43.16,43.7,42.23,42.26,3544400,42.26
"2011-10-03",42.23,42.48,40.42,40.46,2665700,40.46
"2011-10-04",38.76,40.03,37.85,39.89,5900000,39.89
"2011-10-05",39.96,40.82,39.38,40.64,4677400,40.64
"2011-10-06",40.67,42.09,40.08,42.04,2332300,42.04
"2011-10-07",42.39,43.51,41.86,42.88,3324500,42.88
"2011-10-10",43.66,44.35,43.29,44.17,1968000,44.17
"2011-10-11",43.81,45.26,43.62,44.98,2467400,44.98
"2011-10-12",45.23,46.29,44.88,45.68,2769600,45.68
"2011-10-13",45.38,46.49,45.2,46.18,2219900,46.18
"2011-10-14",46.69,47.69,46.6,47.44,2172000,47.44
"2011-10-17",46.96,47.27,45.85,46.22,2218500,46.22
"2011-10-18",45.38,47.07,44.75,46.82,2641600,46.82
"2011-10-19",46.54,46.54,45.25,45.55,2621100,45.55
"2011-10-20",45.51,45.68,44.33,45.37,1741600,45.37
"2011-10-21",45.82,46.32,45.48,46.29,1623700,46.29
"2011-10-24",46.3,47.57,46.27,47.42,1565100,47.42
"2011-10-25",47.22,47.73,46.35,46.46,1807100,46.46
"2011-10-26",47.09,48.57,46,48.23,3401200,48.23
"2011-10-27",48.94,51.54,48.73,51.11,3535400,51.11
"2011-10-28",49.93,52,49.93,51.86,1835700,51.86
"2011-10-31",50.87,51.2,49.64,49.65,1944700,49.65
"2011-11-01",47.7,48.87,47.23,48.28,2618800,48.28
"2011-11-02",49.08,49.5,47.67,48.73,2013300,48.73
"2011-11-03",49.3,50.77,48.6,50.61,1838100,50.61
"2011-11-04",50.17,50.65,49.39,50.59,1411200,50.59
"2011-11-07",50.42,50.66,49.37,50.58,933500,50.58
"2011-11-08",50.03,50.88,49.26,50.53,1615300,50.53
"2011-11-09",49.36,50.02,48.58,48.67,2221000,48.67
"2011-11-10",49.46,49.51,47.98,49.07,940600,49.07
"2011-11-11",49.91,50.69,49.82,50.05,1239900,50.05
"2011-11-14",49.81,50.8,49.78,50.2,1366600,50.2
"2011-11-15",50.15,53.09,50.05,52.72,3045700,52.72
"2011-11-16",52.18,53.42,51.79,51.89,1910300,51.89
"2011-11-17",51.8,51.8,49.21,49.58,1965500,49.58
"2011-11-18",49.78,49.87,48.99,49.04,1947700,49.04
"2011-11-21",48.09,48.21,47.01,47.73,2662400,47.73
"2011-11-22",47.55,48.14,47.08,47.47,1504200,47.47
"2011-11-23",46.89,47.06,45.51,45.51,2095300,45.51
"2011-11-25",45.52,46.02,44.89,44.93,866000,44.93
"2011-11-28",46.24,47.94,46.21,47.48,2036300,47.48
"2011-11-29",47.69,48.22,46.92,47.15,1034800,47.15
"2011-11-30",48.62,50.61,48.62,50.08,2792600,50.08
"2011-12-01",49.87,50.73,49.43,50.54,1548200,50.54
"2011-12-02",51.14,51.35,50.13,50.22,1264300,50.22
"2011-12-05",51.21,52.95,51.16,51.8,1609600,51.8
"2011-12-06",51.77,51.97,50.3,50.55,2836700,50.55
"2011-12-07",50.31,50.32,48.96,49.6,3740200,49.6
"2011-12-08",49.35,49.73,48.72,48.81,1987900,48.81
"2011-12-09",49.02,49.95,48.94,49.7,2305000,49.7
"2011-12-12",49.29,49.54,48.37,48.99,1546000,48.99
"2011-12-13",49.34,49.55,46.67,46.98,2514700,46.98
"2011-12-14",46.98,47.13,44.97,45.98,3710100,45.98
"2011-12-15",46.91,47,45.7,46.23,2273600,46.23
"2011-12-16",46.66,48.54,46.55,47.64,3108100,47.64
"2011-12-19",48.25,48.25,45.83,46.05,3456400,46.05
"2011-12-20",42.95,44.55,41.71,41.95,14841500,41.95
"2011-12-21",41.31,41.33,39.19,39.9,10378800,39.9
"2011-12-22",39.94,40.97,39.57,40.81,4982700,40.81
"2011-12-23",40.79,41.6,40.34,41.59,1889800,41.59
"2011-12-27",41.6,41.85,41.24,41.62,1862100,41.62
"2011-12-28",41.48,41.6,40.82,41,1784100,41
"2011-12-29",41.25,41.65,40.82,41.59,1430900,41.59
"2011-12-30",41.47,41.57,41.13,41.29,1225400,41.29
"2012-01-03",42.17,42.97,41.59,41.65,2455300,41.65
"2012-01-04",41.76,42.46,41.3,42.4,2524000,42.4
"2012-01-05",42.38,43.02,42.25,42.7,2798400,42.7
"2012-01-06",42.83,43.5,42.57,43.04,1901100,43.04
"2012-01-09",43.19,43.29,42.03,42.34,1730000,42.34
"2012-01-10",42.73,43.23,42.62,42.96,1390500,42.96
"2012-01-11",42.66,43.25,42.55,43.04,1441400,43.04
"2012-01-12",43.18,43.19,42.24,43.11,1297400,43.11
"2012-01-13",42.7,42.88,42.14,42.43,1378500,42.43
"2012-01-17",42.94,43.5,42.8,43.22,1612700,43.22
"2012-01-18",43.18,45.7,43.13,45.48,3304300,45.48
"2012-01-19",45.84,47,45.84,46.9,2718400,46.9
"2012-01-20",46.84,47.2,46.05,46.24,1948700,46.24
"2012-01-23",46.29,47.09,46.17,47,2021900,47
"2012-01-24",47.05,47.74,46.96,47.51,1947500,47.51
"2012-01-25",47.53,48,47.19,47.77,1348200,47.77
"2012-01-26",47.82,48.49,47.08,47.4,2357200,47.4
"2012-01-27",47.15,47.87,47.09,47.5,2100600,47.5
"2012-01-30",47.14,47.16,46.13,46.65,2064600,46.65
"2012-01-31",47,47,46.18,46.37,1694700,46.37
"2012-02-01",46.89,47.67,46.16,47.07,1855100,47.07
"2012-02-02",47.27,48,47.14,47.48,1278900,47.48
"2012-02-03",48.09,49,48.02,48.95,1919800,48.95
"2012-02-06",48.58,48.71,48.19,48.25,1180100,48.25
"2012-02-07",47.97,48.22,47.72,48.01,1143700,48.01
"2012-02-08",48.03,48.13,47.45,48.08,1159900,48.08
"2012-02-09",48.24,48.83,47.82,48.78,1145600,48.78
"2012-02-10",48.29,48.72,47.68,47.97,1225600,47.97
"2012-02-13",48.45,49.04,48.17,48.84,1176600,48.84
"2012-02-14",48.79,49.15,48.36,48.81,1127600,48.81
"2012-02-15",49.01,49.28,47.98,48.15,1115700,48.15
"2012-02-16",48.24,49.15,48.14,49.08,1098800,49.08
"2012-02-17",49.33,49.45,48.58,48.61,1190800,48.61
"2012-02-21",48.71,48.79,47.82,48.27,1186400,48.27
"2012-02-22",48.21,49.25,48.21,48.69,1365700,48.69
"2012-02-23",48.52,49.04,48.01,48.9,865600,48.9
"2012-02-24",49.43,50.61,49.3,50.01,1402200,50.01
"2012-02-27",49.49,50.07,48.86,49.58,1074400,49.58
"2012-02-28",49.54,49.72,49.28,49.68,932600,49.68
"2012-02-29",49.7,50.29,49.32,49.46,1145200,49.46
"2012-03-01",49.74,50.82,49.67,50.72,1142700,50.72
"2012-03-02",50.7,50.85,50.05,50.23,1235800,50.23
"2012-03-05",50.11,50.26,49.02,49.3,1590300,49.3
"2012-03-06",48.71,48.86,48.25,48.7,1228500,48.7
"2012-03-07",48.81,49.77,48.68,49.62,1200900,49.62
"2012-03-08",50.1,51.15,50.02,50.67,1146800,50.67
"2012-03-09",50.72,51.04,50.23,50.57,1385900,50.57
"2012-03-12",50.58,51.12,50.47,50.94,1447000,50.94
"2012-03-13",51.34,51.38,50.78,51.06,1753100,51.06
"2012-03-14",51.39,51.51,50.16,50.33,1882100,50.33
"2012-03-15",50.31,50.77,50.11,50.73,1645100,50.73
"2012-03-16",49.64,50.98,49.35,50.64,1763000,50.64
"2012-03-19",50.56,51.31,50.56,51.03,924300,51.03
"2012-03-20",50.6,50.7,50,50.69,1272100,50.69
"2012-03-21",50.91,52.57,50.89,52.03,1448400,52.03
"2012-03-22",51.67,51.71,51.03,51.54,1242500,51.54
"2012-03-23",51.54,51.95,51.02,51.87,1321500,51.87
"2012-03-26",52.51,53.19,52.41,53.13,1627400,53.13
"2012-03-27",53.27,54.01,51.9,51.9,3073600,51.9
"2012-03-28",52.58,52.83,51.22,51.39,4334300,51.39
"2012-03-29",54.94,61.71,54.55,61.43,15514800,61.43
"2012-03-30",60.97,61.51,59.4,59.89,5263600,59.89
"2012-04-02",59.67,61.05,58.86,60.8,3388300,60.8
"2012-04-03",60.82,62.24,60,61.74,3653900,61.74
"2012-04-04",61.07,61.92,59.65,60.67,2763800,60.67
"2012-04-05",60.46,61.15,60.06,60.95,1537200,60.95
"2012-04-09",59.9,60.23,59.11,59.73,1995000,59.73
"2012-04-10",59.46,60.04,58.16,58.56,2710900,58.56
"2012-04-11",58.92,59.78,58.25,59.53,2422700,59.53
"2012-04-12",59.74,60.96,59.51,60.81,1729600,60.81
"2012-04-13",60.65,61.36,59.92,60.2,1598900,60.2
"2012-04-16",60.29,60.64,59.2,60.06,1638200,60.06
"2012-04-17",60.17,60.35,59.83,59.94,2356800,59.94
"2012-04-18",59.54,60.45,59.24,60.21,1537800,60.21
"2012-04-19",60.23,62.75,59.62,60.13,2881000,60.13
"2012-04-20",60.22,61.06,60.08,60.55,2014400,60.55
"2012-04-23",59.72,59.81,57.84,58.87,2649800,58.87
"2012-04-24",59.07,59.13,57,57.11,2067100,57.11
"2012-04-25",57.93,59.29,57.66,59.23,2016500,59.23
"2012-04-26",59.26,60.15,59,59.79,1288900,59.79
"2012-04-27",59.96,61.03,59,60.91,2071400,60.91
"2012-04-30",60.59,60.69,59.52,59.61,1297100,59.61
"2012-05-01",59.7,61.11,59.52,60.39,1441900,60.39
"2012-05-02",59.86,62.25,59.76,61.95,2059000,61.95
"2012-05-03",61.72,62.41,60.45,60.8,2257900,60.8
"2012-05-04",60.57,60.74,58.12,58.7,2235900,58.7
"2012-05-07",58.07,59,57.19,58.64,1757700,58.64
"2012-05-08",58.15,58.15,55.9,57.48,2039500,57.48
"2012-05-09",56.69,58.26,56.25,57.9,2109800,57.9
"2012-05-10",58.16,58.41,55.85,56.04,2865700,56.04
"2012-05-11",55.84,57.45,55.84,56.67,1617900,56.67
"2012-05-14",56.01,56.56,55.56,55.91,1154500,55.91
"2012-05-15",56.01,58.13,56.01,56.82,1604500,56.82
"2012-05-16",57.47,57.56,55.62,55.69,2007500,55.69
"2012-05-17",55.78,56.1,54.28,54.48,2136300,54.48
"2012-05-18",55.01,55.21,52.75,53.53,2517600,53.53
"2012-05-21",53.48,55.5,52.88,55.28,1784900,55.28
"2012-05-22",55.37,56.95,55.24,56.32,2703400,56.32
"2012-05-23",55.2,55.2,52.6,54.43,3600000,54.43
"2012-05-24",54.71,54.71,51.7,52.62,3134300,52.62
"2012-05-25",52.65,52.78,51.9,52.09,1701400,52.09
"2012-05-29",53.1,53.35,51.62,52.2,1888300,52.2
"2012-05-30",51.47,51.78,50.98,51.53,1630500,51.53
"2012-05-31",51.69,51.78,50.18,51.38,2812600,51.38
"2012-06-01",50.03,51.26,49.86,49.9,2569800,49.9
"2012-06-04",49.56,50.67,49.45,50.48,2769000,50.48
"2012-06-05",50.12,53.17,50.12,52.96,3087300,52.96
"2012-06-06",53.46,55.37,53.16,55.27,2628400,55.27
"2012-06-07",55.85,56.07,54.47,54.63,1718700,54.63
"2012-06-08",54.31,55.79,54.07,55.76,1610900,55.76
"2012-06-11",56.04,56.22,53.72,53.77,1798800,53.77
"2012-06-12",54.04,54.34,52.83,53.72,2072200,53.72
"2012-06-13",53.41,54.05,52.82,53.1,1944700,53.1
"2012-06-14",53.29,54.4,52.51,54.15,1877300,54.15
"2012-06-15",54.34,56.8,54.17,56.49,3004800,56.49
"2012-06-18",55.89,56.91,54.76,56.56,2652800,56.56
"2012-06-19",57.3,58.64,56.64,56.92,2669800,56.92
"2012-06-20",57,57.17,55.55,56.5,5461900,56.5
"2012-06-21",51.13,54.23,51.02,53,10776400,53
"2012-06-22",53.43,55.6,52.33,55.01,4603900,55.01
"2012-06-25",54.07,54.98,53.2,53.74,3077600,53.74
"2012-06-26",54.04,54.84,53.59,54.62,2172100,54.62
"2012-06-27",54.68,55.06,53.95,54.42,1959200,54.42
"2012-06-28",54.17,54.8,51.87,52.68,1986400,52.68
"2012-06-29",53.76,56.52,53.76,56.48,2822100,56.48
"2012-07-02",56.4,56.77,55.39,55.84,1873700,55.84
"2012-07-03",55.82,57.02,55.71,56.67,636000,56.67
"2012-07-05",56.21,57.1,56,56.67,1258700,56.67
"2012-07-06",55.1,55.54,52.38,52.94,2872900,52.94
"2012-07-09",53.04,53.51,51.01,51.16,3270100,51.16
"2012-07-10",51.52,52.03,50.96,51.2,2699400,51.2
"2012-07-11",51.06,51.91,50.92,51.36,2198300,51.36
"2012-07-12",50.55,50.8,49.51,50.48,2624400,50.48
"2012-07-13",50.68,52.51,50.36,52.48,1702100,52.48
"2012-07-16",52.17,52.53,51.78,51.97,1934900,51.97
"2012-07-17",52.3,52.53,50.81,51.67,1470000,51.67
"2012-07-18",52.35,54.38,51.9,53.96,2362100,53.96
"2012-07-19",54.24,55.75,54.22,55.61,2641400,55.61
"2012-07-20",55.05,55.05,53.66,53.72,1778800,53.72
"2012-07-23",52.58,52.89,51.27,52.64,1221100,52.64
"2012-07-24",52.63,52.76,51.08,51.48,2001400,51.48
"2012-07-25",51.76,52.61,51.36,51.83,920900,51.83
"2012-07-26",52.98,54.5,52.11,52.97,2143400,52.97
"2012-07-27",53.51,56.6,53.39,55.81,2144400,55.81
"2012-07-30",55.63,55.81,53.41,53.76,1712100,53.76
"2012-07-31",53.85,54.53,53.33,53.66,1275000,53.66
"2012-08-01",54.13,54.19,52.46,53.01,1496300,53.01
"2012-08-02",52.42,54.39,51.95,53.01,1159400,53.01
"2012-08-03",54.16,55.56,53.66,55.5,1185900,55.5
"2012-08-06",55.62,56.83,55.31,56.73,1530300,56.73
"2012-08-07",56.77,58.74,56.63,57.82,1800100,57.82
"2012-08-08",57.83,58.61,57.55,58.28,1674700,58.28
"2012-08-09",58,58.39,57.39,57.83,1468500,57.83
"2012-08-10",57.72,57.89,56.72,57.04,2131700,57.04
"2012-08-13",56.99,57.1,55.77,56.39,1745600,56.39
"2012-08-14",56.74,56.81,55.03,55.13,1983700,55.13
"2012-08-15",55.17,56.13,55.17,55.72,1736900,55.72
"2012-08-16",56.01,58.52,56.01,58.24,2361100,58.24
"2012-08-17",58.67,59.49,58.31,59.42,2278900,59.42
"2012-08-20",59.19,59.37,57.88,58.54,2053900,58.54
"2012-08-21",58.6,59.19,57.8,58.07,1450900,58.07
"2012-08-22",57.97,58.65,57.78,58.4,1002900,58.4
"2012-08-23",58.1,58.6,57.37,57.73,1403100,57.73
"2012-08-24",57.44,58.06,56.75,57.77,1813200,57.77
"2012-08-27",58.05,58.13,56.85,57.25,1362600,57.25
"2012-08-28",57.22,57.38,56.53,56.88,1957000,56.88
"2012-08-29",57.12,57.29,56.44,57.03,1134700,57.03
"2012-08-30",56.61,56.9,55.64,55.89,1447100,55.89
"2012-08-31",56.48,56.77,55.4,56.04,1302400,56.04
"2012-09-04",56.12,57.28,55.68,57.03,1604000,57.03
"2012-09-05",57.12,57.24,56.53,56.99,1229900,56.99
"2012-09-06",57.4,59.14,57.26,59.1,2299000,59.1
"2012-09-07",59.02,59.7,58.66,59.15,1533500,59.15
"2012-09-10",58.75,59.14,58.36,58.42,1051900,58.42
"2012-09-11",58.34,58.6,57.15,57.18,2607600,57.18
"2012-09-12",57.4,57.64,56.82,57.32,2692800,57.32
"2012-09-13",58.08,59.2,57.62,58.99,2468700,58.99
"2012-09-14",59.54,60,59.2,60,1884400,60
"2012-09-17",59.04,59.39,58.4,58.62,2151200,58.62
"2012-09-18",58.38,58.62,56.95,57.21,2850100,57.21
"2012-09-19",57.37,57.9,56.98,57.58,1703600,57.58
"2012-09-20",57.21,57.5,56.56,56.84,2349300,56.84
"2012-09-21",57.68,58.42,57.59,57.64,3309300,57.64
"2012-09-24",57.81,57.81,56.73,57.54,3674200,57.54
"2012-09-25",55.08,57.06,55,55.08,5046500,55.08
"2012-09-26",55.19,55.66,53.67,54.66,2301100,54.66
"2012-09-27",55.06,56.71,54.69,56.64,1847000,56.64
"2012-09-28",56.2,57.19,55.98,56.94,2381000,56.94
"2012-10-01",57.17,57.3,54.8,55.22,2755700,55.22
"2012-10-02",55.55,55.94,54.83,55.46,1190700,55.46
"2012-10-03",55.75,56.16,55.46,55.79,1544600,55.79
"2012-10-04",55.06,55.94,54.42,55.8,1825300,55.8
"2012-10-05",56.19,56.55,54.93,55.21,956300,55.21
"2012-10-08",54.87,55.52,54.31,54.41,1183600,54.41
"2012-10-09",54.41,54.5,53.1,54,1501000,54
"2012-10-10",53.97,54.39,52.93,53.86,2105600,53.86
"2012-10-11",54.28,54.58,53.64,53.77,1260700,53.77
"2012-10-12",53.83,54.45,53.32,53.69,1040700,53.69
"2012-10-15",53.95,54.4,53.41,54.33,1124500,54.33
"2012-10-16",54.26,54.96,53.92,54.66,1581900,54.66
"2012-10-17",53.78,53.97,51.92,52.21,3518600,52.21
"2012-10-18",52.1,52.91,51.44,52.25,2819500,52.25
"2012-10-19",52.02,52.12,50.5,50.73,2723500,50.73
"2012-10-22",50.86,51.2,50.46,51.06,1641100,51.06
"2012-10-23",50.26,52.07,49.92,51.9,2530400,51.9
"2012-10-24",52.34,52.8,50.65,51.24,1751600,51.24
"2012-10-25",51.82,51.87,49.69,50.03,2796700,50.03
"2012-10-26",50,50.64,49.44,50.27,2036400,50.27
"2012-10-31",49.51,50.27,49.06,49.17,1362700,49.17
"2012-11-01",49.46,50.88,48.52,50.87,3128600,50.87
"2012-11-02",51.12,51.48,50.59,50.64,1813900,50.64
"2012-11-05",50.44,50.46,49.72,50.11,1455000,50.11
"2012-11-06",50.25,50.6,49.84,50.43,1417700,50.43
"2012-11-07",49.41,49.85,48.65,48.65,1925600,48.65
"2012-11-08",48.68,49.52,48.2,48.33,2012400,48.33
"2012-11-09",48.23,48.95,48.15,48.34,1392500,48.34
"2012-11-12",48.5,48.5,47.45,47.53,1164700,47.53
"2012-11-13",47.28,47.74,46.76,47.41,1727300,47.41
"2012-11-14",47.9,48.44,47.65,47.76,1771500,47.76
"2012-11-15",47.81,47.87,47.08,47.73,1498400,47.73
"2012-11-16",47.88,48.61,47.66,48.45,2129700,48.45
"2012-11-19",49.01,49.21,48.18,48.9,1493900,48.9
"2012-11-20",48.74,49.05,47.77,48.17,1093800,48.17
"2012-11-21",48.27,49.66,48.24,49.06,1628200,49.06
"2012-11-23",49.45,50,49.15,49.74,579700,49.74
"2012-11-26",49.45,49.74,49.32,49.71,1129800,49.71
"2012-11-27",49.52,49.52,48.1,48.51,2506500,48.51
"2012-11-28",48.32,49.08,47.8,49.02,1049300,49.02
"2012-11-29",49.4,50.08,49.26,49.71,1351700,49.71
"2012-11-30",49.61,50.17,49.05,49.4,1391400,49.4
"2012-12-03",49.79,50.03,49.3,49.45,785800,49.45
"2012-12-04",49.49,49.56,48.75,49.01,1320200,49.01
"2012-12-05",47.93,48.65,46.34,48.37,4064000,48.37
"2012-12-06",48.4,48.65,48.04,48.43,2202400,48.43
"2012-12-07",48.78,49.45,48.15,49.16,1781900,49.16
"2012-12-10",49.24,49.75,49.24,49.52,1502600,49.52
"2012-12-11",49.72,51.15,49.7,50.76,1645000,50.76
"2012-12-12",51.04,51.44,50.21,50.35,1413400,50.35
"2012-12-13",50.24,50.55,49.92,50.19,1071100,50.19
"2012-12-14",49.9,50.47,49.81,50.22,1156400,50.22
"2012-12-17",50.27,51.38,49.99,51.3,1165400,51.3
"2012-12-18",51.44,52.33,51.38,52.2,1424000,52.2
"2012-12-19",52.78,53.49,52.18,52.2,1863500,52.2
"2012-12-20",52.32,53.12,51.55,52.61,3301200,52.61
"2012-12-21",55.29,55.42,54.19,54.99,5137200,54.99
"2012-12-24",54.7,54.77,53.43,53.98,1052200,53.98
"2012-12-26",53.95,54.72,53.3,53.54,1178900,53.54
"2012-12-27",53.36,53.52,51.87,52.78,1801000,52.78
"2012-12-28",52.28,52.58,51.91,51.98,1242400,51.98
"2012-12-31",51.97,53.21,51.66,52.96,1760800,52.96
"2013-01-02",54.17,55.06,53.8,54.6,1878400,54.6
"2013-01-03",54.43,54.88,53.64,53.91,1753300,53.91
"2013-01-04",53.9,54.7,53.9,54.25,1470400,54.25
"2013-01-07",53.81,54.22,53.54,53.92,1457100,53.92
"2013-01-08",53.89,54.62,53.37,54.58,1701800,54.58
"2013-01-09",54.52,55.3,54.38,54.44,1369500,54.44
"2013-01-10",54.68,54.87,53.4,54.27,1184400,54.27
"2013-01-11",54.33,54.7,53.88,54.45,1111900,54.45
"2013-01-14",54.23,55,54.14,54.99,1251600,54.99
"2013-01-15",54.57,55.15,54.16,54.99,1138300,54.99
"2013-01-16",54.59,55.27,54.5,54.9,1073900,54.9
"2013-01-17",55.19,55.71,54.86,54.86,930400,54.86
"2013-01-18",54.82,54.91,53.76,54.15,1982500,54.15
"2013-01-22",54.05,54.05,52.53,52.8,2441500,52.8
"2013-01-23",53.32,54.26,53.16,54.15,1609800,54.15
"2013-01-24",53.96,55.21,53.93,54.47,1056300,54.47
"2013-01-25",55.36,56.74,55.21,56.05,1657400,56.05
"2013-01-28",56.34,56.61,56.03,56.25,1752500,56.25
"2013-01-29",54.73,55.74,53.93,55.06,2234800,55.06
"2013-01-30",55.2,55.47,54.36,54.49,1287000,54.49
"2013-01-31",54.89,56.03,54.7,55.56,1554000,55.56
"2013-02-01",55.87,57.1,55.79,56.9,1954100,56.9
"2013-02-04",56.43,56.89,55.91,55.95,1446400,55.95
"2013-02-05",56.26,56.41,55.9,56.24,1098400,56.24
"2013-02-06",55.68,56.3,55.3,55.73,1345800,55.73
"2013-02-07",55.66,55.66,54.21,55.09,2172900,55.09
"2013-02-08",55.24,55.6,54.87,54.96,1579200,54.96
"2013-02-11",54.95,54.98,54.11,54.51,1671900,54.51
"2013-02-12",54.54,55.34,54.28,55.33,1529600,55.33
"2013-02-13",55.36,55.41,54.1,54.5,2690000,54.5
"2013-02-14",54.37,54.44,53.81,54.07,2469000,54.07
"2013-02-15",54.3,54.52,53.84,53.93,1770800,53.93
"2013-02-19",54.01,54.27,53.79,53.94,1542300,53.94
"2013-02-20",54.03,54.68,53.65,53.72,1711500,53.72
"2013-02-21",53.62,53.63,51.67,51.71,3320500,51.71
"2013-02-22",52.11,52.3,51,51.24,3816000,51.24
"2013-02-25",51.51,51.86,50.2,50.24,2699400,50.24
"2013-02-26",50.55,50.62,49.1,49.39,4649700,49.39
"2013-02-27",49.33,50.91,49.26,50.55,4145300,50.55
"2013-02-28",51.05,51.3,50.68,50.81,3165900,50.81
"2013-03-01",50.79,51.7,50.2,51.58,2231000,51.58
"2013-03-04",51.3,52.09,51.12,52.08,1919100,52.08
"2013-03-05",52.27,52.53,51.8,51.99,2166600,51.99
"2013-03-06",52.14,52.96,52,52.8,2929000,52.8
"2013-03-07",53.12,53.59,52.91,53.47,1932900,53.47
"2013-03-08",53.65,53.65,52.82,53,1250900,53
"2013-03-11",52.89,53.54,52.75,53.14,1596600,53.14
"2013-03-12",52.34,52.34,50.39,50.6,5151000,50.6
"2013-03-13",50.46,51.03,50.15,50.8,2322600,50.8
"2013-03-14",51,51,50.02,50.66,3097500,50.66
"2013-03-15",50.4,50.61,50,50.44,2483600,50.44
"2013-03-18",49.75,50.45,49.61,50.13,1509500,50.13
"2013-03-19",50.38,50.6,49.48,49.79,2003700,49.79
"2013-03-20",50.08,51.27,49.89,51.18,2064900,51.18
"2013-03-21",50.62,51.21,49.95,50.94,3071000,50.94
"2013-03-22",50.47,50.84,49.73,50.8,2276400,50.8
"2013-03-25",49.89,50.13,47.91,48.99,7029700,48.99
"2013-03-26",49.08,49.57,48.76,49.25,2984300,49.25
"2013-03-27",49.04,50.19,48.14,49.97,6397900,49.97
"2013-03-28",47.75,50.63,47.5,50.56,10256600,50.56
"2013-04-01",50.66,50.66,48.13,48.32,4209400,48.32
"2013-04-02",48.76,49.41,48.32,48.84,2558600,48.84
"2013-04-03",48.94,49.4,47.59,47.7,2193100,47.7
"2013-04-04",47.81,48.06,47.28,48.05,1812400,48.05
"2013-04-05",46.97,47.78,46.75,47.47,1805000,47.47
"2013-04-08",47.46,48.06,47.13,47.96,2115200,47.96
"2013-04-09",48.06,48.54,47.63,48.27,2399200,48.27
"2013-04-10",48.35,49.96,48.35,49.52,3319300,49.52
"2013-04-11",49.33,50.29,49.13,49.99,3472100,49.99
"2013-04-12",49.65,50.56,49.63,50.55,2625600,50.55
"2013-04-15",50.2,50.2,49.23,49.26,2323700,49.26
"2013-04-16",49.69,51.35,49.58,51.28,2842800,51.28
"2013-04-17",50.59,50.76,49.72,50.27,2662900,50.27
"2013-04-18",50.39,50.59,48.99,49.1,1558800,49.1
"2013-04-19",49.28,49.98,48.55,49.25,1871300,49.25
"2013-04-22",49.28,49.4,48.1,48.61,1904500,48.61
"2013-04-23",49.07,49.47,48.67,49.11,1097700,49.11
"2013-04-24",48.94,49.59,48.63,48.65,1077000,48.65
"2013-04-25",48.96,49.38,48.49,49.08,1384600,49.08
"2013-04-26",49.16,49.35,48.44,48.53,1230900,48.53
"2013-04-29",48.78,49.28,48.43,48.81,1116600,48.81
"2013-04-30",48.67,48.75,47.69,47.93,1917700,47.93
"2013-05-01",48.01,48.75,47.59,47.73,1449400,47.73
"2013-05-02",47.76,48.54,47.76,48.51,1468500,48.51
"2013-05-03",48.94,49.73,48.55,49.65,1501100,49.65
"2013-05-06",49.8,50.33,49.5,50.3,1381700,50.3
"2013-05-07",50.35,50.71,50.19,50.65,1637400,50.65
"2013-05-08",50.38,50.93,50.05,50.82,1988000,50.82
"2013-05-09",50.68,51.47,50.36,50.94,1587300,50.94
"2013-05-10",50.94,51.92,50.67,51.9,1771000,51.9
"2013-05-13",51.9,51.98,51.38,51.96,1571100,51.96
"2013-05-14",51.99,53,51.89,52.72,1754900,52.72
"2013-05-15",52.62,54.85,52.43,54.16,3978700,54.16
"2013-05-16",54.18,55.43,54.15,54.71,2728000,54.71
"2013-05-17",54.93,55.59,54.42,54.99,2644100,54.99
"2013-05-20",54.47,54.7,52.36,52.65,3998000,52.65
"2013-05-21",52.66,52.99,51.84,51.86,2065100,51.86
"2013-05-22",51.87,52.04,49.75,50.02,3284500,50.02
"2013-05-23",49.33,49.92,48.73,49.36,2738400,49.36
"2013-05-24",48.9,49.19,48.25,48.49,2725700,48.49
"2013-05-28",49.4,49.46,48.6,48.64,1850800,48.64
"2013-05-29",48.3,48.43,47.79,48.18,2046000,48.18
"2013-05-30",48.25,48.32,47.35,47.86,3608200,47.86
"2013-05-31",47.72,49.37,47.6,48.23,2685100,48.23
"2013-06-03",48.29,48.29,46.31,47.16,2346600,47.16
"2013-06-04",47.13,47.33,46.17,46.18,2498100,46.18
"2013-06-05",46.08,46.79,45.55,45.7,3561200,45.7
"2013-06-06",45.77,46.06,44.92,45.48,5005800,45.48
"2013-06-07",45.72,46.53,45.52,46.24,1865700,46.24
"2013-06-10",46.26,46.52,46.19,46.4,1540100,46.4
"2013-06-11",45.86,46.85,45.55,46.24,2244200,46.24
"2013-06-12",46.68,46.74,45.96,46.4,2234800,46.4
"2013-06-13",46.23,46.34,45.08,45.85,3224800,45.85
"2013-06-14",45.93,46.5,45.56,45.81,2062200,45.81
"2013-06-17",45.83,46.15,45.33,45.68,1736900,45.68
"2013-06-18",45.75,47.04,45.69,46.63,2227400,46.63
"2013-06-19",46.63,46.88,45.9,46.22,2731100,46.22
"2013-06-20",47.85,48.15,45.66,45.88,4977500,45.88
"2013-06-21",46.25,46.47,45.34,46.45,4544500,46.45
"2013-06-24",45.88,46.32,44.95,45.91,2447300,45.91
"2013-06-25",46.34,46.48,45.47,45.86,2051700,45.86
"2013-06-26",46.32,46.95,46.2,46.79,1938000,46.79
"2013-06-27",47.07,48.82,47,48.47,3298300,48.47
"2013-06-28",48.23,48.36,47.19,47.82,2821600,47.82
"2013-07-01",48.04,48.38,47.36,47.41,1250000,47.41
"2013-07-02",47.41,47.85,47.04,47.41,1152400,47.41
"2013-07-03",47.16,48.15,47.13,47.85,574500,47.85
"2013-07-05",48.07,48.36,47.68,48.34,783600,48.34
"2013-07-08",48.5,48.62,47.75,47.94,1125900,47.94
"2013-07-09",48.18,48.35,47.74,48.14,1071500,48.14
"2013-07-10",48.21,48.42,47.86,48.33,999200,48.33
"2013-07-11",48.92,50.9,48.92,50.57,2153400,50.57
"2013-07-12",50.5,50.82,50.21,50.26,1016100,50.26
"2013-07-15",50.24,50.24,49.14,49.85,1327500,49.85
"2013-07-16",49.78,49.89,49.52,49.59,803500,49.59
"2013-07-17",49.63,50,49.51,49.68,774800,49.68
"2013-07-18",49.66,50.65,49.47,50.21,1380500,50.21
"2013-07-19",50.92,50.92,49.35,49.38,1178400,49.38
"2013-07-22",49.07,49.36,48.89,48.96,1043500,48.96
"2013-07-23",49.05,49.32,48.76,48.79,1070800,48.79
"2013-07-24",49.69,50.78,49.69,50.54,1695300,50.54
"2013-07-25",50.53,51.78,50.18,51.75,2233400,51.75
"2013-07-26",51.34,51.53,50.31,50.83,1105100,50.83
"2013-07-29",50.55,51,50.3,50.77,1301400,50.77
"2013-07-30",51.13,51.28,50.55,51.08,1245000,51.08
"2013-07-31",51.23,52.15,51.19,51.77,1489400,51.77
"2013-08-01",52.13,52.8,52.07,52.48,1399500,52.48
"2013-08-02",52.37,52.58,52.02,52.44,840900,52.44
"2013-08-05",52.31,52.54,52.05,52.24,916200,52.24
"2013-08-06",52.03,52.3,51.59,51.66,842500,51.66
"2013-08-07",51.52,51.67,50.56,51.25,1060300,51.25
"2013-08-08",51.6,52.26,51.39,52.04,873100,52.04
"2013-08-09",52.03,52.87,52.01,52.46,1028600,52.46
"2013-08-12",52.1,52.98,52.02,52.28,1136700,52.28
"2013-08-13",52.37,53.72,51.9,53.52,1365900,53.52
"2013-08-14",53.43,53.54,52.98,53.08,1323400,53.08
"2013-08-15",52.45,52.46,51.28,51.97,1261700,51.97
"2013-08-16",51.78,52.28,51.39,51.51,1253600,51.51
"2013-08-19",51.49,52,51.07,51.25,1262300,51.25
"2013-08-20",51.25,51.98,50.92,51.32,1024700,51.32
"2013-08-21",51.21,51.69,51,51.1,1528600,51.1
"2013-08-22",51.19,52.2,51.16,51.96,703100,51.96
"2013-08-23",52.28,52.39,51.53,51.57,919300,51.57
"2013-08-26",51.52,52.23,51.43,51.7,653900,51.7
"2013-08-27",51.09,51.15,50.14,50.17,871900,50.17
"2013-08-28",50.12,50.67,50.03,50.32,647300,50.32
"2013-08-29",50.17,51.18,50.02,50.85,743300,50.85
"2013-08-30",51.23,51.33,50.36,50.52,870500,50.52
"2013-09-03",51,51.47,50.51,50.85,567400,50.85
"2013-09-04",50.93,51.23,50.27,51.15,704700,51.15
"2013-09-05",51.08,51.42,50.79,50.86,559800,50.86
"2013-09-06",50.97,51.31,50.29,51.06,882500,51.06
"2013-09-09",51.26,52.25,51.1,52.19,1006500,52.19
"2013-09-10",52.42,52.84,52.1,52.84,761100,52.84
"2013-09-11",52.76,53.91,52.71,53.47,1600600,53.47
"2013-09-12",53.35,53.54,52.76,52.85,658400,52.85
"2013-09-13",52.77,52.79,51.73,52.43,978900,52.43
"2013-09-16",52.99,53.23,52.64,53.02,967000,53.02
"2013-09-17",53.11,53.2,52.42,52.57,854000,52.57
"2013-09-18",52.72,53.7,52.57,53.58,948400,53.58
"2013-09-19",53.98,54.38,53.36,53.59,1165900,53.59
"2013-09-20",53.82,54,53.04,53.22,1396500,53.22
"2013-09-23",53.3,53.41,52,52.93,2972400,52.93
"2013-09-24",47.75,47.91,46.21,46.73,13417400,46.73
"2013-09-25",46.88,47.29,46.49,46.89,4143800,46.89
"2013-09-26",46.99,47.18,46.2,46.62,2961900,46.62
"2013-09-27",46.37,46.49,45.85,45.95,1802900,45.95
"2013-09-30",45.55,46.24,45.33,46.14,2435500,46.14
"2013-10-01",46.14,46.45,45.63,45.74,2202400,45.74
"2013-10-02",45.33,45.77,45.09,45.27,2480000,45.27
"2013-10-03",45.24,45.35,44.31,44.91,3211600,44.91
"2013-10-04",44.92,45.3,44.71,45.05,1088400,45.05
"2013-10-07",44.61,45.71,44.53,45.45,1981700,45.45
"2013-10-08",44.97,45.13,43.05,43.3,3864100,43.3
"2013-10-09",43.48,43.75,42.89,43.1,2532200,43.1
"2013-10-10",43.1,43.4,42.35,42.87,3418800,42.87
"2013-10-11",42.9,43.25,42.67,42.82,2383300,42.82
"2013-10-14",42.62,42.95,41.89,42.84,2349400,42.84
"2013-10-15",42.73,43.12,42.19,42.61,3957400,42.61
"2013-10-16",42.87,43.62,42.67,43.6,3169800,43.6
"2013-10-17",43.25,43.67,43.05,43.53,2014100,43.53
"2013-10-18",43.6,43.75,43.28,43.29,2235700,43.29
"2013-10-21",43.31,43.74,42.5,42.59,2260700,42.59
"2013-10-22",42.91,43.18,42.34,42.91,2424400,42.91
"2013-10-23",42.73,42.89,42.14,42.35,1540300,42.35
"2013-10-24",42.43,43.86,42.35,43.75,2471800,43.75
"2013-10-25",43.87,44.04,43.24,43.4,2247700,43.4
"2013-10-28",43.36,43.62,42.96,43.59,1452100,43.59
"2013-10-29",43.96,44.49,43.77,44.07,1248400,44.07
"2013-10-30",44.04,44.12,43.26,43.39,1297300,43.39
"2013-10-31",43.37,43.82,43.22,43.27,1212800,43.27
"2013-11-01",43.48,43.61,42.92,43.23,1358900,43.23
"2013-11-04",43.29,43.65,43.02,43.1,1682900,43.1
"2013-11-05",42.8,43.01,42.42,42.93,1264500,42.93
"2013-11-06",43.06,44.49,42.99,44.07,2017600,44.07
"2013-11-07",44.14,44.39,43.14,43.2,1381500,43.2
"2013-11-08",43.29,43.47,43.05,43.32,1057800,43.32
"2013-11-11",43.35,44.32,43.25,44.27,1473400,44.27
"2013-11-12",44.26,44.97,44.21,44.6,1991200,44.6
"2013-11-13",45.67,46.58,45.4,46.37,5462800,46.37
"2013-11-14",46.49,46.71,45.98,46.32,2627100,46.32
"2013-11-15",46.39,47.66,46.3,47.1,3613500,47.1
"2013-11-18",47.26,47.27,46.49,46.56,2203600,46.56
"2013-11-19",46.5,46.75,46.1,46.42,1494500,46.42
"2013-11-20",46.56,47,46.48,46.53,1382100,46.53
"2013-11-21",46.63,47.19,46.63,47.11,1355700,47.11
"2013-11-22",47.11,47.34,46.82,47.11,1528300,47.11
"2013-11-25",47.3,47.34,46.5,46.87,638200,46.87
"2013-11-26",46.77,46.97,46.5,46.54,1054800,46.54
"2013-11-27",46.64,46.94,46.54,46.9,852900,46.9
"2013-11-29",46.88,47.21,46.79,46.85,524200,46.85
"2013-12-02",46.84,46.92,46.12,46.18,1400700,46.18
"2013-12-03",45.96,46.11,45.45,45.93,1685900,45.93
"2013-12-04",45.63,46.84,45.54,46.66,1425600,46.66
"2013-12-05",47.15,47.17,46.42,46.67,1570500,46.67
"2013-12-06",46.93,47.05,46.46,46.77,1644300,46.77
"2013-12-09",47.03,47.55,46.91,47.47,2324800,47.47
"2013-12-10",47.29,47.49,46.67,46.69,1478900,46.69
"2013-12-11",47.12,47.12,46.07,46.15,1164800,46.15
"2013-12-12",46.07,47.03,46.05,46.35,2219100,46.35
"2013-12-13",46.55,47.01,46.34,46.77,1508700,46.77
"2013-12-16",47.1,47.85,46.7,47.54,2465300,47.54
"2013-12-17",47.71,48.36,47.44,48.22,2506000,48.22
"2013-12-18",48.2,48.94,47.81,48.91,1989500,48.91
"2013-12-19",48.82,49.48,48.71,49,3014800,49
"2013-12-20",56.42,58.71,55.23,56.1,15273500,56.1
"2013-12-23",56.1,56.98,55.63,56.07,3183700,56.07
"2013-12-24",55.86,56.23,55.62,55.98,866000,55.98
"2013-12-26",56,56.15,55.16,55.87,1610500,55.87
"2013-12-27",55.95,56.65,55.88,56.24,1116600,56.24
"2013-12-30",56.24,56.26,55.66,56.07,1127000,56.07
"2013-12-31",56.18,56.61,55.75,56.04,1596800,56.04
"2014-01-02",55.95,56,55.39,55.83,1122500,55.83
"2014-01-03",55.9,56.24,55.45,55.78,1103500,55.78
"2014-01-06",56.18,56.71,55.93,56.34,2028100,56.34
"2014-01-07",56.61,57.6,56.4,57.42,1834100,57.42
"2014-01-08",57.23,57.39,56.75,56.99,1686600,56.99
"2014-01-09",57.21,57.97,56.93,57.29,1719800,57.29
"2014-01-10",57.56,57.64,56.16,56.81,1470800,56.81
"2014-01-13",58.69,59.71,57.4,57.56,3155500,57.56
"2014-01-14",57.7,59.42,57.59,59.38,2203200,59.38
"2014-01-15",59.67,59.94,59.17,59.19,1863900,59.19
"2014-01-16",59,59.18,58.72,59.06,972600,59.06
"2014-01-17",59.19,59.27,58.21,58.59,1019400,58.59
"2014-01-21",59.03,59.62,58.69,59.14,1553900,59.14
"2014-01-22",60.03,60.19,58.86,58.92,1974100,58.92
"2014-01-23",58.3,58.34,57.57,58.12,1374200,58.12
"2014-01-24",57.68,57.82,56.69,56.73,1591200,56.73
"2014-01-27",56.69,57.16,55.81,55.82,2588800,55.82
"2014-01-28",56.05,57.42,56.05,57.23,1979900,57.23
"2014-01-29",56.49,56.8,54.9,55.55,2297400,55.55
"2014-01-30",56.26,57.18,55.9,57.12,2188500,57.12
"2014-01-31",56.33,57.01,56.22,56.5,1510000,56.5
"2014-02-03",56.6,57.13,54.51,54.7,1554500,54.7
"2014-02-04",54.92,55.29,54.55,54.86,1316500,54.86
"2014-02-05",54.59,54.89,54.05,54.71,866900,54.71
"2014-02-06",54.97,55.59,54.91,55.54,838000,55.54
"2014-02-07",56.37,57.02,56.16,56.99,1249900,56.99
"2014-02-10",56.82,56.88,56,56.67,1114400,56.67
"2014-02-11",56.52,57.63,56.52,57.48,1204300,57.48
"2014-02-12",57.42,58.54,57.24,57.69,1975200,57.69
"2014-02-13",57.18,58.45,56.98,58.43,1626000,58.43
"2014-02-14",58.43,58.65,57.74,58.32,1002500,58.32
"2014-02-18",58.32,58.83,57.79,58.08,861700,58.08
"2014-02-19",58.72,59.29,58.08,58.63,1737100,58.63
"2014-02-20",58.81,59.36,58.32,59.3,808700,59.3
"2014-02-21",59.45,59.45,58.1,58.69,1350700,58.69
"2014-02-24",58.71,59.18,58.7,58.89,1071000,58.89
"2014-02-25",58.89,59.61,58.62,58.97,1013300,58.97
"2014-02-26",59.08,59.98,58.84,59.75,1033000,59.75
"2014-02-27",59.74,60,59.11,59.93,1093400,59.93
"2014-02-28",60,60,58.43,58.99,1487900,58.99
"2014-03-03",58.16,58.62,57.63,58.28,878600,58.28
"2014-03-04",59.16,60.7,59.16,60.49,1469900,60.49
"2014-03-05",60.48,60.81,60.26,60.55,1022100,60.55
"2014-03-06",60.81,61.45,60.45,60.86,1348000,60.86
"2014-03-07",61.03,61.15,59.85,60.52,1228300,60.52
"2014-03-10",60.36,60.6,59.08,59.51,953200,59.51
"2014-03-11",60.01,60.03,58.45,58.67,1038600,58.67
"2014-03-12",58.45,59.11,57.92,59.1,924800,59.1
"2014-03-13",59.34,59.34,56.85,57.41,1569300,57.41
"2014-03-14",57.45,58.18,57.25,57.62,1005400,57.62
"2014-03-17",57.96,59.22,57.86,58.63,980400,58.63
