"","SCHW.Open","SCHW.High","SCHW.Low","SCHW.Close","SCHW.Volume","SCHW.Adjusted"
"2007-01-03",19.2,19.82,19.18,19.76,7944200,17.07
"2007-01-04",19.83,19.84,19.33,19.61,5287200,16.94
"2007-01-05",19.6,19.69,19.08,19.2,5390400,16.59
"2007-01-08",19.09,19.57,19.01,19.44,4168200,16.8
"2007-01-09",19.6,19.84,19.58,19.75,6722900,17.06
"2007-01-10",19.51,20.04,19.5,19.97,10301800,17.25
"2007-01-11",20.03,20.36,19.88,20.28,10159400,17.52
"2007-01-12",20.34,20.57,20.1,20.35,9677000,17.58
"2007-01-16",20.22,20.86,20.13,20.18,9616200,17.43
"2007-01-17",20.2,20.38,19.53,19.69,11294500,17.01
"2007-01-18",19.54,19.68,19.07,19.19,8976200,16.58
"2007-01-19",19.12,19.32,18.97,19.05,6359000,16.46
"2007-01-22",19.1,19.16,18.57,18.9,5307600,16.33
"2007-01-23",18.9,19.02,18.49,18.84,9607700,16.28
"2007-01-24",18.87,19.01,18.77,18.91,9234900,16.34
"2007-01-25",19.05,19.05,18.32,18.35,8245300,15.85
"2007-01-26",18.35,18.9,18.33,18.78,8976400,16.23
"2007-01-29",18.81,18.86,17.99,18.05,13625100,15.59
"2007-01-30",18.16,18.5,18.06,18.43,8809300,15.92
"2007-01-31",18.45,19.01,18.34,18.92,11253800,16.35
"2007-02-01",19.15,19.37,19.03,19.24,8847100,16.62
"2007-02-02",19.21,19.46,19.21,19.33,6573600,16.7
"2007-02-05",19.27,19.55,19.26,19.4,6500700,16.76
"2007-02-06",19.45,19.57,19.14,19.19,5433300,16.58
"2007-02-07",19.19,19.53,19.18,19.37,4593600,16.78
"2007-02-08",19.42,19.43,19.14,19.35,4576300,16.76
"2007-02-09",19.34,19.42,18.63,18.7,8690200,16.2
"2007-02-12",18.73,18.8,18.66,18.79,4408600,16.28
"2007-02-13",18.9,18.92,18.53,18.79,10685500,16.28
"2007-02-14",18.91,19.39,18.89,19.3,8925500,16.72
"2007-02-15",19.21,19.75,19.21,19.53,9197700,16.92
"2007-02-16",19.57,19.68,19.32,19.53,4961000,16.92
"2007-02-20",19.46,19.74,19.34,19.56,6159600,16.94
"2007-02-21",19.42,19.83,19.42,19.69,6662800,17.06
"2007-02-22",19.74,19.97,19.65,19.75,8279400,17.11
"2007-02-23",19.68,19.7,19.22,19.23,6830300,16.66
"2007-02-26",19.37,19.37,18.76,18.87,4888800,16.35
"2007-02-27",18.76,18.76,17.95,18.36,11464300,15.9
"2007-02-28",18.48,18.73,18.27,18.48,8721900,16.01
"2007-03-01",18.03,18.55,17.99,18.27,9102500,15.83
"2007-03-02",18.17,18.4,18.1,18.11,6402300,15.69
"2007-03-05",18,18.3,17.74,17.76,8385800,15.38
"2007-03-06",17.89,18.12,17.86,18.04,8310300,15.63
"2007-03-07",17.97,18.13,17.9,17.99,5810000,15.58
"2007-03-08",18.13,18.43,18.05,18.18,7536400,15.75
"2007-03-09",18.61,18.61,18.22,18.4,10209800,15.94
"2007-03-12",18.38,18.58,18.06,18.46,8899100,15.99
"2007-03-13",18.2,18.48,17.89,17.92,8234800,15.52
"2007-03-14",18.04,18.23,17.52,18.19,9318800,15.76
"2007-03-15",18.21,18.28,17.9,18.11,6048200,15.69
"2007-03-16",18.07,18.18,17.91,17.97,10675700,15.57
"2007-03-19",18.05,18.46,18.01,18.41,9211900,15.95
"2007-03-20",18.42,18.49,18.18,18.25,4211300,15.81
"2007-03-21",18.23,18.76,18.15,18.7,6597600,16.2
"2007-03-22",18.73,18.91,18.58,18.6,8235200,16.11
"2007-03-23",18.67,19.19,18.6,19,8063700,16.46
"2007-03-26",19,19.04,18.54,18.79,6233700,16.28
"2007-03-27",18.7,18.75,18.5,18.6,4481100,16.11
"2007-03-28",18.54,18.63,18.39,18.41,6559600,15.95
"2007-03-29",18.55,18.59,18.09,18.36,5886400,15.9
"2007-03-30",18.35,18.57,18.08,18.29,5542700,15.84
"2007-04-02",18.25,18.61,18.22,18.55,4527300,16.07
"2007-04-03",18.64,19.06,18.6,19.02,5653100,16.48
"2007-04-04",19.27,19.29,18.99,19.06,3841300,16.51
"2007-04-05",19.06,19.25,18.97,19.13,3084400,16.57
"2007-04-09",19.2,19.35,19.16,19.19,4491900,16.62
"2007-04-10",19.07,19.3,18.96,19.11,4319300,16.55
"2007-04-11",19.16,19.18,18.86,18.86,5226400,16.34
"2007-04-12",18.88,18.96,18.72,18.9,8648000,16.37
"2007-04-13",18.87,19.06,18.75,19.01,6676200,16.47
"2007-04-16",19.05,19.52,19.01,19.51,5286900,16.9
"2007-04-17",19.5,19.63,18.98,19.05,9192700,16.5
"2007-04-18",19,19.5,18.98,19.29,9966500,16.71
"2007-04-19",19.12,19.38,19.06,19.31,8069200,16.73
"2007-04-20",19.56,19.66,18.98,19.42,12157500,16.82
"2007-04-23",19.4,19.6,19.4,19.52,4572200,16.91
"2007-04-24",19.48,19.59,19.04,19.15,7854100,16.59
"2007-04-25",19.26,19.48,19.07,19.43,6712600,16.83
"2007-04-26",19.5,19.85,19.5,19.73,9040900,17.09
"2007-04-27",19.73,19.8,19.54,19.61,5251500,16.99
"2007-04-30",19.56,19.67,19.11,19.12,7398500,16.56
"2007-05-01",19.1,19.2,18.76,19.13,8913500,16.57
"2007-05-02",19.11,19.42,19.08,19.39,8642200,16.8
"2007-05-03",19.4,19.54,19.32,19.45,5585300,16.85
"2007-05-04",19.51,19.6,19.32,19.51,6818500,16.9
"2007-05-07",19.4,19.67,19.34,19.38,5326500,16.79
"2007-05-08",19.36,19.44,19.19,19.38,5969500,16.79
"2007-05-09",19.37,19.52,19.16,19.45,10200100,16.89
"2007-05-10",19.38,19.42,18.93,18.93,9838500,16.44
"2007-05-11",19.04,19.51,18.92,19.42,12278500,16.87
"2007-05-14",19.42,19.59,19.35,19.42,9022600,16.87
"2007-05-15",19.4,19.83,19.38,19.62,16288200,17.04
"2007-05-16",19.55,19.88,19.55,19.82,7174300,17.21
"2007-05-17",19.71,19.98,19.5,19.73,11345400,17.13
"2007-05-18",19.8,20.99,19.75,20.97,29186400,18.21
"2007-05-21",20.97,21.42,20.72,21.12,19064200,18.34
"2007-05-22",21.04,21.1,20.7,20.97,10948200,18.21
"2007-05-23",20.99,21.17,20.94,21.13,8291400,18.35
"2007-05-24",21.02,21.37,20.98,21.05,12373700,18.28
"2007-05-25",21.11,21.13,20.9,21.09,7022500,18.32
"2007-05-29",21.1,21.46,21.03,21.36,5854200,18.55
"2007-05-30",21.17,22.1,21.14,22.08,13224300,19.18
"2007-05-31",22.4,22.53,22.3,22.47,16310200,19.51
"2007-06-01",22.5,23.02,22.47,22.69,13155300,19.71
"2007-06-04",22.7,22.76,22.42,22.48,6436800,19.52
"2007-06-05",22.48,22.56,22.05,22.05,9070700,19.15
"2007-06-06",22.2,22.24,21.67,21.8,10733200,18.93
"2007-06-07",21.67,21.85,21.15,21.22,9039500,18.43
"2007-06-08",21.16,21.78,21.16,21.73,6585800,18.87
"2007-06-11",21.64,21.87,21.56,21.76,4661300,18.9
"2007-06-12",21.72,21.82,21.27,21.27,4461900,18.47
"2007-06-13",21.41,21.62,21.13,21.57,7179200,18.73
"2007-06-14",21.58,21.7,21.32,21.37,6701400,18.56
"2007-06-15",21.6,21.99,21.54,21.8,9312500,18.93
"2007-06-18",21.89,21.95,21.59,21.79,5723400,18.92
"2007-06-19",21.79,21.89,21.47,21.6,3870000,18.76
"2007-06-20",21.77,21.93,21.01,21.05,5296900,18.28
"2007-06-21",21.05,21.39,20.65,21.36,6249000,18.55
"2007-06-22",21.28,21.33,20.5,20.65,13824700,17.93
"2007-06-25",20.9,21,20.47,20.56,8190200,17.86
"2007-06-26",20.6,20.71,20.33,20.46,8194700,17.77
"2007-06-27",20.21,20.72,20.12,20.66,8672800,17.94
"2007-06-28",20.61,20.9,20.36,20.57,7180700,17.86
"2007-06-29",20.68,20.95,20.32,20.52,8810800,17.82
"2007-07-02",20.6,22.19,20.6,22,23396700,19.11
"2007-07-03",22.01,22.1,21.74,22.1,9024400,19.19
"2007-07-05",22.15,22.18,21.7,22.08,8604300,19.18
"2007-07-06",22.07,22.19,21.95,22.06,22471700,19.16
"2007-07-09",22.11,22.33,21.85,21.94,20814400,19.05
"2007-07-10",21.85,21.87,21.26,21.37,13572600,18.56
"2007-07-11",21.4,21.78,21.23,21.71,19286200,18.85
"2007-07-12",21.76,22.49,21.71,22.48,23850900,19.52
"2007-07-13",22.3,22.36,22.1,22.22,11985300,19.3
"2007-07-16",22.64,22.68,22.1,22.25,14000300,19.32
"2007-07-17",22.33,22.38,21.76,22.25,14227900,19.32
"2007-07-18",22.38,22.38,21.75,21.81,20592700,18.94
"2007-07-19",21.94,21.96,21.25,21.45,20537100,18.63
"2007-07-20",20.45,20.6,19.94,20.03,18640000,18.29
"2007-07-23",20.1,20.45,20.03,20.28,16070600,18.52
"2007-07-24",20.08,20.16,19.66,19.73,18773000,18.02
"2007-07-25",19.89,20.25,19.5,19.73,15514200,18.02
"2007-07-26",19.41,19.66,18.95,19.25,20130400,17.58
"2007-07-27",19.35,20.01,19.16,19.61,14347900,17.91
"2007-07-30",19.7,20.33,19.63,20.13,18034300,18.38
"2007-07-31",20.2,21.1,19.83,20.13,25684100,18.38
"2007-08-01",19.83,20.36,19,19.51,26052100,17.82
"2007-08-02",19.57,19.91,19.14,19.54,14102000,17.84
"2007-08-03",19.57,19.74,18.63,18.65,11315600,17.03
"2007-08-06",18.99,19.38,18.41,19.15,15390800,17.49
"2007-08-07",19,19.23,18.65,18.9,12989100,17.26
"2007-08-08",19.1,20.23,19.05,19.63,12509500,17.93
"2007-08-09",19.27,19.45,18.85,18.95,10138900,17.3
"2007-08-10",18.73,19.43,18.14,18.55,11662800,16.94
"2007-08-13",18.89,19.12,18.25,18.35,12119600,16.76
"2007-08-14",18.42,18.88,17.67,17.9,16503500,16.35
"2007-08-15",17.91,18.65,17.9,18.04,17387100,16.47
"2007-08-16",17.88,19.5,17.41,18.95,23886400,17.3
"2007-08-17",19.72,20.75,19.19,19.66,14956800,17.95
"2007-08-20",19.75,19.9,18.88,19.37,8067400,17.69
"2007-08-21",19.23,19.7,19.11,19.26,9963900,17.59
"2007-08-22",19.58,19.94,19.47,19.9,8743600,18.17
"2007-08-23",20.04,20.09,19.57,19.64,6560200,17.93
"2007-08-24",19.7,19.99,19.39,19.95,5071300,18.22
"2007-08-27",19.96,20.09,19.57,19.96,6865400,18.23
"2007-08-28",19.9,19.95,19.01,19.07,7308400,17.41
"2007-08-29",19.26,19.53,18.83,19.51,5134100,17.82
"2007-08-30",19.28,19.79,19.14,19.42,5060800,17.73
"2007-08-31",19.67,20.04,19.57,19.8,6948800,18.08
"2007-09-04",19.67,20.24,19.64,19.88,7336000,18.15
"2007-09-05",19.63,19.68,19.24,19.47,7076400,17.78
"2007-09-06",19.47,19.72,19.19,19.54,8143100,17.84
"2007-09-07",19.35,19.53,18.89,18.98,8860400,17.33
"2007-09-10",19.18,19.24,18.44,18.91,6910400,17.27
"2007-09-11",19.08,19.56,18.91,19.25,5588000,17.58
"2007-09-12",19.24,19.54,18.89,19.25,4709700,17.58
"2007-09-13",19.4,19.91,19.26,19.81,4411600,18.09
"2007-09-14",19.69,20.12,19.57,19.95,5302000,18.22
"2007-09-17",20.25,20.43,19.84,20.04,9027000,18.3
"2007-09-18",20.07,21.41,20.02,21.37,10696600,19.51
"2007-09-19",21.43,22.24,21.23,21.37,18142000,19.51
"2007-09-20",21.27,21.54,20.84,21.05,6719300,19.22
"2007-09-21",21.41,21.47,20.86,20.87,9716200,19.06
"2007-09-24",20.88,21.03,20.6,20.61,8569000,18.82
"2007-09-25",20.47,21.14,20.44,21.09,5631400,19.26
"2007-09-26",21.12,22.13,21.12,21.68,11665800,19.8
"2007-09-27",21.78,21.99,21.56,21.9,5315100,20
"2007-09-28",21.65,22.01,21.56,21.6,4102400,19.72
"2007-10-01",21.62,22.42,21.62,22.41,8575400,20.46
"2007-10-02",22.31,22.55,22.27,22.47,8625600,20.52
"2007-10-03",22.3,22.85,22.23,22.41,5090700,20.46
"2007-10-04",22.47,22.75,22.35,22.64,4120200,20.67
"2007-10-05",22.75,23,22.61,22.83,5128400,20.85
"2007-10-08",22.71,22.97,22.56,22.91,3574900,20.92
"2007-10-09",22.93,23.01,22.6,23.01,3901900,21.01
"2007-10-10",22.87,22.94,22.5,22.68,5540600,20.71
"2007-10-11",22.7,22.94,22.12,22.3,8169700,20.36
"2007-10-12",22.29,22.78,22.25,22.68,3536000,20.71
"2007-10-15",22.55,22.87,22.24,22.36,6143500,20.42
"2007-10-16",22.38,22.62,22.15,22.45,4981000,20.5
"2007-10-17",22.55,22.83,21.84,22.43,5916200,20.48
"2007-10-18",22.21,22.73,21.92,22.47,3861100,20.52
"2007-10-19",22.34,22.5,21.46,21.6,8173100,19.72
"2007-10-22",21.36,22.26,21.16,22.11,5537200,20.19
"2007-10-23",22.32,22.43,21.85,22.4,3248400,20.45
"2007-10-24",22.25,22.46,21.25,22.36,6225500,20.42
"2007-10-25",22.39,23.12,22.35,22.64,9766500,20.67
"2007-10-26",23,23.38,22.57,22.75,8309800,20.77
"2007-10-29",22.85,23.61,22.73,23.32,8326200,21.29
"2007-10-30",23.13,23.54,22.92,22.98,8400600,20.98
"2007-10-31",23.04,23.37,22.72,23.24,10023600,21.22
"2007-11-01",23.15,23.16,22.35,22.65,7848100,20.68
"2007-11-02",22.68,22.99,22.05,22.81,11675700,20.83
"2007-11-05",22.5,22.8,21.92,22.37,6740200,20.43
"2007-11-06",22.42,23.04,22,23.03,4933200,21.03
"2007-11-07",22.67,22.93,21.95,21.95,8114100,20.09
"2007-11-08",21.97,22.49,21.38,22.36,7415100,20.46
"2007-11-09",21.99,22.64,21.51,22.23,7842800,20.34
"2007-11-12",22.23,23.8,22.09,22.81,16664000,20.87
"2007-11-13",23.04,23.47,22.73,23.38,9911800,21.4
"2007-11-14",23.5,24.34,23.34,23.96,13852900,21.93
"2007-11-15",23.9,24.18,23.37,23.89,14601100,21.86
"2007-11-16",23.94,24.12,23.22,23.58,11291100,21.58
"2007-11-19",23.39,23.47,22.51,22.93,12804300,20.98
"2007-11-20",23.03,23.24,22.44,23.05,12223300,21.09
"2007-11-21",22.99,23.23,22.46,22.81,10025700,20.87
"2007-11-23",23.04,23.66,22.87,23.56,3759200,21.56
"2007-11-26",23.41,23.52,22.5,22.54,14113200,20.63
"2007-11-27",22.77,22.89,22.13,22.86,13949400,20.92
"2007-11-28",22.96,24.43,22.89,24.35,11102400,22.28
"2007-11-29",24.07,24.69,23.83,24.69,11899400,22.6
"2007-11-30",24.97,25.28,24.16,24.31,16154000,22.25
"2007-12-03",24.42,24.53,23.87,24.07,8085400,22.03
"2007-12-04",23.87,24.06,23.6,23.63,7559400,21.62
"2007-12-05",23.78,24.08,23.4,23.57,10420000,21.57
"2007-12-06",23.52,24.13,23.43,23.98,10281600,21.95
"2007-12-07",24.06,24.81,23.93,24.53,9407000,22.45
"2007-12-10",24.53,25.08,24.42,24.71,13595800,22.61
"2007-12-11",24.77,25.33,23.82,23.84,8720800,21.82
"2007-12-12",24.46,24.75,23.63,24.07,8539400,22.03
"2007-12-13",24,24.17,23.16,24.17,8117700,22.12
"2007-12-14",24.26,25.24,24.19,24.25,11578800,22.19
"2007-12-17",24.25,24.78,24.05,24.14,9234500,22.09
"2007-12-18",24.26,24.44,23.35,23.61,9414400,21.61
"2007-12-19",23.8,24.56,23.65,24.19,9584600,22.14
"2007-12-20",24.2,24.58,23.59,23.98,6651900,21.95
"2007-12-21",24.19,24.88,24.13,24.88,10324700,22.77
"2007-12-24",24.88,25.29,24.8,25.29,2696200,23.14
"2007-12-26",25.3,25.32,24.75,25.26,5581700,23.12
"2007-12-27",25.28,25.37,24.88,24.9,5105100,22.79
"2007-12-28",25.27,25.35,24.96,25.12,4597300,22.99
"2007-12-31",24.97,25.72,24.9,25.55,6349400,23.38
"2008-01-02",25.55,25.69,24.44,24.58,12670200,22.49
"2008-01-03",24.77,24.94,24.59,24.78,6936300,22.68
"2008-01-04",24.55,24.65,23.78,23.95,7963100,21.92
"2008-01-07",24.08,24.52,23.91,24.44,9959700,22.37
"2008-01-08",24.5,24.54,22.67,22.72,12751500,20.79
"2008-01-09",22.79,22.95,21.55,22.7,23305100,20.77
"2008-01-10",22.52,24.01,22.09,23.76,12094000,21.74
"2008-01-11",23.39,23.61,22.37,22.55,12076900,20.64
"2008-01-14",22.85,23.4,22.63,23.18,9335800,21.21
"2008-01-15",22.82,22.95,22.34,22.46,9305700,20.55
"2008-01-16",22.32,23.29,21.88,22.81,14779600,20.87
"2008-01-17",22.54,23.2,21.76,21.95,14425400,20.09
"2008-01-18",21.98,22.65,20.9,21.95,15696400,20.09
"2008-01-22",20.77,22.49,20.71,21.59,15313000,19.76
"2008-01-23",21.08,22.6,20.8,22.53,17288300,20.62
"2008-01-24",22.35,22.87,22.08,22.28,12688500,20.39
"2008-01-25",22.54,22.54,21.09,21.21,16428900,19.41
"2008-01-28",21.02,21.61,20.79,21.59,16113700,19.76
"2008-01-29",21.65,21.85,20.93,21.32,12867700,19.51
"2008-01-30",21.14,22.77,20.98,21.48,17599500,19.66
"2008-01-31",21.05,22.43,20.76,22.3,16837700,20.41
"2008-02-01",22.26,22.26,21.56,22.04,13537300,20.17
"2008-02-04",22.1,22.19,21.6,21.78,11512800,19.93
"2008-02-05",21.31,21.6,20.28,20.28,17046000,18.56
"2008-02-06",20.58,20.85,20.07,20.18,12506500,18.51
"2008-02-07",20.04,20.74,19.89,20.41,12426200,18.72
"2008-02-08",20.48,20.48,19.74,19.76,15261700,18.13
"2008-02-11",19.75,20.49,19.7,20.31,14720100,18.63
"2008-02-12",20.51,20.73,19.93,20.01,15360800,18.36
"2008-02-13",20.27,20.5,19.87,20.36,14334000,18.68
"2008-02-14",20.35,20.68,20.1,20.17,12370800,18.5
"2008-02-15",20.31,20.38,19.89,20.35,11603900,18.67
"2008-02-19",20.56,20.78,19.33,19.39,15036600,17.79
"2008-02-20",19.11,19.7,18.63,19.55,21593500,17.94
"2008-02-21",19.98,20.48,19.87,19.92,17268100,18.27
"2008-02-22",20.08,20.08,19.2,20.05,11841500,18.39
"2008-02-25",20.1,20.86,19.82,20.55,17077000,18.85
"2008-02-26",20.49,20.76,20.13,20.52,14249300,18.83
"2008-02-27",20.44,20.96,20.29,20.69,11564700,18.98
"2008-02-28",20.69,20.75,19.99,20.21,11937900,18.54
"2008-02-29",19.91,20.14,19.5,19.61,14111600,17.99
"2008-03-03",19.5,19.53,19.05,19.3,13247600,17.71
"2008-03-04",19.28,19.67,19,19.56,14525800,17.94
"2008-03-05",19.74,20.13,19.59,19.8,11887100,18.16
"2008-03-06",19.2,19.76,18.92,18.96,19194100,17.39
"2008-03-07",19.15,19.46,18.5,19.04,13831500,17.47
"2008-03-10",19.19,19.29,18.62,18.62,10904400,17.08
"2008-03-11",19.17,20.49,19.17,20.49,18683200,18.8
"2008-03-12",20.75,20.79,19.89,19.97,13409800,18.32
"2008-03-13",19.96,20.73,19.39,20.5,18103500,18.81
"2008-03-14",19.77,20.79,19.39,19.79,24686900,18.16
"2008-03-17",19.43,19.67,18.34,18.77,26887900,17.22
"2008-03-18",19.45,19.46,18.57,19.25,30031900,17.66
"2008-03-19",19.22,19.31,18.22,18.29,18944300,16.78
"2008-03-20",18.51,19.51,18.29,19.46,21561700,17.85
"2008-03-24",19.53,20.46,19.42,19.76,15887400,18.13
"2008-03-25",19.98,20.44,19.61,20.16,13401800,18.5
"2008-03-26",20.02,20.09,19.38,19.45,11449600,17.84
"2008-03-27",19.5,19.59,18.42,18.43,14882100,16.91
"2008-03-28",18.54,18.73,18.02,18.04,10216200,16.55
"2008-03-31",18.01,19.08,17.86,18.83,15060000,17.27
"2008-04-01",19.32,19.96,19.16,19.9,23375400,18.26
"2008-04-02",20,20.5,19.66,19.85,15363600,18.21
"2008-04-03",19.79,20.08,19.46,19.81,12122700,18.17
"2008-04-04",19.81,19.84,18.9,19.04,15017800,17.47
"2008-04-07",19.15,19.65,19.15,19.42,9836300,17.82
"2008-04-08",19.24,19.47,19.11,19.44,15458100,17.83
"2008-04-09",19.39,19.58,18.97,19.01,15169400,17.44
"2008-04-10",18.98,19.85,18.74,18.86,15657000,17.3
"2008-04-11",18.79,19.06,18.26,18.33,12947300,16.82
"2008-04-14",18.31,18.45,18.1,18.31,8167300,16.8
"2008-04-15",18.73,19.97,18.72,19.95,23822500,18.3
"2008-04-16",19.96,20.24,19.65,20.08,16249700,18.42
"2008-04-17",20.04,21.07,19.65,20.98,17370300,19.25
"2008-04-18",21.88,22.3,21.26,21.7,25776900,19.91
"2008-04-21",21.44,21.63,21.06,21.19,10912000,19.44
"2008-04-22",21.15,21.48,20.8,21.13,11995700,19.38
"2008-04-23",21.14,21.95,21.07,21.76,15426800,19.96
"2008-04-24",21.76,22.08,21.43,21.84,13995200,20.04
"2008-04-25",21.95,22.14,21.61,21.94,8160600,20.13
"2008-04-28",21.83,22.5,21.83,22.18,8544900,20.35
"2008-04-29",22,22.21,21.86,21.97,6609300,20.16
"2008-04-30",22.09,22.14,21.58,21.6,7176100,19.82
"2008-05-01",21.4,22.61,21.26,22.57,8936000,20.71
"2008-05-02",22.87,23.25,22.4,22.65,7684500,20.78
"2008-05-05",22.49,23.09,22.48,22.64,5884000,20.77
"2008-05-06",22.42,22.81,22.13,22.76,8036500,20.88
"2008-05-07",22.83,22.94,21.85,22.03,8597200,20.26
"2008-05-08",22.13,22.16,21.45,21.71,7929500,19.96
"2008-05-09",21.49,21.94,21.32,21.47,8029400,19.74
"2008-05-12",21.32,22.5,21.32,22.48,12803100,20.67
"2008-05-13",22.59,22.73,22.2,22.3,8691400,20.5
"2008-05-14",22.45,22.51,22.08,22.2,7145500,20.41
"2008-05-15",22.23,22.63,21.97,22.6,7153200,20.78
"2008-05-16",22.6,23,22.28,22.51,8622300,20.7
"2008-05-19",22.61,23.02,22.32,22.39,7331800,20.59
"2008-05-20",22.2,22.24,21.73,21.83,6418200,20.07
"2008-05-21",21.85,22.02,21.48,21.65,10288000,19.91
"2008-05-22",21.67,21.97,21.52,21.93,8665900,20.16
"2008-05-23",21.77,21.82,21.18,21.34,8244900,19.62
"2008-05-27",21.4,21.73,21.23,21.57,5959100,19.83
"2008-05-28",21.68,22,21.52,21.78,7608900,20.03
"2008-05-29",21.76,22.57,21.76,22.39,9515200,20.59
"2008-05-30",22.39,22.71,22.13,22.18,5769000,20.39
"2008-06-02",22.18,22.18,21.2,21.71,7817200,19.96
"2008-06-03",21.73,22.25,21.44,21.91,13677400,20.14
"2008-06-04",21.92,22.35,21.65,21.8,7138600,20.04
"2008-06-05",21.65,22.82,21.65,22.69,7470300,20.86
"2008-06-06",22.45,22.64,21.7,21.7,9175700,19.95
"2008-06-09",21.69,22.17,21.25,21.49,9963500,19.76
"2008-06-10",21.47,22.15,21.3,21.91,9338400,20.14
"2008-06-11",21.94,21.95,21.08,21.1,9711100,19.4
"2008-06-12",21.4,21.8,20.96,21.35,14954000,19.63
"2008-06-13",21.65,22.39,21.42,22.39,12484400,20.59
"2008-06-16",22.14,22.91,22.06,22.78,7042000,20.94
"2008-06-17",22.91,23.19,22.34,22.35,7720500,20.55
"2008-06-18",22.53,22.81,22.1,22.5,9780500,20.69
"2008-06-19",22.75,22.75,21.92,22.53,10303800,20.71
"2008-06-20",22.53,22.53,21.35,21.45,13843200,19.72
"2008-06-23",21.58,21.58,21.03,21.1,11360500,19.4
"2008-06-24",21.21,21.45,20.53,21.24,8886700,19.53
"2008-06-25",21.42,22.01,21.34,21.73,11660400,19.98
"2008-06-26",21.35,21.73,20.93,20.97,9079000,19.28
"2008-06-27",21,21.23,20.53,20.72,9556400,19.05
"2008-06-30",21.23,21.25,20.41,20.54,10062500,18.89
"2008-07-01",20.39,20.95,19.97,20.88,11360300,19.2
"2008-07-02",21.25,21.25,20.38,20.47,8892200,18.82
"2008-07-03",20.99,20.99,20.09,20.35,5678000,18.71
"2008-07-07",20.33,20.66,19.48,19.71,11786800,18.12
"2008-07-08",19.79,20.62,19.59,20.62,12541000,18.96
"2008-07-09",20.67,20.8,19.63,19.69,10109300,18.1
"2008-07-10",19.66,20.21,19.22,20.13,11694500,18.51
"2008-07-11",19.76,20.43,19.4,19.72,16579200,18.13
"2008-07-14",19.92,20.06,18.76,18.78,13123500,17.27
"2008-07-15",18.61,19.68,18.04,19.22,21403700,17.67
"2008-07-16",20.24,21.96,19.52,21.96,21835700,20.19
"2008-07-17",22.46,23.52,21.94,22.77,21933000,20.94
"2008-07-18",22.65,22.97,21.56,22.64,10476200,20.82
"2008-07-21",22.17,22.74,21.57,21.86,9916000,20.1
"2008-07-22",21.73,22.86,21.32,22.85,13588900,21.01
"2008-07-23",22.98,23.5,22.47,23.06,12440100,21.2
"2008-07-24",23.01,23.34,21.8,21.91,10248400,20.14
"2008-07-25",21.97,22.15,21.42,22.09,11733900,20.31
"2008-07-28",22.03,22.42,21.3,21.37,9993800,19.65
"2008-07-29",21.45,22.6,21.26,22.6,13735800,20.78
"2008-07-30",23.13,23.28,22.41,22.98,9173600,21.13
"2008-07-31",22.51,23.31,22.51,22.89,7952200,21.05
"2008-08-01",22.69,23.21,22.1,22.78,11035800,20.94
"2008-08-04",22.54,22.75,22.23,22.29,6839000,20.49
"2008-08-05",22.59,23.08,22.4,23.06,11068200,21.2
"2008-08-06",22.61,23.06,22.61,22.86,8213000,21.07
"2008-08-07",22.5,22.64,21.72,21.86,13186200,20.15
"2008-08-08",22,23,21.69,22.82,10543500,21.04
"2008-08-11",22.84,23.91,22.67,23.46,10157300,21.63
"2008-08-12",23.22,23.35,22.33,22.51,9724600,20.75
"2008-08-13",22.3,22.66,21.7,22.08,9873500,20.35
"2008-08-14",22.03,22.65,21.98,22.39,10219800,20.64
"2008-08-15",22.66,23.33,22.47,23.17,13529600,21.36
"2008-08-18",23.42,23.42,22.8,23.06,14101000,21.26
"2008-08-19",22.8,22.93,22.2,22.67,13272900,20.9
"2008-08-20",22.29,22.92,22.12,22.87,9163300,21.08
"2008-08-21",22.75,23.25,22.45,23.02,9939800,21.22
"2008-08-22",23.21,23.9,23.04,23.73,12344100,21.88
"2008-08-25",23.56,23.7,23.16,23.26,7816400,21.44
"2008-08-26",23.25,23.55,23.03,23.49,8287400,21.65
"2008-08-27",23.12,23.74,23.12,23.74,7169500,21.88
"2008-08-28",23.93,24.46,23.73,24.46,8493900,22.55
"2008-08-29",24.4,24.4,23.91,23.99,7555400,22.11
"2008-09-02",24.3,24.89,23.7,24.18,10358500,22.29
"2008-09-03",24.29,24.4,23.79,24.21,9923400,22.32
"2008-09-04",24.05,24.27,23.27,23.56,13673300,21.72
"2008-09-05",23.16,24.12,22.99,24.09,11896100,22.21
"2008-09-08",25.01,25.22,24.1,25.22,20867000,23.25
"2008-09-09",25.2,25.2,23.44,23.49,21642900,21.65
"2008-09-10",23.78,24.37,23.19,23.79,16016700,21.93
"2008-09-11",23.38,24.54,23.14,24.5,14919000,22.58
"2008-09-12",24.45,24.59,23.76,23.97,13202400,22.1
"2008-09-15",23.01,23.94,22.36,22.7,28361700,20.93
"2008-09-16",22,25.5,21.84,25.48,28316100,23.49
"2008-09-17",24.71,24.83,22.33,22.78,31158900,21
"2008-09-18",22.58,23.97,19.87,23.9,33504300,22.03
"2008-09-19",25.25,25.25,25.25,25.25,24523400,23.28
"2008-09-22",24.02,25.15,21.3,22.21,9842700,20.47
"2008-09-23",21.67,23.54,21.21,22.6,8171200,20.83
"2008-09-24",22.67,23.6,22.45,22.45,6311100,20.7
"2008-09-25",22.53,24.98,22.53,23.57,6486900,21.73
"2008-09-26",22.99,24.98,22.99,24.32,7692600,22.42
"2008-09-29",23.4,24.98,21.1,21.73,10087200,20.03
"2008-09-30",22.11,26.2,21.87,26,10313100,23.97
"2008-10-01",24.89,25,23.38,24.37,8845200,22.46
"2008-10-02",24.48,24.58,20.78,22.77,11497900,20.99
"2008-10-03",23,24.24,22.49,22.49,13840500,20.73
"2008-10-06",22.19,22.25,19.69,20.9,13601400,19.27
"2008-10-07",21.12,24.07,19.46,19.46,12268000,17.94
"2008-10-08",18.7,21.51,18.59,19.18,11956400,17.68
"2008-10-09",19.88,21.09,18,18.25,19388500,16.82
"2008-10-10",17.3,20.51,17.05,20.2,21751900,18.62
"2008-10-13",21.36,23.38,20.15,23.33,13509900,21.51
"2008-10-14",23.52,23.52,20,20.97,18218500,19.33
"2008-10-15",19.99,21.07,19.89,19.94,15002000,18.38
"2008-10-16",20.11,21,18.41,20.87,11930600,19.24
"2008-10-17",20.59,22.13,19.95,21,11555800,19.36
"2008-10-20",21.19,21.19,19.67,20.58,12453000,18.97
"2008-10-21",20.44,21.09,19.76,19.82,10052100,18.27
"2008-10-22",19.24,19.41,17.1,17.99,16264800,16.58
"2008-10-23",18,18.26,16.15,17.25,18387100,15.9
"2008-10-24",15.4,16.97,15.4,16.29,11837400,15.02
"2008-10-27",15.8,16.79,15.5,15.53,10260100,14.32
"2008-10-28",15.9,17.83,15.21,17.7,14936900,16.32
"2008-10-29",17.65,18.95,16.96,17.45,15121200,16.09
"2008-10-30",18.22,19,18.04,18.54,11881000,17.09
"2008-10-31",18.54,19.14,18.1,19.12,10702100,17.63
"2008-11-03",19.05,19.46,18.88,19.36,6538600,17.85
"2008-11-04",19.61,21.01,19.44,20.92,10689000,19.28
"2008-11-05",20.51,20.92,19.25,19.42,10467500,17.9
"2008-11-06",19.34,19.55,17.72,17.83,13652400,16.44
"2008-11-07",18.19,19,17.68,18.67,9777800,17.21
"2008-11-10",19.29,19.3,16.68,16.96,10842900,15.63
"2008-11-11",16.71,17.25,16.2,16.61,9967400,15.31
"2008-11-12",16.39,16.84,16.05,16.05,9904300,14.85
"2008-11-13",16.41,17.95,14.83,17.89,16798000,16.55
"2008-11-14",17.4,18.15,16.56,16.61,12708000,15.37
"2008-11-17",16.88,16.99,15.46,15.55,10820100,14.39
"2008-11-18",15.92,15.99,14.85,15.74,14681600,14.56
"2008-11-19",15.59,16.03,14.64,14.65,17222800,13.55
"2008-11-20",14.47,16.01,14.28,14.59,23589600,13.5
"2008-11-21",14.83,16.8,14.71,16.69,22391500,15.44
"2008-11-24",16.48,18.35,16.28,18.25,18097200,16.88
"2008-11-25",18.51,18.75,16.79,17.57,16529800,16.26
"2008-11-26",17.08,18.12,17.05,18.1,10785200,16.75
"2008-11-28",18.14,18.33,17.45,18.33,5750700,16.96
"2008-12-01",17.64,17.65,15.5,15.55,15604600,14.39
"2008-12-02",16.59,16.59,15.21,16.2,14179700,14.99
"2008-12-03",15.68,17,15.5,16.96,13346000,15.69
"2008-12-04",16.58,17.58,16.24,16.41,13814700,15.18
"2008-12-05",16.21,18.37,16.13,18.37,16663400,17
"2008-12-08",18.61,19.52,18.21,19.4,19412100,17.95
"2008-12-09",19.14,19.72,18.46,18.52,18733300,17.13
"2008-12-10",18.68,19.04,17.83,18.49,11253900,17.11
"2008-12-11",18.03,18.5,16.81,16.98,16231400,15.71
"2008-12-12",16.75,17.03,16.14,16.71,14819000,15.46
"2008-12-15",16.78,17.21,15.85,16.11,11591300,14.9
"2008-12-16",16.39,17.22,15.83,16.68,28268400,15.43
"2008-12-17",16.26,17.2,16.11,16.55,18687100,15.31
"2008-12-18",16.89,16.9,15.56,15.84,19606600,14.65
"2008-12-19",16.35,16.35,14.96,15.14,27605900,14.01
"2008-12-22",15.25,15.44,14.8,15.02,14547900,13.9
"2008-12-23",15.18,15.4,14.72,14.87,14351000,13.76
"2008-12-24",15.09,15.26,14.85,15.26,4092100,14.12
"2008-12-26",15.35,15.5,15.02,15.23,5552700,14.09
"2008-12-29",15.17,15.23,14.67,15.01,5858200,13.89
"2008-12-30",15.2,15.54,15.02,15.5,6720000,14.34
"2008-12-31",15.5,16.19,15.47,16.17,9711100,14.96
"2009-01-02",16.05,16.29,15.56,16.18,10944600,14.97
"2009-01-05",16.02,16.09,15.5,15.62,10443100,14.45
"2009-01-06",15.99,16.69,15.66,16.63,15969900,15.39
"2009-01-07",16.14,16.48,15.93,16.05,13573600,14.85
"2009-01-08",16.03,16.29,15.78,16.15,10216100,14.94
"2009-01-09",16.23,16.28,15.4,15.46,9423800,14.3
"2009-01-12",15.5,15.6,15.01,15.19,11620800,14.05
"2009-01-13",15.12,15.84,14.98,15.78,14929600,14.6
"2009-01-14",15.35,15.52,14.97,14.98,13849500,13.86
"2009-01-15",14.89,15.32,14.56,14.89,20147100,13.78
"2009-01-16",15.04,15.25,14,14.84,28689900,13.73
"2009-01-20",14.95,15.02,13.66,13.7,23321900,12.67
"2009-01-21",14.06,14.57,13.35,14.54,25346800,13.45
"2009-01-22",14.16,14.8,13.73,14.09,15515700,13.04
"2009-01-23",13.91,14.83,13.63,14.65,19501400,13.55
"2009-01-26",14.74,15,13.87,14.1,13539600,13.04
"2009-01-27",14.29,14.51,14.03,14.44,9969400,13.36
"2009-01-28",14.98,16.02,14.92,15.96,18622300,14.77
"2009-01-29",15.72,15.74,13.52,13.63,36982700,12.61
"2009-01-30",13.67,13.84,13.38,13.59,27193600,12.57
"2009-02-02",13.25,13.26,12.21,12.48,30301700,11.55
"2009-02-03",12.64,13,12.32,12.87,19752000,11.91
"2009-02-04",12.79,13.41,12.79,13.37,21577400,12.37
"2009-02-05",13.08,13.88,12.99,13.56,19447700,12.55
"2009-02-06",13.7,14.69,13.62,14.55,25609100,13.46
"2009-02-09",14.45,14.67,14.11,14.35,17193500,13.28
"2009-02-10",14.11,14.35,13.21,13.33,18414100,12.33
"2009-02-11",13.32,13.34,12.95,13.13,19753300,12.2
"2009-02-12",13.02,13.43,12.72,13.39,18161600,12.44
"2009-02-13",13.06,13.49,12.66,13.06,16568400,12.14
"2009-02-17",12.54,13.03,12.21,12.66,20449600,11.77
"2009-02-18",12.64,12.96,12.4,12.8,16985500,11.9
"2009-02-19",12.75,13.12,12.65,12.8,22339200,11.9
"2009-02-20",12.52,13.12,12.22,13,24977700,12.08
"2009-02-23",12.78,13.03,12.1,12.11,19093200,11.25
"2009-02-24",12.06,13.31,12.04,13.3,21329000,12.36
"2009-02-25",13.12,13.35,12.7,12.94,17185000,12.03
"2009-02-26",13.52,13.57,12.78,12.92,16032300,12.01
"2009-02-27",12.58,13.4,12.58,12.71,18376800,11.81
"2009-03-02",12.5,12.64,11.94,12.03,19421000,11.18
"2009-03-03",12.25,12.58,11.98,12.16,21727400,11.3
"2009-03-04",12.13,12.33,11.63,11.92,27064700,11.08
"2009-03-05",11.63,12.06,11.25,11.34,24236200,10.54
"2009-03-06",11.51,11.54,11,11.36,23688700,10.56
"2009-03-09",11.46,11.65,11.15,11.36,17798000,10.56
"2009-03-10",11.89,12.73,11.5,12.73,21506100,11.83
"2009-03-11",12.83,13.34,12.52,13.18,23555900,12.25
"2009-03-12",13.33,13.92,12.8,13.89,21684200,12.91
"2009-03-13",13.9,14.2,13.55,14.09,18130900,13.09
"2009-03-16",14.11,14.41,13.65,13.75,22115500,12.78
"2009-03-17",13.58,14.43,13.53,14.35,16697800,13.34
"2009-03-18",13.84,15.2,13.65,15.2,23619600,14.13
"2009-03-19",15.38,15.38,13.61,13.63,23994300,12.67
"2009-03-20",13.72,14.12,13.58,13.71,18059100,12.74
"2009-03-23",14.17,15.63,14.11,15.56,20810600,14.46
"2009-03-24",15.26,15.7,14.67,14.67,19585900,13.63
"2009-03-25",14.82,15.44,14.46,15.27,20655900,14.19
"2009-03-26",15.49,16,15.18,15.99,19672600,14.86
"2009-03-27",15.7,15.86,15.06,15.15,13775300,14.08
"2009-03-30",14.55,14.99,14.32,14.39,15504600,13.37
"2009-03-31",14.67,15.69,14.49,15.5,19822900,14.41
"2009-04-01",15.38,15.5,14.71,15.47,16497300,14.38
"2009-04-02",15.51,16.22,15.51,15.84,17420800,14.72
"2009-04-03",15.89,16.37,15.58,16.37,12307400,15.21
"2009-04-06",16,16.16,15.67,15.84,12324900,14.72
"2009-04-07",15.37,15.71,15.26,15.31,10288200,14.23
"2009-04-08",15.39,15.66,15.07,15.45,11727000,14.36
"2009-04-09",15.74,17.23,15.74,16.97,21752400,15.77
"2009-04-13",16.5,17.5,16.42,17.48,16536300,16.25
"2009-04-14",17.29,17.32,16.18,16.36,19386500,15.2
"2009-04-15",16.27,18.05,16.27,18.05,22693800,16.77
"2009-04-16",18.24,18.3,16.71,17.55,20123400,16.31
"2009-04-17",17.46,17.9,17.05,17.61,18306900,16.37
"2009-04-20",17.32,17.45,16.69,16.69,19354000,15.51
"2009-04-21",16.74,17.85,16.39,17.85,18159800,16.59
"2009-04-22",17.62,18.12,17.25,17.43,22051100,16.2
"2009-04-23",17.4,18.2,17.26,18.06,12931000,16.78
"2009-04-24",17.97,18.03,17.34,17.84,17112500,16.58
"2009-04-27",17.68,17.99,17.41,17.76,12843100,16.51
"2009-04-28",17.45,17.91,17.3,17.58,9583100,16.34
"2009-04-29",17.85,18.74,17.77,18.6,13498200,17.29
"2009-04-30",18.84,18.95,18.11,18.48,17989500,17.17
"2009-05-01",18.12,18.54,17.9,18.06,13256000,16.78
"2009-05-04",18.38,18.81,17.88,18.73,25725700,17.41
"2009-05-05",18.74,19,18.5,18.58,14490400,17.27
"2009-05-06",18.61,19.29,18.24,18.92,15037400,17.64
"2009-05-07",19.04,19.25,17.75,17.87,22903400,16.66
"2009-05-08",18,18.74,17.84,18.74,19463500,17.47
"2009-05-11",17.98,18.37,17.87,17.89,14477300,16.68
"2009-05-12",18.2,18.31,17.66,17.91,14123400,16.7
"2009-05-13",17.52,17.83,17,17.05,16645400,15.9
"2009-05-14",16.67,17.35,16.5,17.08,19224300,15.92
"2009-05-15",17.05,17.18,16.73,16.91,13425000,15.77
"2009-05-18",17.24,18.08,17.05,18,16095100,16.78
"2009-05-19",17.96,18.23,17.77,17.77,12586000,16.57
"2009-05-20",18.06,18.17,17.37,17.44,11677600,16.26
"2009-05-21",17.06,17.27,16.42,16.79,15579100,15.65
"2009-05-22",17.11,17.36,16.79,16.97,8635100,15.82
"2009-05-26",16.91,17.73,16.86,17.69,15225900,16.49
"2009-05-27",17.53,17.7,16.58,16.66,15530500,15.53
"2009-05-28",16.93,17.28,16.66,17.15,13160100,15.99
"2009-05-29",17.05,17.76,16.84,17.6,11420600,16.41
"2009-06-01",17.99,19,17.69,18.38,19094300,17.14
"2009-06-02",18.03,18.45,18.03,18.24,10261100,17.01
"2009-06-03",18.39,18.39,17.89,18.18,8667400,16.95
"2009-06-04",18.24,18.72,18.2,18.46,12153700,17.21
"2009-06-05",18.75,18.88,17.99,18.12,11579500,16.89
"2009-06-08",18,18.25,17.83,18.08,9763500,16.86
"2009-06-09",18,18.45,17.98,18.3,9469500,17.06
"2009-06-10",18.42,18.48,17.64,17.92,10547800,16.71
"2009-06-11",17.99,18.06,17.66,17.76,11285500,16.56
"2009-06-12",17.73,18.09,17.31,18.08,9758600,16.86
"2009-06-15",17.76,17.97,17.64,17.84,9961000,16.63
"2009-06-16",17.89,17.99,17.44,17.5,11256600,16.32
"2009-06-17",17.5,17.97,17.27,17.49,14322700,16.31
"2009-06-18",17.42,17.61,17.18,17.46,9028700,16.28
"2009-06-19",17.65,17.93,17.37,17.92,10976600,16.71
"2009-06-22",17.65,17.81,16.98,17.07,14666100,15.92
"2009-06-23",17.09,17.47,17.09,17.18,13535200,16.02
"2009-06-24",17.27,17.48,17.14,17.45,8149900,16.27
"2009-06-25",17.54,17.95,17.3,17.74,11151400,16.54
"2009-06-26",17.67,17.92,17.48,17.81,8477400,16.61
"2009-06-29",17.75,18,17.7,17.9,7552600,16.69
"2009-06-30",17.8,17.8,17.22,17.54,10941500,16.35
"2009-07-01",17.5,17.5,17.07,17.23,11033300,16.06
"2009-07-02",17.03,17.23,16.73,16.78,12304200,15.65
"2009-07-06",16.89,17.13,16.67,17.02,12893200,15.87
"2009-07-07",17.01,17.12,16.46,16.49,10287200,15.37
"2009-07-08",16.71,16.83,16.25,16.56,13993300,15.44
"2009-07-09",16.76,16.85,16.5,16.61,7678500,15.49
"2009-07-10",16.49,16.66,16.35,16.47,9400200,15.36
"2009-07-13",16.79,17.51,16.46,17.36,17689100,16.19
"2009-07-14",17.26,17.47,17.14,17.44,9232200,16.26
"2009-07-15",17.6,18.15,17.48,18.09,15167700,16.87
"2009-07-16",18.08,18.18,17.23,17.65,16070400,16.46
"2009-07-17",17.4,17.72,17,17.08,15210600,15.92
"2009-07-20",17.11,17.33,16.97,17.16,12671200,16
"2009-07-21",17.24,17.27,16.82,17.03,11107300,15.88
"2009-07-22",16.82,17.13,16.82,17.02,7495800,15.87
"2009-07-23",16.9,17.42,16.86,17.23,9680500,16.06
"2009-07-24",16.98,17,16.47,16.6,17080700,15.48
"2009-07-27",16.6,17.12,16.57,17,14540000,15.85
"2009-07-28",16.89,17.3,16.74,16.99,10853900,15.84
"2009-07-29",16.87,16.97,16.75,16.92,9362400,15.78
"2009-07-30",17.08,18.02,17.01,17.82,17093100,16.61
"2009-07-31",17.61,18.01,17.61,17.87,9684300,16.66
"2009-08-03",18.13,18.25,17.88,18.06,9380300,16.84
"2009-08-04",18.01,18.08,17.53,17.74,15514000,16.54
"2009-08-05",17.78,17.84,17.4,17.71,9903500,16.51
"2009-08-06",17.85,18.8,17.72,18.48,21544500,17.23
"2009-08-07",18.73,19.87,18.51,19.45,21039000,18.13
"2009-08-10",19.26,19.52,18.84,19.15,8351300,17.85
"2009-08-11",19.23,19.24,18.62,18.64,11782500,17.38
"2009-08-12",18.89,18.96,18.56,18.75,9414000,17.54
"2009-08-13",18.74,19.47,18.42,18.61,9086700,17.41
"2009-08-14",18.63,18.73,18.01,18.26,10576200,17.08
"2009-08-17",17.88,17.9,17.37,17.39,11314500,16.27
"2009-08-18",17.46,17.8,17.41,17.64,7429700,16.5
"2009-08-19",17.51,17.88,17.46,17.75,6881200,16.6
"2009-08-20",17.73,17.85,17.55,17.62,10420800,16.48
"2009-08-21",17.81,18.11,17.58,18.01,13618200,16.85
"2009-08-24",18.15,18.23,17.83,17.87,8048700,16.72
"2009-08-25",18.03,18.37,17.88,18.1,11646600,16.93
"2009-08-26",17.96,18.17,17.73,17.85,9478000,16.7
"2009-08-27",17.79,17.87,17.54,17.84,7499900,16.69
"2009-08-28",17.93,17.98,17.61,17.73,6785400,16.58
"2009-08-31",17.43,18.08,17.4,18.06,9139500,16.89
"2009-09-01",17.88,18.29,17.56,17.56,12655900,16.43
"2009-09-02",17.4,17.97,17.33,17.54,9609900,16.41
"2009-09-03",17.55,17.97,17.48,17.9,9273600,16.74
"2009-09-04",17.97,18.13,17.74,18.1,6725200,16.93
"2009-09-08",18.18,18.49,18.18,18.48,8188500,17.29
"2009-09-09",18.47,18.53,18.2,18.48,8633800,17.29
"2009-09-10",18.36,18.45,17.97,18.36,12765600,17.17
"2009-09-11",18.47,18.47,17.86,17.94,11257100,16.78
"2009-09-14",17.85,18.39,17.74,18.37,7735000,17.18
"2009-09-15",18.4,18.42,17.6,17.85,16299400,16.7
"2009-09-16",17.88,18.27,17.83,18.22,12103200,17.04
"2009-09-17",18.13,18.25,17.71,17.74,13631600,16.59
"2009-09-18",17.24,17.69,17.13,17.61,23863400,16.47
"2009-09-21",17.61,18.13,17.4,18.04,12624500,16.87
"2009-09-22",18.19,18.75,18.01,18.64,14198400,17.44
"2009-09-23",18.75,19.17,18.66,18.84,22195800,17.62
"2009-09-24",18.77,19.07,18.48,18.59,18904000,17.39
"2009-09-25",18.56,18.65,18.26,18.45,12525300,17.26
"2009-09-28",18.56,19.15,18.36,19.09,9318500,17.86
"2009-09-29",19.05,19.39,18.9,19.27,13816100,18.02
"2009-09-30",19.34,19.46,18.86,19.15,11482200,17.91
"2009-10-01",18.95,19.09,18.52,18.54,16267500,17.34
"2009-10-02",18.38,18.93,18.26,18.73,10615500,17.52
"2009-10-05",18.84,18.85,18.41,18.46,13923700,17.27
"2009-10-06",18.55,19.33,18.52,19.24,14267000,18
"2009-10-07",19.05,19.23,18.95,19.2,6535700,17.96
"2009-10-08",19.23,19.49,19.02,19.07,11407800,17.84
"2009-10-09",19.06,19.54,18.92,19.49,9479300,18.23
"2009-10-12",19.75,19.8,18.96,19.27,10142000,18.02
"2009-10-13",19.1,19.24,18.86,18.98,11362100,17.75
"2009-10-14",19.14,19.51,19.09,19.28,13213400,18.03
"2009-10-15",18.67,18.77,18.01,18.36,29065900,17.17
"2009-10-16",18.22,18.3,17.95,18.21,20286700,17.03
"2009-10-19",18.33,18.73,18.24,18.53,12370900,17.33
"2009-10-20",18.74,18.77,18.26,18.4,10130300,17.21
"2009-10-21",18.15,18.65,17.99,18.02,12764000,16.86
"2009-10-22",17.91,18.13,17.7,18.1,12783600,16.93
"2009-10-23",18.11,18.28,17.84,17.94,8264600,16.78
"2009-10-26",18.22,18.28,17.71,17.76,8712000,16.61
"2009-10-27",17.66,17.92,17.6,17.72,8024800,16.57
"2009-10-28",17.65,17.89,17.48,17.53,12159700,16.4
"2009-10-29",17.76,18.06,17.67,17.99,10463000,16.83
"2009-10-30",17.81,17.91,17.26,17.34,13437100,16.22
"2009-11-02",17.3,17.61,16.92,17.38,12350800,16.26
"2009-11-03",17.19,17.44,17.03,17.24,9734300,16.13
"2009-11-04",17.31,17.38,16.9,16.94,14945500,15.85
"2009-11-05",17,17.35,16.95,17.28,12373200,16.16
"2009-11-06",17.05,17.26,16.75,17.13,18754200,16.02
"2009-11-09",17.2,17.83,17.18,17.83,13864200,16.68
"2009-11-10",17.75,17.81,17.35,17.64,13850300,16.56
"2009-11-11",17.86,18.16,17.75,18.1,12207200,16.99
"2009-11-12",18.01,18.11,17.9,18.03,11106100,16.92
"2009-11-13",18.15,18.36,17.89,18.25,11697600,17.13
"2009-11-16",18.37,18.78,18.37,18.68,12128000,17.53
"2009-11-17",18.64,18.84,18.55,18.79,11110600,17.64
"2009-11-18",18.7,18.8,18.46,18.73,7804500,17.58
"2009-11-19",18.6,18.65,18.14,18.31,7511400,17.18
"2009-11-20",18.33,18.33,18.04,18.25,5899200,17.13
"2009-11-23",18.38,18.48,18,18.2,6994700,17.08
"2009-11-24",18.11,18.21,17.99,18.15,6914900,17.03
"2009-11-25",18.02,18.35,18.02,18.26,5021400,17.14
"2009-11-27",17.71,18.05,17.68,17.74,7281300,16.65
"2009-11-30",17.75,18.34,17.74,18.33,12092000,17.2
"2009-12-01",18.37,18.5,17.95,18.05,13465900,16.94
"2009-12-02",18.03,18.41,17.99,18.22,9259200,17.1
"2009-12-03",18.34,18.39,17.86,17.88,6616000,16.78
"2009-12-04",18.16,18.59,18.16,18.55,16090000,17.41
"2009-12-07",18.36,18.57,18.16,18.29,9508200,17.17
"2009-12-08",18.23,18.34,18.04,18.23,8333000,17.11
"2009-12-09",18.48,18.67,18.01,18.61,9068000,17.47
"2009-12-10",18.66,18.75,18.28,18.38,10284800,17.25
"2009-12-11",18.59,18.59,18.29,18.43,6648200,17.3
"2009-12-14",18.04,18.35,17.62,17.75,18606200,16.66
"2009-12-15",17.6,17.72,17.31,17.35,12290300,16.28
"2009-12-16",17.72,18.18,17.72,18.07,17872800,16.96
"2009-12-17",17.94,18.17,17.81,17.86,14054700,16.76
"2009-12-18",18.07,18.2,17.9,18.18,12726000,17.06
"2009-12-21",18.15,18.57,18.12,18.56,8085900,17.42
"2009-12-22",18.57,19.28,18.48,19.06,10607400,17.89
"2009-12-23",19.09,19.33,19.05,19.1,6381700,17.93
"2009-12-24",19.02,19.18,18.99,19.05,2175100,17.88
"2009-12-28",18.79,19.08,18.79,19,3229900,17.83
"2009-12-29",19.27,19.27,18.75,18.87,3810400,17.71
"2009-12-30",18.91,19.06,18.67,19.04,3381000,17.87
"2009-12-31",19.12,19.13,18.82,18.82,3712600,17.66
"2010-01-04",19.21,19.85,18.91,19.78,14023600,18.56
"2010-01-05",19.39,19.73,19.27,19.72,13248300,18.51
"2010-01-06",19.64,19.68,19.23,19.36,10143700,18.17
"2010-01-07",19.1,19.39,18.67,19.29,19494500,18.1
"2010-01-08",19.18,19.24,18.97,19.16,9655100,17.98
"2010-01-11",19.28,19.28,18.98,19.11,9586600,17.94
"2010-01-12",19,19.43,18.96,19.09,11449100,17.92
"2010-01-13",19.17,19.19,18.95,19.1,12530900,17.93
"2010-01-14",19,19.34,18.96,19.18,6612800,18
"2010-01-15",19.02,19.16,18.77,19,13235600,17.83
"2010-01-19",19,19.41,18.91,19.29,10795900,18.1
"2010-01-20",18.78,19.11,18.65,19.02,28242900,17.85
"2010-01-21",19.04,19.31,18.79,19.15,49512700,17.97
"2010-01-22",19.14,19.26,18.76,18.82,26803300,17.66
"2010-01-25",19.01,19.1,18.84,18.96,12216000,17.79
"2010-01-26",18.88,19.09,18.62,18.63,13896700,17.48
"2010-01-27",18.73,18.82,18.47,18.74,16489200,17.59
"2010-01-28",18.81,18.81,18.33,18.42,14864700,17.29
"2010-01-29",18.66,18.69,18.18,18.29,10510700,17.17
"2010-02-01",18.45,18.51,18.31,18.44,8519200,17.31
"2010-02-02",18.2,18.55,18.13,18.23,15495600,17.11
"2010-02-03",18.3,18.4,18.04,18.17,12133500,17.05
"2010-02-04",18.03,18.12,17.5,17.59,28299200,16.51
"2010-02-05",17.56,18.08,17.56,18.07,19732000,16.96
"2010-02-08",18.05,18.09,17.71,17.72,14734000,16.63
"2010-02-09",17.88,17.98,17.44,17.5,16020900,16.42
"2010-02-10",17.49,18.02,17.39,17.87,26045100,16.83
"2010-02-11",17.85,17.92,17.59,17.68,9711700,16.65
"2010-02-12",17.75,17.77,17.48,17.61,15981100,16.58
"2010-02-16",17.62,17.83,17.55,17.81,8150700,16.77
"2010-02-17",17.87,17.9,17.5,17.74,10138300,16.71
"2010-02-18",17.61,17.87,17.6,17.81,10787000,16.77
"2010-02-19",18.15,18.84,18.12,18.73,26144900,17.64
"2010-02-22",18.7,18.87,18.58,18.71,14953500,17.62
"2010-02-23",18.63,18.72,18.36,18.41,11761700,17.34
"2010-02-24",18.37,18.54,18.36,18.43,9636400,17.36
"2010-02-25",18.22,18.28,18.02,18.26,11696400,17.2
"2010-02-26",18.35,18.38,18.1,18.31,11311000,17.24
"2010-03-01",18.24,18.39,18.22,18.25,7913800,17.19
"2010-03-02",18.26,18.35,18.07,18.26,5904800,17.2
"2010-03-03",18.28,18.42,18.09,18.12,10580800,17.06
"2010-03-04",18.18,18.69,18.15,18.43,7293200,17.36
"2010-03-05",18.48,18.96,18.43,18.96,8003800,17.86
"2010-03-08",18.93,19.11,18.83,19.04,7081200,17.93
"2010-03-09",19.03,19.11,18.78,18.97,6132400,17.87
"2010-03-10",18.99,19.17,18.9,19.06,8201800,17.95
"2010-03-11",19,19.13,18.75,19.1,7653800,17.99
"2010-03-12",18.89,18.95,18.33,18.43,19925100,17.36
"2010-03-15",18.33,18.5,18.15,18.24,16563200,17.18
"2010-03-16",18.31,18.54,18.21,18.47,15542900,17.39
"2010-03-17",18.27,18.6,18.27,18.49,13029800,17.41
"2010-03-18",18.39,18.82,18.39,18.79,8925500,17.7
"2010-03-19",18.83,18.96,18.58,18.58,14262400,17.5
"2010-03-22",18.51,18.66,18.4,18.54,7779700,17.46
"2010-03-23",18.58,18.69,18.43,18.52,9209400,17.44
"2010-03-24",18.49,18.56,18.2,18.45,8590700,17.38
"2010-03-25",18.48,18.88,18.38,18.72,11928700,17.63
"2010-03-26",18.77,18.91,18.59,18.76,13440500,17.67
"2010-03-29",18.76,18.94,18.68,18.73,11824500,17.64
"2010-03-30",18.7,18.81,18.55,18.75,8654100,17.66
"2010-03-31",18.69,18.78,18.52,18.69,10355600,17.6
"2010-04-01",18.76,18.97,18.39,18.62,9426600,17.54
"2010-04-05",18.63,18.89,18.51,18.88,12933000,17.78
"2010-04-06",18.9,19.34,18.75,19.24,18277000,18.12
"2010-04-07",19.27,19.53,19.26,19.27,15478400,18.15
"2010-04-08",19.16,19.29,19.06,19.12,10227100,18.01
"2010-04-09",19.13,19.28,19.06,19.23,6708300,18.11
"2010-04-12",19.24,19.63,19.2,19.55,7776000,18.41
"2010-04-13",19.51,19.68,19.34,19.61,7023300,18.47
"2010-04-14",19.7,19.74,19.17,19.35,16532200,18.22
"2010-04-15",19,19.39,18.99,19.3,13796800,18.18
"2010-04-16",19.21,19.27,18.67,18.96,20416000,17.86
"2010-04-19",18.77,19.12,18.71,19.06,10537800,17.95
"2010-04-20",19.28,19.43,19.17,19.29,12956800,18.17
"2010-04-21",19.33,19.55,19.3,19.49,11161600,18.35
"2010-04-22",19.35,19.62,19.13,19.6,8499000,18.46
"2010-04-23",19.59,19.91,19.38,19.88,10312400,18.72
"2010-04-26",19.82,19.95,19.51,19.54,8609500,18.4
"2010-04-27",19.4,19.43,18.84,18.88,13787900,17.78
"2010-04-28",19.09,19.25,18.87,18.98,10635800,17.87
"2010-04-29",19.07,19.52,18.95,19.27,7682600,18.15
"2010-04-30",19.3,19.45,19.05,19.29,10042600,18.17
"2010-05-03",19.38,19.72,19.31,19.56,7452200,18.42
"2010-05-04",19.28,19.39,18.8,18.91,12432400,17.81
"2010-05-05",18.82,19.04,18.62,18.81,8812600,17.77
"2010-05-06",18.75,18.96,17.06,18.22,20355800,17.21
"2010-05-07",18.15,18.15,17.19,17.22,31526300,16.27
"2010-05-10",18,19.1,17.86,18.13,21064500,17.13
"2010-05-11",17.85,18.09,17.63,17.64,15511900,16.67
"2010-05-12",17.69,17.93,17.61,17.68,11066400,16.7
"2010-05-13",17.66,17.81,17.49,17.5,8293200,16.53
"2010-05-14",17.4,17.44,16.66,16.87,21908000,15.94
"2010-05-17",16.95,17.45,16.81,17.38,17701000,16.42
"2010-05-18",17.49,17.59,16.64,16.96,19848900,16.02
"2010-05-19",16.99,17.19,16.71,17.1,21871400,16.16
"2010-05-20",16.79,16.95,16.19,16.22,23335900,15.32
"2010-05-21",16.04,16.7,15.89,16.67,16278500,15.75
"2010-05-24",16.65,16.65,16.2,16.22,9649000,15.32
"2010-05-25",15.93,16.4,15.7,16.39,15142700,15.48
"2010-05-26",16.44,16.56,16.13,16.2,13712800,15.31
"2010-05-27",16.48,16.79,16.37,16.76,9623300,15.83
"2010-05-28",16.75,16.75,16.26,16.34,10889900,15.44
"2010-06-01",16.22,16.39,15.96,15.96,15405900,15.08
"2010-06-02",16.08,16.46,15.91,16.45,11400800,15.54
"2010-06-03",16.56,16.99,16.39,16.7,22615000,15.78
"2010-06-04",16.39,16.6,16.26,16.31,16627700,15.41
"2010-06-07",16.41,16.49,15.84,15.87,12580600,14.99
"2010-06-08",15.94,16.14,15.59,16.01,11413400,15.13
"2010-06-09",16.06,16.18,15.65,15.74,10336400,14.87
"2010-06-10",15.9,16.14,15.81,16.12,13317000,15.23
"2010-06-11",15.95,16.33,15.89,16.32,7838500,15.42
"2010-06-14",16.4,16.44,15.81,15.85,11291000,14.97
"2010-06-15",15.91,16.03,15.78,15.95,11605500,15.07
"2010-06-16",15.85,15.95,15.72,15.78,10691100,14.91
"2010-06-17",15.84,15.91,14.96,15.4,30660500,14.55
"2010-06-18",15.4,15.58,15.36,15.45,11504300,14.6
"2010-06-21",15.67,15.67,15.24,15.29,9890800,14.45
"2010-06-22",15.28,15.36,14.87,14.89,14298100,14.07
"2010-06-23",14.93,15.01,14.75,14.89,10622600,14.07
"2010-06-24",14.8,14.96,14.6,14.62,12311300,13.81
"2010-06-25",14.79,14.97,14.6,14.94,13949300,14.11
"2010-06-28",14.86,15.13,14.82,14.98,11236500,14.15
"2010-06-29",14.81,14.9,14.13,14.18,16982100,13.4
"2010-06-30",14.12,14.45,14.1,14.18,14111000,13.4
"2010-07-01",14.17,14.34,13.75,13.94,14949400,13.17
"2010-07-02",14.01,14.11,13.81,13.94,9858500,13.17
"2010-07-06",14.05,14.32,13.95,14.13,14624300,13.35
"2010-07-07",14.18,14.32,14.04,14.24,15296500,13.45
"2010-07-08",14.28,14.46,13.99,14.11,16136000,13.33
"2010-07-09",14.11,14.33,13.98,14.24,19988800,13.45
"2010-07-12",14.2,14.45,14.13,14.42,11934000,13.62
"2010-07-13",14.49,14.73,14.47,14.59,12610000,13.78
"2010-07-14",14.43,14.62,14.33,14.5,11170500,13.7
"2010-07-15",14.5,14.73,14.28,14.55,13107600,13.75
"2010-07-16",14.99,15.72,14.92,15.14,39722100,14.3
"2010-07-19",15.22,15.38,15.05,15.17,12891800,14.33
"2010-07-20",15,15.1,14.71,15.08,11981700,14.25
"2010-07-21",15.24,15.24,14.68,14.7,13091700,13.89
"2010-07-22",14.87,15.16,14.79,15.12,10707300,14.28
"2010-07-23",15.07,15.24,14.93,15.22,8287000,14.38
"2010-07-26",15.27,15.4,15.08,15.33,6871800,14.48
"2010-07-27",15.33,15.44,15.11,15.24,8583600,14.4
"2010-07-28",15.23,15.32,14.93,15,10195800,14.17
"2010-07-29",15.11,15.29,14.91,15.04,6954900,14.21
"2010-07-30",14.95,15.08,14.74,14.79,7683500,13.97
"2010-08-02",14.92,15.02,14.67,15,10790000,14.17
"2010-08-03",14.97,14.97,14.74,14.9,8638500,14.08
"2010-08-04",14.97,15.42,14.83,15.4,12272200,14.55
"2010-08-05",15.37,15.45,15.24,15.43,9392000,14.58
"2010-08-06",15.31,15.49,15.13,15.28,9398300,14.44
"2010-08-09",15.31,15.46,15.18,15.43,6278900,14.58
"2010-08-10",15.36,15.37,15.1,15.22,9808700,14.38
"2010-08-11",15.05,15.05,14.64,14.66,9547500,13.91
"2010-08-12",14.4,14.8,14.4,14.75,7324100,13.99
"2010-08-13",14.73,14.87,14.5,14.52,7539400,13.77
"2010-08-16",14.46,14.52,14.19,14.25,8995000,13.52
"2010-08-17",14.3,14.51,14.15,14.42,9847800,13.68
"2010-08-18",14.41,14.47,14.25,14.35,7952700,13.61
"2010-08-19",14.31,14.34,14,14,8707300,13.28
"2010-08-20",13.9,14.31,13.9,14.13,11977000,13.4
"2010-08-23",14.16,14.21,14.07,14.11,8105700,13.38
"2010-08-24",14.01,14.08,13.76,13.76,10469400,13.05
"2010-08-25",13.66,13.7,13.32,13.49,12995500,12.8
"2010-08-26",13.44,13.5,13.1,13.15,17970400,12.47
"2010-08-27",13.28,13.31,13.08,13.22,16403700,12.54
"2010-08-30",13.19,13.24,12.82,12.82,10874200,12.16
"2010-08-31",12.78,12.83,12.64,12.76,23425200,12.1
"2010-09-01",13.11,13.61,13.05,13.54,26621500,12.84
"2010-09-02",13.44,13.88,13.44,13.77,12739400,13.06
"2010-09-03",13.89,14.01,13.73,13.86,10227800,13.15
"2010-09-07",13.73,13.8,13.57,13.59,11043000,12.89
"2010-09-08",13.63,13.84,13.59,13.73,13480200,13.02
"2010-09-09",13.91,13.92,13.47,13.52,14291400,12.82
"2010-09-10",13.58,13.71,13.42,13.67,13373400,12.97
"2010-09-13",13.88,14.12,13.8,14.02,9358800,13.3
"2010-09-14",13.96,13.96,13.73,13.85,9356800,13.14
"2010-09-15",13.74,13.98,13.36,13.92,6924900,13.2
"2010-09-16",13.84,13.85,13.66,13.67,6553600,12.97
"2010-09-17",13.75,13.79,13.65,13.73,7820000,13.02
"2010-09-20",13.84,14.02,13.63,13.98,7911700,13.26
"2010-09-21",14,14.1,13.87,13.92,11337700,13.2
"2010-09-22",13.84,13.97,13.57,13.63,8651200,12.93
"2010-09-23",13.51,13.72,13.45,13.47,8107900,12.78
"2010-09-24",13.61,14.09,13.61,13.97,9879700,13.25
"2010-09-27",13.93,14.12,13.76,13.93,10847500,13.21
"2010-09-28",13.93,14.23,13.81,14.19,12763400,13.46
"2010-09-29",14.08,14.21,13.86,13.95,22171400,13.23
"2010-09-30",14.05,14.4,13.88,13.9,7381000,13.18
"2010-10-01",14.02,14.17,13.89,14.13,7583900,13.4
"2010-10-04",14.1,14.16,13.85,14.02,7296600,13.3
"2010-10-05",14.18,14.53,14.08,14.36,15329900,13.62
"2010-10-06",14.31,14.36,14.09,14.25,9806700,13.52
"2010-10-07",14.39,14.39,14.11,14.15,7523300,13.42
"2010-10-08",14.19,14.24,14,14.2,7332900,13.47
"2010-10-11",14.17,14.2,13.73,13.98,13523700,13.26
"2010-10-12",13.92,14.05,13.84,14.03,13891300,13.31
"2010-10-13",14.13,14.14,13.91,14.07,13879000,13.35
"2010-10-14",14.02,14.16,13.92,14.09,13021800,13.36
"2010-10-15",14.3,14.53,14.03,14.51,21277400,13.76
"2010-10-18",14.61,14.99,14.49,14.99,18547900,14.22
"2010-10-19",14.78,15.12,14.67,14.8,15629100,14.04
"2010-10-20",14.87,15.02,14.69,14.88,8952300,14.11
"2010-10-21",14.91,15.24,14.71,14.88,10945400,14.11
"2010-10-22",14.91,14.99,14.82,14.98,7055500,14.21
"2010-10-25",15.08,15.08,14.95,15,9574300,14.23
"2010-10-26",14.85,15.1,14.85,15.05,6789300,14.27
"2010-10-27",15,15.6,14.91,15.52,15574900,14.72
"2010-10-28",15.45,15.53,15.3,15.44,7820700,14.64
"2010-10-29",15.43,15.48,15.32,15.41,8178000,14.62
"2010-11-01",15.5,15.63,15.26,15.43,5303800,14.64
"2010-11-02",15.54,15.54,15.33,15.39,7155000,14.6
"2010-11-03",15.26,15.49,15.18,15.49,7358100,14.69
"2010-11-04",15.59,15.84,15.47,15.84,12014200,15.02
"2010-11-05",15.83,16.35,15.83,16.1,11897900,15.27
"2010-11-08",16.03,16.03,15.73,15.79,5793100,14.98
"2010-11-09",15.62,15.65,15.33,15.53,12192500,14.79
"2010-11-10",15.37,15.47,15.19,15.38,20235800,14.64
"2010-11-11",15.3,15.34,15.09,15.11,10272300,14.39
"2010-11-12",15.03,15.26,14.98,15.16,8278700,14.43
"2010-11-15",15.2,15.34,15.12,15.15,5586400,14.42
"2010-11-16",15.06,15.24,15.02,15.05,9687000,14.33
"2010-11-17",15.09,15.16,14.97,15.04,8594800,14.32
"2010-11-18",15.2,15.41,15.12,15.18,11872200,14.45
"2010-11-19",15.14,15.15,14.99,15.08,5328300,14.36
"2010-11-22",14.99,15.02,14.88,14.97,7815200,14.25
"2010-11-23",14.82,15.04,14.75,14.9,12224300,14.19
"2010-11-24",14.94,15.21,14.87,15.2,7750800,14.47
"2010-11-26",15.02,15.17,14.94,15.05,2449000,14.33
"2010-11-29",14.96,15.13,14.85,15.03,14858200,14.31
"2010-11-30",14.84,15.11,14.78,15.03,11577200,14.31
"2010-12-01",15.31,15.7,15.22,15.69,11682900,14.94
"2010-12-02",15.68,16.19,15.66,16.16,13111400,15.39
"2010-12-03",16.15,16.15,15.87,16.13,8288500,15.36
"2010-12-06",16.06,16.28,15.98,16.21,7086800,15.43
"2010-12-07",16.34,16.5,16.07,16.27,10689400,15.49
"2010-12-08",16.26,16.81,16.21,16.81,12972400,16.01
"2010-12-09",16.95,16.95,16.62,16.81,10339800,16.01
"2010-12-10",16.83,16.9,16.45,16.72,8923100,15.92
"2010-12-13",16.74,16.85,16.64,16.77,8377700,15.97
"2010-12-14",16.75,16.9,16.64,16.74,9801800,15.94
"2010-12-15",16.73,16.88,16.67,16.79,8019400,15.99
"2010-12-16",16.79,17,16.72,17,7509900,16.19
"2010-12-17",17.03,17.16,16.79,16.81,12142600,16.01
"2010-12-20",16.9,16.96,16.71,16.83,9732900,16.02
"2010-12-21",16.78,17.02,16.78,16.95,7389500,16.14
"2010-12-22",16.96,17.08,16.94,17.08,4586300,16.26
"2010-12-23",17.01,17.08,16.94,17.02,4067300,16.21
"2010-12-27",16.97,17.44,16.9,17.42,7434600,16.59
"2010-12-28",17.44,17.47,17.33,17.4,6281300,16.57
"2010-12-29",17.39,17.41,17.23,17.29,3904100,16.46
"2010-12-30",17.24,17.38,17.13,17.15,2864200,16.33
"2010-12-31",17.02,17.21,16.97,17.11,3835300,16.29
"2011-01-03",17.23,17.61,17.16,17.5,9055600,16.66
"2011-01-04",17.43,17.5,17.1,17.22,7171800,16.4
"2011-01-05",17.14,18.16,17.12,18.08,17883300,17.21
"2011-01-06",17.96,18.1,17.82,17.97,14668200,17.11
"2011-01-07",18.03,18.06,17.75,17.89,11166500,17.03
"2011-01-10",18.2,18.25,17.74,17.95,17198300,17.09
"2011-01-11",18.01,18.09,17.71,17.91,12412500,17.05
"2011-01-12",17.94,18.16,17.9,18.16,10558400,17.29
"2011-01-13",18.19,18.6,18.13,18.55,17804500,17.66
"2011-01-14",18.55,18.86,18.25,18.83,19480100,17.93
"2011-01-18",18.48,18.9,18.32,18.87,13491500,17.97
"2011-01-19",18.87,18.93,18.27,18.31,11113800,17.43
"2011-01-20",18.21,18.33,18.03,18.31,8601400,17.43
"2011-01-21",18.38,18.47,18.14,18.19,7811800,17.32
"2011-01-24",18.22,18.3,18.01,18.29,9352000,17.41
"2011-01-25",18.28,18.4,17.83,18.08,9782300,17.21
"2011-01-26",18.16,18.22,17.86,18.04,9052100,17.18
"2011-01-27",18.08,18.16,17.83,18.14,11958900,17.27
"2011-01-28",18.17,18.45,17.77,17.79,10253900,16.94
"2011-01-31",17.96,18.09,17.85,18.05,8449500,17.19
"2011-02-01",18.15,18.51,18.12,18.51,8013900,17.62
"2011-02-02",18.31,18.5,18.23,18.43,6911000,17.55
"2011-02-03",18.39,18.49,17.42,17.84,28760900,16.99
"2011-02-04",17.89,18.19,17.65,18.12,17786000,17.25
"2011-02-07",18.13,18.56,18.11,18.55,8853400,17.66
"2011-02-08",18.56,19.05,18.5,19.04,15936100,18.13
"2011-02-09",18.83,18.9,18.56,18.75,14494900,17.91
"2011-02-10",18.66,19.12,18.66,19.09,9470300,18.23
"2011-02-11",18.93,19.28,18.86,19.25,7472000,18.39
"2011-02-14",19.2,19.39,19.11,19.16,5012100,18.3
"2011-02-15",19.01,19.52,19.01,19.38,8784500,18.51
"2011-02-16",19.48,19.69,19.24,19.35,13070900,18.48
"2011-02-17",18.81,19.44,18.7,19.42,7964600,18.55
"2011-02-18",19.45,19.47,19.27,19.45,6369100,18.58
"2011-02-22",19.17,19.33,18.83,18.85,11522700,18
"2011-02-23",18.91,18.96,18.69,18.75,10705700,17.91
"2011-02-24",18.68,18.83,18.43,18.76,16645500,17.92
"2011-02-25",18.81,19.01,18.77,18.91,9223300,18.06
"2011-02-28",18.99,19.06,18.86,18.97,8123700,18.12
"2011-03-01",19.03,19.09,18.63,18.66,9294800,17.82
"2011-03-02",18.67,18.78,18.46,18.55,11768800,17.72
"2011-03-03",18.68,18.97,18.62,18.96,8119200,18.11
"2011-03-04",18.91,18.97,18.54,18.66,6569800,17.82
"2011-03-07",18.69,18.75,18.38,18.56,8383100,17.73
"2011-03-08",18.64,19.13,18.6,19.11,6429400,18.25
"2011-03-09",19.02,19.1,18.77,18.9,5080300,18.05
"2011-03-10",18.67,18.77,18.41,18.48,9183700,17.65
"2011-03-11",18.38,18.72,18.38,18.69,5469100,17.85
"2011-03-14",18.56,18.56,18.28,18.5,7370100,17.67
"2011-03-15",17.8,18.04,17.53,17.85,16396800,17.05
"2011-03-16",17.82,17.87,17.16,17.16,23673100,16.39
"2011-03-17",17.47,17.62,17.35,17.5,16427000,16.71
"2011-03-18",17.68,17.82,17.48,17.56,9836100,16.77
"2011-03-21",17.67,17.7,17.36,17.65,25042900,16.86
"2011-03-22",17.58,17.81,17.53,17.79,11754300,16.99
"2011-03-23",17.77,17.92,17.66,17.89,11740800,17.09
"2011-03-24",17.93,18.08,17.84,18.07,7265400,17.26
"2011-03-25",18.15,18.15,17.84,18.09,10693900,17.28
"2011-03-28",18.02,18.34,17.95,17.95,7770300,17.14
"2011-03-29",17.94,18,17.74,17.87,9599200,17.07
"2011-03-30",17.98,18.34,17.9,18.32,10574200,17.5
"2011-03-31",18.22,18.25,17.96,18.03,7162800,17.22
"2011-04-01",18.2,18.68,18.17,18.51,8399400,17.68
"2011-04-04",18.53,18.61,18.41,18.49,5728500,17.66
"2011-04-05",18.45,18.71,18.33,18.67,8139800,17.83
"2011-04-06",18.67,18.85,18.65,18.72,6917600,17.88
"2011-04-07",18.72,18.82,18.43,18.47,5913800,17.64
"2011-04-08",18.61,18.63,18.33,18.35,5811400,17.53
"2011-04-11",18.39,18.59,18.26,18.35,6521500,17.53
"2011-04-12",18.25,18.36,18.16,18.25,7882200,17.43
"2011-04-13",18.27,18.41,18.04,18.18,7256100,17.36
"2011-04-14",18.28,18.39,18.03,18.22,8607000,17.4
"2011-04-15",18.48,18.87,18.33,18.61,16627500,17.77
"2011-04-18",18.4,18.4,17.78,18.04,12399700,17.23
"2011-04-19",18.08,18.22,17.82,17.88,12091500,17.08
"2011-04-20",18.12,18.61,17.99,18.59,12124900,17.76
"2011-04-21",18.84,18.9,18.64,18.7,7480900,17.86
"2011-04-25",18.6,18.65,18.35,18.48,9805300,17.65
"2011-04-26",18.56,18.68,18.19,18.61,15294300,17.77
"2011-04-27",18.68,18.69,18.38,18.62,10888600,17.78
"2011-04-28",18.54,18.63,18.46,18.57,7875000,17.74
"2011-04-29",18.53,18.6,18.25,18.31,8072800,17.49
"2011-05-02",18.38,18.45,18.13,18.2,10370400,17.38
"2011-05-03",18.19,18.21,17.86,18.04,15712700,17.23
"2011-05-04",18.04,18.08,17.79,17.88,11318700,17.13
"2011-05-05",17.79,18.02,17.61,17.82,12266300,17.08
"2011-05-06",18.08,18.3,18.02,18.06,9026200,17.31
"2011-05-09",18.01,18.12,17.9,17.92,12272900,17.17
"2011-05-10",17.97,18.34,17.97,18.34,7323600,17.58
"2011-05-11",18.26,18.46,18.1,18.15,10327200,17.39
"2011-05-12",18,18.12,17.78,17.98,17500000,17.23
"2011-05-13",18,18.02,17.45,17.64,11305100,16.9
"2011-05-16",17.52,17.63,17.45,17.45,9281400,16.72
"2011-05-17",17.37,17.44,17.18,17.36,9660300,16.64
"2011-05-18",17.36,17.69,17.31,17.67,7902900,16.93
"2011-05-19",17.79,17.8,17.49,17.62,4703300,16.89
"2011-05-20",17.51,17.58,17.31,17.32,8851700,16.6
"2011-05-23",17.13,17.31,17.13,17.19,7008300,16.47
"2011-05-24",17.24,17.36,17.13,17.33,7179900,16.61
"2011-05-25",17.5,17.59,17.2,17.5,5939400,16.77
"2011-05-26",17.46,17.46,17.15,17.42,7394900,16.69
"2011-05-27",17.42,17.59,17.39,17.54,3823400,16.81
"2011-05-31",17.72,18.01,17.57,18.01,10759100,17.26
"2011-06-01",17.86,17.87,17.1,17.11,16647900,16.4
"2011-06-02",17.12,17.29,17.05,17.06,8978200,16.35
"2011-06-03",16.77,17,16.7,16.76,14360800,16.06
"2011-06-06",16.72,16.88,16.36,16.36,17019900,15.68
"2011-06-07",16.39,16.54,16.11,16.14,17811800,15.47
"2011-06-08",16.13,16.18,15.75,15.87,15890400,15.21
"2011-06-09",15.9,16.36,15.9,16.26,11518300,15.58
"2011-06-10",16.19,16.24,15.93,16.04,9535700,15.37
"2011-06-13",16.01,16.13,15.82,16.01,10254400,15.34
"2011-06-14",16.27,16.53,16.13,16.31,13111900,15.63
"2011-06-15",16.07,16.35,15.99,16.06,12745300,15.39
"2011-06-16",16.02,16.09,15.76,15.9,11718900,15.24
"2011-06-17",16.05,16.15,15.87,15.91,11512000,15.25
"2011-06-20",15.85,16.23,15.79,16.1,7881900,15.43
"2011-06-21",16.19,16.51,16.07,16.42,8861300,15.74
"2011-06-22",16.33,16.41,16.07,16.08,7498100,15.41
"2011-06-23",15.88,16.05,15.66,16.03,11268300,15.36
"2011-06-24",16.04,16.08,15.72,15.78,8723200,15.12
"2011-06-27",15.66,15.94,15.64,15.81,9703700,15.15
"2011-06-28",15.88,16.08,15.85,15.98,8727200,15.31
"2011-06-29",16.09,16.4,16.08,16.37,8183700,15.69
"2011-06-30",16.47,16.58,16.24,16.45,10361700,15.76
"2011-07-01",16.42,16.75,16.32,16.72,11866600,16.02
"2011-07-05",16.65,16.65,16.31,16.44,8607500,15.75
"2011-07-06",16.36,16.38,15.72,15.79,21221700,15.13
"2011-07-07",15.95,16.12,15.88,16.12,20865100,15.45
"2011-07-08",15.88,15.91,15.33,15.6,39566700,14.95
"2011-07-11",15.35,15.58,15.3,15.4,16130200,14.76
"2011-07-12",15.36,15.65,15.3,15.41,12828400,14.77
"2011-07-13",15.55,15.76,15.42,15.44,9727100,14.8
"2011-07-14",15.49,15.55,15.04,15.2,18909200,14.57
"2011-07-15",15.29,15.31,14.88,15.01,25457600,14.38
"2011-07-18",15.11,15.25,14.46,14.97,38486600,14.35
"2011-07-19",15.02,15.25,14.95,15.22,15457800,14.59
"2011-07-20",15.26,15.56,15.23,15.28,11621800,14.64
"2011-07-21",15.47,15.82,15.4,15.64,14885600,14.99
"2011-07-22",15.63,15.66,15.37,15.44,12689100,14.8
"2011-07-25",15.31,15.38,15.22,15.31,12886400,14.67
"2011-07-26",15.26,15.43,15.16,15.3,8933400,14.66
"2011-07-27",15.13,15.15,14.85,14.92,16608400,14.3
"2011-07-28",14.92,15.12,14.87,14.91,10033600,14.29
"2011-07-29",14.79,15.25,14.72,14.93,12645800,14.31
"2011-08-01",15.09,15.26,14.72,15.05,15458500,14.42
"2011-08-02",14.89,15,14.54,14.55,13594700,13.94
"2011-08-03",14.57,15.03,14.45,15.01,19250700,14.38
"2011-08-04",14.79,14.87,14.16,14.18,24906300,13.59
"2011-08-05",14.34,14.45,13.52,13.66,32893900,13.09
"2011-08-08",13.09,13.44,12.32,12.41,48064600,11.89
"2011-08-09",12.77,12.88,11.88,12.58,47920800,12.06
"2011-08-10",12.24,12.46,11.69,12.05,58532300,11.6
"2011-08-11",12.18,12.33,11.53,12.14,51131300,11.69
"2011-08-12",12.17,12.46,11.61,12.29,38043700,11.83
"2011-08-15",12.35,12.54,12.21,12.48,24616200,12.02
"2011-08-16",12.31,12.54,12.24,12.46,17851300,12
"2011-08-17",12.43,12.62,12.4,12.55,14303100,12.08
"2011-08-18",12.18,12.18,11.7,11.8,26730600,11.36
"2011-08-19",11.63,11.91,11.13,11.17,25127500,10.76
"2011-08-22",11.41,11.53,11.25,11.28,17762700,10.86
"2011-08-23",11.3,12.04,11.13,11.97,29717100,11.53
"2011-08-24",11.96,12.28,11.86,12.16,15238000,11.71
"2011-08-25",12.28,12.35,11.6,11.75,13481000,11.31
"2011-08-26",11.67,12.22,11.57,12.01,14569700,11.56
"2011-08-29",12.18,12.59,12.18,12.52,9555000,12.06
"2011-08-30",12.36,12.51,12.18,12.36,13372900,11.9
"2011-08-31",12.47,12.65,12.28,12.35,23588200,11.89
"2011-09-01",12.42,12.45,12.03,12.04,19138400,11.59
"2011-09-02",11.92,11.93,11.52,11.54,11871900,11.11
"2011-09-06",11.32,11.41,11.11,11.33,15048600,10.91
"2011-09-07",11.59,11.85,11.5,11.85,9200500,11.41
"2011-09-08",11.67,11.83,11.56,11.62,11055000,11.19
"2011-09-09",11.51,11.56,11.18,11.27,14210400,10.85
"2011-09-12",11.11,11.47,11.07,11.46,12087600,11.03
"2011-09-13",11.54,11.73,11.32,11.62,12279900,11.19
"2011-09-14",11.67,12.07,11.41,11.89,13611800,11.45
"2011-09-15",11.94,12.28,11.88,12.25,12407000,11.8
"2011-09-16",12.38,12.46,12.14,12.34,18993600,11.88
"2011-09-19",12.01,12.09,11.8,11.93,10442000,11.49
"2011-09-20",11.94,12.08,11.79,11.87,9696200,11.43
"2011-09-21",11.84,11.95,11.24,11.26,14580900,10.84
"2011-09-22",10.91,11.21,10.83,11.03,18419200,10.62
"2011-09-23",10.95,11.44,10.9,11.38,13995400,10.96
"2011-09-26",11.09,11.63,11.09,11.61,16115200,11.18
"2011-09-27",11.85,11.99,11.5,11.58,12516700,11.15
"2011-09-28",11.61,11.7,11.3,11.33,14405600,10.91
"2011-09-29",11.54,11.71,11.24,11.63,10874900,11.2
"2011-09-30",11.42,11.5,11.17,11.27,15743600,10.85
"2011-10-03",11.21,11.41,10.91,10.93,15693200,10.52
"2011-10-04",10.77,11.49,10.56,11.37,22800000,10.95
"2011-10-05",11.37,11.84,11.17,11.76,15430300,11.32
"2011-10-06",11.68,12.05,11.48,12.04,10886100,11.59
"2011-10-07",12.06,12.25,11.52,11.64,15726100,11.21
"2011-10-10",11.94,12.27,11.87,12.27,10117000,11.81
"2011-10-11",12.18,12.37,11.99,12.23,12476500,11.78
"2011-10-12",12.44,12.73,12.29,12.58,17503700,12.11
"2011-10-13",12.46,12.71,12.3,12.65,19392600,12.18
"2011-10-14",12.9,12.99,12.39,12.75,15748800,12.28
"2011-10-17",12.31,12.57,11.89,11.94,19970000,11.5
"2011-10-18",11.96,12.28,11.66,12.19,25518000,11.74
"2011-10-19",12.21,12.29,11.92,11.95,14719800,11.51
"2011-10-20",11.99,12.06,11.7,12,10704800,11.55
"2011-10-21",12.22,12.35,12.06,12.26,9204900,11.81
"2011-10-24",12.31,12.78,12.31,12.77,12218000,12.3
"2011-10-25",12.58,12.61,12.16,12.19,18178500,11.74
"2011-10-26",12.41,12.48,11.7,12.18,20470000,11.73
"2011-10-27",12.79,13.47,12.72,13.41,21772400,12.91
"2011-10-28",13.28,13.38,12.8,12.86,17158900,12.38
"2011-10-31",12.68,12.73,12.28,12.28,16473400,11.82
"2011-11-01",11.75,12.04,11.7,11.75,23163600,11.31
"2011-11-02",12.01,12.31,11.81,12.29,17584100,11.83
"2011-11-03",12.36,12.97,11.94,12.9,21135300,12.42
"2011-11-04",12.73,12.77,12.49,12.66,8392000,12.19
"2011-11-07",12.69,12.79,12.44,12.72,7915600,12.25
"2011-11-08",12.73,12.91,12.44,12.88,10091400,12.46
"2011-11-09",12.29,12.37,11.91,11.95,19911300,11.56
"2011-11-10",12.11,12.23,11.9,12.1,12300500,11.71
"2011-11-11",12.28,12.43,12.22,12.36,7428200,11.96
"2011-11-14",12.25,12.31,12.03,12.16,10743800,11.76
"2011-11-15",12.06,12.16,11.84,12.04,10140600,11.65
"2011-11-16",11.89,12.01,11.63,11.65,13587500,11.27
"2011-11-17",11.65,11.71,11.34,11.39,15966300,11.02
"2011-11-18",11.45,11.47,11.22,11.26,13240400,10.89
"2011-11-21",11.05,11.09,10.84,10.96,18777400,10.6
"2011-11-22",10.9,11.01,10.71,10.79,9916500,10.44
"2011-11-23",10.71,11.03,10.67,10.75,14668900,10.4
"2011-11-25",10.71,11.01,10.7,10.77,4222900,10.42
"2011-11-28",11.01,11.36,10.97,11.3,14741900,10.93
"2011-11-29",11.34,11.36,11.03,11.07,9683300,10.71
"2011-11-30",11.57,11.98,11.41,11.96,15658500,11.57
"2011-12-01",11.88,11.98,11.67,11.93,9597900,11.54
"2011-12-02",12.06,12.15,11.61,11.67,17344900,11.29
"2011-12-05",11.94,12.26,11.92,12.23,11663700,11.83
"2011-12-06",12.2,12.29,12.09,12.22,8311500,11.82
"2011-12-07",12.13,12.32,11.93,12.2,9726500,11.8
"2011-12-08",11.98,12.17,11.63,11.68,13293600,11.3
"2011-12-09",11.75,12.07,11.66,11.97,10242000,11.58
"2011-12-12",11.79,11.79,11.57,11.72,10396900,11.34
"2011-12-13",11.79,11.95,11.38,11.53,12646100,11.15
"2011-12-14",11,11.2,10.83,10.97,25281500,10.61
"2011-12-15",11.12,11.21,10.85,10.87,12479400,10.52
"2011-12-16",10.93,11.01,10.72,10.85,12912300,10.5
"2011-12-19",10.9,10.97,10.73,10.78,12914400,10.43
"2011-12-20",10.93,11.47,10.89,11.33,12610600,10.96
"2011-12-21",11.36,11.36,10.96,11.19,10003400,10.83
"2011-12-22",11.2,11.5,11.19,11.44,11008800,11.07
"2011-12-23",11.44,11.56,11.32,11.54,6104600,11.16
"2011-12-27",11.55,11.64,11.47,11.52,5362300,11.15
"2011-12-28",11.58,11.58,11.21,11.23,7388400,10.86
"2011-12-29",11.28,11.42,11.23,11.3,10760300,10.93
"2011-12-30",11.32,11.35,11.2,11.26,7054600,10.89
"2012-01-03",11.51,11.85,11.5,11.71,10761500,11.33
"2012-01-04",11.66,11.78,11.48,11.73,7935700,11.35
"2012-01-05",11.63,12.08,11.43,11.92,12235400,11.53
"2012-01-06",11.68,12.14,11.68,12.04,13944700,11.65
"2012-01-09",12.03,12.16,11.95,12.12,11765500,11.73
"2012-01-10",12.29,12.47,12.17,12.31,12100700,11.91
"2012-01-11",12.31,12.5,12.11,12.46,10847100,12.05
"2012-01-12",12.49,12.55,12.1,12.47,8354800,12.06
"2012-01-13",12.19,12.25,11.95,12.16,14409200,11.76
"2012-01-17",12.56,12.59,12.07,12.15,16721600,11.75
"2012-01-18",12.11,12.2,11.91,12.02,18586600,11.63
"2012-01-19",12.08,12.6,12.05,12.46,12484500,12.05
"2012-01-20",12.47,12.83,12.4,12.81,15521700,12.39
"2012-01-23",12.78,12.85,12.58,12.64,12990400,12.23
"2012-01-24",12.43,12.59,12.31,12.48,8896700,12.07
"2012-01-25",12.44,12.65,12.06,12.14,21550700,11.75
"2012-01-26",11.85,12.06,11.52,11.61,26382400,11.23
"2012-01-27",11.56,11.74,11.52,11.67,17142400,11.29
"2012-01-30",11.55,11.72,11.34,11.64,17161800,11.26
"2012-01-31",11.74,11.78,11.48,11.65,14017400,11.27
"2012-02-01",11.69,11.99,11.68,11.91,19460900,11.52
"2012-02-02",11.93,12.29,11.87,12.12,34059800,11.73
"2012-02-03",12.41,12.9,12.4,12.81,21344400,12.39
"2012-02-06",12.77,12.8,12.63,12.7,9392800,12.29
"2012-02-07",12.47,12.5,12.24,12.34,27843700,11.94
"2012-02-08",12.41,12.56,12.31,12.45,15021200,12.1
"2012-02-09",12.47,12.53,12.31,12.36,10985100,12.02
"2012-02-10",12.22,12.36,12.16,12.18,11768800,11.84
"2012-02-13",12.3,12.37,12.25,12.32,6885200,11.98
"2012-02-14",12.27,12.43,12.06,12.34,15126800,12
"2012-02-15",12.38,12.44,12.16,12.37,17248400,12.03
"2012-02-16",12.32,12.77,12.28,12.74,12599300,12.39
"2012-02-17",12.81,12.9,12.68,12.87,10861600,12.51
"2012-02-21",12.87,12.92,12.78,12.83,8987400,12.47
"2012-02-22",12.84,12.85,12.72,12.77,8041400,12.41
"2012-02-23",12.74,13.26,12.68,13.21,16033600,12.84
"2012-02-24",13.23,13.55,13.17,13.52,26103100,13.14
"2012-02-27",13.5,13.52,13.15,13.48,16369800,13.11
"2012-02-28",13.5,13.79,13.37,13.74,20249300,13.36
"2012-02-29",13.83,14.07,13.75,13.88,23655900,13.49
"2012-03-01",13.96,14,13.83,13.91,12307300,13.52
"2012-03-02",13.91,13.94,13.77,13.82,6070500,13.44
"2012-03-05",13.79,13.85,13.63,13.83,7800000,13.45
"2012-03-06",13.71,13.71,13.48,13.57,16094300,13.19
"2012-03-07",13.58,14.02,13.58,13.8,10249500,13.42
"2012-03-08",14,14.15,13.67,13.92,8134300,13.53
"2012-03-09",13.94,14.14,13.83,14.13,8766700,13.74
"2012-03-12",14.15,14.24,14.05,14.1,7490200,13.71
"2012-03-13",14.16,14.58,14.11,14.57,11718400,14.16
"2012-03-14",14.58,14.69,14.28,14.64,11276000,14.23
"2012-03-15",14.67,15.4,14.63,15.3,23167800,14.87
"2012-03-16",15.37,15.47,15.12,15.32,16027300,14.89
"2012-03-19",15.5,15.53,15.24,15.31,15155800,14.88
"2012-03-20",15.24,15.48,15.12,15.38,18438800,14.95
"2012-03-21",15.42,15.46,15.26,15.26,15149100,14.84
"2012-03-22",15.23,15.23,14.69,14.88,18577100,14.47
"2012-03-23",14.94,15.06,14.76,15.02,13041600,14.6
"2012-03-26",15.2,15.24,15.05,15.23,10954700,14.81
"2012-03-27",15.23,15.28,14.83,14.92,15653800,14.51
"2012-03-28",14.91,14.98,14.3,14.48,32546600,14.08
"2012-03-29",14.42,14.44,14.17,14.27,24678500,13.87
"2012-03-30",14.4,14.52,14.22,14.37,21267800,13.97
"2012-04-02",14.38,14.61,14.28,14.55,18693800,14.15
"2012-04-03",14.48,14.8,14.35,14.76,25482800,14.35
"2012-04-04",14.6,14.65,14.42,14.47,18395800,14.07
"2012-04-05",14.35,14.5,14.22,14.25,16685200,13.85
"2012-04-09",14.06,14.16,13.73,14.08,10998200,13.69
"2012-04-10",14.03,14.12,13.74,13.75,14422000,13.37
"2012-04-11",13.93,14.01,13.84,13.88,10815900,13.49
"2012-04-12",13.92,14.29,13.79,14.24,10942200,13.84
"2012-04-13",14.21,14.22,13.87,13.87,16044600,13.48
"2012-04-16",14,14.3,13.52,13.75,19331900,13.37
"2012-04-17",13.79,14.14,13.78,13.99,13530900,13.6
"2012-04-18",13.88,14.09,13.88,14.01,10122700,13.62
"2012-04-19",14.03,14.14,13.81,13.98,15173200,13.59
"2012-04-20",14.02,14.16,13.94,14.02,14122100,13.63
"2012-04-23",13.8,13.86,13.66,13.82,15320600,13.44
"2012-04-24",13.64,13.87,13.53,13.85,13296400,13.46
"2012-04-25",13.92,14.15,13.79,14.09,15684800,13.7
"2012-04-26",14.06,14.4,14.01,14.34,10498600,13.94
"2012-04-27",14.36,14.5,14.15,14.31,8484200,13.91
"2012-04-30",14.3,14.32,14.06,14.28,10143100,13.88
"2012-05-01",14.28,14.38,14.12,14.14,10607700,13.75
"2012-05-02",14.12,14.12,13.69,13.72,16295200,13.34
"2012-05-03",13.71,13.83,13.57,13.7,10791300,13.32
"2012-05-04",13.67,13.67,13.49,13.53,9668000,13.15
"2012-05-07",13.61,13.75,13.47,13.52,5583300,13.14
"2012-05-08",13.45,13.46,13.09,13.35,11888500,12.98
"2012-05-09",13.07,13.29,12.99,13.15,10656000,12.84
"2012-05-10",13.24,13.32,13.01,13.04,7794000,12.73
"2012-05-11",12.97,13.3,12.84,13.11,8148600,12.8
"2012-05-14",13.07,13.07,12.84,12.91,7994200,12.61
"2012-05-15",12.84,12.97,12.77,12.87,9938600,12.57
"2012-05-16",12.92,13.06,12.73,12.75,10602600,12.45
"2012-05-17",12.74,12.77,12.57,12.57,15883000,12.28
"2012-05-18",12.63,12.65,12.28,12.33,13716000,12.04
"2012-05-21",12.36,12.66,12.33,12.66,8152000,12.36
"2012-05-22",12.41,12.95,12.41,12.73,13940600,12.43
"2012-05-23",12.55,12.66,12.38,12.61,14662800,12.31
"2012-05-24",12.69,12.75,12.48,12.63,10920200,12.33
"2012-05-25",12.65,12.81,12.61,12.8,7162800,12.5
"2012-05-29",12.87,13.01,12.8,13,6325500,12.7
"2012-05-30",12.91,12.92,12.52,12.52,11462300,12.23
"2012-05-31",12.49,12.6,12.12,12.46,18086600,12.17
"2012-06-01",12.13,12.22,12.02,12.1,20294200,11.82
"2012-06-04",11.95,12.19,11.64,11.83,16086100,11.55
"2012-06-05",11.72,12.18,11.72,12.14,9635100,11.86
"2012-06-06",12.21,12.52,12.2,12.42,10710300,12.13
"2012-06-07",12.49,12.59,12.25,12.25,11849900,11.96
"2012-06-08",12.25,12.31,12.02,12.3,9748100,12.01
"2012-06-11",12.42,12.53,12.13,12.14,8290200,11.86
"2012-06-12",12.16,12.27,12.03,12.24,9422400,11.95
"2012-06-13",12.2,12.3,12.08,12.14,11901900,11.86
"2012-06-14",12.12,12.41,12.12,12.36,8017900,12.07
"2012-06-15",12.42,12.7,12.35,12.67,11136600,12.37
"2012-06-18",12.57,12.65,12.48,12.58,7090100,12.29
"2012-06-19",12.59,12.82,12.56,12.7,7602400,12.4
"2012-06-20",12.72,12.86,12.56,12.73,7998600,12.43
"2012-06-21",12.74,12.81,12.24,12.25,9274000,11.96
"2012-06-22",12.4,12.44,12.29,12.37,18892400,12.08
"2012-06-25",12.28,12.29,11.97,12.07,7631600,11.79
"2012-06-26",12.1,12.3,12.04,12.21,7704800,11.92
"2012-06-27",12.25,12.44,12.21,12.4,7565900,12.11
"2012-06-28",12.35,12.56,12.25,12.54,7927700,12.25
"2012-06-29",12.89,13,12.77,12.93,10824400,12.63
"2012-07-02",12.95,12.99,12.74,12.93,6083000,12.63
"2012-07-03",12.89,13.06,12.84,13.03,2817000,12.72
"2012-07-05",12.97,12.98,12.78,12.82,5493800,12.52
"2012-07-06",12.67,12.76,12.56,12.64,5298100,12.34
"2012-07-09",12.55,12.59,12.39,12.5,5631100,12.21
"2012-07-10",12.53,12.68,12.35,12.41,5769400,12.12
"2012-07-11",12.4,12.62,12.38,12.57,6997900,12.28
"2012-07-12",12.5,12.51,12.27,12.39,6670800,12.1
"2012-07-13",12.41,12.69,12.39,12.69,5512600,12.39
"2012-07-16",12.43,12.78,12.43,12.67,7172100,12.37
"2012-07-17",12.83,13.13,12.51,13.01,14158000,12.71
"2012-07-18",12.99,13.1,12.88,13,8231100,12.7
"2012-07-19",13.04,13.09,12.88,12.93,9934800,12.63
"2012-07-20",12.82,12.88,12.47,12.49,7748500,12.2
"2012-07-23",12.28,12.29,12.03,12.22,12338700,11.93
"2012-07-24",12.22,12.26,11.95,12.14,12377200,11.86
"2012-07-25",12.16,12.5,12.14,12.32,10366600,12.03
"2012-07-26",12.54,12.68,12.42,12.62,7569800,12.32
"2012-07-27",12.73,12.98,12.61,12.92,10053500,12.62
"2012-07-30",12.91,12.96,12.74,12.78,6187100,12.48
"2012-07-31",12.75,12.76,12.49,12.63,7813300,12.33
"2012-08-01",12.64,12.7,12.32,12.45,12079900,12.16
"2012-08-02",12.34,12.51,11.99,12.22,9950100,11.93
"2012-08-03",12.44,12.85,12.36,12.8,7132800,12.5
"2012-08-06",12.91,13.09,12.87,12.88,6233200,12.58
"2012-08-07",12.91,13.33,12.89,13.2,8509300,12.89
"2012-08-08",13.16,13.16,12.94,13.02,4148600,12.77
"2012-08-09",12.98,13.18,12.95,13.01,5281900,12.76
"2012-08-10",12.98,13.04,12.78,12.88,4486400,12.64
"2012-08-13",12.83,12.93,12.79,12.9,3954300,12.66
"2012-08-14",12.92,13.12,12.8,12.85,6965200,12.61
"2012-08-15",12.86,13.06,12.79,13.05,4764000,12.8
"2012-08-16",13.07,13.36,13.02,13.31,7913200,13.06
"2012-08-17",13.21,13.31,13.18,13.2,6028100,12.95
"2012-08-20",13.16,13.24,12.99,13.14,7791100,12.89
"2012-08-21",13.16,13.48,13.13,13.2,7006100,12.95
"2012-08-22",13.11,13.25,13.02,13.12,6815400,12.87
"2012-08-23",13.19,13.3,12.92,13,8938500,12.75
"2012-08-24",12.98,13.33,12.91,13.27,8681600,13.02
"2012-08-27",13.28,13.32,13.08,13.1,4303900,12.85
"2012-08-28",13.04,13.22,13.01,13.14,4878700,12.89
"2012-08-29",13.19,13.4,13.17,13.39,6737600,13.14
"2012-08-30",13.27,13.49,13.2,13.42,9157100,13.17
"2012-08-31",13.51,13.61,13.33,13.49,10509800,13.23
"2012-09-04",13.48,13.55,13.23,13.33,8281200,13.08
"2012-09-05",13.37,13.49,13.31,13.34,4817900,13.09
"2012-09-06",13.42,13.96,13.41,13.96,11950400,13.7
"2012-09-07",13.97,14.06,13.93,14.03,9225000,13.76
"2012-09-10",14.04,14.15,13.88,13.92,6272800,13.66
"2012-09-11",13.94,14.08,13.87,13.92,7182200,13.66
"2012-09-12",13.97,14.19,13.95,14.01,10401800,13.74
"2012-09-13",14.03,14.43,13.81,14.31,14254800,14.04
"2012-09-14",14.36,14.62,14.31,14.43,10079700,14.16
"2012-09-17",14.38,14.43,14.12,14.19,8473100,13.92
"2012-09-18",14.17,14.19,13.88,13.94,10339800,13.68
"2012-09-19",13.74,13.89,13.48,13.65,17919900,13.39
"2012-09-20",13.55,13.67,13.28,13.44,16345700,13.19
"2012-09-21",13.45,13.67,13.3,13.58,22274700,13.32
"2012-09-24",13.53,13.54,13.34,13.43,8476100,13.18
"2012-09-25",13.48,13.52,12.85,12.89,19087800,12.65
"2012-09-26",12.92,12.99,12.65,12.9,13129100,12.66
"2012-09-27",13.02,13.06,12.77,12.88,11217200,12.64
"2012-09-28",12.85,12.88,12.64,12.79,13868700,12.55
"2012-10-01",12.89,13.04,12.79,12.88,11473100,12.64
"2012-10-02",12.91,13,12.78,12.9,9379800,12.66
"2012-10-03",12.9,12.93,12.66,12.76,13881100,12.52
"2012-10-04",12.82,13.09,12.8,13.09,8074900,12.84
"2012-10-05",13.18,13.4,13.15,13.25,12795000,13
"2012-10-08",13.16,13.28,13.08,13.15,7818400,12.9
"2012-10-09",13.17,13.17,12.86,12.93,8596300,12.68
"2012-10-10",12.96,13.07,12.82,12.97,8353500,12.72
"2012-10-11",13.1,13.24,13.04,13.17,7038400,12.92
"2012-10-12",13.12,13.18,12.87,12.95,12807100,12.7
"2012-10-15",12.99,13.06,12.62,13.03,11596200,12.78
"2012-10-16",13.04,13.34,12.97,13.32,10597900,13.07
"2012-10-17",13.33,13.63,13.28,13.62,8758700,13.36
"2012-10-18",13.62,13.76,13.5,13.64,10833400,13.38
"2012-10-19",13.61,13.66,13.2,13.32,12565600,13.07
"2012-10-22",13.31,13.41,13.18,13.35,6827300,13.1
"2012-10-23",13.2,13.29,13.03,13.22,8441400,12.97
"2012-10-24",13.27,13.44,13.22,13.32,10363400,13.07
"2012-10-25",13.41,13.53,13.35,13.51,9794200,13.25
"2012-10-26",13.37,13.52,13.25,13.47,10133200,13.21
"2012-10-31",13.49,13.6,13.37,13.58,12965100,13.32
"2012-11-01",13.58,13.65,13.5,13.64,9765600,13.38
"2012-11-02",13.77,13.81,13.65,13.74,13064100,13.48
"2012-11-05",13.72,14,13.64,13.89,14230100,13.63
"2012-11-06",13.92,13.99,13.85,13.89,7789000,13.63
"2012-11-07",13.69,13.71,13.11,13.32,23243400,13.12
"2012-11-08",13.3,13.43,13.19,13.2,16768000,13.01
"2012-11-09",13.17,13.33,13.04,13.06,10920800,12.87
"2012-11-12",13.07,13.11,12.88,12.95,12690600,12.76
"2012-11-13",12.9,13,12.68,12.68,14582500,12.49
"2012-11-14",12.73,12.89,12.47,12.5,15862600,12.32
"2012-11-15",12.54,12.78,12.47,12.73,16890400,12.54
"2012-11-16",12.7,12.8,12.54,12.78,12144900,12.59
"2012-11-19",12.93,12.98,12.74,12.89,8934200,12.7
"2012-11-20",12.86,12.98,12.76,12.97,6944300,12.78
"2012-11-21",12.98,13.06,12.82,13.06,4202400,12.87
"2012-11-23",13.07,13.24,13.07,13.23,2162000,13.04
"2012-11-26",13.13,13.23,13.07,13.15,8217300,12.96
"2012-11-27",13.16,13.16,12.96,13.03,12364200,12.84
"2012-11-28",12.97,13.18,12.92,13.14,12238200,12.95
"2012-11-29",13.16,13.27,13.03,13.09,8294700,12.9
"2012-11-30",13.09,13.17,13.03,13.1,7429800,12.91
"2012-12-03",13.12,13.23,12.96,12.99,9524100,12.8
"2012-12-04",13,13.07,12.82,12.88,9360700,12.69
"2012-12-05",12.92,13.05,12.87,12.93,11681100,12.74
"2012-12-06",13,13.07,12.88,13.06,5773300,12.87
"2012-12-07",13.1,13.42,13.08,13.42,7642400,13.22
"2012-12-10",13.37,13.46,13.14,13.37,7528000,13.17
"2012-12-11",13.45,13.71,13.44,13.67,9028200,13.47
"2012-12-12",13.71,13.83,13.62,13.67,10462900,13.47
"2012-12-13",13.68,13.82,13.63,13.75,8083100,13.55
"2012-12-14",13.58,13.74,13.43,13.7,10440000,13.5
"2012-12-17",13.76,13.89,13.65,13.87,8355000,13.67
"2012-12-18",13.88,14.23,13.78,14.21,8818300,14
"2012-12-19",14.26,14.66,14.2,14.47,20338700,14.26
"2012-12-20",14.51,14.56,14.27,14.46,9179900,14.25
"2012-12-21",14.33,14.42,14.2,14.32,12546300,14.11
"2012-12-24",14.3,14.36,14.21,14.33,1699800,14.12
"2012-12-26",14.35,14.4,14.23,14.26,3421800,14.05
"2012-12-27",14.26,14.33,14,14.21,6928700,14
"2012-12-28",14.12,14.25,14.08,14.14,5923700,13.93
"2012-12-31",14.12,14.37,14.08,14.36,8220900,14.15
"2013-01-02",14.67,15.08,14.62,15.08,15607600,14.86
"2013-01-03",15.05,15.2,14.86,15.06,14175900,14.84
"2013-01-04",15.07,15.57,15.05,15.46,16143400,15.23
"2013-01-07",15.41,15.41,15.07,15.27,10327300,15.05
"2013-01-08",15.26,15.34,15.07,15.22,9954300,15
"2013-01-09",15.28,15.31,15,15.13,7591200,14.91
"2013-01-10",15.25,15.37,15.14,15.33,7617400,15.1
"2013-01-11",15.29,15.42,15.24,15.39,6940000,15.16
"2013-01-14",15.39,15.41,15.25,15.27,8394700,15.05
"2013-01-15",15.17,15.3,15.11,15.29,9215900,15.07
"2013-01-16",15.16,15.25,14.98,15.05,11803900,14.83
"2013-01-17",15.17,15.3,15.09,15.25,11575600,15.03
"2013-01-18",15.25,15.47,15.21,15.45,7547100,15.22
"2013-01-22",15.44,15.74,15.37,15.71,8550400,15.48
"2013-01-23",15.74,15.8,15.52,15.64,8078600,15.41
"2013-01-24",15.67,15.87,15.66,15.81,7063700,15.58
"2013-01-25",15.84,16.05,15.81,16.05,8503400,15.81
"2013-01-28",16.07,16.2,15.93,16.1,9171100,15.86
"2013-01-29",16.06,16.64,16.01,16.47,19967900,16.23
"2013-01-30",16.45,16.62,16.37,16.51,11533500,16.27
"2013-01-31",16.49,16.66,16.31,16.53,10907700,16.29
"2013-02-01",16.63,16.94,16.59,16.75,12996600,16.5
"2013-02-04",16.57,16.57,16.36,16.39,11414400,16.15
"2013-02-05",16.52,16.77,16.47,16.65,8622100,16.41
"2013-02-06",16.49,16.81,16.45,16.79,11953700,16.6
"2013-02-07",16.76,17.41,16.49,17.11,33838000,16.92
"2013-02-08",17.18,17.23,16.81,16.89,15136100,16.7
"2013-02-11",16.5,16.88,16.48,16.73,10541400,16.54
"2013-02-12",16.72,16.94,16.72,16.86,6751600,16.67
"2013-02-13",16.93,17.07,16.82,16.92,6022000,16.73
"2013-02-14",16.85,16.96,16.74,16.92,6410400,16.73
"2013-02-15",16.96,16.97,16.78,16.9,8270100,16.71
"2013-02-19",16.94,17.1,16.89,17.1,7983500,16.91
"2013-02-20",17.06,17.06,16.69,16.69,6451700,16.5
"2013-02-21",16.67,16.68,16.29,16.37,9662600,16.19
"2013-02-22",16.47,16.74,16.45,16.73,6038200,16.54
"2013-02-25",16.84,16.92,16.29,16.32,13134100,16.14
"2013-02-26",16.24,16.48,15.96,16.21,14907800,16.03
"2013-02-27",16.22,16.48,16.15,16.41,9841700,16.23
"2013-02-28",16.43,16.46,16.24,16.24,11225400,16.06
"2013-03-01",16.22,16.46,16,16.4,8912900,16.22
"2013-03-04",16.65,16.83,16.53,16.78,11573500,16.59
"2013-03-05",16.82,17.1,16.82,16.98,7311700,16.79
"2013-03-06",17.1,17.64,17.06,17.35,13776300,17.16
"2013-03-07",17.34,17.75,17.28,17.58,10576500,17.38
"2013-03-08",17.71,17.94,17.64,17.66,9308000,17.46
"2013-03-11",17.67,17.81,17.6,17.71,8878400,17.51
"2013-03-12",17.67,17.75,17.57,17.74,9640900,17.54
"2013-03-13",17.75,18.11,17.7,18.11,9325500,17.91
"2013-03-14",18,18.34,17.78,17.98,14601800,17.78
"2013-03-15",17.69,17.9,17.67,17.86,15854300,17.66
"2013-03-18",17.6,17.79,17.57,17.66,7213400,17.46
"2013-03-19",17.69,17.86,17.32,17.55,8733500,17.35
"2013-03-20",17.65,17.82,17.63,17.75,6472800,17.55
"2013-03-21",17.65,17.78,17.42,17.46,8813100,17.27
"2013-03-22",17.51,17.6,17.47,17.54,4462400,17.34
"2013-03-25",17.57,17.68,17.45,17.52,6745100,17.32
"2013-03-26",17.57,17.69,17.49,17.63,5944200,17.43
"2013-03-27",17.52,17.55,17.13,17.5,9129900,17.31
"2013-03-28",17.55,17.75,17.48,17.69,7335600,17.49
"2013-04-01",17.77,17.89,17.32,17.38,9808200,17.19
"2013-04-02",17.15,17.38,17.1,17.31,7923000,17.12
"2013-04-03",17.33,17.39,16.65,16.75,12077700,16.56
"2013-04-04",16.76,16.8,16.51,16.72,11525900,16.53
"2013-04-05",16.49,16.61,16.15,16.55,10431500,16.37
"2013-04-08",16.57,16.82,16.51,16.82,6412500,16.63
"2013-04-09",16.9,17.03,16.82,16.97,5623800,16.78
"2013-04-10",17.05,17.53,17.04,17.39,8962300,17.2
"2013-04-11",17.41,17.69,17.37,17.54,8366400,17.34
"2013-04-12",17.51,17.52,17.13,17.28,8221400,17.09
"2013-04-15",17.12,17.3,16.59,16.62,10534200,16.43
"2013-04-16",16.76,16.96,16.57,16.96,9028000,16.77
"2013-04-17",16.77,16.77,16.31,16.47,10135700,16.29
"2013-04-18",16.48,16.49,16.2,16.39,8209100,16.21
"2013-04-19",16.43,16.47,16.28,16.39,6389800,16.21
"2013-04-22",16.42,16.49,16.22,16.42,5994100,16.24
"2013-04-23",16.45,16.72,16.43,16.59,9391400,16.41
"2013-04-24",16.61,16.73,16.42,16.64,9827000,16.45
"2013-04-25",16.7,17.1,16.66,16.75,9933200,16.56
"2013-04-26",16.76,16.84,16.59,16.73,6092400,16.54
"2013-04-29",16.76,16.98,16.75,16.94,4607300,16.75
"2013-04-30",16.97,17.03,16.82,16.96,6004700,16.77
"2013-05-01",16.94,17,16.18,16.21,14700900,16.03
"2013-05-02",16.22,16.53,16.05,16.44,8793100,16.26
"2013-05-03",16.67,17.55,16.63,17.47,16192300,17.28
"2013-05-06",17.44,17.67,17.43,17.55,9143800,17.35
"2013-05-07",17.57,17.73,17.38,17.44,6003000,17.25
"2013-05-08",17.39,17.42,17.13,17.38,6206600,17.25
"2013-05-09",17.34,17.83,17.31,17.51,8976400,17.37
"2013-05-10",17.49,18.3,17.49,18.09,14377600,17.95
"2013-05-13",18.05,18.34,17.92,18.15,9082400,18.01
"2013-05-14",18.16,18.77,18.09,18.75,15848000,18.61
"2013-05-15",18.52,19,18.18,18.98,18065400,18.83
"2013-05-16",18.95,19.25,18.84,18.91,13190700,18.76
"2013-05-17",18.89,19.37,18.88,19.34,9694400,19.19
"2013-05-20",19.2,19.34,19.11,19.21,6585700,19.06
"2013-05-21",19.25,19.31,19.07,19.17,6122200,19.02
"2013-05-22",19.12,19.57,18.94,19.06,12263500,18.91
"2013-05-23",18.94,19.14,18.69,18.99,9058500,18.84
"2013-05-24",18.92,19.19,18.79,19.16,5953600,19.01
"2013-05-28",19.47,19.94,19.46,19.77,10743800,19.62
"2013-05-29",19.58,20.04,19.57,19.91,13106800,19.76
"2013-05-30",19.93,20.27,19.73,20.16,10362200,20
"2013-05-31",20.13,20.48,19.86,19.86,14689300,19.71
"2013-06-03",19.98,19.99,19.28,19.68,12924100,19.53
"2013-06-04",19.68,19.97,19.46,19.58,8231900,19.43
"2013-06-05",19.55,19.59,18.94,19.01,12459700,18.86
"2013-06-06",19.04,19.47,18.99,19.46,9388300,19.31
"2013-06-07",19.7,20.13,19.65,20.12,11527500,19.96
"2013-06-10",20.2,20.35,20.05,20.22,7555400,20.06
"2013-06-11",19.97,20.14,19.67,19.72,7782600,19.57
"2013-06-12",19.97,19.98,19.53,19.59,8959200,19.44
"2013-06-13",19.57,20.15,19.55,20.04,15370900,19.89
"2013-06-14",20.08,20.08,19.52,19.71,10720200,19.56
"2013-06-17",19.88,20.4,19.87,20.32,9916600,20.16
"2013-06-18",20.35,20.76,20.35,20.54,10478000,20.38
"2013-06-19",20.55,20.84,20.37,20.47,11879600,20.31
"2013-06-20",20.2,20.95,20.16,20.48,20952900,20.32
"2013-06-21",20.71,20.77,20.33,20.64,11927400,20.48
"2013-06-24",20.69,20.79,20.34,20.64,13373400,20.48
"2013-06-25",20.85,21.14,20.7,21.04,12019800,20.88
"2013-06-26",21.25,21.28,20.79,20.96,11564700,20.8
"2013-06-27",21.13,21.2,20.91,20.94,18327800,20.78
"2013-06-28",20.87,21.44,20.8,21.23,18668700,21.07
"2013-07-01",21.33,21.69,21.31,21.38,9383100,21.21
"2013-07-02",21.32,21.87,21.08,21.3,11998500,21.14
"2013-07-03",21.14,21.55,21.09,21.4,4899700,21.23
"2013-07-05",21.66,22.1,21.66,22.01,8683100,21.84
"2013-07-08",22.19,22.38,22.07,22.19,8350700,22.02
"2013-07-09",22.41,22.44,22.06,22.2,7958900,22.03
"2013-07-10",22.19,22.28,21.74,21.94,11025200,21.77
"2013-07-11",22.29,22.29,21.22,21.47,18624400,21.3
"2013-07-12",21.54,21.82,21.38,21.69,7963300,21.52
"2013-07-15",21.64,21.91,21.54,21.71,7072700,21.54
"2013-07-16",21.5,21.52,20.55,21,16499000,20.84
"2013-07-17",21.08,21.13,20.68,20.95,10355600,20.79
"2013-07-18",20.9,21.49,20.87,21.46,9379500,21.29
"2013-07-19",21.49,21.73,21.23,21.68,8237200,21.51
"2013-07-22",21.7,22.02,21.68,22.02,8094700,21.85
"2013-07-23",22.11,22.59,22.09,22.48,10570700,22.31
"2013-07-24",22.55,22.56,21.99,22.11,8760500,21.94
"2013-07-25",22.05,22.3,21.99,22.28,5338000,22.11
"2013-07-26",22.05,22.19,21.84,22.12,8345600,21.95
"2013-07-29",22.12,22.34,21.98,21.99,9177100,21.82
"2013-07-30",22.09,22.32,22.08,22.19,7148900,22.02
"2013-07-31",22.12,22.36,22.03,22.09,13518000,21.92
"2013-08-01",22.26,22.79,22.26,22.67,10166900,22.5
"2013-08-02",22.61,22.76,22.43,22.65,7238500,22.48
"2013-08-05",22.6,22.84,22.56,22.69,6048700,22.51
"2013-08-06",22.61,22.74,22.39,22.42,5127900,22.25
"2013-08-07",22.27,22.57,21.98,22.54,8368400,22.43
"2013-08-08",22.63,22.79,22.3,22.31,5701100,22.2
"2013-08-09",22.27,22.6,22.26,22.29,3505000,22.18
"2013-08-12",22.16,22.25,21.65,21.76,5593300,21.65
"2013-08-13",21.78,22.38,21.77,22.28,8399000,22.17
"2013-08-14",22.26,22.43,21.98,22,4483300,21.89
"2013-08-15",21.84,21.84,21.25,21.4,10916600,21.29
"2013-08-16",21.34,21.87,21.32,21.56,6599500,21.45
"2013-08-19",21.54,21.77,21.4,21.41,5530900,21.3
"2013-08-20",21.41,21.78,21.22,21.69,5186400,21.58
"2013-08-21",21.63,21.76,21.34,21.48,5345500,21.37
"2013-08-22",21.5,21.64,21.29,21.44,5579800,21.33
"2013-08-23",21.47,21.58,21.32,21.53,6815600,21.42
"2013-08-26",21.55,22.05,21.4,21.61,5966300,21.5
"2013-08-27",21.35,21.38,20.69,20.74,8272300,20.64
"2013-08-28",20.74,21.09,20.52,20.96,5679300,20.85
"2013-08-29",20.93,21.45,20.89,21.29,5206800,21.18
"2013-08-30",21.27,21.33,20.8,20.88,7065600,20.77
"2013-09-03",21.2,21.46,20.97,21.15,7671400,21.04
"2013-09-04",21.19,21.94,21.13,21.86,10049500,21.75
"2013-09-05",21.9,22.25,21.79,21.84,6610800,21.73
"2013-09-06",21.95,21.95,21.32,21.58,7672900,21.47
"2013-09-09",21.64,21.91,21.64,21.82,4210000,21.71
"2013-09-10",22.04,22.44,22.04,22.37,6596400,22.26
"2013-09-11",22.31,22.45,22.11,22.24,5196100,22.13
"2013-09-12",22.19,22.26,22.06,22.07,6945200,21.96
"2013-09-13",22.17,22.22,21.84,22.03,7367600,21.92
"2013-09-16",22.35,22.36,21.58,22.08,10682700,21.97
"2013-09-17",22.08,22.71,22.08,22.64,8896700,22.53
"2013-09-18",22.59,22.63,21.04,21.36,20283200,21.25
"2013-09-19",21.48,21.52,20.62,21.04,22937000,20.93
"2013-09-20",21.14,21.63,21.14,21.27,20487700,21.16
"2013-09-23",21.09,21.11,20.54,20.84,10143000,20.73
"2013-09-24",20.95,21.43,20.91,21.14,13094400,21.03
"2013-09-25",21.26,21.52,21.1,21.24,12959000,21.13
"2013-09-26",21.24,21.53,21.2,21.33,4267800,21.22
"2013-09-27",21.15,21.25,20.97,21.19,4950700,21.08
"2013-09-30",20.96,21.28,20.79,21.14,8160700,21.03
"2013-10-01",21.21,21.44,21.21,21.38,6539800,21.27
"2013-10-02",21.14,21.32,20.98,21.29,6896400,21.18
"2013-10-03",21.21,21.41,20.9,21.15,7769600,21.04
"2013-10-04",21.18,21.63,21.1,21.58,5139700,21.47
"2013-10-07",21.3,21.41,21.06,21.07,5626200,20.96
"2013-10-08",21.04,21.14,20.54,20.57,7078300,20.47
"2013-10-09",20.63,21.03,20.44,20.75,8870500,20.65
"2013-10-10",21.18,21.55,21,21.39,10743300,21.28
"2013-10-11",21.39,21.82,21.33,21.78,6689200,21.67
"2013-10-14",21.59,22.08,21.39,22.01,10337400,21.9
"2013-10-15",22.78,23.79,22.66,23.03,31134400,22.91
"2013-10-16",23.28,23.93,23.24,23.43,15844500,23.31
"2013-10-17",23.25,23.67,23.11,23.62,8599600,23.5
"2013-10-18",23.64,23.78,23.36,23.77,8356900,23.65
"2013-10-21",23.74,23.87,23.52,23.56,8681800,23.44
"2013-10-22",23.64,23.64,23.14,23.35,10290600,23.23
"2013-10-23",23.27,23.44,23.03,23.3,7558500,23.18
"2013-10-24",23.36,23.47,23.25,23.4,5188900,23.28
"2013-10-25",23.4,23.6,23.32,23.56,5112200,23.44
"2013-10-28",23.55,23.61,22.67,23.01,15054000,22.89
"2013-10-29",23.06,23.36,22.86,23.1,14262900,22.98
"2013-10-30",23.11,23.21,22.54,22.86,10763500,22.74
"2013-10-31",22.87,22.98,22.63,22.65,7677300,22.54
"2013-11-01",22.63,23.21,22.62,23.12,9056000,23
"2013-11-04",23.15,23.25,22.95,23.23,6565400,23.11
"2013-11-05",23.1,23.36,22.97,23.29,6574800,23.17
"2013-11-06",23.24,23.29,22.93,23.21,6112700,23.15
"2013-11-07",23.23,23.38,22.73,22.76,6415700,22.7
"2013-11-08",22.88,24.03,22.88,24.02,16659500,23.96
"2013-11-11",24.02,24.28,23.81,24,8343400,23.94
"2013-11-12",23.99,24.05,23.65,23.71,5706900,23.65
"2013-11-13",23.59,23.99,23.39,23.98,7298100,23.92
"2013-11-14",23.96,24.26,23.91,24.24,7320400,24.18
"2013-11-15",24.3,24.5,24.2,24.42,7030400,24.36
"2013-11-18",24.49,24.55,24.21,24.42,9248300,24.36
"2013-11-19",24.41,24.68,24.37,24.5,10645400,24.44
"2013-11-20",24.5,24.62,24.32,24.46,5586800,24.4
"2013-11-21",24.58,25.01,24.57,25,9084500,24.94
"2013-11-22",24.92,25,24.7,24.92,6316000,24.86
"2013-11-25",25,25,24.66,24.68,5538000,24.62
"2013-11-26",24.74,24.85,24.64,24.67,5062500,24.61
"2013-11-27",24.68,24.86,24.55,24.78,4124400,24.72
"2013-11-29",24.78,24.82,24.46,24.48,2187900,24.42
"2013-12-02",24.5,25.14,24.5,24.83,6226800,24.77
"2013-12-03",24.66,24.91,24.49,24.67,4461900,24.61
"2013-12-04",24.63,24.87,24.41,24.62,3758100,24.56
"2013-12-05",24.58,24.62,24.19,24.41,4477100,24.35
"2013-12-06",24.81,24.97,24.59,24.83,3955600,24.77
"2013-12-09",24.86,25.12,24.76,25.04,4992500,24.98
"2013-12-10",24.91,24.97,24.68,24.83,4223200,24.77
"2013-12-11",24.8,25.13,24.69,24.86,10632200,24.8
"2013-12-12",24.85,24.99,24.67,24.8,10725200,24.74
"2013-12-13",24.96,25.27,24.73,24.79,7977400,24.73
"2013-12-16",24.92,25.11,24.8,25.09,7083900,25.03
"2013-12-17",25.09,25.09,24.72,24.76,6564500,24.7
"2013-12-18",24.8,25.72,24.65,25.7,8976800,25.64
"2013-12-19",25.61,25.9,25.52,25.58,6061000,25.52
"2013-12-20",25.57,25.67,25.34,25.61,8586200,25.55
"2013-12-23",25.75,25.8,25.61,25.69,2835400,25.63
"2013-12-24",25.7,25.72,25.56,25.71,1184700,25.65
"2013-12-26",25.7,25.78,25.55,25.74,2617600,25.68
"2013-12-27",25.78,25.87,25.62,25.66,1818000,25.6
"2013-12-30",25.66,25.71,25.49,25.58,1961900,25.52
"2013-12-31",25.7,26.08,25.67,26,4670500,25.94
"2014-01-02",25.99,26.05,25.7,25.82,4618600,25.76
"2014-01-03",25.84,26.04,25.7,25.9,3367700,25.84
"2014-01-06",26,26.14,25.75,25.81,4293200,25.75
"2014-01-07",25.48,25.92,25.36,25.54,7476500,25.48
"2014-01-08",25.58,25.94,25.51,25.84,6541100,25.78
"2014-01-09",25.92,26.06,25.71,25.85,4103000,25.79
"2014-01-10",25.81,25.85,25.41,25.66,4838600,25.6
"2014-01-13",25.59,25.59,24.77,24.83,7913900,24.77
"2014-01-14",24.98,25.66,24.96,25.59,6765200,25.53
"2014-01-15",25.65,26.05,25.56,26.03,10043200,25.97
"2014-01-16",26.25,26.84,26.09,26.8,13421800,26.73
"2014-01-17",26.81,26.9,26.51,26.77,7120000,26.7
"2014-01-21",26.92,27.11,26.79,26.8,9555100,26.73
"2014-01-22",26.88,26.95,26.6,26.8,5316300,26.73
"2014-01-23",26.57,26.57,25.97,26.14,8469600,26.08
"2014-01-24",26.01,26.04,25.24,25.27,10304200,25.21
"2014-01-27",25.32,25.51,24.7,24.82,10278500,24.76
"2014-01-28",24.88,25.32,24.81,25.2,5881100,25.14
"2014-01-29",24.87,25.19,24.61,24.66,6202400,24.6
"2014-01-30",24.93,25.37,24.87,25.29,6331400,25.23
"2014-01-31",24.69,25.06,24.51,24.82,9443700,24.76
"2014-02-03",24.77,24.99,23.56,23.65,14899700,23.59
"2014-02-04",23.78,24.33,23.72,24.13,9012800,24.07
"2014-02-05",24.02,24.1,23.73,23.86,11444300,23.86
"2014-02-06",23.94,24.46,23.85,24.44,5914500,24.44
"2014-02-07",24.56,24.89,24.16,24.6,7695700,24.6
"2014-02-10",24.54,24.81,24.47,24.76,3266000,24.76
"2014-02-11",24.82,25.56,24.73,25.41,7612100,25.41
"2014-02-12",25.41,25.82,25.41,25.57,6445800,25.57
"2014-02-13",25.41,25.82,25.23,25.8,5433500,25.8
"2014-02-14",25.78,25.78,25.43,25.45,6102200,25.45
"2014-02-18",25.45,26.23,25.44,26.12,6721400,26.12
"2014-02-19",25.99,26.16,25.51,25.56,8035200,25.56
"2014-02-20",25.59,26.23,25.43,26.12,7570900,26.12
"2014-02-21",26.19,26.45,26.03,26.25,7362400,26.25
"2014-02-24",26.25,26.7,26.14,26.53,5814100,26.53
"2014-02-25",26.62,26.62,26.19,26.26,5133100,26.26
"2014-02-26",26.38,26.44,26.16,26.37,8543100,26.37
"2014-02-27",26.28,26.48,26.08,26.42,5690500,26.42
"2014-02-28",26.41,26.73,26.22,26.51,7215400,26.51
"2014-03-03",26.13,26.15,25.78,25.86,8284200,25.86
"2014-03-04",26.22,27.05,26.17,26.82,10699200,26.82
"2014-03-05",26.86,26.98,26.66,26.93,7662800,26.93
"2014-03-06",27.03,27.21,26.9,26.94,11975100,26.94
"2014-03-07",27.15,27.31,26.79,27,9253300,27
"2014-03-10",26.97,27.27,26.81,27.15,5516300,27.15
"2014-03-11",27.21,27.25,26.78,26.85,5689200,26.85
"2014-03-12",26.46,26.7,26.28,26.66,6222100,26.66
"2014-03-13",26.8,27.07,26.23,26.35,6577900,26.35
"2014-03-14",26.37,26.42,25.8,26.05,7036600,26.05
"2014-03-17",26.27,26.66,26.27,26.51,4538600,26.51
