"","SWY.Open","SWY.High","SWY.Low","SWY.Close","SWY.Volume","SWY.Adjusted"
"2007-01-03",33.9,34.17,33.21,33.34,6176700,28.61
"2007-01-04",33.33,33.65,33.06,33.4,6027800,28.66
"2007-01-05",33.26,33.55,33.14,33.23,8717100,28.52
"2007-01-08",33.37,33.53,33.05,33.41,3009300,28.67
"2007-01-09",33.58,33.8,33.31,33.71,3593000,28.93
"2007-01-10",32.97,33.78,32.86,33.75,3037600,28.96
"2007-01-11",33.9,34,33.6,33.78,4039000,28.99
"2007-01-12",33.9,34.08,33.49,33.79,3924600,29
"2007-01-16",33.86,33.88,33.4,33.77,2162600,28.98
"2007-01-17",33.63,33.76,33.28,33.51,2342500,28.76
"2007-01-18",33.63,34.65,33.52,34.53,4199600,29.63
"2007-01-19",34.69,34.73,34,34.36,2167600,29.49
"2007-01-22",34.32,34.36,34.05,34.29,2478800,29.43
"2007-01-23",34.39,34.43,34.03,34.29,2562000,29.43
"2007-01-24",34.42,35.14,34.3,35.09,2199600,30.11
"2007-01-25",34.91,35.09,34.48,34.65,3098200,29.74
"2007-01-26",34.56,34.95,34.41,34.77,3489400,29.84
"2007-01-29",34.96,35.58,34.95,35.33,4191200,30.32
"2007-01-30",35.82,35.83,35.4,35.83,4479200,30.75
"2007-01-31",35.78,36.24,35.62,36.03,3975900,30.92
"2007-02-01",36.01,36.53,35.88,36.33,4000400,31.18
"2007-02-02",36.28,36.32,35.96,36.13,3406700,31.01
"2007-02-05",36,36.13,35.79,36.01,2797800,30.9
"2007-02-06",36,36.16,35.81,35.95,2310700,30.85
"2007-02-07",35.95,36,35.63,35.76,2369200,30.69
"2007-02-08",35.73,36.1,35.65,36.05,4386800,30.94
"2007-02-09",36.14,36.31,35.52,35.71,2312400,30.65
"2007-02-12",35.78,35.93,35.65,35.83,2934600,30.75
"2007-02-13",35.83,36.21,35.83,36.18,1896700,31.05
"2007-02-14",36.32,37,36.27,36.65,3304200,31.45
"2007-02-15",36.55,36.65,36.12,36.37,3132100,31.21
"2007-02-16",36.2,36.61,36.15,36.51,1692400,31.33
"2007-02-20",36.56,37.02,36.52,36.88,2418900,31.65
"2007-02-21",36.8,37.24,36.53,36.96,3230100,31.72
"2007-02-22",36.3,37.08,34.59,35.6,8741100,30.55
"2007-02-23",35.65,35.77,35.03,35.15,5348400,30.17
"2007-02-26",35.2,35.44,35,35.37,2628800,30.35
"2007-02-27",35.28,35.4,33.72,34,4175300,29.18
"2007-02-28",34.03,35.04,34.03,34.53,4459700,29.63
"2007-03-01",34.27,35.16,34.04,34.63,3672400,29.72
"2007-03-02",34.57,34.73,33.81,33.88,2542000,29.08
"2007-03-05",33.5,34.32,33.15,33.66,3109500,28.89
"2007-03-06",33.66,34.11,33.29,33.89,3602500,29.08
"2007-03-07",33.79,34.3,33.68,33.73,2435700,28.95
"2007-03-08",34.06,34.49,34.02,34.36,2629200,29.49
"2007-03-09",34.49,34.75,34.07,34.27,1951800,29.41
"2007-03-12",34.11,34.82,34.08,34.59,2526500,29.68
"2007-03-13",34.54,35.56,34.45,34.76,4184800,29.83
"2007-03-14",34.78,35.2,34.23,34.68,2855100,29.76
"2007-03-15",34.6,35.11,34.54,35,2755800,30.04
"2007-03-16",35,35.12,34.44,34.5,2861700,29.61
"2007-03-19",34.6,35.49,34.52,35.48,2762000,30.45
"2007-03-20",35.34,36.05,35.19,35.96,3150900,30.86
"2007-03-21",36.22,36.73,35.8,36.68,2341400,31.48
"2007-03-22",36.53,36.97,36.03,36.23,3565900,31.09
"2007-03-23",37,37,36.26,36.85,2522000,31.62
"2007-03-26",36.79,37.58,36.58,37.52,3494400,32.2
"2007-03-27",37.33,37.4,36.7,36.81,4657600,31.59
"2007-03-28",36.46,37.18,36.32,37.15,3123500,31.93
"2007-03-29",37.67,37.67,36.5,36.61,3064900,31.47
"2007-03-30",36.57,37.12,36.39,36.64,2988900,31.49
"2007-04-02",36.76,37.42,36.66,36.96,3482500,31.77
"2007-04-03",37,37.35,36.76,36.85,3506800,31.67
"2007-04-04",36.97,37.11,36.59,36.84,2672900,31.67
"2007-04-05",37,37.16,36.21,36.32,2430100,31.22
"2007-04-09",36.49,37.34,36.33,37.18,3335000,31.96
"2007-04-10",37.26,37.42,36.85,36.96,2618600,31.77
"2007-04-11",36.9,36.96,36.41,36.44,3563800,31.32
"2007-04-12",36.53,36.65,36.08,36.49,1968400,31.36
"2007-04-13",36.65,36.65,36.32,36.44,2640700,31.32
"2007-04-16",36.66,37.03,36.48,36.64,2321800,31.49
"2007-04-17",36.83,37.19,36.58,37,1602100,31.8
"2007-04-18",36.8,36.93,36.34,36.69,3016300,31.54
"2007-04-19",36.85,37.5,36.69,37.34,3880000,32.1
"2007-04-20",37.74,38.17,37.44,37.77,3474100,32.47
"2007-04-23",37.54,38.31,37.5,37.8,2952700,32.49
"2007-04-24",37.77,37.79,36.87,37.23,2901100,32
"2007-04-25",37.6,38.2,37.38,38,3301100,32.66
"2007-04-26",36.01,38.05,36.01,36.99,4452700,31.79
"2007-04-27",37.07,37.34,36.51,36.67,4026500,31.52
"2007-04-30",36.85,36.95,36.26,36.3,3783900,31.2
"2007-05-01",36.3,36.45,35.35,35.83,4174800,30.8
"2007-05-02",35.66,36.26,35.66,36.14,2448800,31.06
"2007-05-03",36.16,36.44,35.81,35.99,3048800,30.94
"2007-05-04",36.04,36.16,35.74,35.86,2067500,30.82
"2007-05-07",35.85,36.11,35.66,35.71,2389400,30.69
"2007-05-08",35.53,35.77,35.41,35.62,1882300,30.62
"2007-05-09",35.55,35.62,35.17,35.35,2967800,30.38
"2007-05-10",35.19,35.61,34.77,34.86,3354800,29.96
"2007-05-11",34.99,35.92,34.9,35.86,3559900,30.82
"2007-05-14",35.74,35.85,35.2,35.44,3643300,30.46
"2007-05-15",35.39,35.48,34.63,34.75,3934500,29.87
"2007-05-16",34.79,35.25,34.52,35.2,3827000,30.26
"2007-05-17",35.05,35.16,34.81,35.07,2283000,30.14
"2007-05-18",35.08,35.22,34.84,34.89,3712400,29.99
"2007-05-21",34.75,34.97,33.53,34.42,4407400,29.59
"2007-05-22",34.5,34.88,34.37,34.56,2824700,29.71
"2007-05-23",34.56,35,34.53,34.66,2798900,29.79
"2007-05-24",34.7,34.81,33.78,33.88,4134800,29.12
"2007-05-25",34.1,34.44,33.85,34.11,2549300,29.32
"2007-05-29",34.15,34.7,34.11,34.36,3525800,29.53
"2007-05-30",34.28,34.57,33.96,34.55,2068100,29.7
"2007-05-31",34.56,35.08,34.47,34.48,4641900,29.64
"2007-06-01",34.48,37.15,34.48,36.29,6548500,31.19
"2007-06-04",36.4,36.63,34.32,34.51,6171800,29.66
"2007-06-05",34.58,34.99,34.02,34.97,4093900,30.06
"2007-06-06",34.94,35.01,34.46,34.66,2659700,29.79
"2007-06-07",34.84,34.84,33.76,34.08,3266900,29.29
"2007-06-08",34,34.76,33.82,34.75,2905100,29.87
"2007-06-11",34.65,34.9,34.4,34.48,2127800,29.64
"2007-06-12",34.28,34.48,33.71,33.84,2830800,29.09
"2007-06-13",34.14,34.4,33.96,34.38,3063100,29.55
"2007-06-14",34.33,34.54,34.13,34.34,2323200,29.52
"2007-06-15",34.42,34.74,34.28,34.3,2710900,29.48
"2007-06-18",34.16,34.5,33.92,34.12,2806800,29.33
"2007-06-19",34.16,34.72,34.05,34.65,3374500,29.78
"2007-06-20",34.56,35.22,34.26,34.93,4851300,30.02
"2007-06-21",34.75,35.4,34.26,35.35,4319900,30.38
"2007-06-22",35.18,35.6,34.58,34.75,5094200,29.87
"2007-06-25",34.7,35.47,34.44,35.02,3617100,30.1
"2007-06-26",34.88,34.88,33.75,33.86,5078800,29.1
"2007-06-27",33.61,33.86,33.39,33.8,5207900,29.11
"2007-06-28",33.68,34.55,33.4,34.05,3119300,29.33
"2007-06-29",34.19,34.48,33.66,34.03,4525300,29.31
"2007-07-02",34.23,34.78,34.16,34.75,3647900,29.93
"2007-07-03",34.76,35.03,34.57,34.63,1857400,29.83
"2007-07-05",34.51,34.66,33.71,34.21,3708300,29.47
"2007-07-06",34.25,34.62,34.12,34.52,2341100,29.73
"2007-07-09",34.44,34.61,34.01,34.14,3778900,29.4
"2007-07-10",34.09,34.34,33.54,33.68,4358500,29.01
"2007-07-11",33.61,33.79,33.26,33.71,3643000,29.03
"2007-07-12",33.92,34.91,33.71,34.81,3257300,29.98
"2007-07-13",35,35.76,34.72,35.62,3493900,30.68
"2007-07-16",35.5,35.89,35.4,35.56,2754500,30.63
"2007-07-17",35.54,35.75,34.97,35.05,3561000,30.19
"2007-07-18",35.25,37.14,35.11,35.98,7201600,30.99
"2007-07-19",35.55,35.7,34.56,35.11,7039000,30.24
"2007-07-20",34.37,34.76,34.02,34.22,6492000,29.47
"2007-07-23",34.5,34.56,33.8,33.89,3904300,29.19
"2007-07-24",33.79,33.94,32.46,32.62,5275800,28.1
"2007-07-25",32.89,33.06,31.86,32.11,5466000,27.66
"2007-07-26",31.85,32.46,31.11,31.5,6629000,27.13
"2007-07-27",31.35,31.82,30.87,31.12,5068500,26.8
"2007-07-30",31.2,32.17,31.07,32.13,5094700,27.67
"2007-07-31",32.64,32.97,31.79,31.87,4776000,27.45
"2007-08-01",31.79,32.96,31.7,32.91,4762100,28.35
"2007-08-02",32.91,32.92,32.05,32.29,3267600,27.81
"2007-08-03",31.64,32.2,31.42,31.59,3941300,27.21
"2007-08-06",31.75,33.33,31.49,33.28,5065700,28.66
"2007-08-07",32.93,33.6,32.61,33.05,4871600,28.47
"2007-08-08",33.29,33.31,31.7,32.22,4760600,27.75
"2007-08-09",31.52,31.84,30.39,30.56,6015200,26.32
"2007-08-10",30.1,32.83,30.1,32.48,7395800,27.98
"2007-08-13",32.77,33.6,32.62,33.13,5048600,28.53
"2007-08-14",33.1,33.1,31.37,31.46,4375800,27.1
"2007-08-15",31.29,31.92,30.76,30.88,3241300,26.6
"2007-08-16",30.84,31.99,30.6,31.79,4820800,27.38
"2007-08-17",32.22,33.4,31.97,32.48,3844900,27.98
"2007-08-20",32.32,32.42,31.5,32.24,2761600,27.77
"2007-08-21",32.24,33.1,31.99,32.56,3454800,28.04
"2007-08-22",33.05,33.32,32.57,32.9,2644400,28.34
"2007-08-23",32.97,32.97,32.14,32.57,3420600,28.05
"2007-08-24",32.67,32.96,32.09,32.94,2719200,28.37
"2007-08-27",32.04,32.55,31.7,31.89,2653800,27.47
"2007-08-28",31.58,31.75,30.66,30.9,5454700,26.61
"2007-08-29",31.17,32.1,31.02,32.03,3615800,27.59
"2007-08-30",31.59,31.77,31.03,31.3,2951100,26.96
"2007-08-31",31.69,32.27,31.44,31.73,2608900,27.33
"2007-09-04",31.73,31.73,31.22,31.4,2071200,27.04
"2007-09-05",31.15,31.2,30.4,30.59,2980500,26.35
"2007-09-06",30.59,31.53,30.25,31.52,3384300,27.15
"2007-09-07",30.89,31.33,30.6,30.64,2303800,26.39
"2007-09-10",30.83,30.91,30.34,30.68,1559200,26.42
"2007-09-11",30.87,32.02,30.76,31.98,3174500,27.54
"2007-09-12",31.77,31.95,31.26,31.71,4615700,27.31
"2007-09-13",31.98,32.47,31.23,32.15,4301500,27.69
"2007-09-14",31.86,32.79,31.68,32.61,3601500,28.09
"2007-09-17",32.71,32.73,32.11,32.29,2621800,27.81
"2007-09-18",32.35,34,32.35,33.76,5523200,29.08
"2007-09-19",33.99,34.25,33.44,33.59,3704000,28.93
"2007-09-20",33.46,33.58,32.79,33.14,2674500,28.54
"2007-09-21",33.51,33.51,32.87,33.02,3012300,28.44
"2007-09-24",32.87,33.87,32.68,33.35,3977600,28.72
"2007-09-25",33.27,33.27,32.53,33.06,4439600,28.53
"2007-09-26",33.19,33.28,32.82,33.06,3343800,28.53
"2007-09-27",33.09,33.67,32.9,33.52,2244300,28.93
"2007-09-28",33.32,33.32,32.9,33.11,3603100,28.58
"2007-10-01",33.37,33.61,32.92,33.05,3444400,28.52
"2007-10-02",32.98,33.55,32.74,33.22,2332900,28.67
"2007-10-03",32.96,33.5,32.8,33.07,2224000,28.54
"2007-10-04",32.89,33.35,32.78,33.08,2266800,28.55
"2007-10-05",33.33,33.43,32.8,33.15,2401700,28.61
"2007-10-08",32.98,33.1,32.63,32.8,2121600,28.31
"2007-10-09",32.87,33.67,32.59,33.4,2637500,28.83
"2007-10-10",33.4,33.6,32.88,33.27,3816600,28.71
"2007-10-11",32.55,33.49,31.85,33,7994900,28.48
"2007-10-12",33.46,35.1,33.44,34.95,5442600,30.16
"2007-10-15",34.9,34.91,33.4,33.83,5424500,29.2
"2007-10-16",33.79,34.5,32.8,32.92,5997300,28.41
"2007-10-17",33.46,33.46,32.01,32.16,6976500,27.76
"2007-10-18",32.03,32.07,31.76,31.87,4604300,27.51
"2007-10-19",31.6,31.8,31.26,31.5,5725600,27.19
"2007-10-22",31.08,31.97,31.06,31.75,3942800,27.4
"2007-10-23",31.81,31.99,31.18,31.6,3916000,27.27
"2007-10-24",31.32,31.78,31,31.4,4248800,27.1
"2007-10-25",31.65,33.14,31.38,32.87,6293400,28.37
"2007-10-26",33.31,33.85,32.7,33.11,3610000,28.58
"2007-10-29",33.36,33.8,32.97,33.17,3191200,28.63
"2007-10-30",32.98,33.44,32.54,32.75,2245800,28.27
"2007-10-31",32.99,34.15,32.89,34,4356000,29.34
"2007-11-01",33.6,33.89,32.58,32.86,4570500,28.36
"2007-11-02",33.04,33.15,32.37,32.96,3393900,28.45
"2007-11-05",33.09,33.33,32.23,32.72,3346100,28.24
"2007-11-06",32.69,33.03,31.8,32.48,3559900,28.03
"2007-11-07",31.9,32,31.34,31.58,4719700,27.26
"2007-11-08",31.73,31.77,30.4,31.45,5899500,27.14
"2007-11-09",31.1,31.51,30.57,30.71,4308400,26.51
"2007-11-12",30.85,31.46,30.57,30.72,4511700,26.51
"2007-11-13",31,31.97,30.55,31.89,3699200,27.52
"2007-11-14",32.15,32.61,31.82,32.01,3871500,27.63
"2007-11-15",31.82,33.5,31.7,32.56,6175400,28.1
"2007-11-16",32.79,32.88,31.8,32.53,4608800,28.08
"2007-11-19",32.26,32.53,31.66,32.31,4759700,27.89
"2007-11-20",32.82,33.98,32.82,33.55,6677200,28.96
"2007-11-21",33.34,33.93,33.12,33.53,3755300,28.94
"2007-11-23",33.68,34,33.46,33.69,1543500,29.08
"2007-11-26",33.62,33.95,33.33,33.52,3306900,28.93
"2007-11-27",33.63,33.98,33.41,33.88,4221400,29.24
"2007-11-28",34.07,34.5,33.54,34.01,5526200,29.35
"2007-11-29",33.97,34.88,33.53,34.41,4161400,29.7
"2007-11-30",34.75,35.38,34.63,34.8,3821500,30.04
"2007-12-03",34.75,35.32,34.36,34.47,3437200,29.75
"2007-12-04",34.33,35.04,34.19,34.43,2874500,29.72
"2007-12-05",34.68,35.12,34.54,34.71,3690600,29.96
"2007-12-06",34.7,35.09,34.21,34.9,3201700,30.12
"2007-12-07",34.89,35.55,34.36,35.05,4161200,30.25
"2007-12-10",35.08,35.58,35.07,35.48,2538500,30.62
"2007-12-11",35.5,35.5,34.07,34.19,4766700,29.51
"2007-12-12",35.03,35.31,34.07,34.44,4632200,29.72
"2007-12-13",34.2,35.85,34.2,35.5,5322100,30.64
"2007-12-14",35.89,35.99,34.98,35.06,4333100,30.26
"2007-12-17",34.84,35.9,34.84,35.26,4166400,30.43
"2007-12-18",35.58,35.63,34.87,35.18,3269300,30.36
"2007-12-19",35.4,35.4,34.84,35,2986700,30.21
"2007-12-20",35.16,35.5,34.75,35.25,3534600,30.42
"2007-12-21",36,36,34.91,35.39,4658100,30.54
"2007-12-24",35.64,35.92,35.47,35.75,1016100,30.92
"2007-12-26",35.55,35.7,35.25,35.49,2993700,30.69
"2007-12-27",35.43,35.57,35.05,35.15,2778900,30.4
"2007-12-28",35.58,35.77,34.76,34.95,2526100,30.22
"2007-12-31",34.91,35.1,34.11,34.21,2773700,29.58
"2008-01-02",34.21,34.36,33.27,33.52,5245800,28.99
"2008-01-03",33.54,33.59,32.73,32.9,4229000,28.45
"2008-01-04",32.69,33.82,31.96,33.03,5041300,28.56
"2008-01-07",33.03,33.5,32.61,33.3,4214600,28.8
"2008-01-08",33.36,33.68,32.28,32.37,6247600,27.99
"2008-01-09",32.63,33.27,32.05,33.18,5847300,28.69
"2008-01-10",33,34.5,32.78,34.14,4956200,29.52
"2008-01-11",33.89,34.41,33.16,33.54,3566600,29
"2008-01-14",33.62,33.62,32.4,32.88,2883000,28.43
"2008-01-15",32.71,32.93,31.97,32.36,4207700,27.98
"2008-01-16",32.16,34.68,32.16,34.09,8394600,29.48
"2008-01-17",34.12,34.87,32.81,32.94,5388000,28.49
"2008-01-18",33.22,34.31,31.7,31.91,4896600,27.59
"2008-01-22",31.7,32.38,30.77,31.76,4682800,27.47
"2008-01-23",30.77,32.77,30.38,32.44,4546700,28.05
"2008-01-24",32.55,32.55,31.24,31.71,4407300,27.42
"2008-01-25",31.85,32.21,30.73,31.09,2901500,26.89
"2008-01-28",31.07,31.86,31.06,31.48,3313800,27.22
"2008-01-29",31.55,31.72,31.11,31.48,2775300,27.22
"2008-01-30",31.36,31.74,31,31.08,4512600,26.88
"2008-01-31",30.76,31.51,30.51,30.99,5879400,26.8
"2008-02-01",31.27,31.7,31.01,31.55,6066200,27.28
"2008-02-04",31.51,31.65,31.15,31.55,4644400,27.28
"2008-02-05",31.16,31.42,30.79,30.95,3055300,26.76
"2008-02-06",31.1,31.97,30.98,31.07,2564500,26.87
"2008-02-07",30.97,31.52,30.57,31.16,3099500,26.95
"2008-02-08",30.92,31.53,30.74,31.37,4717000,27.13
"2008-02-11",31.2,31.57,30.99,31.52,3267900,27.26
"2008-02-12",31.7,31.75,31.22,31.53,5754700,27.27
"2008-02-13",31.77,31.95,31.51,31.57,7278500,27.3
"2008-02-14",31.82,31.86,31.14,31.3,10215400,27.07
"2008-02-15",31.74,32,31.2,31.99,7108800,27.66
"2008-02-19",32.29,32.5,31.56,31.7,4581300,27.41
"2008-02-20",31.49,32.2,31.36,31.94,6698000,27.62
"2008-02-21",32.19,32.19,28.8,29.66,16583300,25.65
"2008-02-22",29.47,30.1,29.03,29.75,6732000,25.73
"2008-02-25",29.82,30.03,29.52,29.94,6607400,25.89
"2008-02-26",29.94,30.44,29.89,30.29,3904000,26.19
"2008-02-27",30.25,30.3,29.54,29.6,5328800,25.6
"2008-02-28",29.45,29.73,29.3,29.42,4281000,25.44
"2008-02-29",29.4,29.4,28.63,28.74,5949000,24.85
"2008-03-03",28.72,28.75,28.38,28.45,5697400,24.6
"2008-03-04",28.37,30.1,28.09,29.7,9469800,25.68
"2008-03-05",29.7,29.75,28.87,29.37,5016300,25.4
"2008-03-06",29.3,29.33,28.8,28.81,3590700,24.91
"2008-03-07",28.64,29.41,28.24,28.98,4385500,25.06
"2008-03-10",29.06,29.27,28.68,28.78,3339000,24.89
"2008-03-11",29.37,29.69,28.79,29.63,3596300,25.62
"2008-03-12",29.82,30.21,29.51,29.73,2461300,25.71
"2008-03-13",29.27,29.67,29.01,29.54,4171900,25.55
"2008-03-14",29.69,30,28.64,29.06,5436700,25.13
"2008-03-17",28.43,28.71,27.79,28.27,5164600,24.45
"2008-03-18",28.86,29.23,28.56,29.17,3782800,25.23
"2008-03-19",29.25,29.5,28.76,28.78,3371100,24.89
"2008-03-20",28.78,29.08,28.57,28.98,5154900,25.06
"2008-03-24",29.04,29.09,28.71,28.97,3578200,25.05
"2008-03-25",28.87,29.06,28.48,28.7,3849200,24.88
"2008-03-26",28.48,29.06,28.45,28.71,4094000,24.89
"2008-03-27",28.77,29.03,28.47,28.56,4477000,24.76
"2008-03-28",28.66,28.73,28.27,28.33,3138900,24.56
"2008-03-31",28.37,29.38,28.35,29.35,5333000,25.44
"2008-04-01",29.75,30.14,29.6,29.89,5722700,25.91
"2008-04-02",29.98,30.04,29.2,29.38,3739600,25.47
"2008-04-03",29.26,29.6,28.97,29.14,2386900,25.26
"2008-04-04",29.13,29.23,28.71,28.93,2208800,25.08
"2008-04-07",29.12,29.12,28.74,28.79,2709900,24.96
"2008-04-08",28.8,28.96,27.9,28.69,2735400,24.87
"2008-04-09",28.59,28.81,28,28.64,3976600,24.83
"2008-04-10",28.69,29.19,28.45,28.9,3376700,25.05
"2008-04-11",28.55,29.05,28.2,28.3,2316900,24.53
"2008-04-14",28.21,28.38,27.84,27.9,2808000,24.18
"2008-04-15",28.02,28.18,27.75,28.09,3525900,24.35
"2008-04-16",28.05,28.05,25.75,26.71,14221700,23.15
"2008-04-17",26.69,27.96,26.65,27.83,5522200,24.12
"2008-04-18",28,28.4,27.5,28.31,4267700,24.54
"2008-04-21",28.23,28.36,27.64,28.02,4421500,24.29
"2008-04-22",27.9,27.9,26.97,27.25,4328600,23.62
"2008-04-23",27.31,28.49,27.06,28.09,5263100,24.35
"2008-04-24",28.4,29.88,28.25,29.23,8697600,25.34
"2008-04-25",29.56,30,28.64,29.04,4800400,25.17
"2008-04-28",28.86,30.1,28.86,29.9,5138800,25.92
"2008-04-29",29.72,31.85,29.72,31.64,7895200,27.43
"2008-04-30",31.62,32.07,31.24,31.6,5892400,27.39
"2008-05-01",31.44,31.97,31,31.82,5722000,27.58
"2008-05-02",31.92,32.14,31.14,31.43,3760700,27.24
"2008-05-05",31.18,31.76,31.05,31.43,3085900,27.24
"2008-05-06",31.26,31.43,30.3,31.05,3922500,26.92
"2008-05-07",31.05,31.58,31.05,31.1,2885200,26.96
"2008-05-08",31.22,31.6,30.83,31.28,2197100,27.11
"2008-05-09",31,31.19,30.29,30.65,3513300,26.57
"2008-05-12",30.78,31.32,30.63,31.2,3638600,27.05
"2008-05-13",31.32,31.57,30.91,31.17,2642700,27.02
"2008-05-14",32,32.62,31.17,32.29,5315600,27.99
"2008-05-15",32.25,32.25,31.54,32.14,3665500,27.86
"2008-05-16",31.26,31.83,30.78,31.22,5352900,27.06
"2008-05-19",31.17,31.76,31.08,31.3,2884900,27.13
"2008-05-20",31.03,31.22,30.71,31.04,3388000,26.91
"2008-05-21",31.04,31.56,30.54,30.57,2451400,26.5
"2008-05-22",30.52,30.93,30.29,30.9,2252500,26.79
"2008-05-23",30.75,30.81,30.14,30.53,3078100,26.46
"2008-05-27",30.6,31.5,30.55,31.17,4088700,27.02
"2008-05-28",31.31,31.33,30.75,31.32,2617000,27.15
"2008-05-29",31.16,31.92,31.04,31.67,2591400,27.45
"2008-05-30",31.7,32.01,31.46,31.87,2727500,27.63
"2008-06-02",31.81,31.83,30.63,31.37,4336900,27.19
"2008-06-03",31.53,31.77,31.21,31.43,3558100,27.24
"2008-06-04",31.4,32.03,31.1,31.89,4758400,27.64
"2008-06-05",31.88,32.65,31.75,32.65,3610500,28.3
"2008-06-06",31.96,32.69,31.24,31.43,4104600,27.24
"2008-06-09",31.65,31.69,30.93,31.26,3614700,27.1
"2008-06-10",30.98,31.42,30.87,31.13,2622800,26.98
"2008-06-11",30.54,31.12,27.73,30.37,3340300,26.33
"2008-06-12",30.5,31.39,30.4,30.95,2465300,26.83
"2008-06-13",30.84,31.11,30.34,31.04,3822200,26.91
"2008-06-16",30.74,31.15,30.57,30.8,2939800,26.7
"2008-06-17",31.01,31.01,30.2,30.2,2633600,26.18
"2008-06-18",30.07,30.32,29.69,29.81,3454400,25.84
"2008-06-19",29.63,30.38,29.63,30.25,2447900,26.22
"2008-06-20",29.79,30.12,29.15,29.76,4952600,25.8
"2008-06-23",29.77,29.97,28.64,28.9,3719500,25.05
"2008-06-24",28.85,29.97,28.75,29.65,4858700,25.78
"2008-06-25",29.71,30.78,29.59,30.41,5785700,26.44
"2008-06-26",30.11,30.11,29.44,29.5,3452000,25.65
"2008-06-27",29.65,29.95,29.21,29.38,4237800,25.54
"2008-06-30",28.7,29.2,28.23,28.55,4968600,24.82
"2008-07-01",28.36,29,28.04,28.92,5715700,25.14
"2008-07-02",28.08,28.88,28.02,28.02,3766700,24.36
"2008-07-03",28.28,29.21,28.25,28.74,2936500,24.98
"2008-07-07",28.8,29.44,27.97,28.45,4652800,24.73
"2008-07-08",28.5,29.13,28.45,28.86,5263600,25.09
"2008-07-09",28.95,29.11,28.46,28.55,3727600,24.82
"2008-07-10",28.6,29.75,28.28,29.57,7468400,25.71
"2008-07-11",29.19,29.47,28.27,29.09,5544200,25.29
"2008-07-14",29.42,29.43,28.19,28.65,3792000,24.91
"2008-07-15",28.37,29.02,28.05,28.9,5805700,25.12
"2008-07-16",28.77,30.09,28.65,30.01,5604200,26.09
"2008-07-17",29.95,29.95,26.23,26.78,13040100,23.28
"2008-07-18",26.79,26.97,25.5,25.62,8051000,22.27
"2008-07-21",25.74,25.96,25.2,25.74,6589400,22.38
"2008-07-22",25.6,26.81,25.6,26.27,6693400,22.84
"2008-07-23",26.21,26.76,25.89,26.63,7033700,23.15
"2008-07-24",26.69,26.69,25.75,25.99,5040500,22.59
"2008-07-25",26.04,26.38,25.61,25.93,6318900,22.54
"2008-07-28",25.92,26.29,25.88,25.92,5063200,22.53
"2008-07-29",26.06,26.96,25.86,26.96,4965000,23.44
"2008-07-30",27.14,27.21,26.41,26.75,4493500,23.25
"2008-07-31",26.75,27.36,26.49,26.72,5207700,23.23
"2008-08-01",26.84,27.06,26.33,26.82,4691400,23.32
"2008-08-04",26.7,27.16,26.42,27.06,3497400,23.52
"2008-08-05",26.87,28.57,26.87,28.47,5018700,24.75
"2008-08-06",28.43,28.57,27.6,27.88,5806300,24.24
"2008-08-07",27.48,28.04,26.51,27.45,6023500,23.86
"2008-08-08",27.45,28.09,27.21,27.77,5672600,24.14
"2008-08-11",27.78,28.26,27.64,28.08,4428100,24.41
"2008-08-12",28.05,28.62,27.82,28.23,5469900,24.54
"2008-08-13",27.8,28.57,27.66,27.94,4965300,24.29
"2008-08-14",27.69,28.63,27.67,28.42,3049400,24.71
"2008-08-15",28.46,28.95,27.63,27.93,4537600,24.28
"2008-08-18",28.06,28.06,26.99,27.12,2901900,23.58
"2008-08-19",27.67,28,26.82,26.94,4008100,23.42
"2008-08-20",27.05,27.05,26.38,26.52,2621000,23.05
"2008-08-21",26.28,26.28,25.54,25.67,4197400,22.32
"2008-08-22",25.75,26,25.35,25.72,3784000,22.36
"2008-08-25",25.65,25.88,25.24,25.42,4146100,22.1
"2008-08-26",25.43,26.21,25.14,26.09,5625300,22.68
"2008-08-27",26.09,26.27,25.58,25.94,6473100,22.55
"2008-08-28",26.11,26.62,26.05,26.3,4478100,22.86
"2008-08-29",26.11,26.55,26,26.34,2847400,22.9
"2008-09-02",26.69,27.12,26.52,26.64,6953000,23.16
"2008-09-03",26.5,27.29,26.44,27.2,5504300,23.65
"2008-09-04",27.42,27.5,26.68,27.2,5348500,23.65
"2008-09-05",26.05,26.24,24.92,26.15,10346700,22.73
"2008-09-08",26.87,27.94,25.96,26.75,7332900,23.25
"2008-09-09",27.01,27.19,26.3,26.37,7092500,22.92
"2008-09-10",26.13,26.59,25.66,26.03,4141600,22.63
"2008-09-11",26.09,26.81,25.94,26.48,4319900,23.02
"2008-09-12",26.26,26.26,25.37,25.48,4898800,22.15
"2008-09-15",24.83,25.39,24.56,24.56,5565700,21.35
"2008-09-16",24.29,24.77,23.47,24.67,9707000,21.45
"2008-09-17",24.26,25.48,23.93,24.13,9622600,20.98
"2008-09-18",24.37,25.73,23.81,25.6,9843200,22.25
"2008-09-19",26.67,27.25,25.13,25.49,6447300,22.16
"2008-09-22",25.23,25.71,24.5,24.7,5478600,21.47
"2008-09-23",24.79,25.6,24.28,24.36,6699400,21.25
"2008-09-24",24.47,24.47,23.68,23.95,5429800,20.89
"2008-09-25",24.15,25.08,23.97,24.47,4745700,21.34
"2008-09-26",24.36,24.8,24,24.72,3979600,21.56
"2008-09-29",24.45,24.78,23.37,23.53,6575600,20.52
"2008-09-30",23.93,24.07,22.63,23.72,6097200,20.69
"2008-10-01",23.37,24.06,23.37,23.97,4423800,20.91
"2008-10-02",23.78,24.46,23.78,23.82,4161300,20.78
"2008-10-03",24.1,24.22,22.3,22.55,6874700,19.67
"2008-10-06",22.38,22.75,20.77,21.77,8111900,18.99
"2008-10-07",22.25,23.75,22.05,22.85,10234600,19.93
"2008-10-08",22.4,25.04,22.4,23.68,9646600,20.66
"2008-10-09",24.03,24.55,22.03,22.28,10618800,19.43
"2008-10-10",21.65,22.47,19.86,20.44,10115200,17.83
"2008-10-13",21.49,22.3,20.13,22.13,4222500,19.3
"2008-10-14",22.94,24,21.85,22.8,7205900,19.89
"2008-10-15",22.4,22.64,20.58,20.77,6239300,18.12
"2008-10-16",20.7,22.63,20.38,22.43,6787800,19.56
"2008-10-17",21.41,23.21,20.91,22.46,6191800,19.59
"2008-10-20",22.85,23.02,22.15,22.97,5286700,20.04
"2008-10-21",22.97,22.98,21.89,22.02,3976600,19.21
"2008-10-22",21.68,21.9,20.68,21.21,5202400,18.5
"2008-10-23",21.34,21.61,20.22,21.53,7314800,18.78
"2008-10-24",20.59,21.39,20.04,20.87,5382200,18.2
"2008-10-27",20.49,21.27,20.05,20.08,4253500,17.52
"2008-10-28",20.48,21.58,19.45,20.49,8606900,17.87
"2008-10-29",20.5,21.62,20.1,20.85,5732200,18.19
"2008-10-30",21.51,21.8,21.12,21.5,4447900,18.75
"2008-10-31",21.33,21.81,21.12,21.27,5927200,18.55
"2008-11-03",21.27,21.41,20.98,21.25,4343100,18.54
"2008-11-04",21.55,22.27,21.19,22.14,4897000,19.31
"2008-11-05",21.61,22.21,21.3,21.6,3983900,18.84
"2008-11-06",21.62,22.44,21.4,22.03,6028100,19.22
"2008-11-07",22.37,22.65,22.03,22.54,4160100,19.66
"2008-11-10",22.89,22.99,21.79,22.09,3715200,19.27
"2008-11-11",22.11,22.29,21.32,21.59,4009000,18.83
"2008-11-12",21.13,21.33,20.36,20.62,5014900,17.99
"2008-11-13",20.6,22.21,20.14,22.19,5979800,19.36
"2008-11-14",21.83,22.25,20.97,20.99,6040300,18.31
"2008-11-17",20.78,21.1,20.31,20.78,3350800,18.13
"2008-11-18",20.71,21.11,20.18,20.75,4635100,18.1
"2008-11-19",20.63,21.3,19.98,20.01,5517800,17.45
"2008-11-20",20,20.12,17.87,17.92,12465900,15.63
"2008-11-21",18.33,18.59,17.19,18.52,8119800,16.15
"2008-11-24",18.73,19.98,18.46,19.75,5165400,17.23
"2008-11-25",20,20.81,19.83,20.66,6064900,18.02
"2008-11-26",20.23,21.63,20.18,21.46,4650500,18.72
"2008-11-28",21.5,22.36,21.24,21.8,1459500,19.02
"2008-12-01",21.43,21.67,20.71,20.89,3960100,18.22
"2008-12-02",21.09,21.41,20.33,20.93,4794900,18.26
"2008-12-03",20.53,21.87,20.48,21.81,5752900,19.02
"2008-12-04",21.74,22.91,21.21,21.43,8016400,18.69
"2008-12-05",23.06,24,22.08,23.7,9666700,20.67
"2008-12-08",24.17,24.32,22.92,23.62,5177800,20.6
"2008-12-09",23.33,23.4,21.86,22.04,5094800,19.22
"2008-12-10",22.05,22.87,22.05,22.79,3584700,19.88
"2008-12-11",22.48,23.42,22.41,22.82,3687300,19.91
"2008-12-12",22.18,22.93,21.73,22.82,3485000,19.91
"2008-12-15",22.95,23.25,22.32,23.13,3872900,20.18
"2008-12-16",23.35,23.78,22.86,23.71,4351700,20.68
"2008-12-17",23.56,23.89,23.09,23.55,3465600,20.54
"2008-12-18",23.66,24.24,22.95,23.31,3992200,20.33
"2008-12-19",23.44,23.88,23.05,23.25,4448300,20.28
"2008-12-22",23.27,23.27,22.41,22.65,3069400,19.83
"2008-12-23",22.75,22.95,22.53,22.66,3023700,19.84
"2008-12-24",22.56,22.73,22.01,22.2,1438700,19.43
"2008-12-26",22.36,22.41,22.06,22.31,1459800,19.53
"2008-12-29",22.2,22.38,22.02,22.3,1683300,19.52
"2008-12-30",22.4,23.32,22.16,23.32,2619900,20.41
"2008-12-31",23.32,23.97,23.18,23.77,2343900,20.81
"2009-01-02",23.99,24.12,23.58,24.05,2059200,21.05
"2009-01-05",23.89,24.25,23.8,24.06,2532900,21.06
"2009-01-06",24.17,24.17,22.57,22.94,4048000,20.08
"2009-01-07",22.86,24.01,22.72,23.53,3450000,20.6
"2009-01-08",23.35,23.59,23.03,23.55,3840300,20.62
"2009-01-09",23.67,23.89,23.11,23.2,2967700,20.31
"2009-01-12",23.24,23.43,22.92,23.14,3467900,20.26
"2009-01-13",23.17,23.56,22.86,23.02,3789700,20.15
"2009-01-14",22.99,23.14,22.55,22.87,4236100,20.02
"2009-01-15",22.75,22.98,22.29,22.85,3140000,20
"2009-01-16",23.02,23.67,23,23.51,3216200,20.58
"2009-01-20",23.14,23.81,22.83,22.9,2847600,20.05
"2009-01-21",23.11,23.47,22.55,23.38,3001100,20.47
"2009-01-22",23.11,23.44,22.64,23.18,2832500,20.29
"2009-01-23",22.85,23.33,22.6,23.11,2356500,20.23
"2009-01-26",23.01,23.82,23.01,23.59,2525100,20.65
"2009-01-27",23.33,23.75,23.12,23.49,1935200,20.56
"2009-01-28",23.72,23.89,23.43,23.61,2349400,20.67
"2009-01-29",23.47,23.58,22.84,22.95,1969700,20.09
"2009-01-30",22.78,23.21,21.29,21.43,5157100,18.76
"2009-02-02",21.19,21.87,21.01,21.47,3410000,18.79
"2009-02-03",21.53,21.84,21.04,21.67,2889000,18.97
"2009-02-04",21.75,21.75,20.75,20.85,4546800,18.25
"2009-02-05",20.7,21,20.41,20.71,4561600,18.13
"2009-02-06",20.76,21.51,20.67,21.31,3678800,18.65
"2009-02-09",21.28,22.03,21.07,21.91,3332900,19.18
"2009-02-10",20.87,21.91,20.17,20.5,7465300,17.95
"2009-02-11",20.47,20.94,20.41,20.77,3603900,18.18
"2009-02-12",20.52,20.74,20.13,20.69,3436900,18.11
"2009-02-13",20.52,21.16,20.48,20.75,3161900,18.16
"2009-02-17",20.17,20.37,19.76,19.91,5366100,17.43
"2009-02-18",19.98,20.29,19.58,20.05,4140600,17.55
"2009-02-19",20.4,20.67,20.05,20.34,3999400,17.81
"2009-02-20",20.19,21.21,20.03,20.9,6497000,18.3
"2009-02-23",20.9,21.21,20.03,20.09,4431100,17.59
"2009-02-24",20.08,20.66,19.65,20.51,4507800,17.95
"2009-02-25",20.47,21.52,20.39,21.12,6162400,18.49
"2009-02-26",19.83,19.84,18.18,18.37,14185900,16.08
"2009-02-27",18.15,18.89,17.95,18.5,8767600,16.19
"2009-03-02",18.28,18.65,18.12,18.28,5686300,16
"2009-03-03",18.33,18.89,17.94,18,6899600,15.76
"2009-03-04",18.18,18.68,17.84,18.34,5265500,16.05
"2009-03-05",18.27,18.42,17.64,17.84,4134600,15.62
"2009-03-06",17.98,18.11,17.38,17.53,7606300,15.35
"2009-03-09",17.42,17.66,17.19,17.24,5948600,15.09
"2009-03-10",17.54,18.6,17.54,18.29,6265000,16.01
"2009-03-11",18.43,18.78,18.04,18.39,4746500,16.1
"2009-03-12",18.35,19.16,18.27,19.07,4372300,16.69
"2009-03-13",19.11,19.34,18.93,19.24,2860900,16.84
"2009-03-16",19.19,19.88,19.19,19.54,4527000,17.11
"2009-03-17",19.51,19.76,19.32,19.75,3453300,17.29
"2009-03-18",19.58,20.05,19.47,19.75,3788500,17.29
"2009-03-19",19.88,19.89,19.4,19.65,4435700,17.2
"2009-03-20",19.65,19.8,19.41,19.55,3985000,17.11
"2009-03-23",19.82,20.59,19.53,20.58,6208400,18.02
"2009-03-24",20.35,21.05,20.09,20.53,4216400,18.04
"2009-03-25",20.68,21.08,20.47,20.75,2876700,18.24
"2009-03-26",20.88,21.41,20.78,21.35,3609800,18.77
"2009-03-27",20.99,21.23,20.61,20.73,3524000,18.22
"2009-03-30",20.44,20.55,19.85,20.17,2918100,17.73
"2009-03-31",20.36,20.53,19.8,20.19,3396000,17.75
"2009-04-01",20.1,20.77,19.8,20.66,2588300,18.16
"2009-04-02",20.83,21.35,20.67,20.84,4710000,18.32
"2009-04-03",20.94,21.18,20.78,21.18,2902700,18.62
"2009-04-06",20.87,21.14,20.6,20.71,2778900,18.2
"2009-04-07",20.29,20.41,19.9,20.05,3746600,17.62
"2009-04-08",20.12,20.93,20.1,20.78,3418700,18.26
"2009-04-09",21.09,21.25,19.92,20.2,4358700,17.75
"2009-04-13",20.04,20.31,19.9,20.13,2834200,17.69
"2009-04-14",20.02,20.08,19.59,19.72,4809900,17.33
"2009-04-15",19.94,19.98,19.55,19.96,3045800,17.54
"2009-04-16",20.04,20.6,19.81,20.44,2786300,17.97
"2009-04-17",20.35,20.76,20.22,20.6,4623100,18.11
"2009-04-20",20.39,20.58,20.06,20.18,3477800,17.74
"2009-04-21",20.08,20.65,19.97,20.28,3744500,17.82
"2009-04-22",20.12,21.03,20.03,20.47,4322100,17.99
"2009-04-23",20.45,20.9,19.8,20.07,5584800,17.64
"2009-04-24",20.07,20.53,19.97,20.15,5100500,17.71
"2009-04-27",19.89,20.91,19.86,20.66,4714400,18.16
"2009-04-28",20.45,21,20.43,20.6,4489500,18.11
"2009-04-29",20.76,21.73,20.26,21.28,6086600,18.7
"2009-04-30",19.5,20.28,19.21,19.75,11829600,17.36
"2009-05-01",19.79,19.91,19.04,19.5,6602000,17.14
"2009-05-04",19.87,20.25,19.47,20.13,8051100,17.69
"2009-05-05",20.13,20.37,19.69,20.27,8717900,17.82
"2009-05-06",20.38,20.49,19.75,19.94,6543100,17.53
"2009-05-07",20.02,20.09,19.39,19.63,6331900,17.25
"2009-05-08",19.76,19.98,19.28,19.45,5818500,17.1
"2009-05-11",19.24,19.38,18.98,19.28,7864200,16.95
"2009-05-12",19.31,19.49,19.03,19.2,5656300,16.88
"2009-05-13",19,19.53,19,19.35,6482400,17.01
"2009-05-14",19.36,19.8,19.36,19.58,6023300,17.21
"2009-05-15",19.59,19.8,19.18,19.23,4904000,16.9
"2009-05-18",19.41,19.64,18.98,19.64,5267400,17.26
"2009-05-19",19.45,19.71,19.4,19.52,3435600,17.16
"2009-05-20",19.64,20.05,19.47,19.51,5128200,17.15
"2009-05-21",19.89,20.07,19.58,19.89,8089700,17.48
"2009-05-22",19.93,20.19,19.78,20.04,5548300,17.61
"2009-05-26",19.93,20.19,19.8,19.97,7192300,17.55
"2009-05-27",19.99,20.22,19.61,19.64,4859200,17.26
"2009-05-28",19.81,20.14,19.35,20.08,7013100,17.65
"2009-05-29",20.16,20.26,19.94,20.26,5085800,17.81
"2009-06-01",20.28,21.24,20.26,21.09,6182100,18.54
"2009-06-02",21.02,21.31,20.62,20.8,5548400,18.28
"2009-06-03",20.63,21,20.46,20.64,3364900,18.14
"2009-06-04",20.7,20.84,20.33,20.73,3376300,18.22
"2009-06-05",20.91,20.95,20.39,20.6,4215700,18.11
"2009-06-08",20.5,20.58,20.09,20.44,3868600,17.97
"2009-06-09",21.05,21.42,20.75,21.26,7770600,18.69
"2009-06-10",21.28,21.35,20.79,21.05,4627100,18.5
"2009-06-11",21.05,21.26,20.88,20.98,3577900,18.44
"2009-06-12",20.8,21.28,20.8,21.26,3925100,18.69
"2009-06-15",21.16,21.23,20.49,20.55,4652800,18.06
"2009-06-16",20.64,20.91,20.21,20.67,4583900,18.17
"2009-06-17",20.62,20.85,20.4,20.53,4715000,18.04
"2009-06-18",20.59,21.06,20.46,21.02,3149700,18.48
"2009-06-19",21.2,21.25,20.71,20.93,4763700,18.4
"2009-06-22",20.77,21.15,20.71,20.83,3792300,18.31
"2009-06-23",20.84,21.11,20.64,20.91,6360400,18.47
"2009-06-24",20.72,21.03,20.16,20.91,11890100,18.47
"2009-06-25",20.96,21,20.55,20.79,5224200,18.36
"2009-06-26",20.64,20.8,20.33,20.42,6905700,18.03
"2009-06-29",20.43,20.68,20.15,20.54,5151400,18.14
"2009-06-30",20.51,20.68,20.26,20.37,2891500,17.99
"2009-07-01",20.33,20.51,20.26,20.29,4199300,17.92
"2009-07-02",20.23,20.34,19.52,19.52,4469400,17.24
"2009-07-06",19.4,20.01,19.4,19.85,3980100,17.53
"2009-07-07",19.81,19.96,19.48,19.49,2893500,17.21
"2009-07-08",19.63,19.93,19.35,19.58,6842000,17.29
"2009-07-09",19.69,19.73,19.3,19.45,2416900,17.18
"2009-07-10",19.39,19.69,19.23,19.36,2022100,17.1
"2009-07-13",19.3,19.74,19.2,19.7,2637600,17.4
"2009-07-14",19.71,19.95,19.5,19.79,2796200,17.48
"2009-07-15",19.92,20.16,19.78,20.02,3798800,17.68
"2009-07-16",20,20.14,19.76,20.01,2922900,17.67
"2009-07-17",19.97,20.04,19.63,19.7,3989800,17.4
"2009-07-20",19.69,19.84,19.55,19.8,6297600,17.49
"2009-07-21",19.93,19.95,19.47,19.71,5456000,17.41
"2009-07-22",19.67,20.22,19.59,19.94,7534500,17.61
"2009-07-23",18.19,19.1,17.87,18.35,22248500,16.21
"2009-07-24",18.31,18.73,18.24,18.64,7147600,16.46
"2009-07-27",18.6,18.86,18.35,18.72,9108000,16.53
"2009-07-28",18.59,18.98,18.55,18.86,7475700,16.66
"2009-07-29",18.8,19.08,18.75,18.89,6374000,16.68
"2009-07-30",19,19.31,18.92,19.09,5770500,16.86
"2009-07-31",19.09,19.18,18.88,18.93,6126200,16.72
"2009-08-03",19.03,19.11,18.76,19.03,6683700,16.81
"2009-08-04",19.03,19.08,18.61,18.64,7601000,16.46
"2009-08-05",18.69,18.83,18.58,18.61,7577500,16.44
"2009-08-06",18.63,18.74,18.57,18.62,5638700,16.44
"2009-08-07",18.72,18.72,18.48,18.53,5097800,16.37
"2009-08-10",18.45,18.86,18.4,18.84,4275500,16.64
"2009-08-11",18.87,19.2,18.75,19.07,5174800,16.84
"2009-08-12",18.97,19.38,18.92,19.19,5396100,16.95
"2009-08-13",19.07,19.24,18.8,19,6304000,16.78
"2009-08-14",18.98,19,18.35,18.78,7332000,16.59
"2009-08-17",18.67,18.85,18.37,18.8,3573500,16.6
"2009-08-18",18.84,18.9,18.52,18.66,3037100,16.48
"2009-08-19",18.5,18.8,18.5,18.76,2489300,16.57
"2009-08-20",18.8,18.87,18.62,18.85,4553100,16.65
"2009-08-21",18.94,19.38,18.83,19.21,4796400,16.97
"2009-08-24",19.28,19.28,18.86,18.9,5119800,16.69
"2009-08-25",19.04,19.29,18.9,19.25,4951500,17
"2009-08-26",19.25,19.66,19.06,19.52,7176400,17.24
"2009-08-27",19.47,19.63,19.41,19.57,4626100,17.28
"2009-08-28",19.64,19.8,19.45,19.47,6222100,17.2
"2009-08-31",19.43,19.44,18.96,19.05,6163900,16.82
"2009-09-01",18.97,19.18,18.94,18.98,10001900,16.76
"2009-09-02",19.07,19.17,18.75,19.06,4499700,16.83
"2009-09-03",19.03,19.2,18.92,19.2,4927400,16.96
"2009-09-04",19.16,19.57,19.08,19.54,3825400,17.26
"2009-09-08",19.59,19.81,19.48,19.57,4886200,17.28
"2009-09-09",19.61,20.12,19.52,19.77,3334900,17.46
"2009-09-10",19.73,19.9,19.51,19.9,4329700,17.58
"2009-09-11",19.95,20.14,19.83,20.01,4557100,17.67
"2009-09-14",19.9,20.29,19.9,20.2,3606800,17.84
"2009-09-15",19.6,19.69,19.28,19.48,9542300,17.2
"2009-09-16",19.56,19.62,19.25,19.3,10437300,17.05
"2009-09-17",19.3,19.36,19.17,19.2,7792900,16.96
"2009-09-18",19.16,19.66,19.15,19.51,8341800,17.23
"2009-09-21",19.51,19.62,19.35,19.41,4490200,17.14
"2009-09-22",19.4,19.56,19.17,19.47,4519500,17.28
"2009-09-23",19.46,19.49,19.17,19.19,4071500,17.04
"2009-09-24",19.23,19.36,19.19,19.2,4171000,17.04
"2009-09-25",19.21,19.67,19.21,19.49,5546400,17.3
"2009-09-28",19.51,19.85,19.51,19.76,4393900,17.54
"2009-09-29",19.78,19.91,19.57,19.81,4590500,17.59
"2009-09-30",19.73,19.78,19.5,19.72,5560200,17.51
"2009-10-01",19.7,19.72,19.4,19.53,5714200,17.34
"2009-10-02",19.52,19.84,19.28,19.77,6158200,17.55
"2009-10-05",19.82,19.95,19.72,19.9,5190500,17.67
"2009-10-06",19.89,20.35,19.81,20.32,5476700,18.04
"2009-10-07",20.25,20.57,20.2,20.56,3971200,18.25
"2009-10-08",20.69,20.99,20.57,20.85,5247500,18.51
"2009-10-09",21,21.32,20.57,21.32,8937700,18.93
"2009-10-12",21.34,21.54,21.17,21.3,6216600,18.91
"2009-10-13",21.22,21.22,20.77,20.99,5726500,18.63
"2009-10-14",21.05,21.48,20.88,21.43,7350900,19.02
"2009-10-15",21.92,23.25,21.59,22.83,19157900,20.27
"2009-10-16",22.93,23.51,22.75,23.31,10013800,20.69
"2009-10-19",23.48,23.53,23.06,23.39,7513900,20.76
"2009-10-20",23.5,23.5,22.86,23.21,7369100,20.6
"2009-10-21",23.14,23.32,22.22,22.25,10136800,19.75
"2009-10-22",22.28,22.81,21.99,22.77,6163400,20.21
"2009-10-23",22.6,22.86,22.37,22.4,5736900,19.89
"2009-10-26",22.48,22.96,22.27,22.64,5740100,20.1
"2009-10-27",22.62,22.81,22.45,22.52,5552300,19.99
"2009-10-28",22.54,22.78,22.32,22.32,5111600,19.81
"2009-10-29",22.57,22.8,22.23,22.76,4415500,20.21
"2009-10-30",22.7,22.88,22.02,22.33,8276900,19.82
"2009-11-02",22.42,22.71,22.23,22.46,5636100,19.94
"2009-11-03",22.22,22.67,22.18,22.59,5108700,20.05
"2009-11-04",22.63,22.83,22.35,22.35,5373400,19.84
"2009-11-05",22.34,22.75,22.32,22.68,6240700,20.13
"2009-11-06",22.48,22.89,22.41,22.84,4635100,20.28
"2009-11-09",22.97,23.38,22.91,23.3,5600300,20.68
"2009-11-10",23.25,23.47,23.12,23.22,4462000,20.61
"2009-11-11",23.32,23.4,23.14,23.34,3363400,20.72
"2009-11-12",23.29,23.44,22.97,23.01,3809300,20.43
"2009-11-13",23.09,23.34,23.02,23.2,4087100,20.6
"2009-11-16",23.32,23.63,23.18,23.25,4803000,20.64
"2009-11-17",23.32,23.42,22.98,23.07,6253100,20.48
"2009-11-18",23.1,23.19,22.73,22.74,5047900,20.19
"2009-11-19",22.73,22.77,22.42,22.5,6114600,19.97
"2009-11-20",22.49,22.83,22.39,22.62,5326400,20.08
"2009-11-23",22.89,22.94,22.71,22.78,5717600,20.22
"2009-11-24",22.76,22.79,22.49,22.58,5002600,20.05
"2009-11-25",22.58,22.77,22.5,22.69,5913000,20.14
"2009-11-27",22.34,22.52,22.2,22.44,1597500,19.92
"2009-11-30",22.82,22.82,22.43,22.5,4362600,19.97
"2009-12-01",22.56,22.8,22.56,22.75,4628200,20.2
"2009-12-02",22.77,22.83,22.42,22.47,4563700,19.95
"2009-12-03",22.41,22.51,22,22.01,5091800,19.54
"2009-12-04",22.23,22.46,22,22.3,5406200,19.8
"2009-12-07",22.22,22.58,22.22,22.43,4525900,19.91
"2009-12-08",21.15,21.37,20.5,20.91,11551500,18.56
"2009-12-09",20.82,21.16,20.63,21.16,7578600,18.78
"2009-12-10",21.15,21.41,21.15,21.4,5854600,19
"2009-12-11",21.65,21.85,21.51,21.73,4978800,19.29
"2009-12-14",21.78,21.95,21.55,21.67,3600800,19.24
"2009-12-15",21.66,21.66,21.2,21.31,4127100,18.92
"2009-12-16",21.51,21.64,21.38,21.43,4591900,19.02
"2009-12-17",21.41,21.48,21.11,21.12,4131100,18.75
"2009-12-18",21.28,21.28,20.72,20.89,6410400,18.55
"2009-12-21",21.09,21.43,20.92,21.16,4291900,18.78
"2009-12-22",21.12,21.47,21.08,21.35,3929000,19.04
"2009-12-23",21.34,21.51,21.31,21.31,2283100,19.01
"2009-12-24",21.3,21.59,21.27,21.59,1691400,19.26
"2009-12-28",21.58,21.61,21.48,21.59,2082400,19.26
"2009-12-29",21.62,21.7,21.42,21.45,2335700,19.13
"2009-12-30",21.44,21.56,21.4,21.55,1878600,19.22
"2009-12-31",21.54,21.63,21.29,21.29,1364300,18.99
"2010-01-04",21.4,21.59,21.26,21.48,2819200,19.16
"2010-01-05",21.48,21.52,21.26,21.3,3224400,19
"2010-01-06",21.17,21.37,20.91,21.32,3528000,19.02
"2010-01-07",21.26,21.44,20.96,21.07,5389700,18.79
"2010-01-08",21.01,21.15,20.92,21.13,2792500,18.85
"2010-01-11",21.28,21.35,21.15,21.3,2836800,19
"2010-01-12",21.35,21.68,21.31,21.58,4421200,19.25
"2010-01-13",21.7,21.74,21.51,21.65,3361200,19.31
"2010-01-14",21.65,21.69,21.34,21.41,3740600,19.1
"2010-01-15",21.27,21.39,21.14,21.31,2958500,19.01
"2010-01-19",21.3,21.88,21.17,21.88,4302600,19.52
"2010-01-20",21.81,23.23,21.68,23.07,11439200,20.58
"2010-01-21",22.85,23.22,22.7,22.71,7914500,20.26
"2010-01-22",22.63,23.05,22.52,22.74,6415100,20.28
"2010-01-25",22.96,22.96,22.48,22.6,5222200,20.16
"2010-01-26",22.54,22.61,22.25,22.3,3901100,19.89
"2010-01-27",22.15,22.37,22.1,22.37,5435500,19.95
"2010-01-28",22.32,22.76,22.3,22.65,5322600,20.2
"2010-01-29",22.71,22.88,22.45,22.45,5321800,20.02
"2010-02-01",22.65,22.95,22.44,22.63,4666700,20.19
"2010-02-02",22.61,22.9,22.6,22.78,3638500,20.32
"2010-02-03",22.74,22.85,22.57,22.65,3511300,20.2
"2010-02-04",22.65,22.82,22.02,22.06,5455900,19.68
"2010-02-05",21.91,22.32,21.81,22.05,4262600,19.67
"2010-02-08",21.96,22.14,21.91,21.98,2786200,19.61
"2010-02-09",22.09,22.33,22.02,22.23,4200100,19.83
"2010-02-10",22.2,22.37,22.18,22.26,3316400,19.86
"2010-02-11",22.19,22.66,22.1,22.64,3403100,20.19
"2010-02-12",22.5,22.6,22.21,22.41,4038400,19.99
"2010-02-16",22.58,22.77,22.41,22.77,1801000,20.31
"2010-02-17",22.94,23.38,22.88,23.2,4379700,20.69
"2010-02-18",23,23.48,22.91,23.45,2603800,20.92
"2010-02-19",23.36,23.9,23.24,23.79,6770500,21.22
"2010-02-22",23.76,23.94,23.69,23.79,3629700,21.22
"2010-02-23",23.7,23.7,23.19,23.38,5671900,20.85
"2010-02-24",23.37,23.56,23.12,23.5,5745500,20.96
"2010-02-25",22.4,24.83,22.4,24.73,16764600,22.06
"2010-02-26",24.53,25.37,24.2,24.92,9822100,22.23
"2010-03-01",25.01,25.23,24.81,24.99,6033400,22.29
"2010-03-02",24.96,25.2,24.62,24.88,7593600,22.19
"2010-03-03",23.84,24.88,23.84,24.46,11142900,21.82
"2010-03-04",24.58,24.71,24.31,24.62,3156900,21.96
"2010-03-05",24.63,24.68,24.36,24.67,5683200,22
"2010-03-08",24.53,24.87,24.53,24.73,4931800,22.06
"2010-03-09",24.51,25.07,24.41,24.54,6255400,21.89
"2010-03-10",24.48,24.68,24.32,24.48,6627400,21.84
"2010-03-11",24.52,24.56,24.31,24.5,5092500,21.85
"2010-03-12",24.68,25.03,24.53,24.83,7688900,22.15
"2010-03-15",24.79,24.95,24.58,24.89,4258000,22.2
"2010-03-16",24.9,25.07,24.68,25.03,4201500,22.33
"2010-03-17",25.07,25.41,24.89,25.33,3869500,22.59
"2010-03-18",25.07,25.2,24.65,24.65,6543000,21.99
"2010-03-19",24.6,24.8,23.9,24.04,11964800,21.44
"2010-03-22",24,24.29,23.9,24.29,5902400,21.67
"2010-03-23",24.25,24.48,24.07,24.45,3528600,21.9
"2010-03-24",24.44,24.45,24.17,24.26,3487600,21.73
"2010-03-25",24.41,24.65,24.28,24.37,4639500,21.83
"2010-03-26",24.39,24.49,24.26,24.44,5128000,21.89
"2010-03-29",24.51,24.92,24.44,24.84,6122500,22.25
"2010-03-30",24.92,25.14,24.64,24.88,6106600,22.28
"2010-03-31",24.88,24.96,24.7,24.86,6653100,22.27
"2010-04-01",25,25.34,24.93,25.34,4093300,22.7
"2010-04-05",25.47,25.67,25.27,25.58,4534800,22.91
"2010-04-06",25.47,25.53,25.27,25.5,3931900,22.84
"2010-04-07",25.44,25.66,25.36,25.51,5291200,22.85
"2010-04-08",25.4,25.57,25.02,25.43,4444400,22.78
"2010-04-09",25.38,25.71,25.33,25.51,5382000,22.85
"2010-04-12",25.61,25.75,25.53,25.69,4134400,23.01
"2010-04-13",25.69,26.04,25.58,26.01,3442000,23.3
"2010-04-14",26.02,26.36,25.9,26.34,6948200,23.59
"2010-04-15",26.27,26.45,26.12,26.43,6319000,23.67
"2010-04-16",26.3,26.53,26.21,26.34,6258300,23.59
"2010-04-19",25.75,26.31,25.75,26.22,6187600,23.48
"2010-04-20",26.06,26.5,25.97,26.49,6799000,23.73
"2010-04-21",26.55,26.85,26.55,26.8,7998500,24
"2010-04-22",26.69,27.04,26.49,26.94,6968100,24.13
"2010-04-23",26.92,26.98,26.45,26.77,6214100,23.98
"2010-04-26",26.76,26.91,26.51,26.6,4463300,23.82
"2010-04-27",26.39,26.39,25.22,25.24,14558300,22.61
"2010-04-28",25.26,25.6,25.26,25.43,8088100,22.78
"2010-04-29",25.54,25.54,23.88,23.91,14929300,21.41
"2010-04-30",24,24.13,23.54,23.6,10075400,21.14
"2010-05-03",23.7,24.15,23.67,23.97,7822200,21.47
"2010-05-04",23.79,24.08,23.6,23.96,9828400,21.46
"2010-05-05",23.83,24.43,23.83,24.29,8359900,21.76
"2010-05-06",24.21,24.29,22.59,23.61,10181700,21.15
"2010-05-07",23.56,24.22,23.16,23.3,11080100,20.87
"2010-05-10",24.16,24.18,23.73,23.88,9898600,21.39
"2010-05-11",23.76,24.33,23.76,24,5283800,21.5
"2010-05-12",24.02,24.22,23.9,24.17,3688400,21.65
"2010-05-13",24.07,24.54,23.71,23.76,7692300,21.28
"2010-05-14",23.74,23.94,23.2,23.34,9111600,20.9
"2010-05-17",23.33,23.71,23.07,23.66,6567100,21.19
"2010-05-18",23.88,24.3,23.51,23.58,7116600,21.12
"2010-05-19",23.45,23.84,23.34,23.69,5337500,21.22
"2010-05-20",23.2,23.35,22.55,22.63,7296400,20.27
"2010-05-21",22.27,22.94,22.25,22.78,6231100,20.4
"2010-05-24",22.69,22.73,22.38,22.39,3632000,20.05
"2010-05-25",21.89,22.36,21.82,22.32,7727200,19.99
"2010-05-26",22.4,22.49,21.74,21.86,9215600,19.58
"2010-05-27",22.1,22.32,21.96,22.22,3897400,19.9
"2010-05-28",22.2,22.6,22.06,22.14,4930300,19.83
"2010-06-01",21.99,22.32,21.91,22.14,6591500,19.83
"2010-06-02",22.16,22.46,22.15,22.25,6219200,19.93
"2010-06-03",22.43,22.64,22.01,22.19,3886300,19.87
"2010-06-04",21.83,22.03,21.22,21.3,6935500,19.08
"2010-06-07",21.28,21.54,21.17,21.17,6329400,18.96
"2010-06-08",21.15,21.2,20.6,20.9,12577100,18.72
"2010-06-09",21.01,21.16,20.53,20.62,8394300,18.47
"2010-06-10",21.01,21.17,20.75,20.9,6259800,18.72
"2010-06-11",20.77,20.97,20.63,20.84,6796300,18.67
"2010-06-14",20.98,21.17,20.93,20.95,5262100,18.76
"2010-06-15",21.14,21.38,20.97,21.34,4516100,19.11
"2010-06-16",21.18,21.28,21.01,21.28,4626200,19.06
"2010-06-17",21.93,22,21.38,21.65,6840800,19.39
"2010-06-18",21.43,21.54,20.75,20.83,7844900,18.66
"2010-06-21",20.96,21,20.34,20.37,6854000,18.24
"2010-06-22",20.3,20.65,20.23,20.3,7170500,18.29
"2010-06-23",20.25,20.44,20.07,20.27,6146800,18.26
"2010-06-24",20.16,20.25,19.87,19.9,5060400,17.93
"2010-06-25",19.96,20.1,19.78,19.86,6482500,17.89
"2010-06-28",19.94,20.08,19.72,19.91,4478400,17.94
"2010-06-29",19.7,19.8,19.51,19.6,6448600,17.66
"2010-06-30",19.5,19.87,19.43,19.66,7157000,17.71
"2010-07-01",19.68,20.09,19.38,19.8,8027600,17.84
"2010-07-02",19.83,19.88,19.47,19.6,4888000,17.66
"2010-07-06",19.85,19.9,19.09,19.26,6884800,17.35
"2010-07-07",19.34,19.8,19.27,19.77,5369700,17.81
"2010-07-08",19.87,19.89,19.4,19.73,5749800,17.78
"2010-07-09",19.76,20.05,19.61,20.05,3611200,18.06
"2010-07-12",19.91,20.02,19.6,19.85,3715000,17.88
"2010-07-13",19.94,20.2,19.94,20.07,5704000,18.08
"2010-07-14",20,20.24,19.9,20.15,3795400,18.15
"2010-07-15",20.16,20.31,20,20.21,5854600,18.21
"2010-07-16",20.17,20.22,19.8,19.83,5122000,17.87
"2010-07-19",20.06,20.06,19.79,19.95,3829900,17.97
"2010-07-20",19.92,20.5,19.82,20.48,7395200,18.45
"2010-07-21",20.5,20.5,20.04,20.22,6342600,18.22
"2010-07-22",19.75,20.05,19.28,19.68,17797500,17.73
"2010-07-23",19.61,19.71,19.19,19.56,8994200,17.62
"2010-07-26",19.47,20.09,19.47,20.07,6552600,18.08
"2010-07-27",20.31,20.35,19.5,20.25,7064400,18.24
"2010-07-28",20.19,20.39,20.07,20.1,4950200,18.11
"2010-07-29",20.14,20.55,20.04,20.45,7006900,18.42
"2010-07-30",20.24,20.61,20.24,20.54,5138400,18.51
"2010-08-02",20.76,21.16,20.68,21.05,8614600,18.97
"2010-08-03",20.92,21.06,20.53,20.96,6274800,18.88
"2010-08-04",20.94,20.94,20.53,20.85,6141000,18.78
"2010-08-05",20.74,21.46,20.74,21.3,7104500,19.19
"2010-08-06",21.16,21.32,20.9,21.31,5674100,19.2
"2010-08-09",21.3,21.79,21.28,21.73,5422700,19.58
"2010-08-10",21.57,21.91,21.48,21.66,7283900,19.51
"2010-08-11",21.24,21.51,21.18,21.25,4884700,19.15
"2010-08-12",21.06,21.35,20.99,21.19,5971300,19.09
"2010-08-13",21.1,21.22,20.78,21.18,5449200,19.08
"2010-08-16",21.07,21.15,20.85,21.05,2571000,18.97
"2010-08-17",21.17,21.53,21.17,21.44,5054300,19.32
"2010-08-18",21.1,21.1,20.39,20.47,10027400,18.44
"2010-08-19",20.37,20.41,19.91,20.03,6275100,18.05
"2010-08-20",19.87,20.02,19.69,20.01,5846200,18.03
"2010-08-23",20.15,20.29,19.83,19.88,4627200,17.91
"2010-08-24",19.67,19.85,19.55,19.65,6143800,17.7
"2010-08-25",19.62,19.88,19.53,19.8,4033400,17.84
"2010-08-26",19.8,20.1,19.59,19.59,6247700,17.65
"2010-08-27",19.64,19.71,19.32,19.45,4601900,17.52
"2010-08-30",19.5,19.52,19.05,19.05,3854800,17.16
"2010-08-31",18.96,19.1,18.73,18.79,5324800,16.93
"2010-09-01",19.01,19.33,18.96,19.09,5527600,17.2
"2010-09-02",19.14,19.5,19.04,19.39,3823400,17.47
"2010-09-03",19.45,19.72,19.38,19.63,3425200,17.69
"2010-09-07",19.6,19.71,19.38,19.4,2501700,17.48
"2010-09-08",19.44,19.55,19.31,19.47,3131900,17.54
"2010-09-09",19.67,19.94,19.61,19.7,3664700,17.75
"2010-09-10",19.77,19.97,19.74,19.92,2521400,17.95
"2010-09-13",20,20.2,19.89,20.16,4251500,18.16
"2010-09-14",20.32,20.53,20.15,20.21,7177800,18.21
"2010-09-15",20.2,20.45,20.11,20.43,3415200,18.41
"2010-09-16",20.42,20.47,20.25,20.32,4487100,18.31
"2010-09-17",20.35,20.59,20.18,20.35,5885600,18.33
"2010-09-20",20.36,21.02,20.26,20.97,4176100,18.89
"2010-09-21",20.72,20.89,20.5,20.79,3765700,18.84
"2010-09-22",20.76,20.89,20.5,20.82,3948400,18.87
"2010-09-23",20.64,21.12,20.57,20.92,2572200,18.96
"2010-09-24",21.18,21.34,20.94,21.19,2238500,19.2
"2010-09-27",21.1,21.24,20.98,20.98,2068800,19.01
"2010-09-28",20.98,21.02,20.33,20.86,5935400,18.9
"2010-09-29",20.77,21.18,20.63,21.05,3437300,19.07
"2010-09-30",21.19,21.36,21.01,21.16,3430800,19.17
"2010-10-01",21.29,21.34,20.96,21.21,3135100,19.22
"2010-10-04",21.12,21.26,20.81,20.94,2869700,18.97
"2010-10-05",21.12,21.79,21.12,21.3,6009700,19.3
"2010-10-06",21.28,21.58,21.23,21.32,4105100,19.32
"2010-10-07",21.4,21.48,21.16,21.24,2500100,19.25
"2010-10-08",21.23,21.27,20.79,21.19,3518100,19.2
"2010-10-11",21.15,21.27,20.93,20.95,5051900,18.98
"2010-10-12",20.73,20.91,20.64,20.69,7026500,18.75
"2010-10-13",20.82,21.55,20.63,21.32,9552000,19.32
"2010-10-14",21.19,22.26,21.02,21.66,8451900,19.63
"2010-10-15",21.74,22.01,21.59,21.76,5237000,19.72
"2010-10-18",21.8,22.65,21.64,22.44,15280600,20.33
"2010-10-19",22.17,22.23,21.66,21.88,8874300,19.83
"2010-10-20",21.94,22.21,21.78,21.81,4530600,19.76
"2010-10-21",21.94,22,21.55,21.76,6235100,19.72
"2010-10-22",21.82,22.38,21.77,22.29,5204400,20.2
"2010-10-25",22.25,22.57,22.23,22.5,5665300,20.39
"2010-10-26",22.38,22.75,22.17,22.68,6087900,20.55
"2010-10-27",22.54,22.7,22.14,22.64,4822500,20.52
"2010-10-28",22.76,22.76,22.28,22.71,6194600,20.58
"2010-10-29",22.62,22.99,22.53,22.9,6593700,20.75
"2010-11-01",22.94,23,22.62,22.75,3241600,20.61
"2010-11-02",22.92,23.19,22.82,23.02,3454800,20.86
"2010-11-03",23.03,23.39,22.87,23.24,4406600,21.06
"2010-11-04",23.44,23.99,23.44,23.92,6512100,21.67
"2010-11-05",23.81,24,23.56,23.74,3824100,21.51
"2010-11-08",23.47,23.49,23.12,23.34,6290900,21.15
"2010-11-09",23.35,23.4,22.75,22.88,7133600,20.73
"2010-11-10",22.83,23.18,22.75,23.15,5890500,20.98
"2010-11-11",22.9,23.02,22.68,22.85,5660700,20.71
"2010-11-12",22.76,23.15,22.67,23.05,6904200,20.89
"2010-11-15",23.16,23.62,23.1,23.19,3438400,21.01
"2010-11-16",23.15,23.24,22.71,22.79,4555400,20.65
"2010-11-17",22.83,22.93,22.68,22.76,3040200,20.62
"2010-11-18",22.99,23.16,22.76,22.83,3136800,20.69
"2010-11-19",22.85,22.97,22.69,22.76,3153000,20.62
"2010-11-22",22.67,23.02,22.66,22.87,3784600,20.72
"2010-11-23",22.63,22.85,22.51,22.65,2836000,20.52
"2010-11-24",22.77,22.82,22.44,22.71,3315100,20.58
"2010-11-26",22.59,22.88,22.4,22.62,1114200,20.5
"2010-11-29",22.48,22.64,22.23,22.57,2850300,20.45
"2010-11-30",22.36,23.28,22.27,22.99,5243000,20.83
"2010-12-01",23.25,23.67,23.24,23.33,5120600,21.14
"2010-12-02",22.6,22.6,21.83,22.29,9133800,20.2
"2010-12-03",21.84,22,21.5,21.8,5615000,19.75
"2010-12-06",21.64,21.72,21.43,21.46,4875800,19.45
"2010-12-07",21.56,21.64,20.97,21.07,6546600,19.09
"2010-12-08",21.23,21.67,21.17,21.55,5022200,19.53
"2010-12-09",21.55,21.65,21.44,21.53,3473900,19.51
"2010-12-10",21.59,21.59,21.37,21.45,3064200,19.44
"2010-12-13",21.45,21.53,21.13,21.19,4748100,19.2
"2010-12-14",21.11,21.12,20.77,20.93,4629900,18.97
"2010-12-15",20.99,21.22,20.94,21.11,5954400,19.13
"2010-12-16",21.09,21.52,21.05,21.48,6086200,19.46
"2010-12-17",21.44,21.9,21.34,21.56,8996000,19.54
"2010-12-20",21.5,21.79,21.46,21.73,5333700,19.69
"2010-12-21",21.82,22.18,21.68,22.05,6461500,20.09
"2010-12-22",21.99,22.34,21.9,22.24,4917000,20.26
"2010-12-23",22.18,22.35,22.1,22.32,3007700,20.34
"2010-12-27",22.23,22.29,22.04,22.19,1663400,20.22
"2010-12-28",22.21,22.36,22.15,22.24,2449000,20.26
"2010-12-29",22.31,22.49,22.18,22.33,1688000,20.35
"2010-12-30",22.28,22.57,22.26,22.51,1481100,20.51
"2010-12-31",22.47,22.58,22.47,22.49,1339200,20.49
"2011-01-03",22.56,22.63,22.22,22.49,3466400,20.49
"2011-01-04",21.84,21.94,21.3,21.64,7857900,19.72
"2011-01-05",21.59,21.86,21.4,21.46,4816500,19.55
"2011-01-06",21.33,21.46,21.13,21.23,3745900,19.34
"2011-01-07",21.25,21.34,20.98,21.13,3295700,19.25
"2011-01-10",21.27,21.4,21.02,21.16,3110500,19.28
"2011-01-11",20.74,21.01,20.52,20.89,4842800,19.03
"2011-01-12",21.01,21.17,20.76,21.17,3676100,19.29
"2011-01-13",21.18,21.18,20.79,21.14,3377400,19.26
"2011-01-14",21.06,21.16,20.83,21.04,3803700,19.17
"2011-01-18",21.03,21.12,20.8,21.03,2681800,19.16
"2011-01-19",21.03,21.19,20.73,20.75,2085600,18.91
"2011-01-20",20.72,21.23,20.66,21.15,4391700,19.27
"2011-01-21",21.26,21.33,20.93,21.02,3651900,19.15
"2011-01-24",21.04,21.32,20.96,21.1,2569400,19.23
"2011-01-25",21,21.06,20.82,20.98,4456100,19.12
"2011-01-26",20.99,21,20.7,20.74,5057700,18.9
"2011-01-27",20.68,20.79,20.54,20.65,4654900,18.82
"2011-01-28",20.7,20.78,20.44,20.51,5554500,18.69
"2011-01-31",20.59,20.81,20.44,20.69,6419200,18.85
"2011-02-01",20.76,21,20.71,20.91,5548500,19.05
"2011-02-02",20.82,20.86,20.45,20.5,4552800,18.68
"2011-02-03",20.53,21.05,20.5,21.03,8946600,19.16
"2011-02-04",21.09,21.32,20.99,21.02,7327600,19.15
"2011-02-07",21.1,21.13,21,21.04,4941900,19.17
"2011-02-08",21.03,21.24,20.94,21.19,4103000,19.31
"2011-02-09",21.12,21.61,21.01,21.56,10707400,19.64
"2011-02-10",21.48,21.78,21.47,21.6,7078600,19.68
"2011-02-11",21.48,21.68,21.44,21.61,4612600,19.69
"2011-02-14",21.59,21.81,21.51,21.68,5122200,19.75
"2011-02-15",21.63,21.83,21.51,21.78,6069200,19.85
"2011-02-16",21.86,22.27,21.81,22.19,8081800,20.22
"2011-02-17",22.15,22.49,22.03,22.45,8762800,20.46
"2011-02-18",22.37,22.45,22.11,22.39,6191900,20.4
"2011-02-22",22.22,22.54,22.15,22.28,8988600,20.3
"2011-02-23",22.24,22.37,21.8,22.05,10791000,20.09
"2011-02-24",22.08,22.9,21.49,21.62,13240000,19.7
"2011-02-25",21.64,21.78,21.3,21.54,8409100,19.63
"2011-02-28",21.55,21.9,21.45,21.82,8054400,19.88
"2011-03-01",21.91,22.02,21.45,21.47,6931400,19.56
"2011-03-02",21.41,21.86,21.41,21.54,8270000,19.63
"2011-03-03",21.7,21.89,21.56,21.67,6636100,19.75
"2011-03-04",21.62,21.91,21.57,21.83,5577500,19.89
"2011-03-07",21.9,21.92,21.54,21.6,3967500,19.68
"2011-03-08",21.67,21.81,21.4,21.55,5350600,19.64
"2011-03-09",21.49,22.01,21.47,22.01,5219300,20.05
"2011-03-10",21.91,22.69,21.8,22.41,8637600,20.42
"2011-03-11",22.4,22.94,22.14,22.86,8772000,20.83
"2011-03-14",22.73,22.78,22.48,22.72,6261200,20.7
"2011-03-15",22.32,22.76,22.27,22.68,7404000,20.67
"2011-03-16",22.66,22.67,22.08,22.27,6796000,20.29
"2011-03-17",22.47,22.62,22.07,22.15,5134500,20.18
"2011-03-18",22.3,22.43,21.94,22.43,9860300,20.44
"2011-03-21",22.55,22.83,22.38,22.69,5942200,20.67
"2011-03-22",22.49,22.58,22.24,22.34,4657800,20.46
"2011-03-23",22.29,22.43,22.18,22.36,4228900,20.48
"2011-03-24",22.41,22.9,22.41,22.83,5350900,20.91
"2011-03-25",22.83,22.86,22.66,22.69,4551700,20.78
"2011-03-28",22.69,22.75,22.31,22.34,5403600,20.46
"2011-03-29",22.67,23.19,22.6,23.17,6693000,21.22
"2011-03-30",23.2,23.63,23.17,23.56,6215800,21.58
"2011-03-31",23.48,23.61,23.38,23.54,5342200,21.56
"2011-04-01",23.43,23.56,23.35,23.49,4305700,21.52
"2011-04-04",23.5,23.52,23.3,23.43,4263600,21.46
"2011-04-05",23.35,24.02,23.33,23.94,7378500,21.93
"2011-04-06",23.93,23.94,23.73,23.83,6487000,21.83
"2011-04-07",23.77,24.25,23.67,24.11,7791000,22.09
"2011-04-08",23.74,24.02,23.63,23.87,5831300,21.87
"2011-04-11",23.83,24.37,23.73,23.82,6676300,21.82
"2011-04-12",23.68,24.06,23.6,24,6481100,21.98
"2011-04-13",24.06,24.41,23.94,24.05,4699100,22.03
"2011-04-14",24.3,25.04,23.98,24.86,10266700,22.77
"2011-04-15",24.89,24.98,24.65,24.84,5634700,22.75
"2011-04-18",24.7,25.15,24.66,24.98,6828600,22.88
"2011-04-19",24.98,25.12,24.71,24.79,6321100,22.71
"2011-04-20",24.98,24.99,24.55,24.87,4745800,22.78
"2011-04-21",24.9,24.93,24.55,24.64,5491800,22.57
"2011-04-25",24.57,24.94,24.52,24.89,5365000,22.8
"2011-04-26",24.89,25.19,24.81,24.98,3900000,22.88
"2011-04-27",24.75,25.37,24.54,25.28,8069400,23.16
"2011-04-28",25.15,25.25,24.28,24.61,10350600,22.54
"2011-04-29",24.7,24.71,24.13,24.31,6e+06,22.27
"2011-05-02",24.42,24.42,24.08,24.2,5038300,22.17
"2011-05-03",24.08,24.47,24.04,24.08,4047100,22.06
"2011-05-04",24.05,24.17,23.82,23.99,4668900,21.98
"2011-05-05",23.9,24.57,23.89,24.27,4652400,22.23
"2011-05-06",24.43,24.61,24.18,24.25,3736100,22.21
"2011-05-09",24.3,24.53,24.27,24.44,3888900,22.39
"2011-05-10",24.51,24.76,24.46,24.71,2391000,22.63
"2011-05-11",24.57,24.79,24.42,24.49,3003900,22.43
"2011-05-12",24.51,24.94,24.46,24.92,3442600,22.83
"2011-05-13",24.88,25.01,24.72,25,3584000,22.9
"2011-05-16",24.89,25.07,24.8,24.98,3562200,22.88
"2011-05-17",24.86,25.22,24.72,25.2,3864700,23.08
"2011-05-18",25.19,25.36,24.89,25.28,3445900,23.16
"2011-05-19",25.31,25.43,25.11,25.42,3717100,23.29
"2011-05-20",25.33,25.4,24.94,25.2,3756600,23.08
"2011-05-23",25.07,25.16,24.85,24.91,2307200,22.82
"2011-05-24",24.87,24.95,24.43,24.47,2961600,22.41
"2011-05-25",24.23,24.5,24.22,24.23,3518600,22.2
"2011-05-26",24.24,24.48,24.03,24.38,4439700,22.33
"2011-05-27",24.48,24.64,24.39,24.52,2066700,22.46
"2011-05-31",24.64,24.7,24.4,24.7,3148700,22.63
"2011-06-01",24.71,24.77,23.15,23.16,10153000,21.22
"2011-06-02",23.14,23.17,22.51,22.68,10028100,20.78
"2011-06-03",22.49,22.6,22.22,22.28,8320900,20.41
"2011-06-06",22.19,22.29,21.99,22.01,5358200,20.16
"2011-06-07",22.12,22.42,22.06,22.09,4784700,20.23
"2011-06-08",22.01,22.4,22.01,22.32,8699000,20.45
"2011-06-09",22.41,22.75,22.38,22.41,7480300,20.53
"2011-06-10",22.36,22.4,22.03,22.09,4858400,20.23
"2011-06-13",22.19,22.28,22.04,22.19,3500100,20.33
"2011-06-14",22.18,22.37,22.12,22.21,3929500,20.34
"2011-06-15",22.07,22.21,21.9,21.95,4520500,20.11
"2011-06-16",22.74,22.86,22.32,22.72,7611800,20.81
"2011-06-17",22.82,23,22.48,22.74,6981700,20.83
"2011-06-20",22.71,23.01,22.67,22.8,4649600,20.89
"2011-06-21",22.83,23.15,22.79,22.99,4680200,21.19
"2011-06-22",22.8,23.01,22.71,22.82,3906600,21.04
"2011-06-23",22.63,22.98,22.41,22.96,5091000,21.17
"2011-06-24",22.95,22.95,22.47,22.55,3526100,20.79
"2011-06-27",22.53,22.68,22.4,22.51,2767600,20.75
"2011-06-28",22.64,22.66,22.53,22.61,3864800,20.84
"2011-06-29",22.71,23.25,22.6,23.21,4556500,21.4
"2011-06-30",23.21,23.39,23.04,23.37,3953900,21.54
"2011-07-01",23.31,23.63,22.99,23.62,2824000,21.77
"2011-07-05",23.55,23.55,23.08,23.14,4387700,21.33
"2011-07-06",23.06,23.15,22.85,23,3883400,21.2
"2011-07-07",23.18,23.77,23.16,23.67,3011300,21.82
"2011-07-08",23.36,23.49,23.29,23.46,2445900,21.63
"2011-07-11",23.22,23.31,23.11,23.23,4004900,21.42
"2011-07-12",23.24,23.77,23.24,23.59,4401400,21.75
"2011-07-13",23.63,23.98,23.61,23.66,3750800,21.81
"2011-07-14",23.65,24.05,23.61,23.79,4697000,21.93
"2011-07-15",23.88,23.88,23.46,23.75,4084600,21.89
"2011-07-18",23.66,23.74,23.43,23.62,4010200,21.77
"2011-07-19",23.67,24.28,23.64,24.17,6558200,22.28
"2011-07-20",24.06,24.06,23.6,23.63,7399200,21.78
"2011-07-21",22.37,22.5,21.22,21.47,18365000,19.79
"2011-07-22",21.51,21.53,20.85,20.93,6868200,19.29
"2011-07-25",20.51,21.11,20.48,20.5,9401500,18.9
"2011-07-26",20.59,20.85,20.3,20.45,8983500,18.85
"2011-07-27",20.34,20.46,20.23,20.33,8571200,18.74
"2011-07-28",20.36,20.58,20.15,20.17,5539200,18.59
"2011-07-29",20.1,20.3,19.96,20.17,7903700,18.59
"2011-08-01",20.33,20.34,19.72,19.94,5502100,18.38
"2011-08-02",19.8,19.8,19.17,19.2,10657200,17.7
"2011-08-03",19.26,19.74,19.26,19.62,7269400,18.09
"2011-08-04",19.37,19.54,19.16,19.19,10985000,17.69
"2011-08-05",19.34,19.54,18.66,18.92,11494600,17.44
"2011-08-08",18.59,18.91,17.92,17.92,12662400,16.52
"2011-08-09",18.21,18.48,17.46,18.3,10043200,16.87
"2011-08-10",18,18.07,17.56,17.61,9130600,16.23
"2011-08-11",17.63,18.18,17.63,17.92,9286800,16.52
"2011-08-12",17.94,18.27,17.75,18.08,6927200,16.67
"2011-08-15",18.22,18.31,17.96,18.17,6576400,16.75
"2011-08-16",18.12,18.37,18.03,18.27,5992200,16.84
"2011-08-17",18.38,18.67,18.22,18.43,4156000,16.99
"2011-08-18",18.03,18.17,17.31,17.49,7239200,16.12
"2011-08-19",17.28,17.58,17.05,17.09,5976000,15.75
"2011-08-22",17.34,17.44,16.95,17.02,6437300,15.69
"2011-08-23",17.04,17.21,16.83,17.21,5938100,15.87
"2011-08-24",17.13,17.29,17.01,17.12,5148800,15.78
"2011-08-25",17.25,17.34,16.77,16.81,4822500,15.5
"2011-08-26",16.66,17.11,16.51,17.08,5298300,15.75
"2011-08-29",17.3,17.93,17.29,17.92,6495600,16.52
"2011-08-30",17.83,18.16,17.57,18.07,6628600,16.66
"2011-08-31",18.22,18.62,18.18,18.33,6450100,16.9
"2011-09-01",18.31,18.39,17.9,17.91,4437800,16.51
"2011-09-02",17.61,17.74,17.56,17.65,3250800,16.27
"2011-09-06",17.3,17.83,17.14,17.8,5970700,16.41
"2011-09-07",17.97,18.43,17.93,18.41,4610800,16.97
"2011-09-08",18.96,18.99,18.57,18.69,7276800,17.23
"2011-09-09",18.34,18.39,17.68,17.91,8534700,16.51
"2011-09-12",17.7,17.86,17.48,17.83,7567700,16.44
"2011-09-13",17.84,18.06,17.64,17.75,6061100,16.36
"2011-09-14",17.84,18.18,17.63,17.99,4263000,16.58
"2011-09-15",17.83,18.39,17.8,18.33,4861400,16.9
"2011-09-16",18.38,18.45,17.68,17.7,6770300,16.32
"2011-09-19",17.5,17.74,17.08,17.67,7440000,16.29
"2011-09-20",17.61,17.63,17.11,17.12,4907600,15.91
"2011-09-21",17.15,17.23,16.53,16.55,5437400,15.38
"2011-09-22",16.24,16.38,15.99,16.18,7990500,15.04
"2011-09-23",15.98,16.48,15.93,16.06,6875400,14.93
"2011-09-26",16.43,17.16,16.31,16.93,9059200,15.74
"2011-09-27",16.87,17.27,16.82,16.9,4557800,15.71
"2011-09-28",16.97,17.15,16.5,16.53,6104700,15.36
"2011-09-29",16.8,17.12,16.7,16.99,4009400,15.79
"2011-09-30",16.81,17.04,16.61,16.63,4404100,15.46
"2011-10-03",16.48,16.83,16.3,16.32,5462300,15.17
"2011-10-04",16.18,17.27,16.12,17.26,7800000,16.04
"2011-10-05",17.24,17.73,17.13,17.42,6016600,16.19
"2011-10-06",17.42,17.94,17.42,17.94,4277900,16.68
"2011-10-07",18.05,18.05,17.33,17.43,4587900,16.2
"2011-10-10",17.49,17.63,17.35,17.57,6818800,16.33
"2011-10-11",17.46,17.59,17.08,17.46,6876600,16.23
"2011-10-12",17.54,18.12,17.54,17.97,7608100,16.7
"2011-10-13",19.05,19.2,17.28,17.93,18337600,16.67
"2011-10-14",18.01,18.14,17.53,17.67,8150500,16.42
"2011-10-17",17.67,18.01,17.57,17.65,8509700,16.41
"2011-10-18",17.68,18.14,17.58,17.96,8799700,16.69
"2011-10-19",17.97,18.33,17.95,18.14,9965600,16.86
"2011-10-20",18.12,18.42,18.04,18.18,7801800,16.9
"2011-10-21",18.3,18.85,18.28,18.85,6543800,17.52
"2011-10-24",18.89,19.28,18.87,19.16,7571100,17.81
"2011-10-25",19.06,19.23,18.87,18.98,4558300,17.64
"2011-10-26",19.19,19.32,18.83,19.2,4182600,17.85
"2011-10-27",19.66,20,19.4,19.86,7079600,18.46
"2011-10-28",19.88,20.01,19.63,19.75,5419700,18.36
"2011-10-31",19.6,19.73,19.37,19.37,4371600,18
"2011-11-01",19.01,19.34,18.95,19,5884100,17.66
"2011-11-02",19.21,19.44,19.09,19.23,3835900,17.87
"2011-11-03",19.32,19.39,18.86,19.16,5075000,17.81
"2011-11-04",19.01,19.43,18.9,19.32,4071600,17.96
"2011-11-07",19.29,19.69,19.24,19.68,4522200,18.29
"2011-11-08",19.67,20,19.57,19.96,4612300,18.55
"2011-11-09",19.69,19.73,19.23,19.37,5959200,18
"2011-11-10",19.49,19.84,19.38,19.67,4441300,18.28
"2011-11-11",19.88,20.21,19.83,20.07,4152900,18.66
"2011-11-14",20.08,20.27,19.84,19.94,4654700,18.53
"2011-11-15",19.82,19.94,19.56,19.81,5691700,18.41
"2011-11-16",19.68,19.99,19.5,19.68,5623000,18.29
"2011-11-17",19.6,19.76,18.88,18.98,7763800,17.64
"2011-11-18",19.16,19.25,19,19.12,7497000,17.77
"2011-11-21",18.93,19.26,18.82,19.16,4517000,17.81
"2011-11-22",19.18,19.25,18.53,18.54,6038500,17.23
"2011-11-23",18.38,18.56,18.13,18.37,8437900,17.08
"2011-11-25",18.34,18.96,18.32,18.83,3055500,17.5
"2011-11-28",19.19,19.56,19.14,19.39,8236100,18.02
"2011-11-29",19.41,19.48,18.96,19.09,6205600,17.74
"2011-11-30",19.51,20.13,19.51,20,13552500,18.59
"2011-12-01",19.87,20.19,19.87,20.07,5835400,18.66
"2011-12-02",20.21,20.35,20.14,20.21,5269900,18.79
"2011-12-05",20.46,20.75,20.31,20.73,6633900,19.27
"2011-12-06",20.73,20.82,20.55,20.71,5937000,19.25
"2011-12-07",20.6,20.81,20.45,20.66,6497000,19.2
"2011-12-08",20.51,20.78,20.38,20.59,6098500,19.14
"2011-12-09",20.71,21.36,20.59,21.07,7285100,19.58
"2011-12-12",20.92,21.11,20.86,21.01,5877300,19.53
"2011-12-13",21.08,21.37,21.01,21.1,5433700,19.61
"2011-12-14",20.89,21.23,20.61,20.64,6309300,19.19
"2011-12-15",20.86,21.05,20.77,20.98,6121800,19.5
"2011-12-16",20.97,20.97,20.48,20.57,9247300,19.12
"2011-12-19",20.7,20.82,20.31,20.37,4804000,18.93
"2011-12-20",20.39,20.68,20.39,20.53,5149100,19.22
"2011-12-21",20.55,20.98,20.54,20.88,6274900,19.55
"2011-12-22",20.94,21.12,20.88,20.93,4024300,19.59
"2011-12-23",20.91,21.13,20.91,21.12,3091500,19.77
"2011-12-27",21.11,21.3,21.1,21.19,3045600,19.84
"2011-12-28",21.27,21.27,21.05,21.14,3385800,19.79
"2011-12-29",21.24,21.29,21.09,21.18,2086100,19.83
"2011-12-30",21.09,21.17,20.99,21.04,2593600,19.7
"2012-01-03",21.28,21.59,21.27,21.51,6994900,20.14
"2012-01-04",21.37,21.46,20.96,21.05,6703800,19.71
"2012-01-05",20.94,21.47,20.86,21.28,6355000,19.92
"2012-01-06",21.27,21.35,21.02,21.23,6583000,19.87
"2012-01-09",21.09,21.7,21.06,21.56,6800500,20.18
"2012-01-10",21.7,21.73,21.33,21.4,5795300,20.03
"2012-01-11",21.26,21.28,20.76,20.79,10077400,19.46
"2012-01-12",20.9,20.95,20.44,20.53,8728300,19.22
"2012-01-13",20.88,21.18,20.6,20.91,12651400,19.58
"2012-01-17",21.18,21.34,21.05,21.12,6613200,19.77
"2012-01-18",21.03,21.58,20.94,21.55,7637500,20.17
"2012-01-19",21.45,21.88,21.4,21.83,6126900,20.44
"2012-01-20",21.73,21.86,21.63,21.85,7401600,20.46
"2012-01-23",21.86,22.34,21.83,22.31,7912000,20.89
"2012-01-24",22.26,22.72,22.25,22.7,6762900,21.25
"2012-01-25",22.64,22.92,22.49,22.88,6419300,21.42
"2012-01-26",22.89,22.94,22.3,22.39,5755000,20.96
"2012-01-27",22.32,22.73,22.28,22.56,4125000,21.12
"2012-01-30",22.5,22.56,22.3,22.43,3223100,21
"2012-01-31",22.45,22.48,21.95,21.98,7178400,20.58
"2012-02-01",22.04,22.07,21.66,21.86,8184700,20.46
"2012-02-02",21.85,21.94,21.7,21.75,7449300,20.36
"2012-02-03",22.01,22.05,21.68,21.74,6947300,20.35
"2012-02-06",21.69,21.83,21.56,21.7,4368100,20.31
"2012-02-07",21.65,21.74,21.21,21.33,7899300,19.97
"2012-02-08",21.39,21.92,21.39,21.91,8612500,20.51
"2012-02-09",21.87,22,21.66,21.94,5198700,20.54
"2012-02-10",21.75,21.82,21.63,21.74,5024200,20.35
"2012-02-13",21.88,21.96,21.74,21.87,4946600,20.47
"2012-02-14",21.84,22.19,21.78,22.15,6817500,20.74
"2012-02-15",22.58,22.93,22.51,22.53,9152800,21.09
"2012-02-16",22.49,22.84,22.49,22.82,4450400,21.36
"2012-02-17",22.95,23.03,22.84,22.95,4067400,21.49
"2012-02-21",23.02,23.16,22.45,22.51,4794100,21.07
"2012-02-22",22.49,22.94,22.44,22.67,9309400,21.22
"2012-02-23",21.84,21.85,20.2,20.95,23319300,19.61
"2012-02-24",21,21.18,20.89,20.93,13275600,19.59
"2012-02-27",20.92,21.46,20.84,21.35,7054200,19.99
"2012-02-28",21.2,21.47,21.2,21.38,6918000,20.02
"2012-02-29",21.39,21.57,21.33,21.45,9806300,20.08
"2012-03-01",21.52,21.73,21.45,21.65,8184800,20.27
"2012-03-02",21.57,21.74,21.5,21.67,4850200,20.29
"2012-03-05",21.6,22.1,21.54,22.09,10216300,20.68
"2012-03-06",21.55,21.65,20.81,20.89,14220300,19.56
"2012-03-07",20.8,21.29,20.59,21.03,22254200,19.69
"2012-03-08",21.1,21.56,21.1,21.51,8012400,20.14
"2012-03-09",21.5,21.8,21.45,21.76,5730000,20.37
"2012-03-12",21.79,21.95,21.73,21.85,6248900,20.46
"2012-03-13",21.78,22,21.63,21.93,5782600,20.53
"2012-03-14",21.92,22,21.77,21.85,5067600,20.46
"2012-03-15",21.92,22.17,21.8,22.17,4447900,20.75
"2012-03-16",22.16,22.27,21.98,22.17,6331800,20.75
"2012-03-19",22.42,22.42,21.59,21.66,7105500,20.28
"2012-03-20",21.5,21.63,21.27,21.31,7527400,19.95
"2012-03-21",21.38,21.5,20.89,21.04,10576900,19.7
"2012-03-22",20.89,21.04,20.77,20.86,5487600,19.53
"2012-03-23",20.89,21.14,20.68,21.13,7211600,19.78
"2012-03-26",20.74,20.87,20.21,20.42,16118100,19.12
"2012-03-27",20.48,20.73,20.29,20.41,8145800,19.24
"2012-03-28",20.31,20.47,20.08,20.17,9092300,19.02
"2012-03-29",20.11,20.6,20.08,20.48,7378500,19.31
"2012-03-30",20.46,20.54,20.21,20.21,9154200,19.06
"2012-04-02",20.35,20.45,20.12,20.29,6493400,19.13
"2012-04-03",20.29,20.41,19.77,19.88,8676400,18.74
"2012-04-04",19.81,20.21,19.81,20.12,10688800,18.97
"2012-04-05",19.98,20.11,19.66,19.72,9263100,18.59
"2012-04-09",19.47,19.66,19.25,19.64,5535800,18.52
"2012-04-10",20.14,20.47,19.51,19.9,13108900,18.76
"2012-04-11",20.04,20.27,19.88,20.19,9331200,19.04
"2012-04-12",20.17,21.08,20.11,20.67,11704100,19.49
"2012-04-13",20.58,21.68,20.57,21.19,21065400,19.98
"2012-04-16",21.22,21.71,21.22,21.63,12901700,20.39
"2012-04-17",21.62,22.07,21.56,21.92,9678600,20.67
"2012-04-18",21.8,22.01,21.72,21.92,7355500,20.67
"2012-04-19",22.05,22.21,21.84,21.99,7406300,20.73
"2012-04-20",22.03,22.19,21.97,22.09,6000600,20.83
"2012-04-23",21.8,21.8,21.47,21.66,6994600,20.42
"2012-04-24",21.46,21.89,21.46,21.63,6719400,20.39
"2012-04-25",21.77,21.96,21.46,21.6,6589200,20.37
"2012-04-26",20.93,21.4,20.56,20.93,16093600,19.73
"2012-04-27",21.3,21.36,20.4,20.78,12631600,19.59
"2012-04-30",20.79,20.82,20.22,20.33,8769600,19.17
"2012-05-01",20.34,20.61,20.13,20.21,5887800,19.06
"2012-05-02",20.13,20.17,19.93,20,5552300,18.86
"2012-05-03",20.03,20.13,19.67,19.88,6156200,18.74
"2012-05-04",19.82,19.98,19.6,19.69,3377000,18.57
"2012-05-07",19.67,19.87,19.37,19.53,6829800,18.41
"2012-05-08",19.41,19.48,19.05,19.28,6907700,18.18
"2012-05-09",19.16,19.4,19,19.09,7924400,18
"2012-05-10",19.23,19.3,19,19.16,5074200,18.07
"2012-05-11",19.07,19.16,18.92,18.97,4111100,17.89
"2012-05-14",18.8,19.03,18.6,18.91,5159800,17.83
"2012-05-15",18.85,19.14,18.7,18.78,6415500,17.71
"2012-05-16",18.85,19.15,18.73,18.76,6704000,17.69
"2012-05-17",18.75,18.8,18.34,18.4,6703500,17.35
"2012-05-18",18.41,18.57,18.29,18.39,5794600,17.34
"2012-05-21",18.73,18.97,18.62,18.89,8035200,17.81
"2012-05-22",19.01,19.36,18.92,19.03,6757500,17.94
"2012-05-23",18.92,19,18.5,18.84,5830600,17.76
"2012-05-24",18.71,18.93,18.62,18.83,4430700,17.75
"2012-05-25",18.71,19.36,18.71,19.22,4162500,18.12
"2012-05-29",19.28,19.51,19.24,19.44,5282700,18.33
"2012-05-30",19.26,19.38,18.98,19.17,4559200,18.07
"2012-05-31",19.12,19.36,18.99,19.02,12879600,17.93
"2012-06-01",18.9,18.99,18.31,18.49,7449900,17.43
"2012-06-04",18.53,18.6,18.07,18.42,6093600,17.37
"2012-06-05",18.37,18.87,18.28,18.81,4534600,17.74
"2012-06-06",18.87,19.11,18.82,18.99,4766300,17.91
"2012-06-07",19.09,19.1,18.2,18.26,10010900,17.22
"2012-06-08",18.19,18.31,18,18.22,4336300,17.18
"2012-06-11",18.35,18.5,18.01,18.02,3712000,16.99
"2012-06-12",17.98,18.27,17.98,18.16,4077100,17.12
"2012-06-13",18.08,18.18,17.53,17.65,6111600,16.64
"2012-06-14",17.85,18.36,17.71,18.2,6988200,17.16
"2012-06-15",18.78,18.78,17.87,17.97,10273600,16.94
"2012-06-18",17.84,18,17.44,17.64,6849100,16.63
"2012-06-19",17.54,17.98,17.47,17.74,4991200,16.89
"2012-06-20",17.68,17.94,17.63,17.83,3478200,16.98
"2012-06-21",17.82,17.88,17.45,17.5,5223100,16.67
"2012-06-22",17.67,17.67,17.28,17.34,6023200,16.51
"2012-06-25",17.23,17.33,16.93,17.17,4596500,16.35
"2012-06-26",17.23,17.39,16.99,17.31,5904600,16.48
"2012-06-27",17.4,17.63,17.32,17.58,3109800,16.74
"2012-06-28",17.52,17.88,17.34,17.87,5302900,17.02
"2012-06-29",18.05,18.31,17.91,18.15,6302100,17.28
"2012-07-02",18.19,18.2,17.69,17.85,4693600,17
"2012-07-03",17.88,18.08,17.85,17.97,1534300,17.11
"2012-07-05",17.87,17.96,17.59,17.74,4856600,16.89
"2012-07-06",17.72,17.81,17.55,17.71,3896500,16.87
"2012-07-09",17.62,17.75,17.33,17.4,4043500,16.57
"2012-07-10",17.52,17.73,17.44,17.56,6725800,16.72
"2012-07-11",17.61,18.03,17.56,17.98,4519300,17.12
"2012-07-12",16.84,16.84,15.71,15.73,27463700,14.98
"2012-07-13",15.92,16.31,15.73,16.02,10589600,15.26
"2012-07-16",15.97,16.07,15.74,15.91,8700800,15.15
"2012-07-17",16.33,16.35,15.97,16.19,9851200,15.42
"2012-07-18",16.11,16.72,16.04,16.49,11035600,15.7
"2012-07-19",16.76,17.02,14.73,15.8,25227800,15.05
"2012-07-20",15.75,15.8,15.45,15.59,6803100,14.85
"2012-07-23",15.4,15.6,15.24,15.26,8448000,14.53
"2012-07-24",15.28,15.45,15.21,15.26,6188000,14.53
"2012-07-25",15.33,15.44,14.89,15,7568800,14.28
"2012-07-26",15.28,15.35,15,15.09,9137800,14.37
"2012-07-27",15.08,15.47,14.91,15.32,7829000,14.59
"2012-07-30",15.3,15.5,15.21,15.43,4745500,14.69
"2012-07-31",15.36,15.62,15.35,15.55,4516500,14.81
"2012-08-01",15.62,15.75,15.4,15.58,4324400,14.84
"2012-08-02",15.42,15.57,14.9,15.1,6721600,14.38
"2012-08-03",15.29,15.64,15.28,15.45,3955500,14.71
"2012-08-06",15.5,15.92,15.43,15.83,6789100,15.08
"2012-08-07",15.86,16.04,15.68,15.7,4347600,14.95
"2012-08-08",15.7,16.13,15.65,16.06,5380100,15.29
"2012-08-09",16.01,16.35,15.8,16.3,8552000,15.52
"2012-08-10",16.16,16.31,15.88,15.99,5193600,15.23
"2012-08-13",16.02,16.16,15.93,16.12,3234500,15.35
"2012-08-14",16.04,16.24,15.88,16.13,3806400,15.36
"2012-08-15",16.12,16.12,15.87,16.02,5090000,15.26
"2012-08-16",15.99,16.16,15.85,16.06,4698600,15.29
"2012-08-17",15.84,15.9,15.76,15.83,6208100,15.08
"2012-08-20",15.84,16.14,15.8,16.04,3798800,15.28
"2012-08-21",16.04,16.21,15.9,15.99,5287200,15.23
"2012-08-22",15.99,16.07,15.81,15.97,5801500,15.21
"2012-08-23",15.59,15.65,15.1,15.31,12249800,14.58
"2012-08-24",15.24,15.58,15.1,15.48,6998600,14.74
"2012-08-27",15.45,15.58,15.34,15.43,4423100,14.69
"2012-08-28",15.45,15.66,15.4,15.55,4996900,14.81
"2012-08-29",15.58,15.79,15.51,15.58,5242500,14.84
"2012-08-30",15.52,15.71,15.33,15.65,3938300,14.9
"2012-08-31",15.73,15.98,15.6,15.65,6227100,14.9
"2012-09-04",15.68,15.92,15.59,15.82,4992000,15.07
"2012-09-05",16.5,17.03,16.07,16.5,19842200,15.71
"2012-09-06",16.48,16.67,16.17,16.49,7535400,15.7
"2012-09-07",16.54,16.6,15.93,16.32,6902400,15.54
"2012-09-10",16.38,16.43,16.29,16.36,4221600,15.58
"2012-09-11",16.4,16.57,16.31,16.4,4259600,15.62
"2012-09-12",16.47,16.58,16.36,16.45,4880100,15.67
"2012-09-13",16.47,16.55,16.3,16.5,6044700,15.71
"2012-09-14",16.51,17.1,16.5,16.86,8480700,16.06
"2012-09-17",16.89,17.05,16.52,16.66,4037700,15.87
"2012-09-18",16.61,16.61,16.1,16.37,7145800,15.75
"2012-09-19",16.42,16.49,16.28,16.46,4384500,15.84
"2012-09-20",16.46,16.5,16.27,16.4,4185500,15.78
"2012-09-21",16.46,16.5,15.99,16.07,7431100,15.47
"2012-09-24",16.16,16.2,15.88,15.94,4668700,15.34
"2012-09-25",16.43,16.74,16.29,16.36,10166400,15.75
"2012-09-26",16.46,16.51,15.87,15.99,6417100,15.39
"2012-09-27",16.03,16.25,15.93,16.13,5239000,15.52
"2012-09-28",16.06,16.2,16.03,16.09,6810200,15.49
"2012-10-01",16.22,16.33,16.01,16.1,6626000,15.5
"2012-10-02",15.98,16.23,15.95,16.07,6670900,15.47
"2012-10-03",16.1,16.13,15.92,16.02,6851100,15.42
"2012-10-04",16.11,16.41,16.02,16.35,4555900,15.74
"2012-10-05",16.39,16.4,16.07,16.16,5681000,15.55
"2012-10-08",16.2,16.54,16.07,16.35,7094500,15.74
"2012-10-09",16.41,16.55,16.24,16.25,6509100,15.64
"2012-10-10",16.22,16.55,16.11,16.29,10594100,15.68
"2012-10-11",15.67,16.01,15,15.71,22311800,15.12
"2012-10-12",15.65,15.78,15.38,15.57,6914300,14.98
"2012-10-15",15.64,15.75,15.5,15.67,4527000,15.08
"2012-10-16",15.67,16.04,15.63,15.92,5033400,15.32
"2012-10-17",15.98,16.35,15.94,16.33,5757900,15.72
"2012-10-18",16.36,16.64,16.34,16.52,6323800,15.9
"2012-10-19",16.52,16.59,16.27,16.35,4451500,15.74
"2012-10-22",16.27,16.57,16.2,16.54,5583400,15.92
"2012-10-23",16.44,16.45,16.19,16.29,5041300,15.68
"2012-10-24",16.31,16.34,15.94,16.12,5107700,15.51
"2012-10-25",16.25,16.58,16.14,16.57,4291000,15.95
"2012-10-26",16.61,16.73,16.32,16.38,3907700,15.76
"2012-10-31",16.49,16.67,16.31,16.31,3659100,15.7
"2012-11-01",16.42,16.6,16.25,16.56,4561100,15.94
"2012-11-02",16.62,16.87,16.49,16.83,5564900,16.2
"2012-11-05",16.78,16.84,16.64,16.71,4188900,16.08
"2012-11-06",16.79,17.06,16.77,17,4461600,16.36
"2012-11-07",16.9,16.91,16.25,16.3,4973200,15.69
"2012-11-08",16.3,16.42,16.16,16.41,3757200,15.79
"2012-11-09",16.29,16.66,16.26,16.6,4012900,15.98
"2012-11-12",16.6,16.83,16.54,16.66,2976300,16.03
"2012-11-13",16.55,16.66,16.27,16.28,4061100,15.67
"2012-11-14",16.33,16.38,16.03,16.06,5086900,15.46
"2012-11-15",16.05,16.33,16,16.3,4572700,15.69
"2012-11-16",16.3,16.62,16.11,16.6,5185800,15.98
"2012-11-19",16.68,16.84,16.65,16.76,4026700,16.13
"2012-11-20",16.7,16.74,16.07,16.1,7240800,15.5
"2012-11-21",16.17,16.47,16.17,16.47,2480100,15.85
"2012-11-23",16.54,17,16.51,16.96,2498000,16.32
"2012-11-26",16.89,16.94,16.3,16.41,4986600,15.79
"2012-11-27",16.43,16.76,16.38,16.54,3482000,15.92
"2012-11-28",16.49,16.98,16.34,16.96,2749700,16.32
"2012-11-29",17.11,17.25,16.92,17.05,3708600,16.41
"2012-11-30",17.06,17.13,16.91,17.11,3789300,16.47
"2012-12-03",17.16,17.18,16.83,16.91,2778800,16.27
"2012-12-04",16.85,17.08,16.64,17.01,4308800,16.37
"2012-12-05",17.06,17.52,17,17.46,7709200,16.8
"2012-12-06",17.73,19.36,17.59,17.88,19146900,17.21
"2012-12-07",17.91,18.1,17.64,17.94,6584100,17.27
"2012-12-10",17.95,18.12,17.75,17.98,3300700,17.3
"2012-12-11",18.01,18.09,17.61,17.66,4608100,17
"2012-12-12",17.74,17.89,17.58,17.85,5279100,17.18
"2012-12-13",17.8,17.87,17.41,17.73,4439400,17.23
"2012-12-14",17.7,17.91,17.55,17.65,2701500,17.16
"2012-12-17",17.7,17.95,17.66,17.81,3557900,17.31
"2012-12-18",17.86,18.24,17.75,18.24,5057200,17.73
"2012-12-19",18.31,18.44,17.93,18.14,3716000,17.63
"2012-12-20",18.16,18.22,17.9,18.16,3376500,17.65
"2012-12-21",17.94,18.13,17.73,17.93,4750000,17.43
"2012-12-24",17.93,18.24,17.89,18.02,3529400,17.51
"2012-12-26",18.09,18.09,17.91,17.92,2020400,17.42
"2012-12-27",17.94,18,17.59,17.72,3726600,17.22
"2012-12-28",17.62,17.79,17.6,17.7,2691500,17.2
"2012-12-31",17.7,18.12,17.57,18.09,3120700,17.58
"2013-01-02",18.36,18.48,18.17,18.35,4198600,17.84
"2013-01-03",18.19,18.47,18.04,18.34,7238300,17.83
"2013-01-04",18.38,18.42,18.1,18.3,5615400,17.79
"2013-01-07",18.25,18.33,17.61,17.64,6073800,17.15
"2013-01-08",17.58,17.6,17.08,17.22,6717300,16.74
"2013-01-09",17.21,17.4,17.19,17.4,3083100,16.91
"2013-01-10",17.51,17.62,17.35,17.56,3272300,17.07
"2013-01-11",17.53,17.86,17.23,17.41,4201600,16.92
"2013-01-14",17.44,17.49,17.22,17.42,3157000,16.93
"2013-01-15",17.4,17.75,17.25,17.62,3929000,17.13
"2013-01-16",17.62,17.86,17.55,17.77,6090800,17.27
"2013-01-17",17.85,18.15,17.77,18.06,2401500,17.55
"2013-01-18",17.99,18.68,17.99,18.64,4996300,18.12
"2013-01-22",18.64,18.84,18.42,18.84,5559700,18.31
"2013-01-23",18.9,20.58,18.9,19.85,17574400,19.29
"2013-01-24",19.59,19.76,19.18,19.32,6988600,18.78
"2013-01-25",19.45,19.5,19.11,19.43,4024700,18.89
"2013-01-28",19.5,19.72,19.11,19.56,3925100,19.01
"2013-01-29",19.48,19.58,19.12,19.3,3954900,18.76
"2013-01-30",19.32,19.4,19.03,19.16,4003800,18.62
"2013-01-31",19.17,19.28,18.98,19.25,4363000,18.71
"2013-02-01",19.58,19.58,18.97,19.27,3819000,18.73
"2013-02-04",19.25,19.44,19.12,19.23,3987900,18.69
"2013-02-05",19.27,19.45,19.17,19.32,3840900,18.78
"2013-02-06",19.26,19.5,19.25,19.39,3375500,18.85
"2013-02-07",19.4,20.67,19.25,20.34,12730100,19.77
"2013-02-08",20.34,20.64,20.01,20.2,4441600,19.63
"2013-02-11",20.23,20.33,20.12,20.27,3352400,19.7
"2013-02-12",20.35,20.49,20.28,20.42,3201400,19.85
"2013-02-13",20.4,20.75,20.35,20.74,3105200,20.16
"2013-02-14",20.57,21.09,20.4,20.87,6653400,20.28
"2013-02-15",21.1,21.12,20.22,20.42,6371200,19.85
"2013-02-19",20.51,20.78,20.29,20.46,6359600,19.89
"2013-02-20",20.55,20.82,20,20.13,13047800,19.57
"2013-02-21",20.96,23.96,20.83,22.97,34485300,22.33
"2013-02-22",22.91,23.23,22.5,22.69,10543000,22.05
"2013-02-25",23.01,23.15,22.74,22.76,7430100,22.12
"2013-02-26",22.86,23.74,22.79,23.66,8201900,23
"2013-02-27",23.58,24.1,23.48,23.77,6706700,23.1
"2013-02-28",23.72,24.43,23.65,23.86,7445900,23.19
"2013-03-01",23.91,24.42,23.73,24.1,5509300,23.42
"2013-03-04",24.01,24.22,23.9,23.9,5709100,23.23
"2013-03-05",24.04,24.43,23.9,24.3,7932600,23.62
"2013-03-06",24.43,25.14,23.72,23.94,14945500,23.27
"2013-03-07",24.06,24.42,23.86,23.92,4745300,23.25
"2013-03-08",24.09,24.09,23.55,23.6,5753700,22.94
"2013-03-11",23.69,23.76,23.23,23.31,7379600,22.66
"2013-03-12",23.33,24.09,23.33,23.87,8636400,23.2
"2013-03-13",23.81,24.29,23.77,24,4330400,23.33
"2013-03-14",24.05,24.43,23.96,24.38,2896900,23.7
"2013-03-15",24.29,25.24,24.22,24.91,9190600,24.21
"2013-03-18",24.62,24.95,24.41,24.84,2864300,24.14
"2013-03-19",24.96,25.06,24.72,24.89,4576300,24.19
"2013-03-20",24.99,25.66,24.92,25.27,4897400,24.56
"2013-03-21",24.87,25.43,24.7,25.33,4789800,24.79
"2013-03-22",25.36,25.92,25.36,25.75,4474800,25.2
"2013-03-25",25.77,26.25,25.71,25.93,5758500,25.38
"2013-03-26",26.05,26.5,25.87,26,4741900,25.45
"2013-03-27",25.98,26.54,25.87,26.35,2680200,25.79
"2013-03-28",26.39,26.54,26.08,26.35,4216700,25.79
"2013-04-01",26.43,26.44,25.62,25.7,3834200,25.15
"2013-04-02",26.34,26.43,25.47,25.59,4329200,25.05
"2013-04-03",25.69,25.86,25.14,25.2,6318900,24.66
"2013-04-04",25.2,25.4,25.12,25.26,6011900,24.72
"2013-04-05",25.02,25.06,24.79,24.92,4122000,24.39
"2013-04-08",25.12,25.31,24.85,25.22,3418200,24.68
"2013-04-09",25.02,25.75,25.02,25.62,3518200,25.08
"2013-04-10",25.59,26,25.54,25.92,6350300,25.37
"2013-04-11",25.98,26.76,25.92,26.68,6366100,26.11
"2013-04-12",26.34,27,26.27,26.85,4925200,26.28
"2013-04-15",26.78,26.87,26.35,26.35,3264300,25.79
"2013-04-16",26.63,26.73,26.37,26.63,3051200,26.06
"2013-04-17",26.55,26.6,25.9,26.37,2622700,25.81
"2013-04-18",26.42,26.7,26.3,26.62,5668600,26.05
"2013-04-19",26.7,26.73,26.29,26.55,4895400,25.99
"2013-04-22",26.52,27.58,26.41,27.36,5060400,26.78
"2013-04-23",27.4,27.84,27.38,27.76,4866100,27.17
"2013-04-24",27.81,28.42,27.76,28.26,7059600,27.66
"2013-04-25",26.7,26.7,22.9,24.32,24112600,23.8
"2013-04-26",24.16,24.54,23.11,23.31,8943700,22.81
"2013-04-29",23.39,23.59,22.33,23.51,10406400,23.01
"2013-04-30",23.35,23.36,22.32,22.52,10694100,22.04
"2013-05-01",22.49,22.88,22.3,22.7,6132700,22.22
"2013-05-02",22.72,23.51,22.63,23.39,7289100,22.89
"2013-05-03",23.58,24.12,23.47,23.95,3934300,23.44
"2013-05-06",23.91,23.91,23.52,23.74,2720700,23.24
"2013-05-07",23.78,24.15,23.65,24.13,4303200,23.62
"2013-05-08",24.28,24.28,23.94,24.24,4845900,23.72
"2013-05-09",24.2,24.36,24.01,24.16,2869600,23.65
"2013-05-10",24.13,24.64,24.05,24.46,3997000,23.94
"2013-05-13",24.51,24.69,24.2,24.65,3038800,24.13
"2013-05-14",24.6,25.54,24.59,25.45,5398600,24.91
"2013-05-15",25.25,25.55,24.92,25.47,4381800,24.93
"2013-05-16",25.44,25.67,24.84,25.01,4422600,24.48
"2013-05-17",25.03,25.42,25.01,25.15,4273000,24.62
"2013-05-20",25.17,25.19,24.23,24.36,6760700,23.84
"2013-05-21",24.46,24.6,23.63,24.31,6022100,23.79
"2013-05-22",24.36,24.5,23.27,23.39,6574600,22.89
"2013-05-23",23.34,23.5,22.7,23.39,8326600,22.89
"2013-05-24",23.28,23.39,22.93,23.18,3640900,22.69
"2013-05-28",23.39,23.69,23.09,23.39,3829100,22.89
"2013-05-29",23.22,23.64,23.13,23.56,2827600,23.06
"2013-05-30",23.57,23.67,23.22,23.29,1910900,22.79
"2013-05-31",23.25,23.45,23.01,23.01,3374300,22.52
"2013-06-03",23,23.21,22.64,23.2,3278800,22.71
"2013-06-04",23.23,23.57,22.77,22.97,4084900,22.48
"2013-06-05",22.89,22.91,22.36,22.47,4358800,21.99
"2013-06-06",22.47,22.8,22.26,22.53,3737100,22.05
"2013-06-07",22.45,22.91,22.42,22.71,6293000,22.23
"2013-06-10",22.71,23.28,22.66,23.03,6669500,22.54
"2013-06-11",22.78,23.57,22.78,23.31,6709600,22.81
"2013-06-12",23.33,23.48,23.07,23.11,7133800,22.62
"2013-06-13",27.37,27.45,24.6,24.82,41992900,24.29
"2013-06-14",24.79,24.9,23.87,24.36,13330700,23.84
"2013-06-17",24.47,24.6,24.04,24.32,5834200,23.8
"2013-06-18",24.28,24.39,23.9,23.94,4711200,23.63
"2013-06-19",23.9,24.1,23.54,23.56,9699600,23.25
"2013-06-20",23.36,23.64,22.8,22.92,6802600,22.62
"2013-06-21",22.99,23.15,22.35,22.82,6756700,22.52
"2013-06-24",22.68,23.09,22.36,22.74,3824900,22.44
"2013-06-25",22.95,23.24,22.84,23.09,3340100,22.79
"2013-06-26",23.29,23.77,23.26,23.56,3987700,23.25
"2013-06-27",23.62,24.09,23.48,23.85,3727000,23.54
"2013-06-28",23.62,23.96,23.58,23.66,2888200,23.35
"2013-07-01",23.63,23.7,23.17,23.3,3535500,22.99
"2013-07-02",23.23,23.91,23.23,23.68,2652200,23.37
"2013-07-03",23.62,23.75,23.42,23.58,1812200,23.27
"2013-07-05",23.73,24.28,23.67,24.24,3058900,23.92
"2013-07-08",24.27,24.45,24.25,24.43,4190200,24.11
"2013-07-09",24.65,25.23,24.6,24.98,6362000,24.65
"2013-07-10",25.02,25.13,24.45,24.45,3967900,24.13
"2013-07-11",24.86,24.94,24.53,24.9,3986000,24.57
"2013-07-12",24.84,24.93,24.46,24.55,2922600,24.23
"2013-07-15",24.55,25.06,24.44,24.95,2570500,24.62
"2013-07-16",24.92,25.1,24.67,24.82,3368900,24.49
"2013-07-17",24.85,24.99,24.59,24.65,2763700,24.33
"2013-07-18",24.84,26.4,24.52,26.32,14418000,25.97
"2013-07-19",26.31,26.56,26.09,26.15,5673500,25.81
"2013-07-22",26.15,26.25,25.68,25.89,3589700,25.55
"2013-07-23",25.89,26.02,25.54,25.57,3472100,25.23
"2013-07-24",25.72,25.96,25.43,25.51,3207300,25.17
"2013-07-25",25.44,25.76,25.35,25.61,2771300,25.27
"2013-07-26",25.51,26.14,25.46,25.98,3311600,25.64
"2013-07-29",25.85,26.26,25.8,26.05,3568200,25.71
"2013-07-30",26.17,26.36,25.77,25.81,4662400,25.47
"2013-07-31",25.79,26.06,25.7,25.79,3605200,25.45
"2013-08-01",25.9,26.07,25.57,25.64,3134100,25.3
"2013-08-02",25.55,25.64,25.21,25.35,2801000,25.02
"2013-08-05",25.36,25.81,24.59,25.1,7404000,24.77
"2013-08-06",24.98,25.05,24.7,24.99,4994300,24.66
"2013-08-07",24.91,24.98,24.47,24.66,4363800,24.34
"2013-08-08",24.64,24.99,24.64,24.95,3810800,24.62
"2013-08-09",25.06,25.11,24.84,25.05,1835000,24.72
"2013-08-12",24.88,25.2,24.8,25.06,2197900,24.73
"2013-08-13",25.21,25.8,24.98,25.73,3924100,25.39
"2013-08-14",25.68,25.77,25.41,25.74,4253000,25.4
"2013-08-15",25.59,26.45,25.35,26.31,11353000,25.96
"2013-08-16",26.2,26.71,26.15,26.66,7776700,26.31
"2013-08-19",26.48,26.82,26.48,26.75,4206600,26.4
"2013-08-20",26.79,26.87,26.54,26.56,3514400,26.21
"2013-08-21",26.55,26.55,26.04,26.26,3483500,25.91
"2013-08-22",26.41,26.87,26.34,26.73,3078200,26.38
"2013-08-23",26.88,26.89,26.5,26.69,2528500,26.34
"2013-08-26",26.66,26.71,26.16,26.22,2871700,25.88
"2013-08-27",26.05,26.33,25.76,25.98,3617800,25.64
"2013-08-28",25.89,26,25.63,25.8,2389700,25.46
"2013-08-29",25.79,26.24,25.65,26.03,2112100,25.69
"2013-08-30",26.07,26.16,25.77,25.9,2710500,25.56
"2013-09-03",25.94,26.05,25.61,25.85,4113700,25.51
"2013-09-04",25.91,26.02,25.74,25.85,3311700,25.51
"2013-09-05",25.89,26.24,25.83,25.93,1885500,25.59
"2013-09-06",25.95,26.2,25.64,25.96,2094000,25.62
"2013-09-09",26.02,26.4,25.85,26.25,2858400,25.9
"2013-09-10",26.43,26.65,26.27,26.6,4072900,26.25
"2013-09-11",26.64,26.79,26.46,26.6,3979600,26.25
"2013-09-12",26.82,27.11,26.49,26.59,5242400,26.24
"2013-09-13",28.03,28.88,27.56,28.2,17500800,27.83
"2013-09-16",28.43,28.5,28.01,28.24,6592600,27.87
"2013-09-17",30,31.23,29.92,30.99,29824500,30.8
"2013-09-18",30.86,31.51,30.72,31.35,14491200,31.16
"2013-09-19",31.41,31.79,31.06,31.26,8848000,31.07
"2013-09-20",31.24,31.51,30.75,31.4,7264500,31.21
"2013-09-23",31.31,31.77,31.24,31.62,5424600,31.43
"2013-09-24",31.65,32.61,31.51,32.08,8048900,31.88
"2013-09-25",32.12,32.22,31.8,31.92,4287100,31.72
"2013-09-26",32.12,32.72,32.06,32.54,5992800,32.34
"2013-09-27",32.32,32.43,32.1,32.25,6312500,32.05
"2013-09-30",32.05,32.26,31.85,31.99,3886700,31.79
"2013-10-01",32.02,32.28,31.73,31.97,3250600,31.77
"2013-10-02",31.92,32.12,31.73,32.11,3484200,31.91
"2013-10-03",32.17,32.23,31.51,31.73,4239400,31.54
"2013-10-04",31.8,31.99,31.61,31.63,4188700,31.44
"2013-10-07",31.5,31.8,31.38,31.48,4490900,31.29
"2013-10-08",31.43,31.76,30.8,30.81,5658500,30.62
"2013-10-09",30.86,31.13,30.48,30.8,4787300,30.61
"2013-10-10",32.38,32.38,31.2,31.57,6402200,31.38
"2013-10-11",33.27,33.91,32.64,33.75,15353900,33.54
"2013-10-14",33.3,33.6,33.22,33.38,4693000,33.18
"2013-10-15",33.13,33.29,32.63,32.74,5457500,32.54
"2013-10-16",32.91,33.23,32.84,33.08,2470300,32.88
"2013-10-17",32.99,33.41,32.89,33.38,2508400,33.18
"2013-10-18",33.79,33.93,33.29,33.36,3151300,33.16
"2013-10-21",33.41,33.45,32.81,32.93,2810300,32.73
"2013-10-22",32.63,33.33,32.63,32.9,3018400,32.7
"2013-10-23",35.62,36.75,34.77,35.58,17113000,35.36
"2013-10-24",35.67,36.1,35.07,36.06,6805900,35.84
"2013-10-25",35.69,36.9,35.69,36.54,4623000,36.32
"2013-10-28",36.62,36.7,35.64,35.85,4871300,35.63
"2013-10-29",35.98,36.27,35.41,35.47,2796800,35.25
"2013-10-30",35.45,35.76,34.74,35.24,3282800,35.02
"2013-10-31",35.26,35.3,34.68,34.9,2768500,34.69
"2013-11-01",34.96,35.2,34.71,35.16,2009400,34.95
"2013-11-04",35.18,35.48,35.06,35.11,2318600,34.9
"2013-11-05",34.96,35.53,34.38,35.37,4285400,35.15
"2013-11-06",35.32,35.45,34.09,34.25,4476400,34.04
"2013-11-07",34.27,34.27,33.72,34.03,4330100,33.82
"2013-11-08",33.8,34.43,31.5,33.02,13240500,32.82
"2013-11-11",33.21,33.36,32.51,32.89,4568400,32.69
"2013-11-12",32.76,33.93,32.62,33.71,4823600,33.5
"2013-11-13",33.33,34.04,33.3,33.91,3525700,33.7
"2013-11-14",34.26,34.67,33.9,34.46,3132300,34.25
"2013-11-15",34.52,34.75,34.33,34.52,3917600,34.31
"2013-11-18",34.42,34.47,32.97,33.04,6180000,32.84
"2013-11-19",33.05,33.58,32.9,33.25,4962900,33.05
"2013-11-20",33.51,33.55,33.1,33.16,3391000,32.96
"2013-11-21",33.62,34.43,32.28,33.9,5940300,33.69
"2013-11-22",33.84,34.34,33.51,34.29,3318100,34.08
"2013-11-25",34.29,34.48,34.1,34.29,2918600,34.08
"2013-11-26",34.17,34.65,34.08,34.53,3177300,34.32
"2013-11-27",34.67,35.19,34.39,35.06,2748200,34.85
"2013-11-29",35.23,35.33,34.84,34.97,1895300,34.76
"2013-12-02",34.9,35.07,34.39,34.59,5181200,34.38
"2013-12-03",34.46,35.07,34.31,34.97,3771900,34.76
"2013-12-04",34.72,35.1,34.1,34.21,5462600,34
"2013-12-05",33.5,33.67,32.42,32.64,7557200,32.44
"2013-12-06",32.88,33.22,32.71,33.07,4171900,32.87
"2013-12-09",33.18,33.2,32.65,32.74,3985200,32.54
"2013-12-10",32.74,33.5,32.7,33.24,4088500,33.04
"2013-12-11",33.4,33.65,33.28,33.45,3716100,33.25
"2013-12-12",33.32,33.95,33.32,33.69,2825000,33.48
"2013-12-13",33.67,33.7,33.33,33.52,2991700,33.32
"2013-12-16",33.54,33.74,32.64,32.72,4461200,32.52
"2013-12-17",32.45,32.68,32.14,32.47,3099500,32.47
"2013-12-18",32.6,32.93,32.11,32.88,3828300,32.88
"2013-12-19",32.73,33.03,32.53,32.82,1967700,32.82
"2013-12-20",32.83,33.32,32.83,33.08,4573200,33.08
"2013-12-23",33.31,33.49,32.55,32.58,3374900,32.58
"2013-12-24",32.51,32.89,32.33,32.67,845100,32.67
"2013-12-26",32.76,33,32.41,32.69,1265500,32.69
"2013-12-27",32.66,32.95,32.31,32.5,1273100,32.5
"2013-12-30",32.5,32.98,32.38,32.71,1245500,32.71
"2013-12-31",32.84,32.84,32.44,32.57,1246900,32.57
"2014-01-02",32.45,32.74,32.35,32.46,2041300,32.46
"2014-01-03",32.64,32.69,32.03,32.31,2390700,32.31
"2014-01-06",32.32,32.61,31.45,31.67,3925400,31.67
"2014-01-07",31.7,32.09,31.29,31.98,3353300,31.98
"2014-01-08",32.01,32.35,31.8,32.32,4299500,32.32
"2014-01-09",32.26,32.49,31.84,32.08,3346400,32.08
"2014-01-10",32.39,32.59,32.11,32.15,2926200,32.15
"2014-01-13",31.97,32.18,31.58,31.67,1748700,31.67
"2014-01-14",31.69,32.09,31.56,32.08,1550400,32.08
"2014-01-15",31.94,32.13,31.62,31.7,3174000,31.7
"2014-01-16",31.54,31.82,31.09,31.71,3049800,31.71
"2014-01-17",31.76,31.91,31.41,31.82,2804300,31.82
"2014-01-21",31.94,32.06,31.59,32,3082200,32
"2014-01-22",31.75,31.86,31.49,31.68,3536300,31.68
"2014-01-23",31.36,31.46,31.12,31.28,2011900,31.28
"2014-01-24",30.93,31.29,30.72,30.98,2554500,30.98
"2014-01-27",30.95,31.33,30.9,31.16,3452800,31.16
"2014-01-28",31.22,31.81,31.15,31.62,3227400,31.62
"2014-01-29",31.47,31.61,31.2,31.29,3097800,31.29
"2014-01-30",31.47,31.49,30.86,30.89,5425400,30.89
"2014-01-31",30.51,31.38,30.36,31.24,5167200,31.24
"2014-02-03",31.16,31.24,29.82,30.06,6909700,30.06
"2014-02-04",30.15,30.39,29.97,30.28,2846000,30.28
"2014-02-05",30.18,30.49,30.08,30.46,2123200,30.46
"2014-02-06",30.46,30.99,30.25,30.9,2076000,30.9
"2014-02-07",31.07,31.28,30.7,31.16,4117200,31.16
"2014-02-10",31.02,32.25,30.89,32.04,4963800,32.04
"2014-02-11",32,33.06,31.73,32.97,4861400,32.97
"2014-02-12",32.65,33.03,32.48,32.72,3888400,32.72
"2014-02-13",32.39,33.09,32.23,33.06,2845500,33.06
"2014-02-14",33,33.69,32.99,33.65,3384300,33.65
"2014-02-18",33.79,34.67,33.67,34.1,7301700,34.1
"2014-02-19",34,35.39,33.77,34.61,13354800,34.61
"2014-02-20",36.3,36.75,34.89,35.32,20911100,35.32
"2014-02-21",35.7,37.7,35.05,36.84,17235700,36.84
"2014-02-24",37.05,37.77,36.97,37.03,12319000,37.03
"2014-02-25",36.94,37.7,36.87,37.13,5208200,37.13
"2014-02-26",36.55,37.41,36.55,36.96,3564400,36.96
"2014-02-27",37.21,37.71,37.2,37.31,5292500,37.31
"2014-02-28",37.39,38.06,37.31,37.45,7990700,37.45
"2014-03-03",37.08,38.7,36.96,38.02,5771600,38.02
"2014-03-04",38.39,38.73,37.84,38.65,4632900,38.65
"2014-03-05",38.66,39.9,38.23,39.48,10427100,39.48
"2014-03-06",39.65,40.25,39.17,39.47,15792800,39.47
"2014-03-07",38.19,38.99,38.15,38.6,37864100,38.6
"2014-03-10",38.66,39.05,38.45,38.88,10748100,38.88
"2014-03-11",39.01,39.03,38.63,38.65,13088200,38.65
"2014-03-12",38.57,38.8,38.47,38.71,8833000,38.71
"2014-03-13",38.63,38.85,38.24,38.32,9184400,38.32
"2014-03-14",38.39,38.52,38.18,38.39,4254400,38.39
"2014-03-17",38.41,38.46,38.29,38.31,3409600,38.31
