"","SYK.Open","SYK.High","SYK.Low","SYK.Close","SYK.Volume","SYK.Adjusted"
"2007-01-03",55.55,55.75,54.89,55.12,1236200,50.99
"2007-01-04",55.01,55.69,55.01,55.6,1375000,51.43
"2007-01-05",55.6,55.93,55.32,55.83,1794200,51.64
"2007-01-08",56.13,56.78,55.85,56.09,1754600,51.88
"2007-01-09",56.33,56.96,56.21,56.87,1634200,52.61
"2007-01-10",56.83,57.64,56.3,57.64,1992000,53.32
"2007-01-11",57.64,59.02,57.63,58.95,3164000,54.53
"2007-01-12",59,59.34,58.43,58.77,3848200,54.36
"2007-01-16",58.51,59,58.5,58.77,2072000,54.36
"2007-01-17",58.85,58.96,58.46,58.49,1926500,54.1
"2007-01-18",58.73,59.18,58.43,59,2215200,54.58
"2007-01-19",58.8,59,58.02,58.95,1920900,54.53
"2007-01-22",59,59.01,58.24,58.24,1253600,53.87
"2007-01-23",58.1,58.38,57.66,58.3,1327100,53.93
"2007-01-24",58.05,58.86,57.85,58.78,1173700,54.37
"2007-01-25",58.62,59.12,58.12,58.84,1662300,54.43
"2007-01-26",59.4,60.95,59.06,60.81,3263100,56.25
"2007-01-29",60.82,62.17,60.72,61.78,3242100,57.15
"2007-01-30",61.01,62.3,61,61.86,2030500,57.22
"2007-01-31",61.95,62.37,61.34,61.94,1597400,57.29
"2007-02-01",63.5,63.5,61.84,62.46,1708100,57.78
"2007-02-02",62.66,62.87,62.16,62.41,1104500,57.73
"2007-02-05",62.21,62.65,62.05,62.39,877900,57.71
"2007-02-06",62.49,62.54,61.95,61.95,1226200,57.3
"2007-02-07",62.15,62.42,61.7,62.4,1885400,57.72
"2007-02-08",62.4,62.97,61.72,62.51,1360100,57.82
"2007-02-09",62.34,62.81,61.74,62.11,1052100,57.45
"2007-02-12",62.21,62.5,61.89,61.94,824900,57.29
"2007-02-13",61.99,62.75,61.9,62.65,1062300,57.95
"2007-02-14",62.51,62.7,61.32,61.82,1759200,57.18
"2007-02-15",61.8,62.27,61.79,62.13,1149800,57.47
"2007-02-16",62.57,62.57,61.62,62.05,1143400,57.4
"2007-02-20",62.15,62.66,61.52,62.28,1484200,57.61
"2007-02-21",62.07,62.49,61.87,62.25,1816700,57.58
"2007-02-22",62.1,64.27,61.45,63.45,4443600,58.69
"2007-02-23",63.9,64.25,63.49,64.13,2451500,59.32
"2007-02-26",63.25,63.62,62.23,62.3,2238500,57.63
"2007-02-27",61.7,62.36,59.44,60.52,2388200,55.98
"2007-02-28",60.25,62.28,60,62.02,2875200,57.37
"2007-03-01",60.27,62,59.01,61.37,2919500,56.77
"2007-03-02",61.28,61.65,60.67,61,1679600,56.43
"2007-03-05",60.2,61.42,58.05,60.89,2091900,56.32
"2007-03-06",61.09,61.82,60.53,61.65,1279300,57.03
"2007-03-07",61.69,62.16,61.33,61.91,1189500,57.27
"2007-03-08",62.5,63.01,62.1,62.69,1594900,57.99
"2007-03-09",63.25,63.34,62.38,63.08,1292300,58.35
"2007-03-12",63.15,64.18,62.81,64.03,1377400,59.23
"2007-03-13",63.78,64.35,63.49,63.68,2009100,58.9
"2007-03-14",63.7,64.5,63.5,64.35,1662700,59.52
"2007-03-15",64.45,64.87,64.04,64.61,1301800,59.76
"2007-03-16",64.64,65.48,64.49,65.22,2180400,60.33
"2007-03-19",65.7,65.8,65.31,65.55,1084300,60.63
"2007-03-20",65.31,66.81,65.25,66.7,1538400,61.7
"2007-03-21",67,67.14,65.62,66.61,1771900,61.61
"2007-03-22",66.75,66.85,65.75,65.94,2511000,61
"2007-03-23",65.98,66.08,65.14,65.26,2738400,60.37
"2007-03-26",65.42,65.66,64.57,65.59,1498100,60.67
"2007-03-27",65.21,65.79,65,65.52,866600,60.61
"2007-03-28",65.25,65.99,65.02,65.68,791700,60.75
"2007-03-29",66.06,66.18,65.25,65.81,1023000,60.87
"2007-03-30",65.87,66.51,65.48,66.32,1288100,61.35
"2007-04-02",66.43,67.25,66.25,67.23,1065100,62.19
"2007-04-03",67.6,67.82,67.18,67.64,1383300,62.57
"2007-04-04",67.7,67.97,66.95,67.67,1018400,62.6
"2007-04-05",67.5,68.28,67.12,68.28,1129200,63.16
"2007-04-09",68.05,69,68.05,68.49,1156000,63.35
"2007-04-10",68.5,68.81,67.62,67.87,1383400,62.78
"2007-04-11",67.95,68.1,67.01,67.68,1414700,62.6
"2007-04-12",67.7,68.16,67.57,67.91,1022000,62.82
"2007-04-13",67.88,68.15,67.18,67.96,922600,62.86
"2007-04-16",68.14,68.96,68,68.96,1183600,63.79
"2007-04-17",69.04,70.26,68.93,70.06,1998200,64.81
"2007-04-18",70.06,70.06,68.93,69.1,1734300,63.92
"2007-04-19",68,68.7,63,66.01,6711600,61.06
"2007-04-20",66.95,67.29,65.27,66.82,2499400,61.81
"2007-04-23",66.65,67.1,66.39,66.83,1656600,61.82
"2007-04-24",67,67.09,66.18,66.76,2174700,61.75
"2007-04-25",66.74,66.93,66.21,66.72,1425400,61.72
"2007-04-26",66.61,66.68,65.86,66.08,1447700,61.12
"2007-04-27",65.67,66.28,65.41,65.42,1172800,60.51
"2007-04-30",65.64,65.64,64.51,64.94,1836700,60.07
"2007-05-01",65.27,65.6,64.63,65.23,2376600,60.34
"2007-05-02",65.3,65.45,64.85,65.15,1139500,60.26
"2007-05-03",65.45,65.47,64.73,65.09,1382100,60.21
"2007-05-04",65.73,66.27,65.17,65.86,1070700,60.92
"2007-05-07",66.05,66.34,65.65,65.96,844400,61.01
"2007-05-08",65.66,65.93,64.99,65.61,1046000,60.69
"2007-05-09",65.34,65.81,64.94,65.4,1213500,60.5
"2007-05-10",65.04,65.31,64.31,64.54,1263300,59.7
"2007-05-11",64.88,64.88,64.13,64.54,1131400,59.7
"2007-05-14",64.3,64.86,63.75,64.41,1227100,59.58
"2007-05-15",64.25,65.07,64.15,64.44,1117900,59.61
"2007-05-16",64.5,66.49,64.4,66.46,2258400,61.48
"2007-05-17",66.5,67.21,66.32,66.9,1724500,61.88
"2007-05-18",67.01,67.48,66.54,67.36,1344000,62.31
"2007-05-21",67.83,67.93,66.94,67.16,1341600,62.12
"2007-05-22",67.3,67.73,66.9,67.37,842900,62.32
"2007-05-23",67.76,68.28,67.22,67.32,687500,62.27
"2007-05-24",67.33,67.9,66.8,66.91,804500,61.89
"2007-05-25",66.99,67.19,66.5,66.97,661100,61.95
"2007-05-29",67,67.07,66.28,66.61,940900,61.61
"2007-05-30",66.45,67.02,66.08,67.02,810100,61.99
"2007-05-31",67.04,67.52,66.9,67.31,1069700,62.26
"2007-06-01",67.31,67.6,66.86,67.14,921500,62.11
"2007-06-04",66.94,67.85,66.94,67.67,1026100,62.6
"2007-06-05",67.62,67.62,66.94,67.3,1179400,62.25
"2007-06-06",66.9,67.2,66.11,66.58,1430900,61.59
"2007-06-07",66.26,66.46,64.91,65.04,1365200,60.16
"2007-06-08",64.95,65.48,64.53,65.27,1004800,60.38
"2007-06-11",65.34,65.95,65.05,65.39,926700,60.49
"2007-06-12",65.14,65.29,64.07,64.13,1187200,59.32
"2007-06-13",64.12,64.98,63.54,64.92,1009800,60.05
"2007-06-14",64.92,65.5,64.9,64.9,712200,60.03
"2007-06-15",65.4,66.5,65.24,66.36,1510500,61.38
"2007-06-18",66.1,67.03,65.8,66.47,925300,61.49
"2007-06-19",66.25,67.06,65.86,66.28,1226100,61.31
"2007-06-20",66.48,66.61,65.34,65.36,1093300,60.46
"2007-06-21",65.22,65.65,64.96,65.12,906200,60.24
"2007-06-22",64.95,65.06,63.08,63.53,2571500,58.77
"2007-06-25",63.2,64.17,62.95,63.16,1295100,58.42
"2007-06-26",63.33,64.27,63.19,63.97,1204500,59.17
"2007-06-27",63.72,64.4,63.55,64.37,1031000,59.54
"2007-06-28",61.08,64.31,60.86,63.75,2381800,58.97
"2007-06-29",64.03,64.04,62.78,63.09,1420300,58.36
"2007-07-02",63.05,63.5,62.9,63.46,1283000,58.7
"2007-07-03",63.7,63.97,63.45,63.95,537300,59.15
"2007-07-05",63.05,63.94,62.94,63.76,1280200,58.98
"2007-07-06",63.86,65.49,63.77,65.31,1689800,60.41
"2007-07-09",65.1,65.39,64.59,65.25,920700,60.36
"2007-07-10",64.6,65.03,64,64.07,1654800,59.27
"2007-07-11",64.07,65.21,64.07,65.21,1138600,60.32
"2007-07-12",65.39,66.57,64.98,66.57,1330400,61.58
"2007-07-13",66.34,66.73,65.45,66.6,1165200,61.61
"2007-07-16",66.86,67.85,66.75,67.49,1142400,62.43
"2007-07-17",67.33,68.9,67,67.53,1653200,62.47
"2007-07-18",67.63,67.76,66.79,67.32,1653200,62.27
"2007-07-19",67.32,67.89,67.1,67.59,1182500,62.52
"2007-07-20",67.5,68.45,66.62,67.16,2374500,62.12
"2007-07-23",67.31,68.16,66.91,66.97,1598900,61.95
"2007-07-24",67.07,67.49,66.38,66.51,1234400,61.52
"2007-07-25",66.57,66.65,65.35,66.02,1353600,61.07
"2007-07-26",65.48,65.49,63.51,64.36,2857100,59.53
"2007-07-27",64.47,64.49,62.83,63,3371400,58.28
"2007-07-30",62.79,64.25,61.85,64.25,2081000,59.43
"2007-07-31",64.09,64.23,62.43,62.43,2205600,57.75
"2007-08-01",62.64,63.46,62.22,63.14,2124400,58.4
"2007-08-02",63.09,63.92,62.69,63.68,2259000,58.9
"2007-08-03",63.6,63.97,62.43,62.43,1907900,57.75
"2007-08-06",62.91,65.5,62.85,65.14,2207700,60.26
"2007-08-07",64.56,67.22,64.36,66.62,2003500,61.62
"2007-08-08",66,68.9,65.95,68.9,1893900,63.73
"2007-08-09",68.88,70.11,67.56,67.56,2961300,62.49
"2007-08-10",67.74,68.63,65.85,66.08,1543700,61.12
"2007-08-13",66.17,66.38,64.52,65.36,1302800,60.46
"2007-08-14",65.4,65.75,64.13,64.13,1238100,59.32
"2007-08-15",64.13,65.23,64.07,64.41,1124100,59.58
"2007-08-16",63.88,65.16,63.51,64.91,2293100,60.04
"2007-08-17",66,67.34,64.5,67.27,2061000,62.23
"2007-08-20",67.42,67.85,66.42,66.86,848300,61.85
"2007-08-21",66.53,66.87,65.5,66.32,731300,61.35
"2007-08-22",66.92,67.34,66.38,67.29,824100,62.24
"2007-08-23",67.98,67.98,66.52,66.95,585100,61.93
"2007-08-24",67.05,67.34,66.75,67.19,687500,62.15
"2007-08-27",67.15,67.85,67.09,67.09,645900,62.06
"2007-08-28",66.86,67.37,65.69,65.75,1104200,60.82
"2007-08-29",66.17,66.8,65.59,66.75,632500,61.74
"2007-08-30",66.09,67.2,65.87,66.63,671200,61.63
"2007-08-31",67.27,67.5,66.43,66.8,739200,61.79
"2007-09-04",66.78,67.48,66.5,67.21,790500,62.17
"2007-09-05",66.89,67,66.39,66.63,750000,61.63
"2007-09-06",66.34,68.21,66.34,68.18,989400,63.07
"2007-09-07",67.62,68.41,67.16,67.28,1398300,62.23
"2007-09-10",67.7,67.94,66.88,67.54,655700,62.48
"2007-09-11",67.94,68.98,67.9,68.94,935800,63.77
"2007-09-12",68.61,69.46,68.61,68.87,822500,63.71
"2007-09-13",69.43,69.77,69.13,69.45,639400,64.24
"2007-09-14",69.17,70.49,69.15,70.09,956300,64.83
"2007-09-17",69.69,69.75,66.91,67.2,3164400,62.16
"2007-09-18",67.66,68.37,66.6,68.18,1803400,63.07
"2007-09-19",68.43,68.86,67.8,68.68,1989400,63.53
"2007-09-20",68.41,69.02,68.1,68.24,1523700,63.12
"2007-09-21",68.24,68.89,67.68,68.01,7678600,62.91
"2007-09-24",68.01,68.08,66.99,67.28,1732200,62.23
"2007-09-25",67.01,68.11,67.01,67.67,959700,62.6
"2007-09-26",67.86,68.15,67.57,67.9,879300,62.81
"2007-09-27",68.06,69.4,67.81,68.88,1340400,63.71
"2007-09-28",68.7,69.05,68.52,68.76,995300,63.6
"2007-10-01",69.25,70.13,68.94,70.13,982000,64.87
"2007-10-02",69.98,71.3,69.66,70.54,1893500,65.25
"2007-10-03",70.44,71.89,70.22,71.79,1560200,66.41
"2007-10-04",71.93,72.81,71.53,72.6,1488600,67.16
"2007-10-05",73,73.47,72.51,73.14,1833500,67.66
"2007-10-08",73.08,73.4,72.35,72.48,657600,67.04
"2007-10-09",72.88,73.47,72.67,73.47,660100,67.96
"2007-10-10",73.46,73.63,72.9,73.33,1257700,67.83
"2007-10-11",74.54,74.67,73.04,73.13,1297000,67.65
"2007-10-12",73.3,74.07,72.9,73.92,1380700,68.38
"2007-10-15",73.61,74.5,72.16,72.8,1182200,67.34
"2007-10-16",72.28,72.73,71.79,72.27,846100,66.85
"2007-10-17",72.91,73.48,71.82,72.19,1277500,66.78
"2007-10-18",72.58,74.5,72.48,74.5,1605300,68.91
"2007-10-19",74.1,74.27,71.88,71.88,1443600,66.49
"2007-10-22",71.63,71.63,70.69,71.06,1225600,65.73
"2007-10-23",71.5,72,71.26,71.58,975500,66.21
"2007-10-24",71.13,71.73,70.45,71.51,971100,66.15
"2007-10-25",70.32,71.02,69.15,70.61,2934100,65.31
"2007-10-26",71.4,71.46,70.78,70.95,1156300,65.63
"2007-10-29",71.5,72.01,71.03,71.27,862500,65.93
"2007-10-30",71.12,71.64,70.76,70.91,717300,65.59
"2007-10-31",70.98,71.41,70.32,71,1273100,65.68
"2007-11-01",71.02,71.02,69.49,69.57,1278300,64.35
"2007-11-02",72.93,72.93,68.95,69.53,1133200,64.32
"2007-11-05",68.88,70.02,68.88,69.75,997200,64.52
"2007-11-06",69.69,70.1,69.17,70,938000,64.75
"2007-11-07",69,69.35,67.61,67.65,1475900,62.58
"2007-11-08",67.71,68.75,67.71,68.7,1748000,63.55
"2007-11-09",67.93,70.53,67.93,70.04,1616200,64.79
"2007-11-12",70,70.46,69.57,70.05,1580300,64.8
"2007-11-13",70.78,70.95,69.33,70.87,1429800,65.56
"2007-11-14",71,71.5,70.72,70.78,1289100,65.47
"2007-11-15",70.45,71.69,70.45,70.82,1080900,65.51
"2007-11-16",71.32,71.55,69.62,69.87,1999900,64.63
"2007-11-19",69.29,70.5,69.29,70.16,1029300,64.9
"2007-11-20",70.41,72.65,70.37,71.87,2161900,66.48
"2007-11-21",71.14,72.05,70.23,70.28,1460300,65.01
"2007-11-23",70.6,70.87,70.03,70.64,464800,65.34
"2007-11-26",70.78,71.21,69.52,69.52,850000,64.31
"2007-11-27",69.94,71.59,69.94,71.51,1242800,66.15
"2007-11-28",71.9,72.93,71.05,72.79,1089500,67.33
"2007-11-29",72.41,72.7,71.75,72.23,679300,66.81
"2007-11-30",73,73.23,72.24,72.63,1201000,67.18
"2007-12-03",72.03,73.08,72.03,72.56,913500,67.12
"2007-12-04",72.27,73.5,71.7,72.9,965000,67.43
"2007-12-05",73.61,74.23,73.22,74.06,1145900,68.51
"2007-12-06",74.03,75,73.64,75,1019000,69.38
"2007-12-07",74.99,75.02,74.42,74.67,1048500,69.07
"2007-12-10",74.73,76.02,74.73,75.48,884300,69.82
"2007-12-11",75.13,75.58,73.85,73.91,867800,68.37
"2007-12-12",75.42,75.51,73.94,74.7,1263000,69.1
"2007-12-13",74.48,75.02,74.05,74.97,783700,69.35
"2007-12-14",74.86,75.2,74.21,74.27,804800,68.7
"2007-12-17",74.57,74.57,72.5,73.44,1874100,67.93
"2007-12-18",73.82,74.45,73.03,74.08,1192800,68.52
"2007-12-19",74.39,75.05,73.96,74.85,808900,69.24
"2007-12-20",74.92,75.59,74.71,75.26,1017500,69.62
"2007-12-21",76,76.8,75.1,76.21,1622700,70.49
"2007-12-24",76.89,76.89,75.8,76.16,635200,70.45
"2007-12-26",76.52,76.75,76.01,76.48,795200,70.74
"2007-12-27",76.26,76.65,75.35,75.35,632700,70
"2007-12-28",75.58,76.29,75.25,75.73,650100,70.35
"2007-12-31",75.63,75.73,74.6,74.72,746200,69.42
"2008-01-02",74.53,74.82,73.25,73.6,1001600,68.38
"2008-01-03",73.7,74.94,73.61,73.83,1061600,68.59
"2008-01-04",73.28,73.39,72.26,72.26,1218000,67.13
"2008-01-07",72.59,73.22,72.33,72.71,1901000,67.55
"2008-01-08",73,73.6,72.12,72.4,1663700,67.26
"2008-01-09",72.24,72.67,70.56,70.95,2837500,65.91
"2008-01-10",70.36,70.56,68.75,69.64,3144000,64.7
"2008-01-11",68.93,72.47,68.93,72.1,3887100,66.98
"2008-01-14",72.82,72.9,71.7,72.46,1795600,67.32
"2008-01-15",70.3,72.66,70.3,71.11,3054100,66.06
"2008-01-16",70.66,70.66,68.9,69.75,4420300,64.8
"2008-01-17",70.63,70.67,68.55,68.62,3936200,63.75
"2008-01-18",68.96,69,65.33,65.86,4756500,61.19
"2008-01-22",62.24,65.86,58.86,64.75,3952700,60.15
"2008-01-23",64.21,66.91,63.1,66.69,3548200,61.96
"2008-01-24",68.75,71.25,67.77,68.35,3723000,63.5
"2008-01-25",69.12,69.12,66.31,66.42,1979300,61.71
"2008-01-28",66.49,66.83,65.65,66.37,1530200,61.66
"2008-01-29",67.98,68.46,66.91,67.45,1924800,62.66
"2008-01-30",67.29,67.72,66.59,66.67,1751400,61.94
"2008-01-31",66.14,67.23,65.25,66.97,1753200,62.22
"2008-02-01",67.12,68,66.56,67.88,1547600,63.06
"2008-02-04",67.9,68.27,67.43,67.58,959300,62.78
"2008-02-05",66.63,67.24,65.83,65.91,1197100,61.23
"2008-02-06",66.23,66.58,65.56,66.22,1305000,61.52
"2008-02-07",66.18,68.14,66,68.14,2194100,63.3
"2008-02-08",67.91,68.48,67.24,67.95,1747900,63.13
"2008-02-11",68,68.14,67.4,67.8,1793800,62.99
"2008-02-12",68.08,69.25,67.75,69.08,1391600,64.18
"2008-02-13",69.47,70.24,69.14,70.06,1589600,65.09
"2008-02-14",70.22,70.56,68.73,68.83,1683000,63.94
"2008-02-15",68.71,68.73,67.4,68.31,1418600,63.46
"2008-02-19",68.96,69.42,68.23,68.54,1096300,63.67
"2008-02-20",68.08,68.32,66.46,67.35,1709300,62.57
"2008-02-21",67.45,68.07,66.43,66.69,1402500,61.96
"2008-02-22",66.83,67.53,65.74,66.82,1348700,62.08
"2008-02-25",66.5,67.95,66.5,67.8,1263100,62.99
"2008-02-26",67.35,67.93,67,67.59,919600,62.79
"2008-02-27",67.06,67.39,66.27,66.34,1448700,61.63
"2008-02-28",66.26,66.67,65.54,66.04,943700,61.35
"2008-02-29",65.46,65.99,64.55,65.11,1917900,60.49
"2008-03-03",65.16,65.3,64.5,65.3,1190000,60.66
"2008-03-04",64.83,65.84,64.59,65.69,1224300,61.03
"2008-03-05",65.9,66.66,65.3,65.73,1324800,61.06
"2008-03-06",65.35,65.5,64.5,64.52,984300,59.94
"2008-03-07",64.17,64.3,62.63,62.72,2202100,58.27
"2008-03-10",62.8,62.88,59.6,59.74,4359900,55.5
"2008-03-11",60.95,62.39,59.5,61.21,2824800,56.87
"2008-03-12",61.36,62.36,60.83,61.13,2573000,56.79
"2008-03-13",60.41,60.41,58.45,60.03,2366700,55.77
"2008-03-14",60.35,61.45,59.97,60.78,2640100,56.47
"2008-03-17",60,61.01,58.5,60.46,2934600,56.17
"2008-03-18",61,62.8,60.15,62.78,3872000,58.32
"2008-03-19",63.21,64.66,62.06,62.06,2908800,57.65
"2008-03-20",62.38,64.21,62.25,64.21,2867100,59.65
"2008-03-24",64.86,64.99,64.15,64.85,1160300,60.25
"2008-03-25",65,65.92,64.81,65.5,1286600,60.85
"2008-03-26",65.29,65.52,63.67,64.12,1692600,59.57
"2008-03-27",64.66,65.73,62.9,65.23,1865600,60.6
"2008-03-28",65.18,66.31,64.58,64.75,1344800,60.15
"2008-03-31",64.85,65.33,64.29,65.05,880400,60.43
"2008-04-01",65.15,67.11,65.14,67.11,1680600,62.35
"2008-04-02",66.97,67.5,66.32,66.6,1787000,61.87
"2008-04-03",66.3,67.02,65.05,65.63,1652600,60.97
"2008-04-04",65.86,66.17,65.53,65.89,2039800,61.21
"2008-04-07",66.24,67.51,65.54,65.85,1839000,61.18
"2008-04-08",65.52,66.21,65.5,66.05,1217500,61.36
"2008-04-09",66.22,66.48,65.59,65.89,1134400,61.21
"2008-04-10",65.77,65.98,65.22,65.54,2323500,60.89
"2008-04-11",65.11,65.4,63.96,64.06,1646600,59.51
"2008-04-14",64.03,64.19,63.38,63.52,1723900,59.01
"2008-04-15",63.8,63.92,62.5,62.76,1517500,58.31
"2008-04-16",63.57,63.58,62.48,63.41,2122800,58.91
"2008-04-17",63.36,64.48,62.82,63.95,1828400,59.41
"2008-04-18",65.79,66.46,64.85,65.3,3018600,60.66
"2008-04-21",64.82,66.54,64.82,65.03,1492800,60.41
"2008-04-22",64.09,64.5,63.31,63.86,1416100,59.33
"2008-04-23",63.98,65.25,63.76,64.86,1315100,60.26
"2008-04-24",64.73,64.73,63.64,64.03,1399700,59.48
"2008-04-25",64.21,64.95,64.2,64.42,1648900,59.85
"2008-04-28",64.22,64.71,64.16,64.3,1688600,59.74
"2008-04-29",64.2,65.9,64.1,65.46,1308900,60.81
"2008-04-30",65.6,65.99,64.62,64.83,1260100,60.23
"2008-05-01",63.89,65.74,63.88,65.68,1035100,61.02
"2008-05-02",65.66,66.05,62.57,63.66,3660900,59.14
"2008-05-05",63.51,63.7,61.28,62.13,3239300,57.72
"2008-05-06",62.1,62.7,61.22,62.6,1821300,58.16
"2008-05-07",62.83,63.07,62.09,62.1,1231800,57.69
"2008-05-08",62.21,64.61,62.19,64.61,2359700,60.02
"2008-05-09",64.28,64.98,63.65,64.48,2070700,59.9
"2008-05-12",64.37,64.55,63.66,64.38,1424100,59.81
"2008-05-13",64.27,64.55,63.35,63.96,1584100,59.42
"2008-05-14",64.11,64.99,63.96,64.19,1961400,59.63
"2008-05-15",64.1,64.1,62.6,62.88,3292800,58.42
"2008-05-16",62.86,63.62,62.56,63.24,1307900,58.75
"2008-05-19",63.14,63.24,62.38,62.59,1231000,58.15
"2008-05-20",62.41,62.92,61.97,62.3,1013000,57.88
"2008-05-21",62.3,63.38,62.1,62.48,2098900,58.04
"2008-05-22",62.2,63.15,62.13,62.97,987400,58.5
"2008-05-23",62.8,62.86,62,62.12,1010900,57.71
"2008-05-27",62.07,62.92,62.07,62.65,904600,58.2
"2008-05-28",62.56,63.31,62.45,63.13,1770200,58.65
"2008-05-29",62.9,63.99,62.89,63.76,1179400,59.23
"2008-05-30",63.82,64.6,63.69,64.55,1224300,59.97
"2008-06-02",64.44,64.89,62.5,63.22,1396200,58.73
"2008-06-03",63.38,64.22,63.1,63.51,1339300,59
"2008-06-04",63.42,65.27,63.4,65.05,1663900,60.43
"2008-06-05",65.15,65.58,64.17,65.54,1528400,60.89
"2008-06-06",64.88,65.29,63.94,63.94,1299700,59.4
"2008-06-09",64.47,64.47,63.13,63.59,815800,59.08
"2008-06-10",63.3,64.26,63.22,63.83,899200,59.3
"2008-06-11",63.37,63.65,62.72,62.88,882700,58.42
"2008-06-12",63.31,63.87,62.89,63.21,1146900,58.72
"2008-06-13",63.75,64.51,63.51,64.51,1140100,59.93
"2008-06-16",63.92,64.71,63.35,64.54,1036400,59.96
"2008-06-17",64.66,64.74,64.22,64.31,817500,59.75
"2008-06-18",64.03,64.17,63.17,63.26,1027100,58.77
"2008-06-19",63.2,64.06,62.84,63.91,1063100,59.37
"2008-06-20",63.87,63.87,62.36,62.58,1899200,58.14
"2008-06-23",62.72,63,62.31,62.81,1358300,58.35
"2008-06-24",62.46,62.8,61.47,62.06,1477200,57.65
"2008-06-25",62.41,63.07,61.66,62.62,1071800,58.18
"2008-06-26",61.67,62.54,61.54,61.54,885600,57.17
"2008-06-27",61.49,62.59,61.27,62.26,1821800,57.84
"2008-06-30",62.23,63.77,62.12,62.88,1322800,58.42
"2008-07-01",62.29,62.72,61.65,62.47,1612000,58.04
"2008-07-02",62.57,63.64,62.49,62.56,884300,58.12
"2008-07-03",62.97,63.32,62.17,62.5,657300,58.06
"2008-07-07",62.64,62.96,61.5,62.08,1441700,57.67
"2008-07-08",61.81,63.52,61.81,63.34,2521400,58.84
"2008-07-09",63.47,65,63.47,64.32,1757600,59.75
"2008-07-10",64.11,65.98,63.88,65.91,2265000,61.23
"2008-07-11",65.28,66.24,64.51,65.64,2915100,60.98
"2008-07-14",66.33,66.33,64.93,65.36,1351500,60.72
"2008-07-15",65.53,67.46,65.17,67.1,2724900,62.34
"2008-07-16",66.91,68.55,66.71,68.49,2276500,63.63
"2008-07-17",68.82,69,67.38,68.41,2538800,63.55
"2008-07-18",65.82,65.95,63.83,65.45,5370200,60.8
"2008-07-21",65.77,66.94,64.3,64.56,1605400,59.98
"2008-07-22",64.68,66.09,64.6,66,2527300,61.32
"2008-07-23",65.14,65.15,64.04,64.42,1584200,59.85
"2008-07-24",64.55,65.02,64.09,64.6,1760200,60.01
"2008-07-25",64.73,65.25,64.41,64.89,1341700,60.28
"2008-07-28",65.04,65.04,63.69,63.69,947300,59.17
"2008-07-29",63.78,64.54,63.43,63.95,974500,59.41
"2008-07-30",64.11,65.11,63.94,64.7,1227900,60.11
"2008-07-31",64.39,65.22,64.07,64.19,1906700,59.63
"2008-08-01",63.97,64.73,62.98,62.98,2188400,58.51
"2008-08-04",63.05,64.16,62.84,64.03,1320900,59.48
"2008-08-05",64.6,65.76,64.15,65.76,1562900,61.09
"2008-08-06",65.76,66.33,64.54,65.86,1180100,61.19
"2008-08-07",65.53,66.29,65,65.26,1567200,60.63
"2008-08-08",65.45,67.34,65.11,67.19,1498000,62.42
"2008-08-11",67.06,68.24,66.83,67.08,1559100,62.32
"2008-08-12",67.05,67.15,66.42,66.53,1494900,61.81
"2008-08-13",66.49,67.06,66,66.54,1234000,61.82
"2008-08-14",66.23,67.37,65.71,66.6,928500,61.87
"2008-08-15",66.72,67.05,65.92,66.89,919300,62.14
"2008-08-18",66.94,68,66.93,67.3,1547400,62.52
"2008-08-19",67.07,67.62,66.99,67.2,1172500,62.43
"2008-08-20",67.52,67.52,66.46,66.84,3663300,62.1
"2008-08-21",66.31,67.45,66.01,67.2,1481900,62.43
"2008-08-22",67.42,68.58,66.78,68.27,1571000,63.42
"2008-08-25",67.85,68,67.19,67.26,1359100,62.49
"2008-08-26",67.25,67.59,66.81,67.4,1366700,62.62
"2008-08-27",67.41,67.57,66.81,67.27,1176100,62.49
"2008-08-28",67.49,68.1,67.38,68.1,1107400,63.27
"2008-08-29",67.77,68.48,67.19,67.19,1316700,62.42
"2008-09-02",67.74,68.99,67.04,67.19,1778500,62.42
"2008-09-03",67.18,67.89,66.69,67.42,2340300,62.63
"2008-09-04",67.49,67.49,65.62,65.76,1914800,61.09
"2008-09-05",65.58,65.58,64.4,65.08,1767500,60.46
"2008-09-08",66.25,67.25,65.5,67.19,2021700,62.42
"2008-09-09",67.38,68.22,66.72,66.72,2064800,61.98
"2008-09-10",66.87,66.91,64.66,64.91,2823900,60.3
"2008-09-11",64.69,65.01,63.5,64.79,2132600,60.19
"2008-09-12",64.53,64.62,63.78,63.99,2305300,59.45
"2008-09-15",63.07,64.24,62.57,63.13,2379500,58.65
"2008-09-16",62.55,63.66,61.94,63.29,1978000,58.8
"2008-09-17",62.26,63.48,61.56,61.56,2543400,57.19
"2008-09-18",62.26,64.31,61.12,63.38,3458600,58.88
"2008-09-19",63.8,65.4,61.31,63.8,3959400,59.27
"2008-09-22",63.37,64.46,63.08,63.59,1220600,59.08
"2008-09-23",63.86,65.36,63.39,63.67,2245300,59.15
"2008-09-24",63.74,64.52,63.48,63.96,1607100,59.42
"2008-09-25",64.28,65.35,63,64.45,1546900,59.88
"2008-09-26",63.72,64.72,63.46,64.31,1641000,59.75
"2008-09-29",63.67,64.29,60.5,61.35,2597300,57
"2008-09-30",62.48,62.67,61.17,62.3,2366100,57.88
"2008-10-01",62.11,63.26,61.58,62.7,1453700,58.25
"2008-10-02",62.68,62.99,61.46,61.51,1999200,57.14
"2008-10-03",62.26,62.92,60.7,60.87,1945200,56.55
"2008-10-06",59.79,59.99,55.06,57.18,4462100,53.12
"2008-10-07",57.75,59.21,56.86,56.86,3372200,52.82
"2008-10-08",54.99,57.36,53.96,55.24,2870500,51.32
"2008-10-09",55.65,56.14,51.84,51.84,3217600,48.16
"2008-10-10",49.6,55,47.8,51.12,5191500,47.49
"2008-10-13",52.9,58.53,52,58.53,2738200,54.38
"2008-10-14",60.18,62.48,58,59.91,3362100,55.66
"2008-10-15",59,59.39,53.29,53.33,3520700,49.54
"2008-10-16",53.74,55.25,50.8,54.75,3213800,50.86
"2008-10-17",52.93,53.89,50.81,52.19,5271000,48.49
"2008-10-20",52.79,53.62,51.69,53.62,1948700,49.81
"2008-10-21",53,53.29,51.3,51.39,1481300,47.74
"2008-10-22",50.94,50.97,48.49,49.42,2898800,45.91
"2008-10-23",48.01,49.58,45.92,48.41,3584600,44.97
"2008-10-24",46.1,48.42,45.37,47.62,2463200,44.24
"2008-10-27",46.93,49.61,45.87,48,3124400,44.59
"2008-10-28",49.07,51.59,48.25,51.43,3608300,47.78
"2008-10-29",51.42,52.96,49.98,50.58,1866800,46.99
"2008-10-30",51.56,53,50.76,52.54,1970500,48.81
"2008-10-31",52.48,54.22,52.44,53.46,1818400,49.67
"2008-11-03",53.77,54.33,53.02,54.07,1038100,50.23
"2008-11-04",54.99,56.22,54.39,55.18,1428800,51.26
"2008-11-05",54.55,55.66,52.81,53.01,1360700,49.25
"2008-11-06",52.8,53.02,50.95,51.1,2802500,47.47
"2008-11-07",51.08,51.24,50.25,50.9,3479300,47.29
"2008-11-10",51.72,52,49.02,49.52,2743300,46
"2008-11-11",49.41,50.08,48.07,49.12,2851400,45.63
"2008-11-12",48.33,49,47.45,47.96,2081200,44.56
"2008-11-13",48.14,48.14,43.6,47.7,6473900,44.31
"2008-11-14",47.25,47.73,44.51,44.59,3406700,41.42
"2008-11-17",44.4,44.57,43.29,43.66,3113700,40.56
"2008-11-18",43.5,43.5,40.6,40.83,5340200,37.93
"2008-11-19",40.91,42.11,38.83,38.83,6670400,36.07
"2008-11-20",38.64,39.45,36.19,36.48,5342900,33.89
"2008-11-21",36.08,37.75,35.38,37.39,5301000,34.74
"2008-11-24",37.93,39.5,37.48,38.84,3880100,36.08
"2008-11-25",39.61,40.39,36.79,37.6,4232300,34.93
"2008-11-26",36.99,38.6,36.99,38.55,2135300,35.81
"2008-11-28",38.45,40.55,38.34,38.92,842000,36.16
"2008-12-01",38.74,38.74,36.84,36.84,2154300,34.22
"2008-12-02",37.45,38.33,36.7,38.13,1991400,35.42
"2008-12-03",37.12,37.98,36.1,37.69,3061300,35.01
"2008-12-04",37.25,38.06,36.36,36.88,2375400,34.26
"2008-12-05",36.91,39.08,36.31,38.9,2498000,36.14
"2008-12-08",39.66,42.16,39.66,41.53,4191600,38.58
"2008-12-09",41.24,41.6,39.65,39.84,3090900,37.01
"2008-12-10",40.32,40.89,39.89,40.54,2426400,37.66
"2008-12-11",40.29,41.83,39.86,40.27,2044900,37.41
"2008-12-12",39.35,40.45,39.2,40,2840300,37.16
"2008-12-15",40.14,40.33,38.83,39.35,1697500,36.56
"2008-12-16",39.95,41.06,39.79,40.91,2569200,38.01
"2008-12-17",40.4,40.72,39.52,39.63,3337600,36.82
"2008-12-18",39.84,41.3,39.67,40.06,2816200,37.22
"2008-12-19",39.11,40.35,38.76,39.02,4678000,36.25
"2008-12-22",40.51,40.89,38.84,39.91,2778900,37.08
"2008-12-23",40.66,40.8,39.79,39.89,2373200,37.06
"2008-12-24",39.55,40.39,39.55,40.05,962300,37.21
"2008-12-26",40,40.45,39.56,39.82,995500,36.99
"2008-12-29",39.95,40,38.77,39.35,1803400,36.93
"2008-12-30",39,39.65,38.82,39.4,1966300,36.97
"2008-12-31",39.54,40.45,39.54,39.95,2453100,37.49
"2009-01-02",40.47,41.66,39.83,41.31,2331100,38.77
"2009-01-05",41.19,41.25,40.4,40.78,2131600,38.27
"2009-01-06",40.26,40.47,38.37,38.77,5170300,36.38
"2009-01-07",38.31,38.9,38,38.38,2589900,36.02
"2009-01-08",38.18,38.66,36.96,38.58,2972200,36.21
"2009-01-09",40.39,42.29,40.05,40.96,7374300,38.44
"2009-01-12",41.27,41.3,39.73,39.99,2806900,37.53
"2009-01-13",39.97,40.9,39.97,40.46,2070000,37.97
"2009-01-14",40.43,41.83,40,41.4,4423800,38.85
"2009-01-15",41.34,41.57,40,40.92,3119600,38.4
"2009-01-16",41.36,41.95,40.18,41.02,2794500,38.49
"2009-01-20",41.24,41.55,39.46,39.7,2477200,37.26
"2009-01-21",40.33,40.8,39.35,40.75,2258900,38.24
"2009-01-22",40.18,40.74,39.8,40.57,2385700,38.07
"2009-01-23",40.15,40.31,39.07,39.44,2394500,37.01
"2009-01-26",39.18,40.56,38.72,39.56,3495800,37.12
"2009-01-27",39.96,41.53,39.54,41.05,3896400,38.52
"2009-01-28",42.53,44.47,42.08,43.24,5111900,40.58
"2009-01-29",41.94,42.48,41.33,41.82,4008100,39.25
"2009-01-30",41.8,42.67,41.8,42.24,3084400,39.64
"2009-02-02",42.01,42.18,41.47,41.8,1591700,39.23
"2009-02-03",41.78,42.3,40.9,42.04,2149200,39.45
"2009-02-04",42.24,43,41.94,42.12,2022100,39.53
"2009-02-05",41.92,42.16,41.3,42,3365900,39.41
"2009-02-06",42.1,43.3,42,42.98,2008700,40.33
"2009-02-09",43.02,43.02,41.7,42,2076100,39.41
"2009-02-10",41.76,42,40.8,41.33,2573800,38.79
"2009-02-11",41.61,42.33,41.28,42.17,2247200,39.57
"2009-02-12",41.38,43.12,41.24,43.12,3107000,40.47
"2009-02-13",42.98,43.53,42.78,43.19,2378000,40.53
"2009-02-17",42.29,42.99,41.46,41.72,3477400,39.15
"2009-02-18",42.05,42.2,41.48,41.87,1943500,39.29
"2009-02-19",41.75,42.1,40.84,40.96,2868300,38.44
"2009-02-20",40.45,40.58,39.54,40.03,4294700,37.57
"2009-02-23",40.33,40.58,39.14,39.21,3259900,36.8
"2009-02-24",39.38,39.81,38.4,39.14,3499500,36.73
"2009-02-25",38.15,39.66,38.15,39.11,4252200,36.7
"2009-02-26",39.56,40,36.27,36.32,7826500,34.08
"2009-02-27",36,36.25,33.67,33.67,6828700,31.6
"2009-03-02",32.97,33.46,32.19,32.76,7273100,30.74
"2009-03-03",33.05,33.8,32.17,33.32,6016000,31.27
"2009-03-04",33.69,34.87,33.04,34.33,5356200,32.22
"2009-03-05",34.04,34.04,32,32.26,4998900,30.27
"2009-03-06",32.07,32.43,31.15,32.01,4222100,30.04
"2009-03-09",31.51,32.33,30.96,31.19,2912600,29.27
"2009-03-10",31.58,32.39,31.24,32.13,5309300,30.15
"2009-03-11",31.35,32.34,31.25,31.34,3961400,29.41
"2009-03-12",31.42,32.97,31.32,32.81,3268400,30.79
"2009-03-13",33.06,33.93,32.55,33.81,2419100,31.73
"2009-03-16",33.99,34.59,33.4,33.51,2335300,31.45
"2009-03-17",33.47,33.59,32.87,33.52,1661700,31.46
"2009-03-18",33.3,33.6,32.77,33.2,3022500,31.16
"2009-03-19",33.57,33.57,31.36,31.5,4177100,29.56
"2009-03-20",31.21,32.16,30.82,31.53,4153300,29.59
"2009-03-23",32.09,32.59,31.54,32.59,2772500,30.58
"2009-03-24",32.31,33.55,32.03,32.86,4833700,30.84
"2009-03-25",33.4,34.36,32.88,33.58,3927800,31.51
"2009-03-26",34.37,34.96,33.63,34.95,3067300,32.8
"2009-03-27",34.98,34.98,34.12,34.35,1812300,32.24
"2009-03-30",34.25,34.28,33.16,33.45,2272500,31.39
"2009-03-31",33.77,34.57,33.54,34.04,2640300,31.94
"2009-04-01",33.55,33.89,32.34,33.08,3272100,31.04
"2009-04-02",33.69,34.5,33.49,34.05,2904700,31.95
"2009-04-03",34.14,34.28,32.8,33.29,2365400,31.24
"2009-04-06",33.27,34.02,33.02,33.72,3176000,31.64
"2009-04-07",33.32,33.45,32.94,33.12,2279800,31.08
"2009-04-08",33.3,34.61,33.3,34.36,3348100,32.24
"2009-04-09",34.97,35.42,34.49,34.75,2903900,32.61
"2009-04-13",34.9,35.48,34.47,35.35,2126400,33.17
"2009-04-14",35.22,36.65,35.1,36.19,3611800,33.96
"2009-04-15",36.11,36.51,35.71,36.42,2772700,34.18
"2009-04-16",36.8,37.21,36.41,37.03,2805800,34.75
"2009-04-17",37.19,38.05,37,37.94,3246100,35.6
"2009-04-20",38.67,38.67,36.89,37.42,3980300,35.12
"2009-04-21",36.97,37.42,36.33,37.42,4392500,35.12
"2009-04-22",37.06,37.9,36.42,37.47,3054500,35.16
"2009-04-23",37.74,37.74,36.79,37.45,3220900,35.14
"2009-04-24",37.42,38.76,37.21,38.53,2605700,36.16
"2009-04-27",38.37,39.12,38,38.68,2575900,36.3
"2009-04-28",38,38.41,37.59,37.86,2696200,35.53
"2009-04-29",38.31,39.04,37.96,38.65,2044100,36.27
"2009-04-30",39.07,39.59,38.24,38.71,2344200,36.33
"2009-05-01",38.78,38.95,37.87,38.25,1532500,35.9
"2009-05-04",38.59,39.81,38.59,39.57,2441400,37.13
"2009-05-05",39.5,40,39.5,39.89,1740200,37.43
"2009-05-06",40.12,40.62,39.66,40.34,2654100,37.86
"2009-05-07",40.56,41.32,40.45,40.79,2759300,38.28
"2009-05-08",40.93,41.61,40.82,41.55,1871000,38.99
"2009-05-11",40.99,41.37,40.59,41.06,1770800,38.53
"2009-05-12",40.5,41.5,39.72,40.28,3316000,37.8
"2009-05-13",39.75,39.93,38.9,39.03,2885500,36.63
"2009-05-14",38.86,39.5,38.78,39.25,2109100,36.83
"2009-05-15",39.23,39.48,38.77,38.99,2086800,36.59
"2009-05-18",39.06,39.48,38.54,39.41,1707700,36.98
"2009-05-19",39.17,39.8,39.17,39.3,1910900,36.88
"2009-05-20",39.59,40.23,39.2,39.71,2074700,37.27
"2009-05-21",39.31,39.35,38.31,38.75,2026700,36.36
"2009-05-22",38.75,38.98,38.22,38.24,3256200,35.89
"2009-05-26",38.2,39.1,37.61,38.78,2072800,36.39
"2009-05-27",38.97,38.97,37.9,37.99,2551400,35.65
"2009-05-28",38.18,38.29,37.16,37.56,2382100,35.25
"2009-05-29",37.64,38.45,37.33,38.44,2413500,36.07
"2009-06-01",38.98,39.35,38.76,39.15,1850000,36.74
"2009-06-02",39.34,40.93,39.03,40.68,2704000,38.18
"2009-06-03",40.63,41.31,40.1,41.08,3389100,38.55
"2009-06-04",41.19,41.19,39.89,40.44,2648500,37.95
"2009-06-05",40.56,40.87,40,40.48,1632300,37.99
"2009-06-08",40.25,40.49,39.38,40.02,1873400,37.56
"2009-06-09",40.26,40.78,40,40.63,2065400,38.13
"2009-06-10",40.81,40.81,40.22,40.48,1557300,37.99
"2009-06-11",40.46,41.25,40.31,40.58,1985100,38.08
"2009-06-12",40.33,41.1,40.25,40.8,1616200,38.29
"2009-06-15",40.51,40.51,39.11,39.35,2086400,36.93
"2009-06-16",39.4,39.94,38.75,38.75,2807600,36.36
"2009-06-17",38.75,39.46,38.75,39,2263100,36.6
"2009-06-18",39.12,40.66,39,40.27,2887400,37.79
"2009-06-19",40.64,40.72,40.23,40.32,2416700,37.84
"2009-06-22",40.06,40.61,39.54,40.03,2106400,37.57
"2009-06-23",40.26,40.7,39.88,40.32,1719000,37.84
"2009-06-24",40.48,40.72,39.73,40.16,2427600,37.69
"2009-06-25",39.96,41.73,39.78,41.16,2899100,38.63
"2009-06-26",41.07,41.29,40.71,40.85,4479000,38.34
"2009-06-29",41,41.15,39.94,40.12,4379300,37.65
"2009-06-30",40.15,40.35,39.41,39.74,2443300,37.29
"2009-07-01",40,40.02,39.37,39.75,2165100,37.3
"2009-07-02",39.43,39.65,38.46,38.46,1957400,36.09
"2009-07-06",38.35,39.27,38.26,38.98,1427600,36.58
"2009-07-07",38.99,38.99,38.1,38.12,1740400,35.77
"2009-07-08",38.35,38.35,37.51,37.76,1727800,35.44
"2009-07-09",38.77,38.99,37.14,37.39,2204000,35.09
"2009-07-10",37.25,37.75,37.24,37.47,2000600,35.16
"2009-07-13",37.65,38.81,37.28,38.55,2426000,36.18
"2009-07-14",38.67,38.67,38.03,38.26,2358200,35.9
"2009-07-15",38.53,39.08,38.34,39.07,2052600,36.66
"2009-07-16",39.08,40.26,38.81,40.08,2260000,37.61
"2009-07-17",40.09,40.09,39.15,39.37,2165900,36.95
"2009-07-20",39.61,39.7,39.08,39.53,1903600,37.1
"2009-07-21",39.85,40.26,39.09,39.64,2953100,37.2
"2009-07-22",39.38,39.56,38.59,38.7,3626300,36.32
"2009-07-23",38.63,40.22,38.51,39.38,3062400,36.96
"2009-07-24",39.26,39.66,39.07,39.56,2822500,37.12
"2009-07-27",39.57,39.86,39.03,39.19,2466600,36.78
"2009-07-28",39.18,39.57,38.81,39,3579400,36.6
"2009-07-29",38.83,38.94,37.39,38.73,3015800,36.35
"2009-07-30",39.15,39.7,38.75,39.14,2321000,36.73
"2009-07-31",38.95,39.63,38.85,38.88,2100100,36.49
"2009-08-03",39.24,39.6,38.71,39.44,2794400,37.01
"2009-08-04",39.27,40.84,39.27,40.84,3390900,38.33
"2009-08-05",40.93,41,40.08,40.15,3508300,37.68
"2009-08-06",40.1,40.37,39.85,40.21,1923500,37.73
"2009-08-07",40.44,40.76,40.17,40.21,1854500,37.73
"2009-08-10",40.21,41.17,40.01,41.1,1521800,38.57
"2009-08-11",41.02,41.31,40.81,40.94,1803300,38.42
"2009-08-12",40.94,41.22,40.4,40.69,1636600,38.19
"2009-08-13",40.74,40.74,39.96,40.21,2490600,37.73
"2009-08-14",40.17,40.61,39.8,40.16,2225600,37.69
"2009-08-17",39.99,40.19,39.65,39.75,1520900,37.3
"2009-08-18",39.84,39.86,39.5,39.77,1798800,37.32
"2009-08-19",39.56,40.11,39.4,39.91,2005300,37.45
"2009-08-20",40.14,41.27,39.73,41.04,2571200,38.51
"2009-08-21",41.47,41.95,41.14,41.76,1943000,39.19
"2009-08-24",41.61,42,41.17,41.56,1895200,39
"2009-08-25",41.61,41.92,41.05,41.1,2334400,38.57
"2009-08-26",41.05,41.81,41.01,41.45,1804500,38.9
"2009-08-27",41.32,41.58,40.98,41.42,1066900,38.87
"2009-08-28",41.42,41.48,40.89,41.09,1919400,38.56
"2009-08-31",40.88,41.46,40.78,41.46,3085400,38.91
"2009-09-01",41.42,42.31,41.06,41.3,2705900,38.76
"2009-09-02",41.06,41.49,41.04,41.38,2604200,38.83
"2009-09-03",41.45,42.5,41.17,42.47,2933800,39.86
"2009-09-04",42.41,43.87,42.41,43.47,3186700,40.79
"2009-09-08",43.52,43.69,43.13,43.35,2305900,40.68
"2009-09-09",44.48,45.5,44.37,45.2,3624400,42.42
"2009-09-10",45.39,45.94,45.03,45.84,2467600,43.02
"2009-09-11",45.92,46.22,45.58,46.02,2851900,43.19
"2009-09-14",46.14,46.82,45.6,46.82,2836700,43.94
"2009-09-15",46.79,47.68,46.62,47.58,3915800,44.65
"2009-09-16",47.55,47.74,47.01,47.68,3503900,44.74
"2009-09-17",47.38,47.69,47.06,47.69,3818600,44.75
"2009-09-18",47.63,48.1,47.16,47.16,10709000,44.26
"2009-09-21",47.29,47.8,46.82,47.1,3056900,44.2
"2009-09-22",47.12,47.22,46.43,46.65,2276800,43.78
"2009-09-23",45.83,46.66,44.69,45.92,3715300,43.09
"2009-09-24",45.92,45.95,45.14,45.5,1942200,42.7
"2009-09-25",45.32,45.84,45.15,45.17,1719300,42.39
"2009-09-28",45.23,46.15,45.01,45.94,1788100,43.11
"2009-09-29",45.93,46.1,45.44,45.63,2134600,42.82
"2009-09-30",45.67,45.85,45,45.43,2797100,42.63
"2009-10-01",45.08,45.19,44.2,44.23,2003000,41.51
"2009-10-02",44.04,44.26,43.49,43.93,1593200,41.23
"2009-10-05",43.99,44.62,43.52,44.54,1428500,41.8
"2009-10-06",44.14,44.92,42.74,44.63,4114800,41.88
"2009-10-07",44.18,44.73,44.02,44.61,1929400,41.86
"2009-10-08",44.5,45.2,44.5,44.62,1908000,41.87
"2009-10-09",44.72,45.75,44.48,45.52,2234100,42.72
"2009-10-12",45.42,45.94,45.16,45.4,1228000,42.61
"2009-10-13",45.25,45.54,45.17,45.34,1029500,42.55
"2009-10-14",45.52,46.01,45.46,45.92,1452000,43.09
"2009-10-15",45.75,46.15,45.6,46.15,1644500,43.31
"2009-10-16",45.66,45.91,45.23,45.36,2218100,42.57
"2009-10-19",45.51,46.27,45.22,46.15,1462100,43.31
"2009-10-20",46.08,46.08,44.73,45.28,3283700,42.49
"2009-10-21",47.18,49.5,46.9,47.99,8404400,45.04
"2009-10-22",48.25,49.2,47.71,48.95,3120400,45.94
"2009-10-23",49.05,49.13,47.86,48.03,2142700,45.07
"2009-10-26",48.14,49.05,47.62,47.92,1929500,44.97
"2009-10-27",47.87,48.38,47.41,48.02,1754400,45.06
"2009-10-28",47.89,48.19,45.36,46,6186200,43.17
"2009-10-29",46.5,47.76,46.42,47.24,4451900,44.33
"2009-10-30",47.19,47.24,45.81,46,3199900,43.17
"2009-11-02",46.36,47.01,46.16,46.9,2369600,44.01
"2009-11-03",46.73,47.01,46.26,46.58,1564100,43.71
"2009-11-04",46.99,47.17,46.56,46.73,1412400,43.85
"2009-11-05",46.93,47.87,46.9,47.79,1137300,44.85
"2009-11-06",47.57,47.87,47.14,47.43,1127800,44.51
"2009-11-09",47.71,48.47,47.27,48.47,1279700,45.49
"2009-11-10",48.45,48.94,48.36,48.81,1172300,45.81
"2009-11-11",49.04,49.7,48.84,49.38,1670700,46.34
"2009-11-12",49.5,49.78,49.05,49.25,1672900,46.22
"2009-11-13",49.13,49.33,48.84,49.16,1205700,46.13
"2009-11-16",49.35,49.62,49.12,49.41,1102100,46.46
"2009-11-17",49.32,49.48,48.99,49.34,802300,46.4
"2009-11-18",49.22,49.49,49.04,49.23,778500,46.29
"2009-11-19",48.91,48.94,48.33,48.82,998100,45.91
"2009-11-20",48.79,48.84,48.05,48.73,1427500,45.82
"2009-11-23",48.88,49.83,48.77,49.52,1014700,46.57
"2009-11-24",49.54,50.1,49.4,50,1913500,47.02
"2009-11-25",49.95,50.52,49.75,50.39,1024500,47.38
"2009-11-27",49.34,49.96,49.07,49.69,475400,46.73
"2009-11-30",51.13,51.32,49.75,50.4,2435600,47.39
"2009-12-01",50.54,51.05,50.4,50.76,1554300,47.73
"2009-12-02",50.87,51.31,50.81,51.24,2264500,48.18
"2009-12-03",51.5,52.62,51.32,51.9,2907500,48.8
"2009-12-04",52.11,52.62,51.39,51.81,1840900,48.72
"2009-12-07",51.91,52.23,51.5,51.71,1526300,48.63
"2009-12-08",51.53,51.53,50.9,51.43,1211600,48.36
"2009-12-09",51.26,51.51,50.4,50.83,2253300,47.8
"2009-12-10",51.18,52.03,50.98,51.41,2303200,48.34
"2009-12-11",51.52,51.65,51.08,51.26,1426800,48.2
"2009-12-14",51.44,52.15,51.44,51.98,1883800,48.88
"2009-12-15",51.78,52.39,51.63,51.95,1331200,48.85
"2009-12-16",51.89,52.66,51.77,52.2,2261300,49.09
"2009-12-17",51.91,52.13,50.4,50.68,1898500,47.66
"2009-12-18",50.86,50.94,50.01,50.5,2457000,47.49
"2009-12-21",50.9,51.48,50.76,51.04,1346100,48
"2009-12-22",50.82,51.26,50.5,51.04,1438000,48
"2009-12-23",50.92,51.29,50.74,50.91,1725000,47.87
"2009-12-24",50.8,51.31,50.8,51.13,473900,48.08
"2009-12-28",51.32,51.36,50.81,51.17,1004700,48.26
"2009-12-29",51.06,51.3,50.74,50.95,2339700,48.05
"2009-12-30",50.86,50.97,50.47,50.79,2320600,47.9
"2009-12-31",50.7,50.96,50.37,50.37,1115200,47.51
"2010-01-04",51.28,52.27,50.83,52.16,3982800,49.19
"2010-01-05",52.33,52.69,51.93,52.65,2238300,49.66
"2010-01-06",52.66,53.53,52.5,53.46,3250400,50.42
"2010-01-07",53.35,55.36,53.35,55.25,4095500,52.11
"2010-01-08",55.68,56.12,55.21,55.42,3535500,52.27
"2010-01-11",55.76,55.85,54.98,55.25,2164800,52.11
"2010-01-12",54.7,55.38,54.38,55.21,2884700,52.07
"2010-01-13",55.15,55.64,55.02,55.47,1770600,52.32
"2010-01-14",55.53,56.12,55.41,56.02,1627200,52.83
"2010-01-15",55.98,56.04,55.43,56.03,2935500,52.84
"2010-01-19",56.23,57.39,56.23,56.96,2577700,53.72
"2010-01-20",56.82,57.37,55.59,55.93,2593100,52.75
"2010-01-21",55.84,55.97,54.5,54.73,2411000,51.62
"2010-01-22",54.45,55.19,53.98,54.04,2588900,50.97
"2010-01-25",54.27,54.88,53.81,54.44,2314000,51.34
"2010-01-26",54.3,55.04,53.9,54.56,2183300,51.46
"2010-01-27",53.61,53.97,51.73,52.91,4063900,49.9
"2010-01-28",52.96,53.2,51.77,52.19,3360100,49.22
"2010-01-29",52.43,52.57,51.6,51.92,3632400,48.97
"2010-02-01",52.22,52.22,51.6,52.2,1323800,49.23
"2010-02-02",52.34,53.29,52.06,53.15,2113600,50.13
"2010-02-03",53.02,53.02,52.42,52.54,1353700,49.55
"2010-02-04",52.15,52.19,51.07,51.09,4333900,48.18
"2010-02-05",50.99,51.23,49.85,51.06,3187300,48.16
"2010-02-08",51.14,51.98,50.93,51.43,2219000,48.5
"2010-02-09",51.96,52.45,51.53,51.91,1910200,48.96
"2010-02-10",51.93,52.1,51.29,51.62,1461600,48.68
"2010-02-11",51.42,52.39,51.15,52.17,1778500,49.2
"2010-02-12",51.66,52.26,51.37,52.06,1657600,49.1
"2010-02-16",52.25,52.81,52.06,52.8,1362300,49.8
"2010-02-17",53,53.22,52.8,53.07,1117900,50.05
"2010-02-18",53,53.34,52.8,53.24,1074800,50.21
"2010-02-19",52.97,53.43,52.81,53.16,1227100,50.14
"2010-02-22",53.36,53.45,52.96,53.09,1255300,50.07
"2010-02-23",52.91,53.07,52.45,52.62,1249300,49.63
"2010-02-24",52.93,52.95,52.47,52.89,1094700,49.88
"2010-02-25",52.07,52.85,51.84,52.84,1332700,49.83
"2010-02-26",52.98,53.43,52.75,53.1,1213900,50.08
"2010-03-01",53.32,54.08,53.29,53.82,1031000,50.76
"2010-03-02",53.94,54.77,53.92,54.46,1092100,51.36
"2010-03-03",54.56,54.78,54.06,54.11,1447800,51.03
"2010-03-04",54.01,54.19,53.79,54.05,1256500,50.98
"2010-03-05",54.23,55.04,54.21,55.04,2263400,51.91
"2010-03-08",55.1,55.24,54.95,55.05,1357300,51.92
"2010-03-09",54.93,55.07,54.78,55,1329800,51.87
"2010-03-10",54.94,55.4,54.69,55.29,1566300,52.15
"2010-03-11",55.2,55.79,54.78,55.73,2422700,52.56
"2010-03-12",55.75,55.75,54.47,55.23,2085600,52.09
"2010-03-15",55.36,55.47,54.98,55.42,1033500,52.27
"2010-03-16",55.55,55.55,55.06,55.43,1059200,52.28
"2010-03-17",55.44,56.27,55.33,56.27,2233000,53.07
"2010-03-18",56.07,56.67,56.02,56.66,1597100,53.44
"2010-03-19",56.9,57.09,56.21,56.64,1804100,53.42
"2010-03-22",56.21,57.25,56.21,56.85,1847500,53.62
"2010-03-23",56.87,57.01,56.21,57,1365300,53.76
"2010-03-24",57.89,58.24,57.38,57.96,2681700,54.66
"2010-03-25",58.31,58.49,57.68,57.68,1713400,54.4
"2010-03-26",57.67,57.68,56.66,56.71,1950700,53.62
"2010-03-29",56.83,57.27,56.76,57.18,1123600,54.07
"2010-03-30",57.33,57.62,57.05,57.51,1088000,54.38
"2010-03-31",57.24,57.6,56.82,57.22,1251000,54.11
"2010-04-01",57.59,57.74,57.31,57.65,859200,54.51
"2010-04-05",57.74,58.2,57.51,57.85,942200,54.7
"2010-04-06",57.79,57.9,57.5,57.78,875400,54.64
"2010-04-07",57.81,57.93,56.9,57.17,1416900,54.06
"2010-04-08",57.19,57.2,56.63,57.1,1087600,53.99
"2010-04-09",57.01,57.64,57.01,57.64,618800,54.5
"2010-04-12",57.64,57.95,57.32,57.64,1068500,54.5
"2010-04-13",57.13,57.56,56.87,57.18,1950800,54.07
"2010-04-14",57.21,57.83,56.87,57.71,1953300,54.57
"2010-04-15",58,58.37,57.51,58.09,1513400,54.93
"2010-04-16",58.05,58.25,56.84,57.24,1842500,54.13
"2010-04-19",57.03,57.51,57.03,57.47,1627800,54.34
"2010-04-20",57.71,58.72,57.55,58.45,2116500,55.27
"2010-04-21",57.92,58.44,57.35,57.93,1997600,54.78
"2010-04-22",57.37,57.82,56.76,57.72,1896300,54.58
"2010-04-23",57.76,59.01,57.15,58.89,3247900,55.69
"2010-04-26",59.13,59.72,58.71,58.81,2269200,55.61
"2010-04-27",58.73,58.93,57.45,57.54,2400400,54.41
"2010-04-28",57.52,58.35,57.31,58.08,1907600,54.92
"2010-04-29",58.36,58.98,58.33,58.6,1302400,55.41
"2010-04-30",58.85,58.93,57.4,57.44,2093600,54.31
"2010-05-03",57.6,58.37,57.22,58.12,2187900,54.96
"2010-05-04",58.68,58.78,56.92,57.45,3484700,54.32
"2010-05-05",56.75,57.41,56.75,57.22,2073000,54.11
"2010-05-06",56.91,57.28,53.85,56.25,4144300,53.19
"2010-05-07",56.12,56.12,53.74,54.12,4881200,51.17
"2010-05-10",56.42,56.87,55.56,56.86,2755400,53.77
"2010-05-11",56.3,57.18,56.09,56.75,1849300,53.66
"2010-05-12",56.96,57.22,56.45,57.22,1166700,54.11
"2010-05-13",57.01,57.99,57.01,57.47,1787000,54.34
"2010-05-14",57.71,57.71,55.65,56.46,3243900,53.39
"2010-05-17",56.39,56.89,55.74,56.56,2337500,53.48
"2010-05-18",57.2,57.27,55.87,55.91,1241100,52.87
"2010-05-19",55.66,56.38,55.04,55.72,2236200,52.69
"2010-05-20",55,55,53.31,53.88,4533600,50.95
"2010-05-21",53.23,53.9,52.18,52.7,5263400,49.83
"2010-05-24",52.58,53.73,52.3,53.18,2787700,50.29
"2010-05-25",52.02,52.62,51.22,52.59,2327300,49.73
"2010-05-26",53.04,53.37,52.15,52.19,2173800,49.35
"2010-05-27",52.79,53.53,52.53,53.47,1372900,50.56
"2010-05-28",53.34,53.73,52.94,53.03,1827000,50.14
"2010-06-01",52.6,53.34,52.34,52.42,1737300,49.57
"2010-06-02",52.54,53.71,52.19,53.71,1833900,50.79
"2010-06-03",53.91,54.35,53.62,54.03,1760700,51.09
"2010-06-04",53.39,53.39,51.8,51.97,2390700,49.14
"2010-06-07",51.98,52.17,50.58,50.62,3053600,47.87
"2010-06-08",50.71,50.94,49.91,50.56,2642000,47.81
"2010-06-09",50.85,51,49.24,49.48,4328200,46.79
"2010-06-10",50.14,50.25,48.76,49.36,4722700,46.67
"2010-06-11",49.01,50.6,49,50.59,4198800,47.84
"2010-06-14",50.75,51.27,50.44,50.45,2018900,47.7
"2010-06-15",50.83,51.72,50.68,51.72,2056200,48.91
"2010-06-16",51.31,52.38,51.27,52.23,2039600,49.39
"2010-06-17",52.22,52.23,51.56,52.04,1749600,49.21
"2010-06-18",51.85,52.1,51.59,51.82,2019800,49
"2010-06-21",52.24,52.47,51.25,51.58,1814100,48.77
"2010-06-22",51.73,52.1,50.93,50.94,1879700,48.17
"2010-06-23",51.23,51.43,50.17,51.14,2388800,48.36
"2010-06-24",51.07,51.16,50.03,50.2,2361300,47.47
"2010-06-25",50.26,50.51,49.75,50.1,3624600,47.37
"2010-06-28",49.8,51.44,49.62,51.04,2396700,48.41
"2010-06-29",50.51,50.77,49.73,50.16,2444400,47.57
"2010-06-30",49.99,50.74,49.74,50.06,1995800,47.48
"2010-07-01",49.8,49.89,48.61,49.76,2948200,47.19
"2010-07-02",49.84,50.23,49.42,49.88,1897000,47.31
"2010-07-06",50.2,50.87,49.91,50.42,1592000,47.82
"2010-07-07",50.54,52.27,50.5,52.25,1730000,49.56
"2010-07-08",52.62,52.67,51.72,52.48,2674700,49.77
"2010-07-09",52.42,52.6,52.09,52.38,962700,49.68
"2010-07-12",52.27,52.41,51.79,52.14,998200,49.45
"2010-07-13",52.43,53.25,52.38,53.12,1171400,50.38
"2010-07-14",53.01,53.29,52.71,53.05,1532700,50.31
"2010-07-15",53,53.1,52.08,52.56,1598900,49.85
"2010-07-16",52.38,52.56,51.03,51.2,1805800,48.56
"2010-07-19",51.28,51.75,50.8,51.53,1573700,48.87
"2010-07-20",50.58,51.38,49.23,51.29,3213900,48.64
"2010-07-21",49.18,49.75,46.58,46.75,8511500,44.34
"2010-07-22",47.15,47.41,46.37,47.13,5039000,44.7
"2010-07-23",47.09,48,46.91,47.83,3361900,45.36
"2010-07-26",48.02,48.02,46.98,47.16,3499000,44.73
"2010-07-27",47.36,47.67,47.24,47.49,2979800,45.04
"2010-07-28",47.34,47.53,46.71,46.85,2347000,44.43
"2010-07-29",47.06,47.4,45.85,46.15,2498600,43.77
"2010-07-30",45.8,46.72,45.52,46.57,1841200,44.17
"2010-08-02",47.06,47.9,46.91,47.59,2291000,45.14
"2010-08-03",47.04,48.24,47.04,47.76,1937000,45.3
"2010-08-04",47.83,48.26,47.65,47.92,1625200,45.45
"2010-08-05",47.77,48.06,47.37,48.06,3398400,45.58
"2010-08-06",47.46,47.97,47.12,47.97,1741300,45.5
"2010-08-09",48.04,48.25,47.63,48.07,1190100,45.59
"2010-08-10",47.74,47.85,47.34,47.63,1558600,45.17
"2010-08-11",47.1,47.1,46.4,46.62,2664900,44.22
"2010-08-12",45.96,46.84,45.96,46.67,1862700,44.26
"2010-08-13",46.75,46.85,46.38,46.57,1235800,44.17
"2010-08-16",46.33,46.63,46.04,46.49,1242300,44.09
"2010-08-17",46.86,47.75,46.27,46.69,3666500,44.28
"2010-08-18",46.57,47.33,45.9,46.86,1550600,44.44
"2010-08-19",46.58,46.64,45.64,45.86,1953200,43.49
"2010-08-20",45.55,45.94,45.16,45.81,2009300,43.45
"2010-08-23",46.01,46.7,46.01,46.14,2144600,43.76
"2010-08-24",45.56,45.56,43.13,43.2,5204900,40.97
"2010-08-25",42.85,43.49,42.74,43.12,3817200,40.9
"2010-08-26",43.16,43.27,42.86,42.88,2320500,40.67
"2010-08-27",42.93,44.16,42.86,44,2468600,41.73
"2010-08-30",44.05,44.05,43.53,43.55,2746000,41.3
"2010-08-31",43.2,43.39,42.87,43.19,2219000,40.96
"2010-09-01",43.51,44.77,43.51,44.64,2023300,42.34
"2010-09-02",44.94,46.6,44.79,45.72,4330000,43.36
"2010-09-03",46.08,46.28,45.32,46.09,2251000,43.71
"2010-09-07",45.81,46.41,45.67,45.98,1696200,43.61
"2010-09-08",46.05,46.05,45.29,45.48,2911800,43.13
"2010-09-09",45.89,46.17,45.55,46.12,2481000,43.74
"2010-09-10",46.23,46.8,45.78,46.67,2631600,44.26
"2010-09-13",46.99,47.59,46.73,47.3,2270500,44.86
"2010-09-14",47.31,48.82,46.62,48.4,4549400,45.9
"2010-09-15",48.18,48.73,47.68,48.69,3269300,46.18
"2010-09-16",49.04,49.04,48.38,48.74,3595600,46.23
"2010-09-17",48.87,49.18,48.02,48.03,11000200,45.55
"2010-09-20",48.24,48.81,48.2,48.74,2235000,46.23
"2010-09-21",48.8,48.97,48.39,48.51,2209500,46.01
"2010-09-22",48.47,48.75,47.84,48.02,2590200,45.54
"2010-09-23",47.74,48.45,47.54,47.93,1696000,45.46
"2010-09-24",48.31,49.71,48.25,49.7,2761800,47.14
"2010-09-27",49.83,49.83,49.05,49.15,2027800,46.61
"2010-09-28",49.03,50.22,48.59,50.11,3012500,47.67
"2010-09-29",49.76,50.54,49.45,50.24,3454900,47.79
"2010-09-30",50.3,50.88,49.91,50.05,2431900,47.61
"2010-10-01",50.26,50.4,49.36,50.01,2476000,47.58
"2010-10-04",49.85,50.29,49.11,49.37,1567800,46.97
"2010-10-05",49.87,50.98,49.8,50.57,2204900,48.11
"2010-10-06",50.56,50.8,50.28,50.45,1112000,47.99
"2010-10-07",50.64,50.64,49.17,49.78,3061300,47.36
"2010-10-08",49.76,50.1,49.47,49.68,2249900,47.26
"2010-10-11",49.64,50,49.38,49.79,1514100,47.37
"2010-10-12",49.51,49.67,48.13,49.05,6077300,46.66
"2010-10-13",49.19,49.45,48.76,49.29,2813700,46.89
"2010-10-14",49.31,49.63,48.55,48.83,2247500,46.45
"2010-10-15",49.12,49.41,48.35,49.04,2844200,46.65
"2010-10-18",49.3,50.65,49.3,50.51,3212700,48.05
"2010-10-19",48.69,50.41,48.61,50.07,5012500,47.63
"2010-10-20",52.83,53,50.03,50.57,5839700,48.11
"2010-10-21",50.82,51.42,50.69,51.32,3604800,48.82
"2010-10-22",51.31,51.42,50.5,50.59,1964500,48.13
"2010-10-25",50.84,51.49,50.8,51.27,1919500,48.77
"2010-10-26",50.96,51.35,50.47,51.23,2016400,48.74
"2010-10-27",50.84,50.95,50.05,50.9,1880000,48.42
"2010-10-28",49.15,50.79,48.7,50.2,3533800,47.76
"2010-10-29",50.19,50.19,49.29,49.49,3189300,47.08
"2010-11-01",49.63,49.88,48.98,49.31,2726500,46.91
"2010-11-02",49.74,50.21,49.55,49.9,1631100,47.47
"2010-11-03",50.01,51.49,50,51.25,4618600,48.76
"2010-11-04",51.72,52.15,51.5,51.76,2445900,49.24
"2010-11-05",51.61,52.76,51.58,52.43,2418200,49.88
"2010-11-08",52.05,52.3,51.8,52.09,1724000,49.55
"2010-11-09",52.27,52.72,51.95,52.17,2138200,49.63
"2010-11-10",51.82,52.17,51.36,52.12,2003100,49.58
"2010-11-11",51.38,52.41,51.37,52.19,2195000,49.65
"2010-11-12",51.7,52,51.37,51.59,1777600,49.08
"2010-11-15",51.65,51.99,51.24,51.42,2042000,48.92
"2010-11-16",51.04,51.26,50.5,50.7,1826800,48.23
"2010-11-17",50.6,50.91,50.48,50.57,1819100,48.11
"2010-11-18",51.05,51.67,50.75,51.39,1271100,48.89
"2010-11-19",51.41,51.72,51.28,51.64,1441700,49.13
"2010-11-22",51.34,51.58,50.7,51.39,1206600,48.89
"2010-11-23",50.88,51,50.57,50.88,1660900,48.4
"2010-11-24",50.65,51.47,50.02,51.3,1300000,48.8
"2010-11-26",51,51.57,50.82,51.46,893800,48.96
"2010-11-29",50.91,51,50.18,50.77,2132400,48.3
"2010-11-30",50.17,50.42,50.03,50.09,2244400,47.65
"2010-12-01",50.78,51.26,50.46,50.95,2621400,48.47
"2010-12-02",50.84,51.62,50.64,51.4,1344500,48.9
"2010-12-03",51.15,52.13,51.15,52.11,1544400,49.57
"2010-12-06",51.89,51.9,51.5,51.53,1288000,49.02
"2010-12-07",51.96,52.14,51.25,51.28,3498400,48.78
"2010-12-08",51.34,52.09,51.27,52.09,2188600,49.55
"2010-12-09",52.41,53.12,52.22,53,2657400,50.42
"2010-12-10",53.09,53.34,52.84,53,2560500,50.42
"2010-12-13",53.22,53.35,52.85,53.08,1651200,50.5
"2010-12-14",53.21,54.36,53.21,54.05,1477900,51.42
"2010-12-15",53.59,54.01,53.49,53.55,2673400,50.94
"2010-12-16",53.55,54.39,53.13,54.38,2385600,51.73
"2010-12-17",54.35,54.59,54.04,54.53,1897700,51.88
"2010-12-20",54.69,55,54.43,54.8,1454600,52.13
"2010-12-21",54.86,54.94,54.16,54.18,1247700,51.54
"2010-12-22",54.2,54.5,53.87,54.38,1294200,51.73
"2010-12-23",54.25,54.25,53.62,53.7,1294800,51.09
"2010-12-27",53.55,54.21,53.51,54.01,958800,51.38
"2010-12-28",53.99,54.2,53.66,54.05,748400,51.42
"2010-12-29",54.14,54.39,53.99,54.1,990300,51.64
"2010-12-30",54,54.18,53.82,54.08,751000,51.62
"2010-12-31",53.93,54.06,53.55,53.7,804200,51.26
"2011-01-03",53.93,54.82,53.56,54.58,1763900,52.1
"2011-01-04",54.47,54.7,53.97,54.36,1465600,51.89
"2011-01-05",54.06,54.74,53.87,54.66,1447800,52.17
"2011-01-06",54.5,54.88,53.67,54.64,2752700,52.15
"2011-01-07",54.58,54.63,53.5,54.32,2636500,51.85
"2011-01-10",54.11,54.77,54.06,54.7,1438500,52.21
"2011-01-11",57.37,58.69,56.86,58,6795300,55.36
"2011-01-12",58.42,58.46,57.66,57.81,2198300,55.18
"2011-01-13",57.67,57.95,57.4,57.65,1955900,55.03
"2011-01-14",57.64,57.89,57.4,57.82,1536200,55.19
"2011-01-18",57.67,58.47,57.67,58.39,2058100,55.73
"2011-01-19",58.33,58.86,57.35,57.58,2230600,54.96
"2011-01-20",57.62,57.96,57.03,57.2,2203800,54.6
"2011-01-21",57.89,58.61,57.58,57.65,3368300,55.03
"2011-01-24",57.64,58.15,57.47,57.6,1786000,54.98
"2011-01-25",57.54,58.43,57.3,58.37,2575900,55.71
"2011-01-26",58.21,58.31,57.11,57.35,2317400,54.74
"2011-01-27",57.97,58.89,57.9,58.11,3252900,55.47
"2011-01-28",58.28,58.31,57,57.2,2199100,54.6
"2011-01-31",57.42,57.62,56.82,57.56,1478500,54.94
"2011-02-01",58,58.64,57.72,58.54,1465300,55.88
"2011-02-02",58.32,58.55,58.04,58.2,1608900,55.55
"2011-02-03",58.2,58.42,57.69,58.41,1209400,55.75
"2011-02-04",58.56,58.64,58.1,58.51,992000,55.85
"2011-02-07",58.6,60.08,58.6,59.48,2070400,56.77
"2011-02-08",59.56,59.94,59.26,59.7,1980900,56.98
"2011-02-09",59.64,59.86,59,59.8,1539200,57.08
"2011-02-10",59.52,60.27,59.52,59.95,1687200,57.22
"2011-02-11",59.62,60.38,59.61,60.22,1487800,57.48
"2011-02-14",60.36,60.6,60.02,60.49,929400,57.74
"2011-02-15",60.29,60.33,59.95,60.26,1036200,57.52
"2011-02-16",60.54,61.55,60.26,61.03,1186100,58.25
"2011-02-17",60.95,61.11,60.59,60.78,1829700,58.01
"2011-02-18",60.9,63.06,60.53,63,3232500,60.13
"2011-02-22",62.32,62.85,61.57,61.92,2357500,59.1
"2011-02-23",62.59,62.83,61.46,61.76,2962500,58.95
"2011-02-24",61.61,62.82,61.13,61.56,2301700,58.76
"2011-02-25",61.55,63.07,61.51,63.06,1522700,60.19
"2011-02-28",62.8,63.42,62.62,63.26,2206400,60.38
"2011-03-01",63.26,63.45,62.24,62.47,2511800,59.63
"2011-03-02",62.51,63.11,62.2,63.06,1478900,60.19
"2011-03-03",63.4,64.57,63.14,64.56,2012400,61.62
"2011-03-04",64.26,64.48,63.14,63.67,2008400,60.77
"2011-03-07",63.98,64.4,62.88,63.31,2959100,60.43
"2011-03-08",63.8,65.21,63.17,65.07,2342400,62.11
"2011-03-09",64.66,65.05,63.94,64.36,2167500,61.43
"2011-03-10",63.85,63.85,62.68,62.92,2714700,60.06
"2011-03-11",63.01,63.18,62.58,63.02,1342500,60.15
"2011-03-14",63.02,63.13,62.05,62.34,1613000,59.5
"2011-03-15",60.73,61.75,60.19,61.41,2810700,58.62
"2011-03-16",61.17,61.66,60.01,60.34,1787400,57.59
"2011-03-17",61.11,61.56,60.4,60.59,1706600,57.83
"2011-03-18",61.37,62.32,61.3,61.52,4045900,58.72
"2011-03-21",62.17,62.28,61.92,62.03,1556100,59.21
"2011-03-22",62.16,62.25,61.65,61.74,1278400,58.93
"2011-03-23",61.65,61.65,60.46,61.35,1543300,58.56
"2011-03-24",61.47,61.66,60.47,61.19,2287600,58.41
"2011-03-25",61.23,61.28,60.77,61.12,1260000,58.34
"2011-03-28",61.35,61.35,60.71,60.71,1090300,57.95
"2011-03-29",60.55,61.12,60.22,61.09,1535300,58.48
"2011-03-30",61.39,61.47,60.69,60.76,1020600,58.17
"2011-03-31",60.71,60.97,60.61,60.8,2074200,58.21
"2011-04-01",60.89,61.42,60.76,60.9,1815100,58.3
"2011-04-04",61.09,61.58,60.93,61.49,1876400,58.87
"2011-04-05",61.25,61.33,60.49,60.52,1455700,57.94
"2011-04-06",61.06,61.07,60.12,60.26,1977000,57.69
"2011-04-07",60.25,60.53,59.79,59.85,2026100,57.3
"2011-04-08",60.16,60.38,59.4,59.71,1850700,57.16
"2011-04-11",59.81,60.31,59.79,60,1553400,57.44
"2011-04-12",59.43,59.92,59.19,59.69,2315400,57.14
"2011-04-13",59.94,60.29,59.51,59.84,1685700,57.29
"2011-04-14",59.51,60.08,59.41,59.87,1375900,57.32
"2011-04-15",60.09,61.03,60,60.7,2554000,58.11
"2011-04-18",60,60.25,59.66,60.01,1891300,57.45
"2011-04-19",60.12,61.48,60.12,61.1,3703400,58.49
"2011-04-20",60.47,60.47,58.19,58.41,4891400,55.92
"2011-04-21",58.55,58.97,58.44,58.51,2589100,56.01
"2011-04-25",58.39,58.5,57.86,58.02,2260500,55.54
"2011-04-26",58.44,58.5,58.07,58.33,2098800,55.84
"2011-04-27",58.56,58.56,58.13,58.39,2507700,55.9
"2011-04-28",58.33,59.27,58.28,59.18,3090500,56.66
"2011-04-29",59.32,59.35,58.93,59,1832600,56.48
"2011-05-02",59.1,59.39,58.79,59.24,3040700,56.71
"2011-05-03",59.18,59.49,59.16,59.35,2342300,56.82
"2011-05-04",59.25,59.49,59,59.47,1665500,56.93
"2011-05-05",59.44,60.37,59.28,59.71,2439400,57.16
"2011-05-06",60.01,60.46,59.45,59.69,2455700,57.14
"2011-05-09",59.62,60.25,59.43,60.11,1591800,57.55
"2011-05-10",60.38,61.1,60.31,61,2823700,58.4
"2011-05-11",61.92,62.47,61.51,61.84,3146600,59.2
"2011-05-12",61.83,63.26,61.37,63.16,3700000,60.47
"2011-05-13",63.4,63.65,62.77,63.28,3240200,60.58
"2011-05-16",62.75,64.61,62.75,63.76,4010500,61.04
"2011-05-17",63.29,63.86,62.91,63.8,2363200,61.08
"2011-05-18",63.89,64.15,63.62,64,3304900,61.27
"2011-05-19",64.14,64.27,63.62,64,2159300,61.27
"2011-05-20",64.24,64.24,62.88,63.42,2494000,60.71
"2011-05-23",62.86,63.21,62.14,63.05,2959800,60.36
"2011-05-24",63.03,63.14,62.25,62.74,1824100,60.06
"2011-05-25",62.29,62.84,62.24,62.29,1615500,59.63
"2011-05-26",62.18,62.35,61.62,62.21,2259700,59.56
"2011-05-27",62.42,62.6,62.09,62.16,1060000,59.51
"2011-05-31",62.44,62.45,62.03,62.4,2249800,59.74
"2011-06-01",62.08,62.14,61.26,61.3,2132000,58.69
"2011-06-02",61.27,61.39,60.63,61.01,2080800,58.41
"2011-06-03",60.31,60.57,60.07,60.2,1498800,57.63
"2011-06-06",60.22,60.26,58.58,58.58,3571800,56.08
"2011-06-07",58.96,59.85,58.25,59.28,2568700,56.75
"2011-06-08",59.25,59.25,58.19,58.64,2024700,56.14
"2011-06-09",58.7,59.3,58.51,58.98,1398100,56.46
"2011-06-10",58.88,58.94,58.09,58.17,1566900,55.69
"2011-06-13",58.54,58.86,58.03,58.54,1537400,56.04
"2011-06-14",59.06,59.27,58.78,58.88,1253900,56.37
"2011-06-15",58.59,59,57.85,57.99,1378200,55.52
"2011-06-16",57.89,58.45,57.67,58,1111400,55.53
"2011-06-17",58.42,58.42,57.58,57.71,2105200,55.25
"2011-06-20",57.67,58.13,57.65,58,1019800,55.53
"2011-06-21",58.36,58.56,58.03,58.28,1431600,55.79
"2011-06-22",58.28,58.68,58.14,58.4,1377100,55.91
"2011-06-23",57.92,58.42,56.57,58.23,2306800,55.75
"2011-06-24",58.35,58.44,57.16,57.38,1854700,54.93
"2011-06-27",57.52,58.19,57.1,57.94,1214100,55.47
"2011-06-28",57.98,58.74,57.78,58.67,1106800,56.34
"2011-06-29",58.91,58.91,58.01,58.13,1459000,55.82
"2011-06-30",58.41,58.8,58.33,58.69,1493800,56.36
"2011-07-01",58.94,60.35,58.8,60.28,1836100,57.89
"2011-07-05",60.03,60.09,59.37,59.67,1025900,57.3
"2011-07-06",59.73,60.38,59.5,59.85,1276200,57.48
"2011-07-07",60.39,60.64,60.02,60.6,1206700,58.2
"2011-07-08",60.12,60.2,59.64,60.14,1398800,57.75
"2011-07-11",59.49,59.72,58.46,58.56,1303200,56.24
"2011-07-12",58.42,59.68,58.29,59.13,1670500,56.78
"2011-07-13",59.36,60.08,59.15,59.32,1163100,56.97
"2011-07-14",59.49,59.49,58.53,58.64,1354300,56.31
"2011-07-15",58.67,58.84,58.04,58.43,1132500,56.11
"2011-07-18",58.18,58.26,57.22,58.26,1493500,55.95
"2011-07-19",58.5,59.36,57.63,59.16,2405200,56.81
"2011-07-20",59.04,59.04,56.63,56.91,6330600,54.65
"2011-07-21",56.63,57.68,56.5,57.63,4094700,55.34
"2011-07-22",57.68,57.68,56.63,56.88,2275700,54.62
"2011-07-25",56.38,56.57,55.76,56.22,1752000,53.99
"2011-07-26",56.03,56.29,55.08,55.12,1943400,52.93
"2011-07-27",55.46,55.46,54.48,54.48,2698000,52.32
"2011-07-28",54.37,54.7,53.97,54.05,2401300,51.91
"2011-07-29",53.56,54.76,53.36,54.34,2801500,52.18
"2011-08-01",54.67,54.67,52.69,53.1,3247700,50.99
"2011-08-02",52.76,53.08,51.65,51.67,2958500,49.62
"2011-08-03",51.61,52.18,51.17,52.07,3903000,50
"2011-08-04",51.32,51.85,49.62,49.65,4817800,47.68
"2011-08-05",50.36,50.79,48.46,50.04,3250600,48.05
"2011-08-08",48.94,49.73,47.36,47.43,4508400,45.55
"2011-08-09",47.9,49.05,46.52,49.01,3119200,47.07
"2011-08-10",48.22,48.42,45.91,46.04,4809700,44.21
"2011-08-11",46.19,48.11,45.83,47.58,4848600,45.69
"2011-08-12",48.05,48.85,47.37,48.54,2854600,46.61
"2011-08-15",49.02,49.56,48.57,49.15,2653400,47.2
"2011-08-16",48.73,49.04,48.16,48.42,2318400,46.5
"2011-08-17",48.51,49.13,47.08,47.57,3285000,45.68
"2011-08-18",46.63,46.66,44.32,44.57,4641000,42.8
"2011-08-19",44.09,45.7,43.73,43.8,4804800,42.06
"2011-08-22",44.94,45.27,43.73,43.88,3313700,42.14
"2011-08-23",43.83,46.22,43.79,46.14,2906500,44.31
"2011-08-24",46.03,47.1,45.68,47.02,2323600,45.15
"2011-08-25",47.23,47.4,45.98,46.13,2220500,44.3
"2011-08-26",45.75,46.73,44.84,46.17,2434400,44.34
"2011-08-29",47.4,48.4,47.16,48.04,2122500,46.13
"2011-08-30",47.83,48,47.07,47.69,2029900,45.8
"2011-08-31",47.88,49.64,47.88,48.84,3129200,46.9
"2011-09-01",49.08,49.41,48.15,48.24,1951900,46.33
"2011-09-02",47.42,48.08,46.8,47.27,2502800,45.39
"2011-09-06",46.05,47.88,45.62,47.79,3147800,45.89
"2011-09-07",48.56,49.82,48.2,49.78,3957200,47.81
"2011-09-08",49.44,49.68,48.49,48.68,3559100,46.75
"2011-09-09",48.12,48.16,46.73,46.88,3749300,45.02
"2011-09-12",46.31,46.88,45.73,46.87,2195200,45.01
"2011-09-13",46.77,47.74,46.77,47.64,2292300,45.75
"2011-09-14",47.83,49.3,47.19,48.71,2618200,46.78
"2011-09-15",49.46,49.63,48.12,49.61,2513100,47.64
"2011-09-16",49.88,50.16,49.13,49.34,3098200,47.38
"2011-09-19",48.6,48.76,48.05,48.5,1316900,46.58
"2011-09-20",48.71,49.75,48.47,48.49,1708100,46.57
"2011-09-21",48.52,48.72,47.23,47.23,2215300,45.36
"2011-09-22",46.18,46.7,45.65,46.22,4026000,44.39
"2011-09-23",46,46.36,45.56,46.16,2479300,44.33
"2011-09-26",46.6,47.31,45.9,47.27,2050400,45.39
"2011-09-27",48.61,50.13,48.52,49.16,3267800,47.21
"2011-09-28",49,49.37,48.36,48.49,3627200,46.74
"2011-09-29",49.21,49.44,47.36,48.22,2560000,46.48
"2011-09-30",47.77,48.38,47.1,47.13,2153500,45.43
"2011-10-03",46.74,47.4,45.33,45.35,2770700,43.71
"2011-10-04",44.55,46.82,44.55,46.77,2500000,45.08
"2011-10-05",46.88,47.7,46.56,47.63,1960300,45.91
"2011-10-06",47.67,47.95,46.66,47.82,2609100,46.09
"2011-10-07",47.96,48.39,47.58,47.88,2065300,46.15
"2011-10-10",48.51,49.41,48.41,49.39,1784200,47.6
"2011-10-11",49.78,50.52,49.64,50.1,2771500,48.29
"2011-10-12",50.27,51.15,49.9,50.16,2762000,48.35
"2011-10-13",49.78,50.37,49.35,50.18,1627500,48.37
"2011-10-14",50.64,50.75,49.81,50.02,1542300,48.21
"2011-10-17",49.73,49.96,48.44,48.54,1438300,46.79
"2011-10-18",48.41,49.54,48.11,49.05,1807200,47.28
"2011-10-19",49.19,50.04,49.1,49.41,2242300,47.62
"2011-10-20",49.03,49.81,47.45,48.28,3858200,46.53
"2011-10-21",48.82,49.75,48.78,49.17,2799500,47.39
"2011-10-24",49.25,50.14,49.12,50,1906900,48.19
"2011-10-25",49.64,49.71,48.13,48.24,1989500,46.5
"2011-10-26",48.61,48.76,47.41,48.33,1911300,46.58
"2011-10-27",50.52,50.54,48.68,49.35,2979700,47.57
"2011-10-28",49.56,50.07,49.56,49.92,2190600,48.12
"2011-10-31",49.38,49.41,47.91,47.91,2566100,46.18
"2011-11-01",46.82,47.55,46.16,47,3443500,45.3
"2011-11-02",47.81,47.94,47.28,47.76,1581700,46.03
"2011-11-03",48.02,48.82,47.67,48.72,1834800,46.96
"2011-11-04",48.43,48.81,48.01,48.56,1930600,46.8
"2011-11-07",48.4,49.07,47.99,49.06,1858100,47.29
"2011-11-08",49.15,49.91,48.78,49.81,1394900,48.01
"2011-11-09",48.73,48.73,47.39,47.5,1947200,45.78
"2011-11-10",48,48.5,47.52,48.27,1699800,46.53
"2011-11-11",49.07,49.73,48.93,49.48,1380800,47.69
"2011-11-14",49.25,49.63,48.83,48.94,1313600,47.17
"2011-11-15",48.87,49.75,48.65,49.56,1598100,47.77
"2011-11-16",48.93,49.79,48.75,48.78,1754700,47.02
"2011-11-17",48.61,48.82,47.5,47.91,2311300,46.18
"2011-11-18",48.18,48.22,47.59,47.81,1844000,46.08
"2011-11-21",47,47.4,46.23,46.23,2291600,44.56
"2011-11-22",46.19,46.79,45.86,46.36,1802300,44.68
"2011-11-23",45.77,45.96,45.45,45.47,2252800,43.83
"2011-11-25",45.54,46.11,45.5,45.52,610500,43.87
"2011-11-28",46.47,47.18,46.38,46.96,1701500,45.26
"2011-11-29",47,47.26,46.47,46.62,1927400,44.93
"2011-11-30",47.65,48.88,47.65,48.83,2436900,47.07
"2011-12-01",48.8,49.71,48.66,49.53,1820600,47.74
"2011-12-02",49.78,50,46.77,47.62,5840200,45.9
"2011-12-05",48.68,49.31,48.58,49.09,2773600,47.32
"2011-12-06",49.23,49.23,48.1,48.53,1777600,46.78
"2011-12-07",48.24,48.44,47.48,48.27,2322800,46.53
"2011-12-08",47.95,48.17,47.01,47.12,2604300,45.42
"2011-12-09",47.28,48.19,47.27,47.85,1342400,46.12
"2011-12-12",47.49,47.55,46.84,47.07,1747700,45.37
"2011-12-13",47.12,47.37,46.61,46.85,2309700,45.16
"2011-12-14",46.9,47.06,46.29,46.77,1814000,45.08
"2011-12-15",46.38,47.1,46.26,46.63,1851800,44.94
"2011-12-16",47,47,45.96,46.21,3740000,44.54
"2011-12-19",46.39,46.9,45.61,45.78,2046200,44.13
"2011-12-20",46.7,48.09,46.7,47.76,2696700,46.03
"2011-12-21",47.57,48.67,47.47,48.6,2690400,46.84
"2011-12-22",48.62,49.72,48.62,49.72,1936900,47.92
"2011-12-23",49.71,50.06,49.5,50.01,1173500,48.2
"2011-12-27",49.74,50.1,49.62,49.85,946400,48.25
"2011-12-28",49.78,49.88,49.11,49.31,1195000,47.73
"2011-12-29",49.07,49.67,48.94,49.59,965400,48
"2011-12-30",49.67,50.25,49.58,49.71,1578700,48.12
"2012-01-03",50.65,51.23,50.38,51.07,2668700,49.43
"2012-01-04",50.91,51.28,50.43,51.25,2626800,49.61
"2012-01-05",51.09,51.32,50.86,51.19,3304800,49.55
"2012-01-06",51.3,52.06,51.25,51.5,2365400,49.85
"2012-01-09",51.72,51.92,51.49,51.8,1609500,50.14
"2012-01-10",52.16,52.5,51.71,52.26,3150900,50.59
"2012-01-11",51.95,53.1,51.64,53.02,3107500,51.32
"2012-01-12",52.23,52.96,51.67,52.49,2894300,50.81
"2012-01-13",52.15,52.33,51.49,51.73,1897600,50.07
"2012-01-17",52.3,52.74,51.89,52.01,1907400,50.34
"2012-01-18",51.99,52.5,51.32,52.17,3397700,50.5
"2012-01-19",51.54,53.18,51.41,52.8,2278000,51.11
"2012-01-20",52.87,53.37,52.39,53.14,1689000,51.44
"2012-01-23",53.08,53.12,52.23,52.8,1425900,51.11
"2012-01-24",52.65,53.5,52.15,52.94,1995600,51.24
"2012-01-25",52.83,55.27,52.83,55.06,4791300,53.3
"2012-01-26",55.38,55.87,54.56,54.87,2760200,53.11
"2012-01-27",54.7,55.04,54.52,54.9,1636000,53.14
"2012-01-30",54.4,55.06,54.07,55.02,2431100,53.26
"2012-01-31",55.47,55.81,55,55.43,2450900,53.65
"2012-02-01",54.83,55.74,54.82,55.22,2303300,53.45
"2012-02-02",55.4,55.4,54.77,55,2234900,53.24
"2012-02-03",55.45,55.66,55.08,55.61,2718200,53.83
"2012-02-06",55.48,55.9,55.45,55.67,2781600,53.89
"2012-02-07",55.39,55.57,54.93,55.18,1474900,53.41
"2012-02-08",55.24,55.53,54.56,54.75,1774700,53
"2012-02-09",54.08,54.3,53.75,53.96,3307900,52.23
"2012-02-10",53.66,53.76,52.91,53.54,2329400,51.83
"2012-02-13",53.79,54.17,53.69,53.87,1751000,52.14
"2012-02-14",53.25,53.77,53.23,53.52,1139200,51.81
"2012-02-15",53.84,54.08,53.36,53.58,1224700,51.86
"2012-02-16",53.71,53.73,53.25,53.65,1241000,51.93
"2012-02-17",53.9,54.25,53.55,53.6,1389700,51.88
"2012-02-21",53.77,53.89,53.22,53.33,1151700,51.62
"2012-02-22",53.42,53.66,53.32,53.44,1085700,51.73
"2012-02-23",53.43,54.28,53.24,53.92,1529700,52.19
"2012-02-24",54.04,54.81,53.94,54.78,1464600,53.03
"2012-02-27",54.25,55.07,54.09,54.96,1542700,53.2
"2012-02-28",54.75,55.04,54.39,54.56,1692800,52.81
"2012-02-29",54.69,54.69,53.59,53.64,2123800,51.92
"2012-03-01",53.85,54,52.93,53.14,2643800,51.44
"2012-03-02",53.05,53.47,52.8,53.21,2041300,51.51
"2012-03-05",53.15,53.31,52.61,52.8,1365800,51.11
"2012-03-06",52.22,52.42,51.84,52.03,1807000,50.36
"2012-03-07",51.87,52.23,51.74,52.05,1816600,50.38
"2012-03-08",52.36,52.89,52.29,52.77,1068100,51.08
"2012-03-09",53.01,53.66,52.86,52.9,1226900,51.21
"2012-03-12",52.84,53.2,52.36,52.4,1224700,50.72
"2012-03-13",52.8,53.41,52.74,53.33,1408700,51.62
"2012-03-14",53.26,54.29,53.23,54.23,1963200,52.49
"2012-03-15",54.36,55.07,54.09,55,1389300,53.24
"2012-03-16",55.13,55.25,54.7,54.9,1764600,53.14
"2012-03-19",54.6,55.28,54.56,54.95,1502000,53.19
"2012-03-20",54.78,54.99,54.75,54.82,679500,53.06
"2012-03-21",54.78,55.02,54.65,54.85,1076800,53.09
"2012-03-22",54.4,54.67,54.07,54.22,1208000,52.48
"2012-03-23",54.35,54.61,54.2,54.44,1024400,52.7
"2012-03-26",54.76,55.54,54.65,55.51,1534200,53.73
"2012-03-27",55.53,55.75,55.25,55.34,889000,53.57
"2012-03-28",55.2,55.46,54.59,55.05,1050000,53.49
"2012-03-29",54.74,55.21,54.46,55.08,1479700,53.52
"2012-03-30",55.33,55.59,55.23,55.48,3054300,53.91
"2012-04-02",55.67,55.87,55.5,55.55,1773900,53.98
"2012-04-03",55.5,55.78,55.16,55.58,1580000,54.01
"2012-04-04",55.28,55.28,54.47,54.77,1935600,53.22
"2012-04-05",54.38,55.03,54.32,55.03,2235300,53.47
"2012-04-09",54.25,54.33,53.92,54.15,1505600,52.62
"2012-04-10",53.91,53.97,53.11,53.11,1665900,51.61
"2012-04-11",53.82,54.26,53.51,53.83,1170200,52.31
"2012-04-12",53.91,55.04,53.7,54.86,1508800,53.31
"2012-04-13",54.77,55.18,53.95,53.96,1487200,52.43
"2012-04-16",54.13,54.4,53.87,54.24,1754000,52.71
"2012-04-17",54.58,55.24,54.43,54.89,2114500,53.34
"2012-04-18",55.52,57.15,55.04,55.46,3830600,53.89
"2012-04-19",55.61,55.69,53.89,54.36,2972600,52.82
"2012-04-20",54.48,54.48,53.87,53.93,1883900,52.4
"2012-04-23",53.28,53.3,52.4,52.7,2150300,51.21
"2012-04-24",52.97,53.22,52.58,53.16,1472700,51.66
"2012-04-25",53.39,53.74,53.17,53.68,1293300,52.16
"2012-04-26",53.29,54.15,52.89,54.06,2658600,52.53
"2012-04-27",54.56,54.76,54.05,54.56,2003700,53.02
"2012-04-30",54.72,54.8,54.19,54.57,1558400,53.03
"2012-05-01",54.38,55.13,53.98,54.87,1268000,53.32
"2012-05-02",54.09,54.7,53.48,54.66,1875800,53.11
"2012-05-03",54.8,55.1,54.5,54.76,1368600,53.21
"2012-05-04",54.5,54.53,53.86,53.87,1512700,52.35
"2012-05-07",53.65,54.46,53.65,54.12,1043100,52.59
"2012-05-08",53.72,54.19,53.4,54.15,1498500,52.62
"2012-05-09",53.51,53.75,52.93,53.25,1460300,51.74
"2012-05-10",53.63,54.06,53.27,53.37,1090300,51.86
"2012-05-11",53.24,53.71,53,53.18,759500,51.68
"2012-05-14",52.65,53.02,52.26,52.64,1253300,51.15
"2012-05-15",52.67,52.69,51.91,51.99,1248500,50.52
"2012-05-16",52.12,52.36,51.58,51.73,1708000,50.27
"2012-05-17",51.76,51.93,50.98,50.98,1131700,49.54
"2012-05-18",51.21,51.21,50.1,50.26,1748700,48.84
"2012-05-21",50.48,51.46,50.35,51.43,1443700,49.98
"2012-05-22",51.44,51.96,51.23,51.72,2314300,50.26
"2012-05-23",51.46,51.46,50.73,51.28,1835200,49.83
"2012-05-24",51.38,51.89,51.09,51.72,1435500,50.26
"2012-05-25",51.69,52.08,51.58,51.85,968400,50.38
"2012-05-29",52.41,52.71,52.05,52.59,2076600,51.1
"2012-05-30",52.37,52.37,51.37,51.55,1246500,50.09
"2012-05-31",51.49,51.8,50.87,51.45,2177000,49.99
"2012-06-01",50.74,50.91,49.98,50.01,1741400,48.6
"2012-06-04",49.9,50.06,49.43,49.84,1726500,48.43
"2012-06-05",49.64,50.95,49.56,50.79,1751200,49.35
"2012-06-06",51.02,51.29,50.84,51.25,1507200,49.8
"2012-06-07",51.73,51.99,51.08,51.19,1001500,49.74
"2012-06-08",51.03,51.37,50.9,51.31,1793700,49.86
"2012-06-11",51.63,51.98,51.36,51.41,2006300,49.96
"2012-06-12",51.54,51.79,51.03,51.78,981800,50.32
"2012-06-13",51.73,52.16,51.32,51.49,1411600,50.03
"2012-06-14",51.65,52.57,51.55,52.34,1482400,50.86
"2012-06-15",52.72,54.28,52.5,54.15,3727000,52.62
"2012-06-18",54,54.81,53.9,54.57,1950300,53.03
"2012-06-19",54.78,55.54,54.75,55.19,2017000,53.63
"2012-06-20",55.16,55.24,54.48,54.9,1692300,53.35
"2012-06-21",55.08,55.25,53.66,53.75,1724800,52.23
"2012-06-22",54.01,54.76,53.69,54.57,2621600,53.03
"2012-06-25",54.14,54.23,53.58,53.71,1552700,52.19
"2012-06-26",53.72,54.03,53.38,53.82,1344000,52.3
"2012-06-27",53.74,54.52,53.71,54.33,1371300,53
"2012-06-28",54.03,54.2,52.75,53.79,2701800,52.48
"2012-06-29",54.7,55.1,54.63,55.1,1835000,53.75
"2012-07-02",55,55.02,53.96,54.67,1744000,53.33
"2012-07-03",54.58,54.9,54.41,54.68,1105400,53.34
"2012-07-05",54.53,54.55,54.04,54.21,959800,52.89
"2012-07-06",53.49,53.59,52.96,53.54,1221500,52.23
"2012-07-09",53.49,53.72,53.3,53.67,834300,52.36
"2012-07-10",54.18,54.18,52.91,53.06,1361500,51.76
"2012-07-11",52.91,53.21,52.65,53.06,1680800,51.76
"2012-07-12",52.69,52.88,52.29,52.72,1289300,51.43
"2012-07-13",52.82,53.21,52.71,53.05,822100,51.75
"2012-07-16",53.15,53.26,52.73,52.9,1145700,51.61
"2012-07-17",53.17,53.75,52.86,53.72,1912200,52.41
"2012-07-18",53.51,54.43,51.89,53.57,2318800,52.26
"2012-07-19",52.32,53.09,50.96,52.14,4618100,50.87
"2012-07-20",51.97,52.08,51.12,51.38,2013800,50.13
"2012-07-23",50.7,51.03,50.33,50.75,1465800,49.51
"2012-07-24",51.09,51.22,50.04,50.75,2309500,49.51
"2012-07-25",50.81,51.56,50.81,51.27,2240800,50.02
"2012-07-26",51.82,51.88,50.93,51.3,2064200,50.05
"2012-07-27",51.62,52.55,51.52,52.41,1953900,51.13
"2012-07-30",52.23,52.54,51.96,52.34,984400,51.06
"2012-07-31",52.41,52.58,51.99,52.03,1375400,50.76
"2012-08-01",52.36,53.09,52.28,52.83,2228600,51.54
"2012-08-02",51.98,52.16,50.96,51.4,2406200,50.14
"2012-08-03",52.53,52.87,52.11,52.75,1700800,51.46
"2012-08-06",52.87,53.37,52.66,52.94,1335800,51.65
"2012-08-07",52.98,53.28,52.89,53,1152600,51.71
"2012-08-08",52.87,53.17,52.58,52.99,1171800,51.7
"2012-08-09",52.89,53.25,52.7,52.79,1524200,51.5
"2012-08-10",52.65,53.18,52.65,53.06,1626500,51.76
"2012-08-13",52.83,53.41,52.73,53.2,2305700,51.9
"2012-08-14",53.38,53.82,53.38,53.79,1867400,52.48
"2012-08-15",53.6,54.36,53.6,54.11,1276800,52.79
"2012-08-16",54.09,54.76,53.94,54.5,1818600,53.17
"2012-08-17",54.48,54.55,54.09,54.36,1799100,53.03
"2012-08-20",54.36,54.55,54.16,54.5,1122700,53.17
"2012-08-21",54.57,55.07,54.2,54.3,1662400,52.97
"2012-08-22",54.45,54.48,53.65,53.82,2154800,52.51
"2012-08-23",53.8,53.9,53.02,53.23,1654400,51.93
"2012-08-24",53.17,53.86,53.11,53.74,882800,52.43
"2012-08-27",53.76,54.22,53.51,53.69,856500,52.38
"2012-08-28",53.59,54.08,53.59,53.72,1573500,52.41
"2012-08-29",53.72,53.87,53.48,53.58,1182100,52.27
"2012-08-30",53.19,53.34,52.77,53.11,1160700,51.81
"2012-08-31",53.37,53.7,52.93,53.26,964400,51.96
"2012-09-04",54.25,55.49,53.65,53.82,2431300,52.51
"2012-09-05",53.78,53.78,52.83,53.12,2108300,51.82
"2012-09-06",52.85,54.19,52.85,54.19,2961500,52.87
"2012-09-07",54.37,54.37,53.71,54.15,3201300,52.83
"2012-09-10",54.18,54.18,53.46,53.55,1499300,52.24
"2012-09-11",53.66,54.26,53.49,54,2582400,52.68
"2012-09-12",54.08,54.69,54.07,54.42,1487200,53.09
"2012-09-13",54.62,55.38,54.05,55.19,1980400,53.84
"2012-09-14",55.19,56.3,55.1,56.01,2520300,54.64
"2012-09-17",55.92,56.24,55.88,56.23,1580700,54.86
"2012-09-18",56,56.01,55.63,55.93,1879000,54.56
"2012-09-19",55.83,56.15,55.41,55.89,1516700,54.53
"2012-09-20",55.68,55.78,55.29,55.77,1512500,54.41
"2012-09-21",56.11,56.49,55.58,56.29,5620700,54.92
"2012-09-24",56.09,56.61,55.83,56.49,1512500,55.11
"2012-09-25",56.69,56.8,55.97,55.98,1844800,54.61
"2012-09-26",55.9,56,55.42,55.59,1165200,54.44
"2012-09-27",55.65,55.85,55.37,55.81,1201100,54.65
"2012-09-28",55.56,55.91,55.35,55.66,1495000,54.51
"2012-10-01",55.5,55.5,54.6,54.9,3192100,53.76
"2012-10-02",55.02,55.14,54.27,54.67,2856600,53.54
"2012-10-03",54.91,54.96,54.18,54.42,2561100,53.29
"2012-10-04",54.44,55.07,53.99,55.06,1624300,53.92
"2012-10-05",55.22,55.22,54.51,54.81,1484000,53.68
"2012-10-08",54.73,54.81,54.3,54.35,1117300,53.23
"2012-10-09",53.37,53.96,52.5,52.73,3664100,51.64
"2012-10-10",52.44,52.44,51.67,52.22,4463200,51.14
"2012-10-11",52.5,53.14,52.43,52.46,1516600,51.37
"2012-10-12",52.6,52.98,52.21,52.3,1535600,51.22
"2012-10-15",52.3,52.32,51.92,52.3,2842300,51.22
"2012-10-16",52.64,53.48,52.54,53.46,2041200,52.35
"2012-10-17",53.2,54.29,52.75,52.82,4390700,51.73
"2012-10-18",51.85,53.74,51.6,53.61,4556600,52.5
"2012-10-19",53.42,53.68,52.42,52.64,2960400,51.55
"2012-10-22",52.69,52.99,52.39,52.95,1869100,51.85
"2012-10-23",52.42,52.53,51.91,52.25,2088200,51.17
"2012-10-24",52.45,52.6,51.97,52.28,1543000,51.2
"2012-10-25",52.63,52.97,51.99,52.4,1801400,51.32
"2012-10-26",52.42,52.57,51.97,52.19,1766100,51.11
"2012-10-31",52.6,52.93,52.03,52.6,1740000,51.51
"2012-11-01",52.6,53.26,52.47,53.07,1574200,51.97
"2012-11-02",53.44,53.57,52.55,52.64,1300800,51.55
"2012-11-05",52.57,52.81,52.16,52.71,1018900,51.62
"2012-11-06",52.77,53.52,52.5,53.46,1718000,52.35
"2012-11-07",53.06,53.11,52.06,52.61,2060500,51.52
"2012-11-08",52.47,52.82,52.22,52.42,2282200,51.34
"2012-11-09",52.3,52.98,52.23,52.53,1356800,51.44
"2012-11-12",52.74,53.12,52.3,53.05,1310400,51.95
"2012-11-13",52.79,53.17,52.6,52.68,1682000,51.59
"2012-11-14",52.78,53.01,52.23,52.32,1804900,51.24
"2012-11-15",52.33,52.53,51.87,52,1750300,50.92
"2012-11-16",52.55,52.56,51.81,52.1,3704900,51.02
"2012-11-19",52.57,53.13,52.49,53,2340400,51.9
"2012-11-20",53.05,53.89,52.8,53.6,2361400,52.49
"2012-11-21",53.62,53.81,53.42,53.5,2009800,52.39
"2012-11-23",53.66,54.53,53.61,54.52,738100,53.39
"2012-11-26",54.26,54.53,53.86,54.53,1766700,53.4
"2012-11-27",54.38,54.67,54.18,54.22,1362600,53.1
"2012-11-28",54.08,54.61,53.59,54.6,1161400,53.47
"2012-11-29",54.82,55.08,53.86,54.05,2455200,52.93
"2012-11-30",54.07,54.29,53.78,54.16,2311500,53.04
"2012-12-03",54.48,55.08,54.1,54.44,2977200,53.31
"2012-12-04",54.5,54.71,54.04,54.35,2157700,53.23
"2012-12-05",54.33,54.53,54,54.36,2153800,53.24
"2012-12-06",54.22,54.45,53.93,54.35,1986000,53.23
"2012-12-07",54.47,54.63,54.09,54.57,1437000,53.44
"2012-12-10",54.38,54.82,54.37,54.79,1567200,53.66
"2012-12-11",55.23,56,55.1,55.81,2254300,54.65
"2012-12-12",55.78,56.62,55.74,56.13,1843300,54.97
"2012-12-13",56.08,56.3,55.87,56.19,2265200,55.03
"2012-12-14",56,56.29,55.74,55.78,2587400,54.63
"2012-12-17",55.83,56.21,55.79,56.16,1456000,55
"2012-12-18",56.18,56.75,55.97,56.35,2553600,55.18
"2012-12-19",56.42,56.49,55.9,55.96,1677400,54.8
"2012-12-20",56.03,56.58,55.78,56.57,1273700,55.4
"2012-12-21",56.46,56.74,55.62,55.87,3226700,54.71
"2012-12-24",55.8,55.99,55.73,55.87,703800,54.71
"2012-12-26",55.88,55.99,55.27,55.43,932300,54.28
"2012-12-27",55.25,55.4,54.55,55.16,1132600,54.28
"2012-12-28",54.8,55.05,54.41,54.45,1094000,53.58
"2012-12-31",54.34,54.82,54.07,54.82,1780100,53.94
"2013-01-02",55.54,55.89,55.24,55.88,2118400,54.99
"2013-01-03",55.9,56.25,55.82,56.14,1384600,55.24
"2013-01-04",56.32,57,56.11,56.73,2471000,55.82
"2013-01-07",56.65,57.22,56.6,57.07,1762600,56.16
"2013-01-08",56.93,57.07,56.52,56.97,1854100,56.06
"2013-01-09",57.21,58.74,57.14,58.38,2828300,57.45
"2013-01-10",58.71,58.84,58.3,58.84,1815200,57.9
"2013-01-11",58.82,58.9,58.48,58.84,1477800,57.9
"2013-01-14",58.55,58.88,58.26,58.87,1375700,57.93
"2013-01-15",58.76,59.73,58.57,59.56,2212100,58.61
"2013-01-16",59.45,59.72,59.3,59.43,1170200,58.48
"2013-01-17",59.72,61.17,59.71,60.62,2379400,59.65
"2013-01-18",60.73,61.59,60.48,61.55,3599100,60.57
"2013-01-22",61.5,61.72,61.19,61.71,1725400,60.72
"2013-01-23",61.63,61.92,61.25,61.87,2350900,60.88
"2013-01-24",62.01,63.65,61.6,63.45,2491300,62.44
"2013-01-25",63.75,63.92,63.33,63.55,2077100,62.53
"2013-01-28",63.68,63.85,63.23,63.78,1624700,62.76
"2013-01-29",63.67,63.99,63.46,63.8,1189800,62.78
"2013-01-30",63.69,63.81,63.33,63.38,2071800,62.37
"2013-01-31",63.3,63.38,62.55,62.65,2714500,61.65
"2013-02-01",62.35,63.17,61.53,63.04,2558200,62.03
"2013-02-04",62.66,62.66,62.01,62.3,1855100,61.3
"2013-02-05",62.3,62.86,62.27,62.8,1893100,61.8
"2013-02-06",62.57,63.12,62.46,63.06,1404800,62.05
"2013-02-07",62.72,63.08,62.29,63.05,1808500,62.04
"2013-02-08",63.19,63.93,63,63.78,1083500,62.76
"2013-02-11",63.67,63.9,63.35,63.9,1173200,62.88
"2013-02-12",63.86,64.1,63.54,64.01,1098300,62.99
"2013-02-13",64.14,64.46,63.62,63.88,847100,62.86
"2013-02-14",63.76,64.14,63.59,64.02,1215900,63
"2013-02-15",63.98,63.98,63.26,63.85,2206600,62.83
"2013-02-19",63.75,63.85,63.19,63.69,2019100,62.67
"2013-02-20",63.74,63.79,63.04,63.08,1561600,62.07
"2013-02-21",62.75,62.77,61.59,62.17,2143000,61.18
"2013-02-22",62.5,62.7,62.12,62.7,1233000,61.7
"2013-02-25",62.82,63.17,62.09,62.09,1614900,61.1
"2013-02-26",62.47,63.17,62.4,62.77,1975500,61.77
"2013-02-27",62.8,63.84,62.7,63.66,1332100,62.64
"2013-02-28",63.56,64.28,63.5,63.88,1633300,62.86
"2013-03-01",63.73,65,63.18,64.9,2487100,63.86
"2013-03-04",64.66,65.08,64.54,65.07,1414300,64.03
"2013-03-05",65.06,66.37,65.06,66,1748400,64.94
"2013-03-06",66.05,66.57,65.8,65.96,1748900,64.91
"2013-03-07",66,66.16,65.25,65.4,1444500,64.35
"2013-03-08",65.77,66,65.52,65.72,1499900,64.67
"2013-03-11",65.83,66.27,65.68,66.22,1103900,65.16
"2013-03-12",65.98,66.79,65.85,66.79,1302500,65.72
"2013-03-13",66.71,66.73,66.17,66.68,1182500,65.61
"2013-03-14",66.91,66.92,66.29,66.81,1158900,65.74
"2013-03-15",66.58,66.72,65.72,65.93,2464200,64.88
"2013-03-18",65.43,65.43,64.43,64.78,2328900,63.74
"2013-03-19",65.04,65.2,64.29,64.77,1979100,63.73
"2013-03-20",65.15,65.56,65.08,65.37,1277100,64.32
"2013-03-21",65.15,65.36,64.15,64.54,2089000,63.51
"2013-03-22",64.56,64.63,64.23,64.57,1636900,63.54
"2013-03-25",64.84,64.85,64.17,64.54,1175900,63.51
"2013-03-26",64.55,64.88,64.36,64.86,869700,64.09
"2013-03-27",64.59,64.92,64.19,64.87,1016400,64.1
"2013-03-28",64.67,65.33,64.4,65.24,1216900,64.46
"2013-04-01",65.1,65.6,64.99,65.33,1233100,64.55
"2013-04-02",65.57,65.74,65.27,65.56,1185100,64.78
"2013-04-03",65.62,65.64,64.8,65.25,2014600,64.47
"2013-04-04",65.73,66.06,65.35,65.59,2513200,64.81
"2013-04-05",64.83,65.2,64.67,65,2543600,64.22
"2013-04-08",65.04,65.5,64.91,65.38,1646600,64.6
"2013-04-09",66.02,66.48,65.75,66.34,2468000,65.55
"2013-04-10",66.35,67,65.94,66.74,1945800,65.94
"2013-04-11",66.81,67.15,66.67,66.85,1280800,66.05
"2013-04-12",66.52,66.68,65.98,66.5,1121000,65.71
"2013-04-15",65.98,66.4,65.29,65.29,1546100,64.51
"2013-04-16",65.27,65.27,64.16,65.08,2258500,64.3
"2013-04-17",64.77,65.06,64.19,64.4,1748600,63.63
"2013-04-18",64.56,64.59,63.35,63.7,1841500,62.94
"2013-04-19",63.96,64.68,63.5,64.68,2109300,63.91
"2013-04-22",64.71,64.8,63.81,64.15,1403900,63.38
"2013-04-23",64.47,65.11,64.1,64.94,1329700,64.17
"2013-04-24",64.79,65.22,64.59,64.73,1685100,63.96
"2013-04-25",64.5,66.28,64.46,65.64,2300000,64.86
"2013-04-26",65.5,65.5,64.75,65.06,1123900,64.28
"2013-04-29",65.2,65.8,65.11,65.66,1247000,64.88
"2013-04-30",65.57,65.61,64.7,65.58,1284700,64.8
"2013-05-01",65.49,65.91,65.12,65.3,1171700,64.52
"2013-05-02",65.53,66.5,65.33,65.78,1407300,64.99
"2013-05-03",66.1,66.7,66.09,66.33,945100,65.54
"2013-05-06",66.24,66.58,66.04,66.28,1044400,65.49
"2013-05-07",66.27,66.44,65.95,66.39,788600,65.6
"2013-05-08",66.3,66.61,66.07,66.45,1293100,65.66
"2013-05-09",66.45,67.48,66.32,67.01,1190900,66.21
"2013-05-10",67,68.23,66.83,68.21,1776700,67.4
"2013-05-13",67.99,68.86,67.85,68.6,1168800,67.78
"2013-05-14",68.52,69.3,68.38,69.21,1076400,68.38
"2013-05-15",69.12,69.81,69.11,69.43,1538400,68.6
"2013-05-16",69.12,69.27,68.66,69.06,1920500,68.24
"2013-05-17",68.61,68.97,68.28,68.9,3311400,68.08
"2013-05-20",68.64,69.14,68.52,68.73,1211100,67.91
"2013-05-21",69.01,69.33,68.83,69.24,1321400,68.41
"2013-05-22",69.31,70,67.36,67.7,1948800,66.89
"2013-05-23",67.17,67.74,66.95,67.24,1631500,66.44
"2013-05-24",67,67.43,66.58,66.99,1085500,66.19
"2013-05-28",67.41,68.37,67.38,67.91,977300,67.1
"2013-05-29",67.5,67.64,66.83,67.23,1350100,66.43
"2013-05-30",67.24,67.89,67.17,67.35,1018400,66.55
"2013-05-31",67.21,67.78,66.39,66.39,1267300,65.6
"2013-06-03",66.4,67.33,66.1,67.31,1481700,66.51
"2013-06-04",67.31,67.35,66.24,66.7,828500,65.9
"2013-06-05",66.52,66.71,65.5,65.73,1327900,64.95
"2013-06-06",65.79,66.38,65.59,66.36,1323200,65.57
"2013-06-07",66.68,67.2,66.56,67.15,774000,66.35
"2013-06-10",67.2,67.46,66.82,67.25,766400,66.45
"2013-06-11",66.76,67.25,66.26,66.83,841200,66.03
"2013-06-12",67.22,67.25,66.36,66.37,1043200,65.58
"2013-06-13",66.32,67.79,65.81,67.72,783100,66.91
"2013-06-14",67.65,68,67.13,67.21,813200,66.41
"2013-06-17",67.64,68.22,67.44,67.81,1005800,67
"2013-06-18",67.8,68.11,67.58,67.67,1479200,66.86
"2013-06-19",67.76,67.9,66.37,66.45,1262700,65.66
"2013-06-20",65.72,65.86,64.6,64.75,1733500,63.98
"2013-06-21",65.33,65.98,65,65.6,1668500,64.82
"2013-06-24",65.09,65.35,63.83,64.76,1581200,63.99
"2013-06-25",65.26,65.49,64.45,64.89,937100,64.12
"2013-06-26",65.31,65.68,64.67,64.69,1248300,64.18
"2013-06-27",64.93,65.06,64.55,64.72,1302700,64.21
"2013-06-28",64.66,65.46,64.35,64.68,2393600,64.17
"2013-07-01",64.85,65.17,64.34,64.43,1453900,63.92
"2013-07-02",64.4,65.05,64.19,64.32,1573500,63.81
"2013-07-03",64.17,64.47,63.71,64.2,491500,63.69
"2013-07-05",64.59,65.24,64.42,65.23,966000,64.72
"2013-07-08",65.5,66.41,65.38,66.17,1073700,65.65
"2013-07-09",66.14,66.27,65.48,66.07,1532000,65.55
"2013-07-10",66.12,66.56,65.81,66.35,938600,65.83
"2013-07-11",66.98,67.48,66.66,67.38,1058700,66.85
"2013-07-12",67.26,67.72,66.97,67.43,916700,66.9
"2013-07-15",67.41,68.28,67.34,68.22,767000,67.68
"2013-07-16",68.43,69.3,68.35,68.67,1378700,68.13
"2013-07-17",68.94,69.64,68.69,69.37,1896800,68.82
"2013-07-18",69.37,70.24,69.08,70,1802900,69.45
"2013-07-19",69.57,70.88,69.05,70.88,3241200,70.32
"2013-07-22",70.83,71.04,70.49,70.96,1532900,70.4
"2013-07-23",71.08,71.08,70.39,71.05,1283800,70.49
"2013-07-24",71.21,71.32,70.63,70.83,961800,70.27
"2013-07-25",70.72,70.95,70.36,70.87,852300,70.31
"2013-07-26",70.87,71.09,70.33,70.94,819500,70.38
"2013-07-29",70.65,70.65,69.95,70.35,1077300,69.8
"2013-07-30",70.63,70.95,70.26,70.42,751600,69.86
"2013-07-31",70.63,71.25,70.23,70.46,1389600,69.9
"2013-08-01",70.89,71.44,69.83,71.22,1032100,70.66
"2013-08-02",71.23,71.4,71.05,71.27,861300,70.71
"2013-08-05",71.07,71.55,70.69,71.2,805400,70.64
"2013-08-06",71.14,71.37,70.79,70.97,1894900,70.41
"2013-08-07",70.76,71.07,70.59,70.79,1285200,70.23
"2013-08-08",70.98,71.32,70.64,70.9,928200,70.34
"2013-08-09",70.8,71.16,70.7,71.01,891900,70.45
"2013-08-12",70.37,70.86,70.14,70.76,962800,70.2
"2013-08-13",70.95,71.08,70.3,70.88,759700,70.32
"2013-08-14",70.96,71.09,70.3,70.43,1179400,69.87
"2013-08-15",69.97,70.15,68.76,68.91,969800,68.37
"2013-08-16",68.73,68.82,67.97,67.97,1622700,67.43
"2013-08-19",67.93,68.54,67.82,68.06,826800,67.52
"2013-08-20",68,68.53,67.56,68.25,1233600,67.71
"2013-08-21",68.21,68.45,67.67,67.93,912300,67.39
"2013-08-22",68.03,69.08,68.03,68.78,613900,68.24
"2013-08-23",68.74,68.91,68.08,68.29,624600,67.75
"2013-08-26",68.4,69,68.33,68.38,879800,67.84
"2013-08-27",67.82,67.84,67.04,67.08,927400,66.55
"2013-08-28",67.13,67.31,66.59,66.64,926900,66.11
"2013-08-29",66.5,67.3,66.44,66.91,955800,66.38
"2013-08-30",66.96,67.07,66.63,66.89,910000,66.36
"2013-09-03",67.63,67.99,66.69,67.22,1000700,66.69
"2013-09-04",67.13,67.38,66.52,67.27,1465900,66.74
"2013-09-05",67.34,68,67.1,67.79,1036800,67.26
"2013-09-06",69.63,70.38,68.06,68.93,1713200,68.39
"2013-09-09",68.98,69.2,68.62,69.16,732800,68.61
"2013-09-10",69.69,70,69.33,69.54,1303400,68.99
"2013-09-11",69.6,70.07,69.37,69.58,1176500,69.03
"2013-09-12",69.46,69.73,69.12,69.5,1421500,68.95
"2013-09-13",69.5,70.16,69.31,70.12,1013200,69.57
"2013-09-16",70.75,71.01,70.43,70.83,1035000,70.27
"2013-09-17",70.8,71.54,70.67,71.35,1238200,70.79
"2013-09-18",71.19,71.86,70.39,71.78,1081700,71.21
"2013-09-19",71.74,71.94,71.56,71.63,826700,71.07
"2013-09-20",71.73,71.86,71.17,71.28,2599300,70.72
"2013-09-23",71.11,71.44,70.86,71.2,940800,70.64
"2013-09-24",71.11,71.45,70.77,70.83,1073900,70.27
"2013-09-25",69.1,69.91,68.72,68.79,3482500,68.25
"2013-09-26",68.71,68.71,67.95,68.4,1639400,68.12
"2013-09-27",68.3,68.34,67.59,67.65,1197500,67.38
"2013-09-30",67.42,67.87,67.15,67.59,1880000,67.32
"2013-10-01",67.74,68.1,67.55,67.96,1103400,67.69
"2013-10-02",67.5,68.09,67.33,67.74,1676700,67.47
"2013-10-03",67.49,67.85,66.93,67.34,1095800,67.07
"2013-10-04",67.38,67.86,67.27,67.7,921100,67.43
"2013-10-07",67.31,67.89,67.04,67.54,755500,67.27
"2013-10-08",67.71,68.37,67.59,67.61,1561800,67.34
"2013-10-09",67.8,68.95,67.71,68.44,1828200,68.16
"2013-10-10",69.04,69.63,68.76,69.42,1297600,69.14
"2013-10-11",69.42,70.33,69.38,70.22,1260000,69.94
"2013-10-14",69.85,70.98,69.72,70.81,1261100,70.52
"2013-10-15",70.65,70.92,70.11,70.14,1631300,69.86
"2013-10-16",70.65,71.52,70.42,71.52,1099500,71.23
"2013-10-17",71.05,72.62,70.9,72.55,2322900,72.26
"2013-10-18",72.77,73.6,72.02,73.46,2696100,73.16
"2013-10-21",73.45,73.45,72.92,73.16,1131000,72.86
"2013-10-22",73.17,73.72,72.64,73.53,1142400,73.23
"2013-10-23",73.5,74.08,73.29,73.97,1223800,73.67
"2013-10-24",73.43,74.26,73.09,74.02,2494600,73.72
"2013-10-25",74.05,74.71,73.72,74.61,1483500,74.31
"2013-10-28",74.54,74.86,74.17,74.54,1031400,74.24
"2013-10-29",74.67,74.67,73.94,74.53,1902400,74.23
"2013-10-30",74.64,74.79,73.61,74.09,1820200,73.79
"2013-10-31",74.16,74.33,73.32,73.86,1821900,73.56
"2013-11-01",74.25,74.25,73.45,74.03,1350100,73.73
"2013-11-04",74.17,74.4,74.01,74.29,752900,73.99
"2013-11-05",73.85,74.23,73.64,74.05,1251400,73.75
"2013-11-06",74.3,74.6,73.67,73.71,1870400,73.41
"2013-11-07",73.89,73.89,72.85,72.9,1906200,72.61
"2013-11-08",72.89,73.35,72.54,73.33,1604400,73.03
"2013-11-11",73.36,73.49,73.04,73.3,1245800,73
"2013-11-12",73.31,73.45,72.81,73.23,1253000,72.93
"2013-11-13",72.89,73.82,72.6,73.82,892000,73.52
"2013-11-14",74,74.57,73.75,74.48,932500,74.18
"2013-11-15",74.56,74.8,74.21,74.21,2007800,73.91
"2013-11-18",74.35,74.5,73.34,73.51,932300,73.21
"2013-11-19",73.31,74.18,73,74.1,1216400,73.8
"2013-11-20",74.05,74.28,73.62,73.79,616500,73.49
"2013-11-21",74.08,74.32,73.9,74.14,838700,73.84
"2013-11-22",74.15,74.44,73.8,74.28,1003000,73.98
"2013-11-25",75.38,75.5,74.54,74.74,1481700,74.44
"2013-11-26",74.88,75.13,74.39,74.82,997800,74.52
"2013-11-27",74.8,75.12,74.56,74.56,608500,74.26
"2013-11-29",74.59,75.11,74.35,74.42,515200,74.12
"2013-12-02",74.32,74.76,74.15,74.26,827300,73.96
"2013-12-03",74.05,74.23,73.44,73.93,1066900,73.63
"2013-12-04",73.65,74.01,72.76,73.29,786000,72.99
"2013-12-05",73.19,73.69,73.08,73.16,762200,72.86
"2013-12-06",73.94,74.54,73.81,74.52,1092900,74.22
"2013-12-09",74.48,74.66,74.06,74.61,935700,74.31
"2013-12-10",74.35,74.66,74.01,74.4,1030300,74.1
"2013-12-11",74.41,74.45,72.68,72.73,1079400,72.44
"2013-12-12",72.53,72.62,71.81,71.84,1422400,71.55
"2013-12-13",72.04,72.15,71.22,71.56,2079500,71.27
"2013-12-16",72.02,72.21,71.4,71.56,2012900,71.27
"2013-12-17",71.8,71.86,71.24,71.65,2272600,71.36
"2013-12-18",71.73,73.81,71.47,73.76,2722900,73.46
"2013-12-19",73.62,73.99,73.05,73.85,1544200,73.55
"2013-12-20",74.03,74.81,73.85,74.72,1872900,74.42
"2013-12-23",75,75.08,74.58,75.01,1041500,74.71
"2013-12-24",74.89,75.34,74.75,75,648600,74.7
"2013-12-26",75,75.55,74.93,75.39,519500,75.09
"2013-12-27",75.3,75.33,74.78,75.06,686400,75.06
"2013-12-30",75.19,75.29,74.9,75.02,759200,75.02
"2013-12-31",75.25,75.25,74.9,75.14,1006400,75.14
"2014-01-02",75.12,75.12,74.4,74.63,1204400,74.63
"2014-01-03",74.02,75.18,74.02,74.84,719500,74.84
"2014-01-06",75.48,75.6,74.92,75.35,2301700,75.35
"2014-01-07",74.87,75.92,74.87,75.78,1576200,75.78
"2014-01-08",76.22,77.21,76.11,77.02,2146300,77.02
"2014-01-09",77.23,77.35,76.65,76.99,2129200,76.99
"2014-01-10",77.17,78.53,76.89,78.15,1879800,78.15
"2014-01-13",77.83,78.29,77.36,77.43,1482300,77.43
"2014-01-14",77.75,78.4,77.48,78.16,1573600,78.16
"2014-01-15",78.26,78.49,77.67,78.25,1166200,78.25
"2014-01-16",78.23,78.87,78.09,78.68,951800,78.68
"2014-01-17",78.82,78.89,78.08,78.2,1632900,78.2
"2014-01-21",78.62,79,78.26,78.59,1285800,78.59
"2014-01-22",78.59,79.24,78.49,78.58,2041800,78.58
"2014-01-23",77.54,79,76.14,77.78,2333200,77.78
"2014-01-24",77.66,78.15,76.11,76.13,1789100,76.13
"2014-01-27",76.13,76.78,75.79,76.32,1235800,76.32
"2014-01-28",76.75,77.46,76.53,77.44,1243600,77.44
"2014-01-29",77.24,77.37,76.48,76.9,2155500,76.9
"2014-01-30",77.28,78.45,77.21,78.14,2097300,78.14
"2014-01-31",76.96,77.85,76.94,77.6,1563600,77.6
"2014-02-03",77.84,77.84,76.31,76.47,3528300,76.47
"2014-02-04",76.85,77.28,76.23,76.75,3908000,76.75
"2014-02-05",76.45,77.42,76.21,77,1793700,77
"2014-02-06",77.28,78.33,77.17,78.21,2302100,78.21
"2014-02-07",78.45,79.54,78.28,79.43,1340000,79.43
"2014-02-10",79.43,80.44,79.08,80.42,2736000,80.42
"2014-02-11",80.34,81.28,80.17,81.14,1229400,81.14
"2014-02-12",81.18,81.42,80.69,80.95,1340300,80.95
"2014-02-13",80.52,82.93,80.45,82.75,2446500,82.75
"2014-02-14",83.08,83.86,82.47,83.35,2557100,83.35
"2014-02-18",83.81,83.82,82.55,82.62,1805700,82.62
"2014-02-19",82.2,82.6,81.57,81.64,1757000,81.64
"2014-02-20",81.59,82.85,81.18,82.65,1428100,82.65
"2014-02-21",82.59,83.12,82,82.1,1602100,82.1
"2014-02-24",82.15,83.06,82.1,82.61,1745500,82.61
"2014-02-25",82.32,82.68,81.46,81.59,1594600,81.59
"2014-02-26",81.7,81.97,80.74,81.13,1853400,81.13
"2014-02-27",81.12,81.32,80.65,81.17,1552800,81.17
"2014-02-28",81.17,81.52,79.84,80.24,2490500,80.24
"2014-03-03",79.45,80.31,79.43,79.9,1503800,79.9
"2014-03-04",81.04,82.05,80.81,81.87,1747700,81.87
"2014-03-05",81.8,81.89,80.97,81.08,1339200,81.08
"2014-03-06",81.28,81.42,80.71,80.95,1024700,80.95
"2014-03-07",81.36,81.71,80.69,81.64,1380300,81.64
"2014-03-10",81.36,81.88,81.36,81.8,994700,81.8
"2014-03-11",81.73,81.88,81.27,81.63,1030900,81.63
"2014-03-12",81.25,81.64,81.24,81.63,920400,81.63
"2014-03-13",82.17,82.27,81.1,81.22,1970500,81.22
"2014-03-14",81.14,81.64,80.13,80.27,1490300,80.27
"2014-03-17",80.55,81.16,80.48,80.79,1204500,80.79
