"","TDC.Open","TDC.High","TDC.Low","TDC.Close","TDC.Volume","TDC.Adjusted"
"2007-10-01",26.45,28.4,26.1,27.98,0,27.98
"2007-10-02",28.3,29.5,27.05,27.55,3469000,27.55
"2007-10-03",26,27.55,26,26.55,1458800,26.55
"2007-10-04",26.81,27,26.1,27,2807400,27
"2007-10-05",26.32,27.43,26.32,27.15,2846300,27.15
"2007-10-08",27.04,27.45,27,27.27,2235300,27.27
"2007-10-09",27.3,27.45,27.02,27.35,2903900,27.35
"2007-10-10",27.8,28.13,26.82,26.97,2065200,26.97
"2007-10-11",26.86,27.52,26.71,26.82,1788100,26.82
"2007-10-12",27,28.5,26.5,28.4,3646600,28.4
"2007-10-15",28.96,29.25,28.6,29.08,3953400,29.08
"2007-10-16",30.08,30.08,28.61,29.03,2784500,29.03
"2007-10-17",29.4,29.4,28.4,28.84,2447900,28.84
"2007-10-18",28.01,28.95,27.51,28.82,1506000,28.82
"2007-10-19",28.72,28.87,27.51,27.53,1718500,27.53
"2007-10-22",28.89,28.89,27.17,27.81,1225700,27.81
"2007-10-23",28.05,28.24,27.56,27.89,1176200,27.89
"2007-10-24",27.89,28.26,27.5,28.26,1899500,28.26
"2007-10-25",28.18,28.63,27.94,28.45,1477100,28.45
"2007-10-26",28.7,29.69,28.5,28.9,1926300,28.9
"2007-10-29",28.5,28.9,27.63,27.83,1122400,27.83
"2007-10-30",28.5,28.76,28.13,28.34,1399000,28.34
"2007-10-31",27.06,28.64,27.06,28.53,2720400,28.53
"2007-11-01",27.83,28.13,27.46,27.67,1501000,27.67
"2007-11-02",27.7,28.23,27.46,27.94,812000,27.94
"2007-11-05",27.99,28,27.18,27.4,959000,27.4
"2007-11-06",27.02,27.49,27,27.25,934800,27.25
"2007-11-07",27.01,27.75,26.63,26.63,1064700,26.63
"2007-11-08",26.65,26.65,25.89,26.22,1270400,26.22
"2007-11-09",25.82,25.82,24.75,24.77,1247900,24.77
"2007-11-12",24.75,25.08,24.59,24.85,2256800,24.85
"2007-11-13",25.01,25.95,24.75,25.95,823800,25.95
"2007-11-14",26.06,26.06,24.56,25,942700,25
"2007-11-15",25,25.09,24.23,24.41,1656200,24.41
"2007-11-16",24.53,24.53,23.2,23.8,1893100,23.8
"2007-11-19",23.4,23.74,23.13,23.13,1287200,23.13
"2007-11-20",23.25,24.36,22.35,24.12,2057800,24.12
"2007-11-21",23.97,24.51,23.9,24.01,863100,24.01
"2007-11-23",24.22,24.87,23.6,24.84,518900,24.84
"2007-11-26",24.96,25.33,24.25,24.26,1270400,24.26
"2007-11-27",24.16,24.6,23.97,24.59,1025900,24.59
"2007-11-28",25.01,26.26,24.59,26.1,691500,26.1
"2007-11-29",26.07,26.78,25.77,26.5,853000,26.5
"2007-11-30",26.5,26.58,25.65,25.96,1133800,25.96
"2007-12-03",25.53,26.5,25.38,26.19,757900,26.19
"2007-12-04",26.41,27.5,26.25,26.45,837500,26.45
"2007-12-05",26.67,27.31,26.66,26.78,2115900,26.78
"2007-12-06",26.77,27.09,26.66,26.87,1164200,26.87
"2007-12-07",27.14,27.23,26.29,26.52,994300,26.52
"2007-12-10",26.54,26.86,26.44,26.69,768600,26.69
"2007-12-11",26.7,27.12,25.48,25.54,836300,25.54
"2007-12-12",26.06,26.82,25.81,26.16,762600,26.16
"2007-12-13",25.9,26.72,25.9,26.63,664900,26.63
"2007-12-14",26.55,27.74,26.49,27.12,843300,27.12
"2007-12-17",26.95,27,26.32,26.67,747900,26.67
"2007-12-18",26.64,27.12,26.46,26.83,722200,26.83
"2007-12-19",27.09,27.09,26.16,26.44,776200,26.44
"2007-12-20",26.65,26.73,26.44,26.65,964700,26.65
"2007-12-21",26.7,27.1,26.5,26.87,1734900,26.87
"2007-12-24",27.19,27.7,27.02,27.41,304700,27.41
"2007-12-26",27.63,27.63,26.7,27.04,631400,27.04
"2007-12-27",26.67,26.98,26.67,26.8,430500,26.8
"2007-12-28",27.03,27.81,27,27.5,1237900,27.5
"2007-12-31",27.4,27.56,27.22,27.41,404000,27.41
"2008-01-02",27.41,27.9,26.78,26.84,1172300,26.84
"2008-01-03",27.21,27.5,26.78,26.89,1140800,26.89
"2008-01-04",26.69,27.03,26.29,26.62,929400,26.62
"2008-01-07",26.77,26.94,26.75,26.87,3274300,26.87
"2008-01-08",26.87,27.23,26.63,26.64,3033500,26.64
"2008-01-09",26.77,26.99,26.45,26.99,2036100,26.99
"2008-01-10",27.05,27.05,26.4,26.73,644500,26.73
"2008-01-11",26.66,26.7,25.47,25.75,1782900,25.75
"2008-01-14",25.9,25.92,25.11,25.52,1324300,25.52
"2008-01-15",25.26,26.1,25.04,25.11,2197400,25.11
"2008-01-16",24.96,26.34,24.96,25.67,1683100,25.67
"2008-01-17",25.69,25.9,24.8,24.84,831500,24.84
"2008-01-18",24.97,26,24,24.17,1441800,24.17
"2008-01-22",23.09,23.73,22.13,23.27,1871000,23.27
"2008-01-23",22.36,23.14,22.25,22.48,3650100,22.48
"2008-01-24",22.38,23.18,22.25,22.91,1594400,22.91
"2008-01-25",22.87,23.4,22.64,23.02,612000,23.02
"2008-01-28",23.17,23.85,22.97,23.85,614200,23.85
"2008-01-29",23.99,23.99,23.36,23.46,975600,23.46
"2008-01-30",23.33,23.64,22.92,23.09,1148300,23.09
"2008-01-31",22.82,24.02,22.82,23.8,895000,23.8
"2008-02-01",23.89,24,23.53,23.61,924200,23.61
"2008-02-04",23.52,24.41,23.52,24.27,530000,24.27
"2008-02-05",23.89,24,23.43,23.57,589500,23.57
"2008-02-06",23.47,23.71,23.14,23.35,1367000,23.35
"2008-02-07",23.34,23.58,23.06,23.25,954600,23.25
"2008-02-08",22.89,23.12,22.27,22.66,896700,22.66
"2008-02-11",22.53,22.76,22.43,22.6,826500,22.6
"2008-02-12",22.5,23,21.1,21.75,3710500,21.75
"2008-02-13",21.96,24.16,21.89,23.18,2862700,23.18
"2008-02-14",23.07,23.8,22.99,23.5,1597400,23.5
"2008-02-15",23.33,23.75,23.11,23.72,1205800,23.72
"2008-02-19",24.01,24.73,23.84,24.52,1516400,24.52
"2008-02-20",24.48,24.98,24.32,24.95,988200,24.95
"2008-02-21",25,25.1,24.32,24.57,2735400,24.57
"2008-02-22",24.62,24.97,24.39,24.93,1074200,24.93
"2008-02-25",24.99,25.22,24.89,25.12,1750400,25.12
"2008-02-26",25.22,26.5,25.01,26.03,2855000,26.03
"2008-02-27",26.04,27.04,26.04,26.49,1043000,26.49
"2008-02-28",26.39,26.67,26.03,26.05,495600,26.05
"2008-02-29",25.71,25.95,25.12,25.23,644500,25.23
"2008-03-03",25.25,26.04,25.25,25.98,651100,25.98
"2008-03-04",25.63,26.05,25.17,25.6,657800,25.6
"2008-03-05",25.59,26.53,25.59,26.53,692400,26.53
"2008-03-06",26.26,26.53,25.67,25.73,1216800,25.73
"2008-03-07",25.4,25.63,24.48,24.94,1081700,24.94
"2008-03-10",24.86,24.95,24.16,24.18,710100,24.18
"2008-03-11",24.29,25.06,24.29,24.78,1102200,24.78
"2008-03-12",25.01,25.06,24.51,24.77,767600,24.77
"2008-03-13",24.35,24.68,24.06,24.53,689300,24.53
"2008-03-14",25.42,25.42,23.6,23.71,1089900,23.71
"2008-03-17",23.57,24.49,22.55,22.65,1563400,22.65
"2008-03-18",22.72,23.82,22.57,23.73,1656200,23.73
"2008-03-19",24.09,24.11,22.9,22.98,1266300,22.98
"2008-03-20",23.75,23.75,22.35,23.47,1380200,23.47
"2008-03-24",23.52,25.38,23.47,24.92,1010200,24.92
"2008-03-25",24.83,25.12,24.03,24.25,670000,24.25
"2008-03-26",23.99,24.27,23.2,23.26,884500,23.26
"2008-03-27",23.29,23.29,22.24,22.51,1772100,22.51
"2008-03-28",22.97,22.99,21.92,21.92,812400,21.92
"2008-03-31",21.9,22.26,21.4,22.06,1628500,22.06
"2008-04-01",22.02,22.72,20.11,20.64,3129900,20.64
"2008-04-02",20.76,21.91,20.68,21.57,1909600,21.57
"2008-04-03",21.48,22.09,21.28,21.98,1393800,21.98
"2008-04-04",21.97,22.03,21.68,21.89,1871300,21.89
"2008-04-07",22.01,22.36,21.77,22.01,591400,22.01
"2008-04-08",21.8,22.42,21.79,22.23,459700,22.23
"2008-04-09",22.33,22.41,22.18,22.29,792600,22.29
"2008-04-10",22.02,22.34,21.97,22.17,996300,22.17
"2008-04-11",21.95,22,21.41,21.52,2250900,21.52
"2008-04-14",21.5,21.57,20.76,20.86,2281800,20.86
"2008-04-15",20.97,21.16,20.52,20.61,1597000,20.61
"2008-04-16",20.74,21.42,20.58,21.28,1540400,21.28
"2008-04-17",21.38,21.88,21.25,21.6,1014300,21.6
"2008-04-18",21.01,22.66,21.01,21.99,996100,21.99
"2008-04-21",21.8,21.92,21.39,21.8,570900,21.8
"2008-04-22",21.58,21.69,21.09,21.28,486000,21.28
"2008-04-23",21.25,21.7,21.25,21.53,406400,21.53
"2008-04-24",21.77,21.78,21.12,21.62,956400,21.62
"2008-04-25",21.57,21.81,21.2,21.77,781300,21.77
"2008-04-28",21.7,22.55,21.7,22.24,672100,22.24
"2008-04-29",22.11,22.16,21.5,21.81,632100,21.81
"2008-04-30",21.79,22.06,21.25,21.29,613100,21.29
"2008-05-01",21.3,21.83,21.08,21.82,1565700,21.82
"2008-05-02",21.98,22.55,21.85,22.44,1065900,22.44
"2008-05-05",22.44,22.65,22.19,22.6,696900,22.6
"2008-05-06",22.5,23.38,22.44,23.14,716800,23.14
"2008-05-07",23.18,24.08,22.57,23.07,2527700,23.07
"2008-05-08",22.1,24.4,21.75,23.38,3222900,23.38
"2008-05-09",23.05,24.05,23.05,23.47,1488100,23.47
"2008-05-12",23.57,23.97,23.24,23.89,1227100,23.89
"2008-05-13",23.79,24.24,23.69,24.02,909800,24.02
"2008-05-14",24.19,24.53,24.02,24.14,1399900,24.14
"2008-05-15",24.05,24.88,24.01,24.88,722800,24.88
"2008-05-16",24.97,25.17,24.7,25.14,2014900,25.14
"2008-05-19",25.04,25.87,24.98,25.36,1145200,25.36
"2008-05-20",25.15,25.58,25.06,25.37,713100,25.37
"2008-05-21",25.5,25.88,25.23,25.29,919500,25.29
"2008-05-22",25.37,25.5,24.95,25.45,1157100,25.45
"2008-05-23",25.4,25.51,25.25,25.33,939500,25.33
"2008-05-27",25.25,25.62,25.1,25.62,1198700,25.62
"2008-05-28",25.64,26.16,25.53,26.11,612400,26.11
"2008-05-29",26.26,26.43,25.83,26.35,512500,26.35
"2008-05-30",26.27,27.32,26.18,27.01,1343300,27.01
"2008-06-02",27.06,27.06,26.01,26.11,1119800,26.11
"2008-06-03",26.05,27.16,25.5,26.8,1573600,26.8
"2008-06-04",26.74,26.74,25.9,26.04,1463200,26.04
"2008-06-05",26.22,26.3,25.64,26.25,1148600,26.25
"2008-06-06",26.1,26.13,25.23,25.23,987100,25.23
"2008-06-09",25.14,25.76,24.77,25.24,1007300,25.24
"2008-06-10",25.05,25.15,24.7,24.87,1205900,24.87
"2008-06-11",24.76,24.89,24,24.02,2217000,24.02
"2008-06-12",24.15,24.18,23.21,23.41,2443200,23.41
"2008-06-13",23.52,24.27,23.52,24.14,2030000,24.14
"2008-06-16",23.92,24.31,23.68,23.95,1129900,23.95
"2008-06-17",23.78,24.2,23.54,23.61,1350700,23.61
"2008-06-18",23.33,23.9,23.33,23.56,1802700,23.56
"2008-06-19",23.4,23.67,23.36,23.57,1685700,23.57
"2008-06-20",23.23,23.39,22.92,23.14,1222500,23.14
"2008-06-23",23.17,23.5,23.09,23.34,1287900,23.34
"2008-06-24",23.22,23.32,22.51,22.79,1927300,22.79
"2008-06-25",22.9,23.4,22.76,23.26,1609500,23.26
"2008-06-26",22.96,23.18,22.77,22.84,1173500,22.84
"2008-06-27",23,23.3,22.76,23.25,1754300,23.25
"2008-06-30",23.2,23.3,22.87,23.14,814000,23.14
"2008-07-01",22.77,23.14,22.5,22.89,1005300,22.89
"2008-07-02",22.75,22.98,22.39,22.43,1671100,22.43
"2008-07-03",22.64,22.92,22.23,22.8,372100,22.8
"2008-07-07",22.86,23,21.89,22.13,968600,22.13
"2008-07-08",22.17,23.23,21.96,23.02,1722900,23.02
"2008-07-09",22.96,23.54,22.87,22.88,1152300,22.88
"2008-07-10",22.75,23.07,22.19,22.51,1065800,22.51
"2008-07-11",22.15,22.62,21.61,22.32,1229800,22.32
"2008-07-14",22.43,23.01,22.3,22.47,1131600,22.47
"2008-07-15",22.35,22.49,22.02,22.18,1207600,22.18
"2008-07-16",22.25,22.75,22.1,22.52,951200,22.52
"2008-07-17",22.51,22.68,21.99,22.35,2208400,22.35
"2008-07-18",23.2,23.5,21.7,22.79,944700,22.79
"2008-07-21",22.71,22.76,22.5,22.58,606000,22.58
"2008-07-22",22.5,23.13,22.26,22.43,1211000,22.43
"2008-07-23",22.57,22.94,22.3,22.61,1797100,22.61
"2008-07-24",22.72,22.96,22.12,22.29,1194800,22.29
"2008-07-25",22.5,22.5,21.97,22.22,527000,22.22
"2008-07-28",21.97,22.61,21.97,22.18,1206500,22.18
"2008-07-29",22.08,23.02,22.08,23.02,685700,23.02
"2008-07-30",22.9,23.21,22.7,23.06,479000,23.06
"2008-07-31",22.94,23.56,22.94,23.42,1270300,23.42
"2008-08-01",23.44,23.58,22.37,22.39,1211300,22.39
"2008-08-04",22.51,22.7,22.22,22.42,426200,22.42
"2008-08-05",22.56,22.67,22.24,22.63,577400,22.63
"2008-08-06",22.69,23.11,22.46,22.89,799700,22.89
"2008-08-07",24,25.88,23.83,24.4,3117700,24.4
"2008-08-08",24.59,25.45,24.4,25.15,1690400,25.15
"2008-08-11",25.13,25.59,24.86,25.18,1362300,25.18
"2008-08-12",25.06,25.53,24.23,24.49,2014900,24.49
"2008-08-13",24.59,24.7,24.31,24.46,1566500,24.46
"2008-08-14",24.59,25.02,24.01,24.79,1372700,24.79
"2008-08-15",25.49,25.49,24.8,24.95,1578000,24.95
"2008-08-18",24.95,25.17,24.92,25.01,1583800,25.01
"2008-08-19",24.96,25.12,24.78,24.81,880100,24.81
"2008-08-20",24.73,25.24,24.66,25.01,1126200,25.01
"2008-08-21",24.78,24.98,24.35,24.5,1369600,24.5
"2008-08-22",24.69,24.99,24.53,24.69,1310000,24.69
"2008-08-25",24.52,24.66,23.94,23.99,918900,23.99
"2008-08-26",23.92,24.72,23.85,24.57,1152400,24.57
"2008-08-27",24.54,24.9,24.48,24.74,831800,24.74
"2008-08-28",24.86,25.02,24.6,24.89,894000,24.89
"2008-08-29",24.81,24.84,24.45,24.57,686000,24.57
"2008-09-02",25.03,25.16,24.77,25,1426400,25
"2008-09-03",24.99,25.05,23.81,23.87,2244200,23.87
"2008-09-04",23.69,23.8,22.79,22.81,1171700,22.81
"2008-09-05",22.7,23.74,22.5,23.63,1906300,23.63
"2008-09-08",23.95,24.09,23.28,23.74,995000,23.74
"2008-09-09",23.89,24.09,23.4,23.4,1312100,23.4
"2008-09-10",23.38,23.86,23.37,23.72,664100,23.72
"2008-09-11",23.56,23.6,22.76,23.42,1296200,23.42
"2008-09-12",23.21,23.23,22.65,22.99,1009600,22.99
"2008-09-15",22.59,22.69,21.73,22.1,1823000,22.1
"2008-09-16",21.95,23.85,21.95,23.59,2206200,23.59
"2008-09-17",23.13,23.57,22.17,22.17,1800100,22.17
"2008-09-18",22.49,22.56,21.22,22.14,1918600,22.14
"2008-09-19",22.4,23.55,21.17,22.2,2254100,22.2
"2008-09-22",22.29,22.29,21.28,21.38,690700,21.38
"2008-09-23",21.57,22.13,21.15,21.21,904500,21.21
"2008-09-24",21.12,21.42,20.95,21.03,1280900,21.03
"2008-09-25",20.9,21.17,19.2,19.4,4163400,19.4
"2008-09-26",19.13,21.15,19.08,20.61,4646900,20.61
"2008-09-29",20.26,20.59,18,18.41,2828800,18.41
"2008-09-30",18.67,19.54,17.9,19.5,3344500,19.5
"2008-10-01",19.4,19.7,18.64,18.85,1920800,18.85
"2008-10-02",18.77,19.07,17.79,17.84,1870700,17.84
"2008-10-03",18.13,18.52,17.04,17.1,1664500,17.1
"2008-10-06",16.9,17.04,15.63,16.79,1641200,16.79
"2008-10-07",16.7,16.83,15.98,16.07,1911400,16.07
"2008-10-08",15.92,17.13,15.71,16.79,2698000,16.79
"2008-10-09",17.26,17.54,15.97,16.01,2316500,16.01
"2008-10-10",15.65,16.39,14.5,15.22,3334400,15.22
"2008-10-13",16.07,16.57,15.2,16.57,1317900,16.57
"2008-10-14",18,18,16.02,16.12,1192200,16.12
"2008-10-15",15.98,16.16,15.49,16.11,1783800,16.11
"2008-10-16",16.4,17.49,15.81,17.49,3814500,17.49
"2008-10-17",17.24,17.49,16.42,16.86,3051700,16.86
"2008-10-20",16.73,17.31,16.5,16.9,1480000,16.9
"2008-10-21",16.78,17.19,16.1,16.13,1500300,16.13
"2008-10-22",15.9,15.9,14.51,14.58,2577400,14.58
"2008-10-23",14.71,15.09,14.03,14.89,1876400,14.89
"2008-10-24",14.07,15,14.06,14.67,1084600,14.67
"2008-10-27",14.46,14.9,14.04,14.24,1030100,14.24
"2008-10-28",14.51,15.72,14.33,15.72,1071500,15.72
"2008-10-29",15.43,15.94,14.93,15.19,1009300,15.19
"2008-10-30",15.49,15.8,15.16,15.66,930600,15.66
"2008-10-31",15.66,15.9,15.1,15.39,1492700,15.39
"2008-11-03",15.44,15.75,15.29,15.31,843900,15.31
"2008-11-04",15.68,17.49,15.68,16.65,1952200,16.65
"2008-11-05",16.03,16.63,15.44,15.49,825600,15.49
"2008-11-06",15.42,15.6,14.38,14.51,1048200,14.51
"2008-11-07",14.67,14.83,14.13,14.48,1258700,14.48
"2008-11-10",14.6,14.84,14.08,14.27,706500,14.27
"2008-11-11",13.92,14.09,13.16,13.33,1653100,13.33
"2008-11-12",13.13,13.62,12.55,12.6,1305600,12.6
"2008-11-13",12.56,13.01,11.8,12.82,1900100,12.82
"2008-11-14",12.64,13,11.93,12.01,1694300,12.01
"2008-11-17",11.85,12.91,11.81,12.47,1415700,12.47
"2008-11-18",12.55,12.55,11.93,12.41,1570300,12.41
"2008-11-19",12.29,12.44,11.74,11.77,1443900,11.77
"2008-11-20",11.73,12,11.43,11.46,1956400,11.46
"2008-11-21",11.64,12.06,11.11,12.06,1668600,12.06
"2008-11-24",12.18,12.68,12,12.49,1538100,12.49
"2008-11-25",12.69,13.24,12.57,13.2,1424900,13.2
"2008-11-26",13,13.55,12.81,13.51,960700,13.51
"2008-11-28",13.76,13.76,13.18,13.43,322700,13.43
"2008-12-01",12.99,13.37,12.68,12.79,1353900,12.79
"2008-12-02",13.03,13.81,12.93,13.77,1510600,13.77
"2008-12-03",13.4,13.92,13.13,13.86,1026700,13.86
"2008-12-04",13.6,14.03,12.97,13.18,1162200,13.18
"2008-12-05",13.06,13.69,12.62,13.64,1210000,13.64
"2008-12-08",13.65,14.52,13.65,14.28,804800,14.28
"2008-12-09",14.16,14.73,14.01,14.44,918400,14.44
"2008-12-10",14.42,14.82,14.42,14.77,855000,14.77
"2008-12-11",14.5,15.21,14.47,14.81,1597700,14.81
"2008-12-12",14.39,15.03,14.13,14.92,1766200,14.92
"2008-12-15",14.93,15.03,13.96,14.19,1242900,14.19
"2008-12-16",14.35,15.08,14.35,15.02,1059200,15.02
"2008-12-17",14.74,15.68,14.39,15.46,1808200,15.46
"2008-12-18",15.48,15.57,14.71,14.99,1183800,14.99
"2008-12-19",14.68,15.57,14.68,15.07,1418700,15.07
"2008-12-22",15.12,15.12,14.09,14.4,833600,14.4
"2008-12-23",14.55,14.57,14.01,14.13,609500,14.13
"2008-12-24",13.99,14.34,13.96,14.28,210200,14.28
"2008-12-26",14.29,14.67,14.17,14.6,201800,14.6
"2008-12-29",14.51,14.61,14.07,14.41,420000,14.41
"2008-12-30",14.34,14.9,14.12,14.87,566400,14.87
"2008-12-31",14.75,15.01,14.66,14.83,744900,14.83
"2009-01-02",14.99,16.01,14.59,15.92,1452000,15.92
"2009-01-05",15.76,15.76,15.14,15.5,1008800,15.5
"2009-01-06",15.65,15.73,15.15,15.5,983700,15.5
"2009-01-07",15.32,15.72,15.07,15.52,688900,15.52
"2009-01-08",15.52,16.02,15.31,15.99,687000,15.99
"2009-01-09",15.93,16.05,15.39,15.42,696000,15.42
"2009-01-12",15.51,15.51,14.86,15.05,1161800,15.05
"2009-01-13",15.12,15.28,14.78,14.88,1129400,14.88
"2009-01-14",14.68,14.68,14.02,14.18,1849300,14.18
"2009-01-15",14.24,14.72,13.94,14.56,1437100,14.56
"2009-01-16",14.71,15.31,14.6,15.23,1196200,15.23
"2009-01-20",15.29,15.38,14.28,14.31,1536400,14.31
"2009-01-21",14.47,14.65,13.95,14.61,1380500,14.61
"2009-01-22",14.2,14.55,14.03,14.23,1377700,14.23
"2009-01-23",14.13,14.19,13.7,13.93,920400,13.93
"2009-01-26",13.97,14.28,13.7,13.88,768700,13.88
"2009-01-27",13.84,14.09,13.83,14,775700,14
"2009-01-28",14.16,14.24,13.94,14.12,803500,14.12
"2009-01-29",13.98,14.05,13.61,13.7,924600,13.7
"2009-01-30",13.69,13.83,13.1,13.13,1766100,13.13
"2009-02-02",13.03,13.18,12.77,13.02,732500,13.02
"2009-02-03",13.02,13.32,12.75,13.26,2577800,13.26
"2009-02-04",13.37,13.57,13.27,13.39,1038400,13.39
"2009-02-05",13.26,13.31,12.99,13.12,1467900,13.12
"2009-02-06",13.03,13.39,12.86,13.35,1488300,13.35
"2009-02-09",13.5,13.53,13.17,13.46,1120500,13.46
"2009-02-10",13.45,13.58,13,13.05,1838600,13.05
"2009-02-11",13.06,13.35,12.96,13.16,1531700,13.16
"2009-02-12",14.16,14.49,13.78,14.14,7939300,14.14
"2009-02-13",14.07,15.36,14.07,15.12,4967400,15.12
"2009-02-17",14.55,14.74,14.38,14.44,2701700,14.44
"2009-02-18",14.36,14.83,14.36,14.6,2359100,14.6
"2009-02-19",14.6,14.9,14.15,14.45,3443700,14.45
"2009-02-20",14.27,14.86,14.27,14.44,3628100,14.44
"2009-02-23",14.59,14.59,14,14.04,3034700,14.04
"2009-02-24",14.32,14.74,14.06,14.64,2268100,14.64
"2009-02-25",14.38,15.23,14.38,14.93,1867100,14.93
"2009-02-26",15.01,15.61,14.83,15.42,2601400,15.42
"2009-02-27",15.14,15.77,15.05,15.46,3193400,15.46
"2009-03-02",15.19,15.22,14.6,14.66,2375100,14.66
"2009-03-03",14.8,15.51,14.7,15.35,2650600,15.35
"2009-03-04",15.48,16.38,15.33,16.26,3547400,16.26
"2009-03-05",15.84,16.53,15.84,16.32,3617500,16.32
"2009-03-06",16.42,16.63,15.69,16.01,2486100,16.01
"2009-03-09",15.84,16.23,15.39,15.64,1667000,15.64
"2009-03-10",15.86,16.01,15.31,15.5,2752100,15.5
"2009-03-11",15.55,16.26,15.4,16.09,3272400,16.09
"2009-03-12",15.92,16.76,15.79,16.76,2622600,16.76
"2009-03-13",16.64,17.33,16.62,17.12,2747500,17.12
"2009-03-16",17.1,17.34,16.23,16.25,1920500,16.25
"2009-03-17",16.45,16.72,16.19,16.72,1325900,16.72
"2009-03-18",16.52,17.1,16.49,16.79,1995000,16.79
"2009-03-19",17.02,17.2,16.66,16.82,2024200,16.82
"2009-03-20",16.8,16.97,16.2,16.42,3147300,16.42
"2009-03-23",16.71,16.9,16.17,16.86,1813100,16.86
"2009-03-24",16.79,17.04,16.62,16.68,1367800,16.68
"2009-03-25",16.9,17,16.02,16.36,1802000,16.36
"2009-03-26",16.48,17.06,16.37,17.04,2946600,17.04
"2009-03-27",16.91,16.91,16.71,16.87,1915500,16.87
"2009-03-30",16.63,16.7,16.23,16.4,2603300,16.4
"2009-03-31",16.49,16.56,16.09,16.22,1781600,16.22
"2009-04-01",16.21,16.23,15.86,16,2203200,16
"2009-04-02",16.43,16.81,16.26,16.7,3732100,16.7
"2009-04-03",16.55,16.61,15.89,16.38,4017600,16.38
"2009-04-06",16.29,16.29,15.8,16.09,2665300,16.09
"2009-04-07",16.13,16.13,15.53,15.56,1651900,15.56
"2009-04-08",15.65,16,15.54,15.78,980300,15.78
"2009-04-09",15.99,16.47,15.9,16.45,1698200,16.45
"2009-04-13",16.3,16.34,15.14,15.31,2790700,15.31
"2009-04-14",15.19,15.51,15.1,15.28,1258800,15.28
"2009-04-15",15.17,15.77,15.17,15.53,2697600,15.53
"2009-04-16",15.54,15.93,15.39,15.82,2002600,15.82
"2009-04-17",15.91,16.64,15.85,16.39,2505100,16.39
"2009-04-20",16.3,16.41,16.04,16.2,1685000,16.2
"2009-04-21",16.1,16.49,16.1,16.46,1452700,16.46
"2009-04-22",16.38,16.7,16.13,16.35,1428800,16.35
"2009-04-23",16.5,16.5,15.96,16.25,1194400,16.25
"2009-04-24",16.42,16.6,16.22,16.48,950400,16.48
"2009-04-27",16.3,16.34,15.88,15.95,1379500,15.95
"2009-04-28",15.83,16.1,15.7,15.9,2644300,15.9
"2009-04-29",16.15,16.95,15.94,16.78,1898300,16.78
"2009-04-30",16.87,17.12,16.67,16.72,1243400,16.72
"2009-05-01",16.74,17.1,16.25,17.1,1868100,17.1
"2009-05-04",17.11,19.15,17.11,18.31,3957000,18.31
"2009-05-05",18.29,18.91,18.29,18.72,2722900,18.72
"2009-05-06",18.84,18.97,18.18,18.83,1944300,18.83
"2009-05-07",20.05,23.46,19.08,20.5,8252100,20.5
"2009-05-08",21.19,21.74,20.44,20.91,4139600,20.91
"2009-05-11",20.81,21.85,20.52,21.35,1688700,21.35
"2009-05-12",21.4,21.4,20.56,20.99,2497900,20.99
"2009-05-13",20.79,21,20.3,20.43,1442900,20.43
"2009-05-14",20.43,20.83,20.31,20.46,1557000,20.46
"2009-05-15",20.58,21.18,20.49,20.6,1602200,20.6
"2009-05-18",20.86,21.13,20.19,20.61,2397200,20.61
"2009-05-19",20.7,20.86,20.1,20.64,2435100,20.64
"2009-05-20",20.8,21.51,20.75,20.95,2008400,20.95
"2009-05-21",20.48,21.22,20.09,20.92,2129600,20.92
"2009-05-22",20.86,21.31,20.12,21.07,1964600,21.07
"2009-05-26",20.98,21.54,20.53,21.49,1974000,21.49
"2009-05-27",21.46,21.76,20.92,20.95,2398700,20.95
"2009-05-28",20.74,21.44,20.55,21.39,2164500,21.39
"2009-05-29",21.26,21.6,21,21.6,1991200,21.6
"2009-06-01",21.86,22.75,21.65,22.69,1888000,22.69
"2009-06-02",22.68,23.12,22.53,22.95,2267200,22.95
"2009-06-03",22.93,23.08,22.31,22.68,1427000,22.68
"2009-06-04",22.67,23.15,22.5,23.1,1187800,23.1
"2009-06-05",23.37,24.16,23.25,24.09,2340400,24.09
"2009-06-08",24.1,24.1,23.13,23.42,1690700,23.42
"2009-06-09",23.57,24.17,23.18,24.1,1364600,24.1
"2009-06-10",24.12,24.24,23.3,23.89,1671300,23.89
"2009-06-11",24.1,24.42,23.62,24.01,1117200,24.01
"2009-06-12",23.92,24.08,23.4,23.99,853800,23.99
"2009-06-15",23.6,23.85,22.98,23.12,919200,23.12
"2009-06-16",23.24,23.57,22.65,22.66,1096100,22.66
"2009-06-17",22.69,23.15,22.56,23,1001300,23
"2009-06-18",23.07,23.07,22.13,22.47,1331700,22.47
"2009-06-19",22.66,23.22,22.56,23.01,1380700,23.01
"2009-06-22",22.73,23,22,22.01,1038500,22.01
"2009-06-23",22.16,22.61,22.01,22.5,1086900,22.5
"2009-06-24",22.64,22.89,21.78,21.86,2169800,21.86
"2009-06-25",21.83,22.85,21.58,22.81,2093100,22.81
"2009-06-26",22.86,23.1,22.51,23.06,2376600,23.06
"2009-06-29",23.04,23.26,22.34,23.15,1139800,23.15
"2009-06-30",23.29,23.48,22.74,23.43,2126800,23.43
"2009-07-01",23.33,24.13,23.33,23.79,1509500,23.79
"2009-07-02",23.6,23.6,22.78,22.98,787300,22.98
"2009-07-06",22.86,23.18,22.37,23.14,1546100,23.14
"2009-07-07",22.91,23.11,21.92,21.99,1169400,21.99
"2009-07-08",21.99,22.14,21.43,21.82,1226300,21.82
"2009-07-09",21.87,22.71,21.85,22.59,1089900,22.59
"2009-07-10",22.38,22.8,22.32,22.6,1131600,22.6
"2009-07-13",22.6,23.49,22.48,23.45,1155800,23.45
"2009-07-14",23.6,23.6,22.83,23.53,967700,23.53
"2009-07-15",23.87,23.92,23.58,23.85,1139000,23.85
"2009-07-16",23.75,24.76,23.71,24.69,1350200,24.69
"2009-07-17",24.46,24.9,24.46,24.68,969500,24.68
"2009-07-20",24.76,24.97,24.6,24.75,1042900,24.75
"2009-07-21",24.92,25.07,24.61,24.78,1173800,24.78
"2009-07-22",24.84,25.09,24.34,24.42,924400,24.42
"2009-07-23",24.42,25.12,24.42,24.88,953000,24.88
"2009-07-24",24.81,25.41,24.26,24.66,809800,24.66
"2009-07-27",24.67,24.76,24.14,24.29,687300,24.29
"2009-07-28",24.24,24.39,23.77,23.9,1630200,23.9
"2009-07-29",23.81,24.28,23.69,23.74,1165500,23.74
"2009-07-30",23.96,25,23.96,24.48,1659900,24.48
"2009-07-31",24.71,24.84,24.48,24.57,1275500,24.57
"2009-08-03",24.91,25.25,24.6,25.2,1713900,25.2
"2009-08-04",25.13,25.66,25.1,25.6,1759800,25.6
"2009-08-05",25.67,25.75,24.78,24.92,2090900,24.92
"2009-08-06",25.95,26.98,25.68,26.66,3114600,26.66
"2009-08-07",26.96,28.02,26.65,26.88,2547300,26.88
"2009-08-10",27,27.05,26.48,26.58,2510200,26.58
"2009-08-11",26.39,26.7,26.1,26.45,2477100,26.45
"2009-08-12",26.5,27.16,26.4,26.97,1543200,26.97
"2009-08-13",27.04,27.67,26.65,27.52,1872100,27.52
"2009-08-14",27.35,27.38,26.78,27.1,823300,27.1
"2009-08-17",26.95,27,26.06,26.12,1319300,26.12
"2009-08-18",26.19,26.35,25.88,26.27,1059900,26.27
"2009-08-19",26.19,26.34,25.9,26.22,944900,26.22
"2009-08-20",26.15,26.53,25.83,26.1,1031300,26.1
"2009-08-21",26.28,26.58,26.03,26.38,1030800,26.38
"2009-08-24",26.37,26.63,25.92,25.98,1060800,25.98
"2009-08-25",26.3,26.73,26.01,26.48,1561600,26.48
"2009-08-26",26.51,27.15,26.39,26.72,1421500,26.72
"2009-08-27",26.87,26.93,26.21,26.89,1162500,26.89
"2009-08-28",27.08,27.32,26.84,27.05,1398800,27.05
"2009-08-31",26.66,27.04,26.57,26.93,1401400,26.93
"2009-09-01",26.95,27.26,25.62,25.65,1399400,25.65
"2009-09-02",25.37,25.86,25.12,25.69,1767100,25.69
"2009-09-03",25.92,25.92,25.36,25.56,1083800,25.56
"2009-09-04",25.54,26.19,25.54,26.19,893300,26.19
"2009-09-08",25.78,26.24,25.12,25.49,2473300,25.49
"2009-09-09",25.58,25.81,25.25,25.56,1597900,25.56
"2009-09-10",25.54,26.5,25.54,26.39,1831100,26.39
"2009-09-11",26.4,26.48,25.87,26.18,762000,26.18
"2009-09-14",26,26.33,25.84,26.2,1084400,26.2
"2009-09-15",26.15,26.15,25.42,25.66,1131600,25.66
"2009-09-16",25.7,26.53,25.7,26.5,1601700,26.5
"2009-09-17",26.37,26.78,26.25,26.72,1277300,26.72
"2009-09-18",26.75,26.8,26.18,26.38,1624000,26.38
"2009-09-21",26.18,26.43,25.91,26.29,1004200,26.29
"2009-09-22",26.39,26.64,26.08,26.43,1427200,26.43
"2009-09-23",26.62,28.63,26.5,27.57,3254900,27.57
"2009-09-24",27.68,27.88,27.14,27.73,2033700,27.73
"2009-09-25",27.4,27.69,26.9,27.57,1623800,27.57
"2009-09-28",27.65,27.97,27.5,27.9,856100,27.9
"2009-09-29",27.92,28,27.55,27.77,955800,27.77
"2009-09-30",27.71,27.77,26.72,27.52,1736400,27.52
"2009-10-01",27.53,27.61,26.51,26.53,1462900,26.53
"2009-10-02",26.2,26.5,25.88,26.35,1208800,26.35
"2009-10-05",26.52,27.08,26.1,26.82,1283200,26.82
"2009-10-06",27.06,27.58,26.91,27.32,1393700,27.32
"2009-10-07",27.22,27.61,27.05,27.61,760800,27.61
"2009-10-08",27.7,27.77,27.06,27.11,1197400,27.11
"2009-10-09",27,27.55,26.92,27.43,1756200,27.43
"2009-10-12",27.45,27.94,27.34,27.58,878200,27.58
"2009-10-13",27.62,28.06,27.36,27.72,1860400,27.72
"2009-10-14",28.25,28.61,28.25,28.51,1653500,28.51
"2009-10-15",28.43,28.73,28.17,28.7,820300,28.7
"2009-10-16",28.55,28.84,27.96,28.6,1325700,28.6
"2009-10-19",28.62,28.97,28.42,28.95,1292200,28.95
"2009-10-20",28.68,28.99,28.17,28.25,1019200,28.25
"2009-10-21",28.28,28.92,28.16,28.27,1059200,28.27
"2009-10-22",28.26,28.88,28.08,28.85,887600,28.85
"2009-10-23",28.9,29,28.2,28.33,833000,28.33
"2009-10-26",29.58,29.75,28.83,29.02,1869500,29.02
"2009-10-27",29.04,29.22,28.24,28.52,1375000,28.52
"2009-10-28",28.38,28.63,28.11,28.21,1234900,28.21
"2009-10-29",28.46,29.31,28.19,29.08,1388000,29.08
"2009-10-30",29.13,29.17,27.86,27.88,1460700,27.88
"2009-11-02",28,28.72,27.77,28.41,1529200,28.41
"2009-11-03",28.31,28.79,27.98,28.65,1134400,28.65
"2009-11-04",28.76,29.5,28.72,29.03,1439400,29.03
"2009-11-05",29.73,29.85,28.5,28.61,2557200,28.61
"2009-11-06",28.55,28.88,28.28,28.62,1421500,28.62
"2009-11-09",28.74,30.08,28.72,30.04,2210800,30.04
"2009-11-10",30.09,30.46,29.84,30.28,1737600,30.28
"2009-11-11",30.37,30.5,30.03,30.18,1106300,30.18
"2009-11-12",29.96,30.2,29.74,30.06,2124400,30.06
"2009-11-13",30.13,30.23,29.95,30.18,1366400,30.18
"2009-11-16",30.26,30.86,30.13,30.44,1918500,30.44
"2009-11-17",30.39,31.24,29.81,30.06,1417200,30.06
"2009-11-18",30.1,30.21,29.69,29.96,1651200,29.96
"2009-11-19",29.81,29.95,29.4,29.45,1592200,29.45
"2009-11-20",29.37,29.48,28.86,29.43,1835300,29.43
"2009-11-23",29.75,30.34,29.75,30.09,1676400,30.09
"2009-11-24",30.04,30.09,29.56,29.75,1223500,29.75
"2009-11-25",29.75,29.75,29.55,29.62,773900,29.62
"2009-11-27",29,29.05,28.13,28.83,753500,28.83
"2009-11-30",28.81,29.39,28.48,29.3,1703700,29.3
"2009-12-01",29.75,30.93,29.3,30.68,3252800,30.68
"2009-12-02",30.51,30.96,30.42,30.47,1130600,30.47
"2009-12-03",30.66,30.83,30.12,30.16,1163400,30.16
"2009-12-04",30.64,30.83,30.11,30.56,1620100,30.56
"2009-12-07",30.5,30.86,30.22,30.33,1256700,30.33
"2009-12-08",30.09,30.24,29.49,29.52,1338700,29.52
"2009-12-09",29.34,30.05,29.13,29.91,1649200,29.91
"2009-12-10",29.96,31.33,29.96,31.26,2668300,31.26
"2009-12-11",31.26,31.26,30.4,30.76,1536600,30.76
"2009-12-14",30.77,31,30.43,30.93,1689300,30.93
"2009-12-15",30.83,31.28,30.5,31.05,1309300,31.05
"2009-12-16",31.09,32.24,31.02,32.08,2113900,32.08
"2009-12-17",31.84,31.95,31.54,31.64,1552500,31.64
"2009-12-18",31.82,31.82,30.82,31.21,2685000,31.21
"2009-12-21",31.33,31.49,30.66,30.7,1587900,30.7
"2009-12-22",30.61,30.95,30.55,30.75,1376100,30.75
"2009-12-23",30.96,31.33,30.7,31.26,895900,31.26
"2009-12-24",31.52,31.69,31.27,31.65,266200,31.65
"2009-12-28",31.71,31.72,30.98,31.1,911200,31.1
"2009-12-29",31.24,31.25,30.99,31.05,778300,31.05
"2009-12-30",30.99,31.19,30.59,31.19,773700,31.19
"2009-12-31",31.24,31.89,31.12,31.43,1634300,31.43
"2010-01-04",31.78,31.78,30.25,30.87,2928700,30.87
"2010-01-05",30.89,31.05,30.69,30.99,2126900,30.99
"2010-01-06",31,31.04,30.59,30.65,1209200,30.65
"2010-01-07",30.71,30.83,30.27,30.3,1861600,30.3
"2010-01-08",30.18,30.84,30.11,30.79,1600600,30.79
"2010-01-11",30.98,31.18,30.89,31.04,959800,31.04
"2010-01-12",30.93,31,30.22,30.37,1021600,30.37
"2010-01-13",30.48,30.7,29.8,30.27,1420500,30.27
"2010-01-14",30.45,30.52,30,30.38,1159600,30.38
"2010-01-15",30.37,30.37,29.74,30.08,1438600,30.08
"2010-01-19",30.04,30.17,29.66,30,1056400,30
"2010-01-20",29.78,30.25,29.46,30.18,1124600,30.18
"2010-01-21",30.26,30.33,29.64,29.7,967900,29.7
"2010-01-22",29.53,29.6,28.6,28.67,1296900,28.67
"2010-01-25",28.88,28.88,27.86,27.93,1816800,27.93
"2010-01-26",27.75,28.79,27.29,28.42,1363500,28.42
"2010-01-27",28.33,28.7,28,28.58,1227700,28.58
"2010-01-28",28.56,28.58,28.03,28.17,961500,28.17
"2010-01-29",28.25,28.37,27.84,27.97,1838800,27.97
"2010-02-01",28.13,28.31,27.92,28.15,1032800,28.15
"2010-02-02",28.12,28.91,28.06,28.81,1153900,28.81
"2010-02-03",28.74,28.99,28.48,28.78,785000,28.78
"2010-02-04",28.51,28.57,27.7,27.8,1579200,27.8
"2010-02-05",27.71,27.81,27.25,27.66,1797700,27.66
"2010-02-08",27.62,28.55,27.41,28.01,1471600,28.01
"2010-02-09",28.3,28.65,28.03,28.25,749500,28.25
"2010-02-10",28.15,28.81,27.68,28.61,1442000,28.61
"2010-02-11",28.35,28.61,26.8,28.35,3710700,28.35
"2010-02-12",28.09,28.81,27.14,28.72,2061700,28.72
"2010-02-16",28.91,29.52,28.6,29.48,1486000,29.48
"2010-02-17",29.53,29.7,29.16,29.58,1337800,29.58
"2010-02-18",29.58,30.17,29.44,30.03,1188200,30.03
"2010-02-19",29.85,30.14,29.66,29.84,988900,29.84
"2010-02-22",29.88,29.99,29.1,29.47,2166100,29.47
"2010-02-23",29.47,29.75,29.43,29.6,1610000,29.6
"2010-02-24",29.61,30.2,29.61,30.11,1264100,30.11
"2010-02-25",29.66,30.26,29.39,30.22,1140100,30.22
"2010-02-26",30.28,30.63,30.11,30.49,915000,30.49
"2010-03-01",30.47,30.91,30.43,30.91,662400,30.91
"2010-03-02",30.86,30.97,30.38,30.48,1509300,30.48
"2010-03-03",30.49,30.49,29.73,29.88,2193600,29.88
"2010-03-04",30,30.48,29.97,30.45,981300,30.45
"2010-03-05",30.61,30.8,30.4,30.5,1069400,30.5
"2010-03-08",30.57,30.58,30.18,30.21,805900,30.21
"2010-03-09",30.18,30.45,30.01,30.35,1517700,30.35
"2010-03-10",30.22,30.22,29.51,29.76,1504800,29.76
"2010-03-11",29.63,29.92,29.42,29.85,984800,29.85
"2010-03-12",29.87,29.99,29.52,29.68,772000,29.68
"2010-03-15",29.61,29.7,29.18,29.67,1116700,29.67
"2010-03-16",29.74,29.74,28.64,29.03,2528800,29.03
"2010-03-17",29.08,29.74,28.83,28.98,2142100,28.98
"2010-03-18",28.95,29.26,28.68,29.18,1269400,29.18
"2010-03-19",29.19,29.25,28.7,28.94,1905700,28.94
"2010-03-22",28.84,29.36,28.39,29.27,1126400,29.27
"2010-03-23",29.4,29.44,28.97,29.4,813100,29.4
"2010-03-24",29.26,29.32,28.8,28.82,1226500,28.82
"2010-03-25",28.96,29.02,28.2,28.24,1671900,28.24
"2010-03-26",28.29,29.11,28.29,28.96,1517200,28.96
"2010-03-29",29.18,29.58,29.05,29.18,1291700,29.18
"2010-03-30",29.25,29.45,29.01,29.16,1067000,29.16
"2010-03-31",29.03,29.16,28.82,28.89,868000,28.89
"2010-04-01",29,29.77,29,29.32,1784900,29.32
"2010-04-05",29.32,29.42,29.2,29.3,1211900,29.3
"2010-04-06",29.2,29.35,28.97,29.27,956900,29.27
"2010-04-07",29.32,29.32,28.55,28.65,2069200,28.65
"2010-04-08",28.51,28.53,28,28.37,2126100,28.37
"2010-04-09",28.35,28.38,28.13,28.25,1303900,28.25
"2010-04-12",28.32,28.76,28.18,28.63,1612800,28.63
"2010-04-13",28.61,28.94,28.61,28.7,1740200,28.7
"2010-04-14",28.79,29.43,28.55,29.4,1696300,29.4
"2010-04-15",29.88,31.19,29.88,30.49,3040200,30.49
"2010-04-16",30.4,30.57,29.64,29.95,1861400,29.95
"2010-04-19",29.89,30.28,29.72,30.23,1738600,30.23
"2010-04-20",30.28,30.41,30.02,30.36,740900,30.36
"2010-04-21",30.29,30.66,30.21,30.61,1081700,30.61
"2010-04-22",30.48,30.7,29.97,30.59,1668700,30.59
"2010-04-23",30.41,30.66,30.18,30.6,956300,30.6
"2010-04-26",30.61,31.19,30.5,30.83,1270300,30.83
"2010-04-27",30.8,30.85,29.88,29.97,1243600,29.97
"2010-04-28",30.09,30.12,29.72,30.02,1092500,30.02
"2010-04-29",30.12,30.2,29.73,29.84,1081700,29.84
"2010-04-30",29.86,30.33,29.02,29.07,1471000,29.07
"2010-05-03",29.17,29.56,29.02,29.54,1343000,29.54
"2010-05-04",29.3,29.3,28.38,28.87,1480100,28.87
"2010-05-05",28.63,29.8,28.51,29.29,2075100,29.29
"2010-05-06",29.65,31.55,28.25,30.19,4794300,30.19
"2010-05-07",30.43,30.62,29.27,29.41,3037300,29.41
"2010-05-10",30.26,31.06,30.04,30.89,1921000,30.89
"2010-05-11",30.59,31.03,30.37,30.5,1379000,30.5
"2010-05-12",30.65,31.68,30.45,31.52,2453600,31.52
"2010-05-13",32.41,34.55,32.41,32.88,7313600,32.88
"2010-05-14",32.59,32.79,31.77,32.3,2487000,32.3
"2010-05-17",32.35,32.8,31.46,31.81,2324500,31.81
"2010-05-18",32.14,32.6,31.6,31.98,2347300,31.98
"2010-05-19",31.89,32.24,31.75,31.97,3015500,31.97
"2010-05-20",31.57,31.69,30.89,30.96,2715500,30.96
"2010-05-21",30.49,31.6,30.03,31.22,2500600,31.22
"2010-05-24",31,31.49,30.93,31.15,1547300,31.15
"2010-05-25",30.56,31,30.21,30.94,2224400,30.94
"2010-05-26",31.21,31.92,30.54,30.74,2221900,30.74
"2010-05-27",31.21,32.03,31.09,32,1552700,32
"2010-05-28",31.95,32.17,31.61,31.94,2909600,31.94
"2010-06-01",31.75,32.1,31.55,31.79,3221200,31.79
"2010-06-02",32.04,32.27,31.71,32.24,2653300,32.24
"2010-06-03",32.32,33.13,32.05,32.84,3225100,32.84
"2010-06-04",32.35,32.36,31.35,31.57,3561900,31.57
"2010-06-07",31.76,31.92,30.52,30.64,3566600,30.64
"2010-06-08",30.72,30.95,30.41,30.9,2725100,30.9
"2010-06-09",31.01,31.67,30.67,30.89,2938000,30.89
"2010-06-10",31.33,32.56,31.33,32.47,2858400,32.47
"2010-06-11",32.1,32.6,31.82,32.55,1529600,32.55
"2010-06-14",32.83,33.33,32.61,32.98,2570300,32.98
"2010-06-15",33.32,33.77,33.04,33.77,2179000,33.77
"2010-06-16",33.55,33.88,33.36,33.62,1376500,33.62
"2010-06-17",33.67,34.18,33.62,33.93,1712400,33.93
"2010-06-18",33.98,34.13,33.87,33.98,1062200,33.98
"2010-06-21",34.28,34.61,33.51,33.66,1537300,33.66
"2010-06-22",33.77,34.14,33.4,33.43,1906500,33.43
"2010-06-23",33.46,34.05,33.25,33.84,1136300,33.84
"2010-06-24",33.84,33.88,32.84,33.04,1101600,33.04
"2010-06-25",32.88,33.06,32.52,32.89,2545500,32.89
"2010-06-28",33.02,33.14,32.5,32.72,1140100,32.72
"2010-06-29",32.39,32.43,31.11,31.28,2195900,31.28
"2010-06-30",31.23,31.5,30.4,30.48,2059000,30.48
"2010-07-01",30.39,30.51,29.44,30.15,3584200,30.15
"2010-07-02",30.2,30.4,29.58,29.85,1517400,29.85
"2010-07-06",30.17,30.21,29.37,29.62,1689500,29.62
"2010-07-07",29.72,30.82,29.71,30.72,1400800,30.72
"2010-07-08",30.9,31.21,30.78,31.15,1333500,31.15
"2010-07-09",31.15,31.28,30.8,31.15,704400,31.15
"2010-07-12",31.01,31.17,30.68,31,527300,31
"2010-07-13",31.24,31.58,30.99,31.4,1272300,31.4
"2010-07-14",31.54,31.95,31.38,31.94,1341400,31.94
"2010-07-15",31.93,32.12,31.43,32.07,1068400,32.07
"2010-07-16",31.89,31.99,31.3,31.36,1377500,31.36
"2010-07-19",31.53,31.78,31.18,31.69,652100,31.69
"2010-07-20",31.26,32.14,30.81,32.08,1062700,32.08
"2010-07-21",32.27,32.3,31.55,31.67,972000,31.67
"2010-07-22",31.91,32.49,31.78,32.26,1472900,32.26
"2010-07-23",32.16,33.06,32.06,32.96,1356800,32.96
"2010-07-26",33.05,33.67,32.71,33.58,1392300,33.58
"2010-07-27",33.64,33.73,33.06,33.27,1269600,33.27
"2010-07-28",33.21,33.29,32.51,32.55,1407100,32.55
"2010-07-29",32.7,32.89,31.98,32.11,1511700,32.11
"2010-07-30",31.84,32,31.43,31.8,1582000,31.8
"2010-08-02",32.19,33.33,32.19,33.26,1705500,33.26
"2010-08-03",33.11,33.5,32.94,33.43,1497100,33.43
"2010-08-04",33.56,34.3,33.32,34.14,2017600,34.14
"2010-08-05",33.5,33.8,31.62,32.68,3452100,32.68
"2010-08-06",32.54,32.83,31.86,32.34,1266500,32.34
"2010-08-09",32.36,32.36,31.6,31.62,1424200,31.62
"2010-08-10",31.4,31.78,31.15,31.5,1646200,31.5
"2010-08-11",31,31.07,30.4,30.47,1639900,30.47
"2010-08-12",30.05,30.21,29.75,29.98,1643600,29.98
"2010-08-13",29.9,30.23,29.79,29.8,1325100,29.8
"2010-08-16",29.74,30.16,29.43,29.93,1285400,29.93
"2010-08-17",30.12,30.55,30.01,30.37,1210200,30.37
"2010-08-18",30.35,30.87,30.3,30.55,1062300,30.55
"2010-08-19",30.32,30.8,30.1,30.43,1298000,30.43
"2010-08-20",30.27,30.53,30.01,30.49,889800,30.49
"2010-08-23",30.52,30.71,30.22,30.26,1257400,30.26
"2010-08-24",29.93,30.22,29.62,29.96,1829500,29.96
"2010-08-25",29.67,29.96,29.12,29.67,1740300,29.67
"2010-08-26",29.83,31.81,29.67,31.39,4572400,31.39
"2010-08-27",31.65,32.66,31.21,32.46,2527300,32.46
"2010-08-30",32.42,32.66,31.83,31.83,1200900,31.83
"2010-08-31",31.74,32.77,31.46,32.74,2795500,32.74
"2010-09-01",33.11,34.05,33.11,33.75,2240800,33.75
"2010-09-02",33.69,34.15,33.26,34.15,1505100,34.15
"2010-09-03",34.39,34.85,34.32,34.72,1207000,34.72
"2010-09-07",33.99,34.04,33.07,33.09,1988200,33.09
"2010-09-08",33.24,34.24,33.15,34.15,2262600,34.15
"2010-09-09",34.5,34.62,34.33,34.54,2661800,34.54
"2010-09-10",34.55,35.17,34.5,34.73,1616600,34.73
"2010-09-13",35.06,35.44,34.9,35.12,1584700,35.12
"2010-09-14",34.9,34.99,34.04,34.08,2168300,34.08
"2010-09-15",34.11,34.63,33.69,34.51,1292200,34.51
"2010-09-16",34.46,34.83,34.22,34.68,1391700,34.68
"2010-09-17",34.79,35.03,34.36,34.47,1854900,34.47
"2010-09-20",35.61,38.27,35.61,37.05,6572200,37.05
"2010-09-21",37.25,37.69,36.75,37.39,2801900,37.39
"2010-09-22",37.18,37.46,36.56,36.83,1562500,36.83
"2010-09-23",36.52,37.27,36.34,36.96,1746700,36.96
"2010-09-24",37.36,38.86,37.36,38.57,2644500,38.57
"2010-09-27",38.71,38.71,37.75,37.85,2029000,37.85
"2010-09-28",37.97,38.92,37.61,38.83,1879100,38.83
"2010-09-29",38.47,38.99,38.27,38.96,1266500,38.96
"2010-09-30",38.95,39.35,38.09,38.56,1851900,38.56
"2010-10-01",39,39.49,38.81,39.08,2077300,39.08
"2010-10-04",39.14,39.33,38.36,38.72,1142200,38.72
"2010-10-05",39.12,39.93,39.04,39.7,1642200,39.7
"2010-10-06",39.8,39.8,36.83,37.44,3750300,37.44
"2010-10-07",37.88,37.88,36.87,37.45,1813400,37.45
"2010-10-08",37.7,38.2,37.33,38.09,1441900,38.09
"2010-10-11",38.05,38.25,37.8,37.85,771300,37.85
"2010-10-12",37.75,38.09,37.09,37.99,1636800,37.99
"2010-10-13",38.26,38.75,38.22,38.46,1023200,38.46
"2010-10-14",38.52,38.63,38.16,38.33,938900,38.33
"2010-10-15",38.47,38.89,38.43,38.61,1638100,38.61
"2010-10-18",38.65,38.74,38.04,38.25,927300,38.25
"2010-10-19",37.74,37.79,36.91,37.31,1354600,37.31
"2010-10-20",37.43,38.23,37.37,37.8,862800,37.8
"2010-10-21",38.02,38.68,37.8,38.47,1138300,38.47
"2010-10-22",38.46,38.78,38.07,38.35,997100,38.35
"2010-10-25",38.61,39.11,38.46,38.66,532100,38.66
"2010-10-26",38.48,38.84,38.03,38.39,958100,38.39
"2010-10-27",38.03,39.16,38.01,39.09,1438300,39.09
"2010-10-28",39.34,39.98,38.63,39.07,939800,39.07
"2010-10-29",38.95,39.42,38.65,39.36,1167400,39.36
"2010-11-01",39.77,40.3,39.38,40.15,1441300,40.15
"2010-11-02",40.4,40.91,40.26,40.86,2161100,40.86
"2010-11-03",40.88,41,39.28,40.23,2778000,40.23
"2010-11-04",41.71,41.98,39.64,40.41,2613800,40.41
"2010-11-05",40.62,41.16,40.2,41.03,1400900,41.03
"2010-11-08",40.76,41,40.45,40.74,981300,40.74
"2010-11-09",40.88,41.42,40.59,40.76,2023000,40.76
"2010-11-10",40.62,41.16,40.34,41.04,1475400,41.04
"2010-11-11",40.65,41.25,40.3,41.06,1300100,41.06
"2010-11-12",40.64,40.85,40.07,40.2,898200,40.2
"2010-11-15",40.28,40.87,40.04,40.08,1086400,40.08
"2010-11-16",39.68,39.8,38.6,38.92,1017200,38.92
"2010-11-17",38.81,39.39,38.51,38.86,1377700,38.86
"2010-11-18",39.36,40.19,39.25,39.95,928800,39.95
"2010-11-19",39.99,40.28,39.66,40.1,942600,40.1
"2010-11-22",39.79,41.19,39.76,41.18,945000,41.18
"2010-11-23",40.67,41.03,40.11,40.49,1257400,40.49
"2010-11-24",40.82,41.25,40.8,41.15,789700,41.15
"2010-11-26",40.92,41.37,40.79,41,703300,41
"2010-11-29",40.71,41.29,40.45,41.14,775100,41.14
"2010-11-30",40.67,41.18,40.49,41.09,1034900,41.09
"2010-12-01",41.61,42,41.49,41.74,1519000,41.74
"2010-12-02",41.76,41.84,41.13,41.27,1519600,41.27
"2010-12-03",41.11,41.68,41.02,41.55,1054800,41.55
"2010-12-06",41.51,41.92,41.19,41.85,1176000,41.85
"2010-12-07",42.05,42.22,41.68,41.76,1116800,41.76
"2010-12-08",41.76,41.89,41.31,41.85,856600,41.85
"2010-12-09",42.06,42.24,41.62,41.98,1607700,41.98
"2010-12-10",42.08,43.16,41.96,43.04,1345000,43.04
"2010-12-13",43.23,43.43,42.42,42.43,913200,42.43
"2010-12-14",42.47,42.67,42.19,42.45,906500,42.45
"2010-12-15",42.45,42.95,42.24,42.82,2028300,42.82
"2010-12-16",42.82,42.93,42.47,42.86,796600,42.86
"2010-12-17",42.88,43.83,42.84,43.5,1096100,43.5
"2010-12-20",43.39,43.58,42.77,43.06,791800,43.06
"2010-12-21",43.24,43.36,43.03,43.06,784800,43.06
"2010-12-22",42.96,42.96,41.18,42.1,2367900,42.1
"2010-12-23",42.06,42.44,41.69,41.89,808400,41.89
"2010-12-27",41.83,41.94,41.39,41.73,607000,41.73
"2010-12-28",41.75,41.93,41.33,41.65,491500,41.65
"2010-12-29",41.66,41.84,41.55,41.62,694200,41.62
"2010-12-30",41.68,41.8,41.47,41.65,591000,41.65
"2010-12-31",41.57,41.62,41.07,41.16,551300,41.16
"2011-01-03",41.6,42.72,41.59,42.58,1477000,42.58
"2011-01-04",42.63,42.67,41.84,42,1453200,42
"2011-01-05",42.22,42.9,41.98,42.71,1537600,42.71
"2011-01-06",42.8,43.47,42.58,43.44,1320700,43.44
"2011-01-07",43.4,44.75,43.4,44.15,2465400,44.15
"2011-01-10",43.89,44.48,43.65,44.42,1612300,44.42
"2011-01-11",44.55,45.54,44.5,45.46,1719600,45.46
"2011-01-12",45.65,46.19,44.98,45.66,2116200,45.66
"2011-01-13",45.63,45.75,44.95,45.3,1054600,45.3
"2011-01-14",45.17,46.09,44.94,46.05,1662500,46.05
"2011-01-18",46.07,46.71,45.88,46.04,1199500,46.04
"2011-01-19",45.96,46.17,45.81,46.01,1206700,46.01
"2011-01-20",45.82,46.23,45.19,45.43,1647600,45.43
"2011-01-21",45.96,46.1,44.74,44.91,1676200,44.91
"2011-01-24",44.86,45.9,44.5,45.8,1487100,45.8
"2011-01-25",45.38,45.52,43.27,43.62,2827000,43.62
"2011-01-26",43.9,44.43,43.69,44.33,1935200,44.33
"2011-01-27",44.47,44.63,43.68,43.89,935500,43.89
"2011-01-28",44.01,44.27,42.71,42.88,1397400,42.88
"2011-01-31",43,43.24,42.57,42.99,2523900,42.99
"2011-02-01",43.36,44.17,43.27,43.83,1572500,43.83
"2011-02-02",43.73,44.61,43.73,44.34,1381700,44.34
"2011-02-03",44.29,44.33,43.64,44,1977600,44
"2011-02-04",44.38,45.47,44.17,45.01,2217500,45.01
"2011-02-07",45.17,46.18,45.1,45.7,1355000,45.7
"2011-02-08",45.78,45.91,45.24,45.5,1016400,45.5
"2011-02-09",45.45,45.45,44.73,44.9,1520500,44.9
"2011-02-10",44.65,49.44,44.5,47.5,5700900,47.5
"2011-02-11",47.46,49.17,47.41,48.97,1746800,48.97
"2011-02-14",48.8,49.27,48.14,48.29,2421000,48.29
"2011-02-15",48.07,48.51,47.45,47.8,1192800,47.8
"2011-02-16",47.99,48.33,47.56,48.21,845700,48.21
"2011-02-17",48.13,49.04,48,48.82,955300,48.82
"2011-02-18",48.82,49.75,48.43,49.45,1695100,49.45
"2011-02-22",48.85,48.85,47.75,47.83,1432800,47.83
"2011-02-23",47.67,47.79,46.13,46.69,1212300,46.69
"2011-02-24",46.55,47.3,46.23,46.87,1451300,46.87
"2011-02-25",47.1,47.69,47.03,47.48,759700,47.48
"2011-02-28",47.75,47.86,47.35,47.82,869900,47.82
"2011-03-01",47.95,48.31,46.32,46.4,1517500,46.4
"2011-03-02",46.42,47.62,46.09,47.57,2410500,47.57
"2011-03-03",47.6,50.69,47.6,50.55,2576200,50.55
"2011-03-04",50.35,50.35,49.12,49.79,1834900,49.79
"2011-03-07",50,50.58,48.88,49.9,1880000,49.9
"2011-03-08",49.89,50.48,49.4,50.35,2167400,50.35
"2011-03-09",50.26,50.72,49.53,49.96,1201400,49.96
"2011-03-10",49.28,49.29,48.42,48.85,1536300,48.85
"2011-03-11",48.72,49.95,48.41,49.68,1238300,49.68
"2011-03-14",49.36,49.7,48.29,48.77,880400,48.77
"2011-03-15",47.13,48.56,46.51,48.16,1531200,48.16
"2011-03-16",47.94,48.74,47.59,48.16,1897900,48.16
"2011-03-17",49.01,49.28,48.44,48.8,1200400,48.8
"2011-03-18",49.79,49.89,49.08,49.35,1776900,49.35
"2011-03-21",50.03,50.82,49.89,50.29,869900,50.29
"2011-03-22",50.44,50.9,50.14,50.16,1381600,50.16
"2011-03-23",50.17,50.36,49.75,50.15,1616000,50.15
"2011-03-24",50.5,50.8,50.06,50.4,1842800,50.4
"2011-03-25",50.62,51.4,50.62,51.14,2032200,51.14
"2011-03-28",51.3,51.37,50.36,50.42,1222400,50.42
"2011-03-29",50.25,50.84,49.91,50.7,1416600,50.7
"2011-03-30",51.08,51.08,50.29,50.4,2049000,50.4
"2011-03-31",50.41,50.74,50.22,50.7,1699100,50.7
"2011-04-01",50.89,51.09,50.44,50.59,1371500,50.59
"2011-04-04",50.57,50.8,50.26,50.5,1040100,50.5
"2011-04-05",50.54,50.65,50.18,50.42,1736200,50.42
"2011-04-06",50.48,50.75,49.32,49.73,1303900,49.73
"2011-04-07",49.84,50.61,49.75,50.28,1642800,50.28
"2011-04-08",50.55,50.72,50.01,50.31,831400,50.31
"2011-04-11",50.46,50.52,49.96,50.19,1138100,50.19
"2011-04-12",49.9,50.29,49.32,49.49,1043800,49.49
"2011-04-13",49.86,50.68,49.85,50.39,1756200,50.39
"2011-04-14",50.04,50.36,49.86,50.21,1056800,50.21
"2011-04-15",50.41,50.96,50.03,50.74,1621100,50.74
"2011-04-18",50.7,51.15,49.86,50.57,1633200,50.57
"2011-04-19",50.71,51.06,50.61,50.96,1077500,50.96
"2011-04-20",51.72,52.55,51.59,52.52,1747100,52.52
"2011-04-21",53.07,53.79,52.82,53.64,1273400,53.64
"2011-04-25",53.8,54.08,53.16,53.74,1000800,53.74
"2011-04-26",53.99,54.46,53.49,54.43,1200000,54.43
"2011-04-27",54.59,55.13,54.01,54.87,1319400,54.87
"2011-04-28",54.77,55.15,54.41,54.84,851200,54.84
"2011-04-29",55,56.11,54.81,55.92,1036600,55.92
"2011-05-02",56.51,56.58,55.33,55.48,1114000,55.48
"2011-05-03",55.41,55.61,53.81,54.28,1368900,54.28
"2011-05-04",54.35,54.91,52.97,53.99,1728900,53.99
"2011-05-05",53.36,54.39,51.43,52.95,2826600,52.95
"2011-05-06",53.79,54.66,53.34,53.8,1384300,53.8
"2011-05-09",53.41,54.05,53.18,53.72,800600,53.72
"2011-05-10",53.78,54.76,53.72,54.71,1080300,54.71
"2011-05-11",54.47,54.79,52.85,53.35,1124000,53.35
"2011-05-12",53.3,54.49,52.61,54.33,1100000,54.33
"2011-05-13",54.3,54.45,53.21,53.31,870100,53.31
"2011-05-16",53.07,53.52,52.57,52.73,1057800,52.73
"2011-05-17",52.46,53.69,52.14,53.67,1537000,53.67
"2011-05-18",53.59,54.33,53.44,54.25,803900,54.25
"2011-05-19",54.57,55.25,54.49,54.86,1202100,54.86
"2011-05-20",54.87,55.89,54.59,55.68,1631200,55.68
"2011-05-23",54.85,54.91,53.73,53.75,2083200,53.75
"2011-05-24",54.9,56.5,54.04,54.29,3438800,54.29
"2011-05-25",54.27,54.58,53.93,54.27,1985400,54.27
"2011-05-26",54.12,55.14,54.04,55.09,2884600,55.09
"2011-05-27",55.27,55.8,55.24,55.37,1238600,55.37
"2011-05-31",55.86,55.96,55.11,55.79,1565600,55.79
"2011-06-01",55.71,56.27,54.66,54.68,1505000,54.68
"2011-06-02",54.64,55.15,54.38,54.49,1270600,54.49
"2011-06-03",53.77,54.18,53.59,53.73,1055100,53.73
"2011-06-06",53.57,53.78,53.13,53.43,1313000,53.43
"2011-06-07",53.66,55.11,53.44,54.78,2041700,54.78
"2011-06-08",54.51,54.87,53.73,53.89,1962200,53.89
"2011-06-09",54.1,54.2,53.31,53.45,1290700,53.45
"2011-06-10",53.25,53.52,52.64,52.98,1432300,52.98
"2011-06-13",53.31,54.15,53.2,54.07,2251900,54.07
"2011-06-14",54.54,55.6,54.43,55.54,2372200,55.54
"2011-06-15",55.13,55.67,54.88,55.24,3290400,55.24
"2011-06-16",55.36,55.6,54.67,55.03,2676300,55.03
"2011-06-17",55.65,56.81,55.65,56.12,3378200,56.12
"2011-06-20",56.15,57.02,56.14,56.99,1512300,56.99
"2011-06-21",57.44,58.25,56.99,57.91,1467500,57.91
"2011-06-22",57.85,58.18,57.32,57.66,1315100,57.66
"2011-06-23",56.81,58.07,56.27,58.04,1764300,58.04
"2011-06-24",58.06,58.67,57.36,57.43,1739300,57.43
"2011-06-27",57.69,58.23,57.28,57.93,945300,57.93
"2011-06-28",58.3,59.87,58.01,59.58,1380800,59.58
"2011-06-29",60,60,58.89,59.32,1105900,59.32
"2011-06-30",59.62,60.4,59.6,60.2,1243500,60.2
"2011-07-01",60.25,60.93,60.15,60.91,1268800,60.91
"2011-07-05",60.91,61.96,60.79,61.58,1733100,61.58
"2011-07-06",61.5,61.85,61.21,61.63,1563200,61.63
"2011-07-07",62.31,62.71,61.88,62.33,1211200,62.33
"2011-07-08",61.63,61.99,60.7,61.17,1963200,61.17
"2011-07-11",60.16,60.62,58.78,59.26,2025600,59.26
"2011-07-12",59.29,59.33,58.34,58.43,2036200,58.43
"2011-07-13",58.98,59.35,58.33,58.49,1647400,58.49
"2011-07-14",58.75,59.76,58.04,58.16,1589500,58.16
"2011-07-15",58.34,58.49,57.28,57.77,1536600,57.77
"2011-07-18",57.47,57.55,56.45,56.7,2456700,56.7
"2011-07-19",57.69,59.93,57.67,59.31,2328100,59.31
"2011-07-20",59.46,59.46,57.36,57.41,2022600,57.41
"2011-07-21",57.73,57.74,56.51,56.83,3597900,56.83
"2011-07-22",57.01,58.14,57,57.27,1495100,57.27
"2011-07-25",56.81,57.36,56.53,56.95,1341700,56.95
"2011-07-26",56.58,57.05,56.45,56.62,1108600,56.62
"2011-07-27",56.14,56.14,54.6,55.01,2552300,55.01
"2011-07-28",55,55.42,54.66,54.83,1682200,54.83
"2011-07-29",54.1,55.37,53.51,54.96,2376100,54.96
"2011-08-01",55.66,55.94,54.6,55.44,3418500,55.44
"2011-08-02",55.04,55.98,53.7,53.76,2729100,53.76
"2011-08-03",53.66,54.6,52.6,54.35,3460000,54.35
"2011-08-04",56.56,58.37,54.23,54.23,7707100,54.23
"2011-08-05",54.76,55.49,52.66,53.76,4402800,53.76
"2011-08-08",52.12,53.03,50.65,50.81,4255700,50.81
"2011-08-09",51.82,53.97,50.2,53.95,2965000,53.95
"2011-08-10",52.9,53.23,51.14,51.27,2350800,51.27
"2011-08-11",51.57,54,51.08,53.31,2139500,53.31
"2011-08-12",54.05,55.16,53.77,55.15,2291100,55.15
"2011-08-15",55.59,56.02,55.07,56,1921800,56
"2011-08-16",55.42,55.86,54.13,54.58,1724200,54.58
"2011-08-17",54.76,54.79,51.98,52.4,3178300,52.4
"2011-08-18",50.21,50.22,44.78,45.42,7018200,45.42
"2011-08-19",44.74,45.23,43.19,43.35,5291600,43.35
"2011-08-22",44.63,45.94,44.53,45.09,3235000,45.09
"2011-08-23",45.29,48.22,45.26,48.22,2935900,48.22
"2011-08-24",47.99,48.99,47.62,48.88,2006500,48.88
"2011-08-25",49.1,49.69,47.47,47.69,1858400,47.69
"2011-08-26",47.31,49.07,46.51,48.67,1243700,48.67
"2011-08-29",49.32,50.33,49.32,50.33,1485900,50.33
"2011-08-30",50.16,51.9,49.81,51.48,1691600,51.48
"2011-08-31",51.83,52.88,51.68,52.36,2721700,52.36
"2011-09-01",52.33,52.41,50.52,50.93,2213900,50.93
"2011-09-02",49.71,50.35,48.67,49.03,2593000,49.03
"2011-09-06",47.56,50.01,47.26,49.88,2167500,49.88
"2011-09-07",50.54,50.9,49.97,50.81,1261300,50.81
"2011-09-08",50.54,51.47,49.5,49.68,1389200,49.68
"2011-09-09",49.14,49.82,47.45,48.09,2081000,48.09
"2011-09-12",47.46,49.18,47.04,49.08,2186000,49.08
"2011-09-13",49.08,49.23,48.29,48.91,2676900,48.91
"2011-09-14",49.48,51.67,48.92,50.99,1712700,50.99
"2011-09-15",51.63,51.64,50.49,51.45,1404300,51.45
"2011-09-16",51.22,52.59,51.08,52.55,1725700,52.55
"2011-09-19",51.56,52.88,51.07,52.46,1360200,52.46
"2011-09-20",52.96,54.33,52.18,52.24,1751000,52.24
"2011-09-21",52.47,54.58,52.31,52.86,2443900,52.86
"2011-09-22",50.9,52.25,50.31,51.21,2059700,51.21
"2011-09-23",51.08,53.51,50.69,53.38,1881100,53.38
"2011-09-26",53.73,55.78,53.54,55.64,2338700,55.64
"2011-09-27",57.25,58.05,56.81,57.12,2149500,57.12
"2011-09-28",56.61,57.99,56.13,56.27,2007900,56.27
"2011-09-29",57.38,57.47,53.81,55.05,2050800,55.05
"2011-09-30",54.33,55.47,53.1,53.53,1982600,53.53
"2011-10-03",52.8,53.1,50.47,50.82,3388600,50.82
"2011-10-04",49.86,52.62,49.25,52.55,2200000,52.55
"2011-10-05",52.48,52.71,51.39,52.58,1967600,52.58
"2011-10-06",52.84,55.45,52.6,55.16,1792400,55.16
"2011-10-07",55.34,55.34,53.58,53.72,1921600,53.72
"2011-10-10",54.72,56.16,54.69,56.09,929200,56.09
"2011-10-11",55.58,57.52,55.28,57.12,1455400,57.12
"2011-10-12",57.59,57.95,57.02,57.27,1408300,57.27
"2011-10-13",56.93,58.1,56.48,57.96,1088000,57.96
"2011-10-14",58.71,59.42,58.15,59.31,1193500,59.31
"2011-10-17",58.98,58.98,57.28,57.47,2037400,57.47
"2011-10-18",57.38,59.51,56.89,59.25,1440200,59.25
"2011-10-19",58.95,59.19,57.38,57.48,984700,57.48
"2011-10-20",57.65,57.81,54.56,55.17,2915200,55.17
"2011-10-21",55.79,56.58,55.14,55.5,2616900,55.5
"2011-10-24",56.66,56.81,56.03,56.39,3729900,56.39
"2011-10-25",56.01,56.79,55.33,56.05,1898400,56.05
"2011-10-26",56.85,56.85,55.19,56.51,1733700,56.51
"2011-10-27",59.29,61.32,58.63,60.81,3441100,60.81
"2011-10-28",60.52,62.62,59.81,62.18,2552400,62.18
"2011-10-31",61.27,61.47,59.64,59.66,2400000,59.66
"2011-11-01",57.73,58.89,56.59,56.75,2712100,56.75
"2011-11-02",57.75,58.43,56.81,57.67,2135600,57.67
"2011-11-03",58.83,58.83,52.45,58.14,6240100,58.14
"2011-11-04",57.28,57.52,55.8,56.9,2261100,56.9
"2011-11-07",57.05,57.23,55.8,56.4,2227600,56.4
"2011-11-08",56.93,57.9,56.15,57.6,2163100,57.6
"2011-11-09",56.4,57.43,54.93,55.15,1714400,55.15
"2011-11-10",56.02,56.2,54.22,55.34,1096100,55.34
"2011-11-11",56.32,56.64,56,56.38,1035700,56.38
"2011-11-14",56,56.91,55.83,56.04,1147900,56.04
"2011-11-15",56.02,57.08,55.48,56.84,1379000,56.84
"2011-11-16",56.05,57.1,55.76,56.15,1881100,56.15
"2011-11-17",55.74,55.87,53.75,54.11,1806000,54.11
"2011-11-18",54.57,54.57,52.71,52.77,1607600,52.77
"2011-11-21",52.02,52.18,50.53,51.27,1841100,51.27
"2011-11-22",51.21,51.88,50.71,51.32,1705100,51.32
"2011-11-23",50.78,50.82,49.55,49.95,1340900,49.95
"2011-11-25",49.8,50.31,49.46,49.48,380000,49.48
"2011-11-28",50.94,51.7,50.55,51.1,1218600,51.1
"2011-11-29",51.27,51.66,50.47,50.7,1170800,50.7
"2011-11-30",52.42,54.41,52.42,54.23,1975300,54.23
"2011-12-01",54.01,54.97,53.62,53.99,1211300,53.99
"2011-12-02",54.66,54.9,53.67,53.74,945800,53.74
"2011-12-05",54.69,54.95,53.13,53.4,2052200,53.4
"2011-12-06",53.28,53.82,52.56,52.61,1550600,52.61
"2011-12-07",52.18,52.44,51.08,52.28,1565900,52.28
"2011-12-08",52.1,53.03,51.75,51.88,1505000,51.88
"2011-12-09",51.9,52.88,51.52,52.77,1516100,52.77
"2011-12-12",52,52.2,51.01,51.24,1377600,51.24
"2011-12-13",51.51,51.88,49.42,49.7,2728700,49.7
"2011-12-14",49.3,49.51,48.55,48.97,1883900,48.97
"2011-12-15",49.42,49.74,48.83,48.97,1524000,48.97
"2011-12-16",49.34,49.9,48.99,49.28,1736200,49.28
"2011-12-19",49.4,50.23,48.77,48.98,1661400,48.98
"2011-12-20",49.82,50.69,49.74,50.48,1439500,50.48
"2011-12-21",46.96,47.98,43.77,47.7,8628500,47.7
"2011-12-22",47.71,48.6,47.61,48.15,1904700,48.15
"2011-12-23",48.24,49.06,47.98,48.97,952900,48.97
"2011-12-27",49.6,49.76,49.15,49.56,1111800,49.56
"2011-12-28",49.57,49.67,48.72,49.03,1139800,49.03
"2011-12-29",49.26,49.64,48.76,49.57,939500,49.57
"2011-12-30",49.5,49.54,48.49,48.51,1464000,48.51
"2012-01-03",49.67,50.48,49.44,49.53,1501100,49.53
"2012-01-04",49.5,49.92,49.06,49.45,1525500,49.45
"2012-01-05",49.31,49.5,48.59,49.03,1716200,49.03
"2012-01-06",49.22,49.22,47.33,47.37,2040100,47.37
"2012-01-09",47.44,48.86,47.44,48.55,1858100,48.55
"2012-01-10",48.9,49.23,48.12,48.49,1772100,48.49
"2012-01-11",48.23,48.5,47.76,48.04,1554500,48.04
"2012-01-12",48.22,48.51,47.75,48.42,1212400,48.42
"2012-01-13",48.09,48.97,47.89,48.8,1188100,48.8
"2012-01-17",49.41,50.18,49.17,49.68,1396400,49.68
"2012-01-18",49.52,51.44,49.22,51.22,1638600,51.22
"2012-01-19",51.37,52.99,51.37,52.61,1716200,52.61
"2012-01-20",52.88,53.68,52.48,52.53,1859000,52.53
"2012-01-23",52.53,53.15,52.32,52.88,1357400,52.88
"2012-01-24",52.69,53.8,52.56,53.23,1333400,53.23
"2012-01-25",53.3,54.16,52.44,54.01,1613300,54.01
"2012-01-26",54.15,54.48,52.7,52.98,1136600,52.98
"2012-01-27",52.84,53.59,52.84,53.37,1181700,53.37
"2012-01-30",53.59,53.59,52.6,53.3,1109000,53.3
"2012-01-31",53.69,54.2,52.88,53.56,1369400,53.56
"2012-02-01",54.01,55.06,53.58,54.32,1396500,54.32
"2012-02-02",54.41,54.83,54.05,54.27,1092300,54.27
"2012-02-03",55.22,57.88,55.22,56.84,2583200,56.84
"2012-02-06",56.46,56.91,55.82,56.87,1585800,56.87
"2012-02-07",56.64,58.04,56.39,57.86,2373200,57.86
"2012-02-08",57.84,58.06,57.32,58.04,1935700,58.04
"2012-02-09",61.8,64.97,61.4,63.94,5607100,63.94
"2012-02-10",61.77,63.58,61.5,62.06,3262200,62.06
"2012-02-13",62.51,62.72,61.14,61.62,2043400,61.62
"2012-02-14",61.32,62.32,61.16,62.16,1337900,62.16
"2012-02-15",62.84,62.84,61.55,61.75,1637400,61.75
"2012-02-16",61.96,62.84,61.56,62.49,1561700,62.49
"2012-02-17",63.02,63.38,62.02,62.63,1530500,62.63
"2012-02-21",62.73,62.83,61.75,62.19,1114700,62.19
"2012-02-22",62,64.84,61.96,64.02,2056200,64.02
"2012-02-23",64,64.05,63.29,63.64,1331800,63.64
"2012-02-24",64,65.65,63.84,65.48,2188900,65.48
"2012-02-27",64.68,66.3,64.34,65.68,1456800,65.68
"2012-02-28",65.87,66.59,65.41,65.92,1185300,65.92
"2012-02-29",65.91,67.02,65.8,66.55,1510100,66.55
"2012-03-01",66.79,67.18,66.21,67.02,997500,67.02
"2012-03-02",67.33,68.49,66.54,66.59,1489700,66.59
"2012-03-05",66.55,66.77,64.79,65.12,1261200,65.12
"2012-03-06",64.5,64.81,63.37,63.62,1670600,63.62
"2012-03-07",63.76,65.79,63.6,65.54,1517900,65.54
"2012-03-08",65.96,66.49,65.7,66.16,1040800,66.16
"2012-03-09",66.16,66.75,65.9,66.41,832200,66.41
"2012-03-12",66.42,66.65,65.75,66.39,797000,66.39
"2012-03-13",66.75,67.37,66.43,67.32,1129600,67.32
"2012-03-14",67.16,67.87,67.12,67.6,945800,67.6
"2012-03-15",67.68,68.6,67.36,68.08,1012200,68.08
"2012-03-16",68.07,69,67.87,68.24,1238300,68.24
"2012-03-19",68.18,69.2,67.6,68.28,1200100,68.28
"2012-03-20",67.93,68.4,66.73,66.78,1250200,66.78
"2012-03-21",66.93,68.47,66.8,68.22,1400000,68.22
"2012-03-22",67.58,68.52,66.83,68.1,1459700,68.1
"2012-03-23",68.09,68.9,67.54,68.62,769000,68.62
"2012-03-26",69.12,69.54,68.88,69.38,898000,69.38
"2012-03-27",69.28,69.7,68.43,68.46,817200,68.46
"2012-03-28",68.3,68.95,67.5,67.94,1344200,67.94
"2012-03-29",67.38,68.37,67.29,68.11,1152200,68.11
"2012-03-30",69.09,69.25,68.04,68.15,1577000,68.15
"2012-04-02",68.27,69.46,68.09,69.04,1139900,69.04
"2012-04-03",68.95,70.63,68.94,69.83,1195400,69.83
"2012-04-04",68.92,69.02,67.17,67.8,1629300,67.8
"2012-04-05",67.5,68.39,67.16,68.1,912000,68.1
"2012-04-09",67.18,67.5,66.2,67.3,1026100,67.3
"2012-04-10",67.37,67.8,66.12,66.16,1196100,66.16
"2012-04-11",66.97,68.14,66.84,67.52,1445400,67.52
"2012-04-12",67.66,69.43,67.51,68.9,1318800,68.9
"2012-04-13",68.56,69.47,68.02,69.02,1259500,69.02
"2012-04-16",69.3,69.64,67.36,67.39,1421000,67.39
"2012-04-17",67.75,69.78,67.75,69.41,1330000,69.41
"2012-04-18",68.85,69.86,68.69,69.66,1258000,69.66
"2012-04-19",69.72,70.36,68.4,68.96,983000,68.96
"2012-04-20",69.17,69.53,68.72,68.9,1005700,68.9
"2012-04-23",68.08,68.59,66.98,68.46,1072700,68.46
"2012-04-24",68.36,68.74,66.4,66.81,1308900,66.81
"2012-04-25",67.84,69.06,67.53,69.04,1059700,69.04
"2012-04-26",69.01,70.71,68.95,70.4,1299900,70.4
"2012-04-27",70.75,71.02,69.81,70.88,1659000,70.88
"2012-04-30",70.8,70.89,69.48,69.78,1077300,69.78
"2012-05-01",70.66,71.44,70.2,71.09,2332800,71.09
"2012-05-02",70.89,72.27,70.5,72.19,2438600,72.19
"2012-05-03",73.98,79.89,73.62,77.14,5386400,77.14
"2012-05-04",76.59,76.59,73.12,73.14,3527400,73.14
"2012-05-07",72.69,73.75,72.11,72.19,3e+06,72.19
"2012-05-08",71.95,71.99,69.5,71.33,3477100,71.33
"2012-05-09",70.56,73.05,70.11,72.35,2253600,72.35
"2012-05-10",73.38,73.71,71.06,71.25,2906800,71.25
"2012-05-11",70.88,72.09,70.84,71.14,2180900,71.14
"2012-05-14",71.38,71.77,69.51,69.6,2376900,69.6
"2012-05-15",69.73,70.57,69.27,69.61,2241800,69.61
"2012-05-16",69.72,70.04,67.82,67.85,2194300,67.85
"2012-05-17",67.79,67.91,65.95,66.33,3111700,66.33
"2012-05-18",66.76,67.23,65.04,65.38,2430200,65.38
"2012-05-21",65.78,68.21,65,68.09,3043300,68.09
"2012-05-22",68.13,69.71,67.93,69.58,2399700,69.58
"2012-05-23",68.86,70.77,68.38,70.47,1773600,70.47
"2012-05-24",70.42,70.5,69.09,69.97,2084800,69.97
"2012-05-25",69.74,70.66,69.71,70.54,1524200,70.54
"2012-05-29",71.04,72.29,70.79,71.61,1175700,71.61
"2012-05-30",70.83,70.91,69.37,69.82,1223500,69.82
"2012-05-31",69.72,69.77,66.42,66.48,4231600,66.48
"2012-06-01",64.86,65.19,64.18,64.64,3537900,64.64
"2012-06-04",64.99,65.28,64.11,65.21,2495100,65.21
"2012-06-05",64.8,67.27,64.65,66.74,2050100,66.74
"2012-06-06",67.12,69.23,67.08,69.04,2008300,69.04
"2012-06-07",69.93,70.23,67.67,68.19,1644700,68.19
"2012-06-08",67.87,68.99,67.68,68.66,908500,68.66
"2012-06-11",69.42,69.42,67.77,67.87,1201500,67.87
"2012-06-12",68.16,68.78,67.55,68.69,964100,68.69
"2012-06-13",68.3,69.57,68.02,68.52,1754800,68.52
"2012-06-14",68.49,69.74,67.86,69.29,1094300,69.29
"2012-06-15",69.8,72.25,69.65,72.11,2241800,72.11
"2012-06-18",71.97,73.24,71,72.77,1284700,72.77
"2012-06-19",73.58,73.74,72.68,72.97,1161800,72.97
"2012-06-20",72.9,72.92,71.32,72.26,1250700,72.26
"2012-06-21",72.23,72.32,69.66,69.7,1263100,69.7
"2012-06-22",70.3,71.64,68.87,71.38,1421800,71.38
"2012-06-25",70.67,70.67,69.21,70.1,1642500,70.1
"2012-06-26",70.22,70.47,68.87,68.96,2013700,68.96
"2012-06-27",69.42,70.15,69.1,69.66,1305500,69.66
"2012-06-28",69.02,69.27,66.98,68.03,1479400,68.03
"2012-06-29",69.57,72.2,69.57,72.01,1946400,72.01
"2012-07-02",71.95,72.47,71.37,71.88,1044000,71.88
"2012-07-03",71.5,72.44,71.5,72.42,906400,72.42
"2012-07-05",72,73.34,72,72.62,1557300,72.62
"2012-07-06",66.91,67.39,64.22,65.01,4573700,65.01
"2012-07-09",65.3,66.2,64.89,65.41,3787000,65.41
"2012-07-10",66.09,66.2,62.22,62.79,2732500,62.79
"2012-07-11",62.67,63.68,62.34,62.85,1558800,62.85
"2012-07-12",62.43,65.5,62.05,64.84,3146700,64.84
"2012-07-13",64.92,66.34,64.3,65.59,1843200,65.59
"2012-07-16",65.14,65.37,64.25,64.62,1374700,64.62
"2012-07-17",65.11,65.3,63.78,65.17,1294400,65.17
"2012-07-18",65.58,68.26,65.35,66.92,1802500,66.92
"2012-07-19",67.7,69.33,67.7,68.3,3113500,68.3
"2012-07-20",68.02,68.02,66.44,66.97,1384300,66.97
"2012-07-23",65.57,66.75,64.37,66.37,931500,66.37
"2012-07-24",66.33,66.73,64.83,65.55,733000,65.55
"2012-07-25",65.73,67.13,65.11,65.77,748100,65.77
"2012-07-26",67.55,68.4,66.46,67.93,1138800,67.93
"2012-07-27",68.4,69.05,67.95,68.26,1722300,68.26
"2012-07-30",68.51,69.2,66.87,67.66,1304600,67.66
"2012-07-31",67.57,68.25,67.15,67.62,1410400,67.62
"2012-08-01",67.89,67.89,65,66.1,1957800,66.1
"2012-08-02",64.55,69.63,64.44,67.3,4446900,67.3
"2012-08-03",68.64,73.1,68.44,72.7,2545200,72.7
"2012-08-06",72.87,73,71.71,72.15,1429700,72.15
"2012-08-07",72.22,74.19,71.7,73.8,1859700,73.8
"2012-08-08",73.63,74.46,73.42,74.44,1536700,74.44
"2012-08-09",74.37,75.75,74.33,75.12,1274300,75.12
"2012-08-10",74.77,75.88,74.51,75.7,1146900,75.7
"2012-08-13",75.34,76.36,75.21,75.98,1097600,75.98
"2012-08-14",75.97,76.06,75.25,75.48,1139100,75.48
"2012-08-15",75.61,75.84,74.85,75.4,982600,75.4
"2012-08-16",75.94,76.29,75.25,75.67,1250100,75.67
"2012-08-17",76.05,77.34,75.8,76.09,1174300,76.09
"2012-08-20",76.1,76.44,74.44,75.23,1437000,75.23
"2012-08-21",75.23,75.7,75.15,75.37,1044400,75.37
"2012-08-22",75.1,75.31,74.06,74.71,849800,74.71
"2012-08-23",74.88,75.28,74.36,74.55,1640200,74.55
"2012-08-24",74.02,75.72,73.83,75.47,1458900,75.47
"2012-08-27",75.41,76.52,75.41,76.09,1147100,76.09
"2012-08-28",75.87,76.72,75.74,76.27,1247900,76.27
"2012-08-29",76.49,77.88,76.27,77.77,1742200,77.77
"2012-08-30",77.22,77.24,76.46,76.49,1198000,76.49
"2012-08-31",77,77.56,75.88,76.38,1398500,76.38
"2012-09-04",76.38,77.79,76.02,77.42,1215700,77.42
"2012-09-05",78.06,79.63,77.37,78.35,1735000,78.35
"2012-09-06",78.66,80.92,78.6,80.62,1466300,80.62
"2012-09-07",80.38,80.97,79.67,80.2,1414900,80.2
"2012-09-10",79.97,79.99,74.53,74.63,3730600,74.63
"2012-09-11",74.58,75.61,74.42,75.14,2901400,75.14
"2012-09-12",75.49,75.67,74.6,75.02,1122700,75.02
"2012-09-13",74.74,75.35,74.15,74.95,1865600,74.95
"2012-09-14",75.25,75.96,74.53,75.24,3075200,75.24
"2012-09-17",74.56,76.74,74.56,76.21,1730900,76.21
"2012-09-18",76.05,76.34,75.62,75.92,869900,75.92
"2012-09-19",75.81,76.73,75.49,76.36,785400,76.36
"2012-09-20",75.81,76.3,75.25,76.08,1217600,76.08
"2012-09-21",76.55,77.85,76.21,77.04,1706400,77.04
"2012-09-24",75.96,76.42,74.95,75.25,1151100,75.25
"2012-09-25",75.38,76.07,74.45,74.62,954600,74.62
"2012-09-26",74.36,74.36,72.48,73.46,1228400,73.46
"2012-09-27",74.02,76.39,73.72,76.2,969500,76.2
"2012-09-28",75.73,76.44,74.93,75.41,1297700,75.41
"2012-10-01",75.67,76.25,74.23,74.47,1437700,74.47
"2012-10-02",74.76,75.93,74.53,75.92,1030900,75.92
"2012-10-03",76,76.56,75.15,76.06,1006800,76.06
"2012-10-04",73.52,74.84,71.34,74.34,3489600,74.34
"2012-10-05",74.97,77.03,74.97,75.67,1712900,75.67
"2012-10-08",75.27,75.69,74.23,74.36,1257500,74.36
"2012-10-09",74.14,74.34,72.05,72.17,2113600,72.17
"2012-10-10",72.19,72.98,72.06,72.72,1477300,72.72
"2012-10-11",73.5,74.32,73,73,1306000,73
"2012-10-12",73.77,74.83,72.95,74.59,1392300,74.59
"2012-10-15",74.89,75.55,74.19,75,1017300,75
"2012-10-16",75.38,75.86,74.71,75.54,1064600,75.54
"2012-10-17",75.28,75.41,73.54,74.45,1856500,74.45
"2012-10-18",74.24,74.39,73.61,73.9,832000,73.9
"2012-10-19",73.73,74.16,71.8,72.29,1495600,72.29
"2012-10-22",71.98,72.49,71.21,71.56,1045300,71.56
"2012-10-23",70.75,71.95,70.03,71.35,1554300,71.35
"2012-10-24",71.89,72.18,67.96,68.67,3137400,68.67
"2012-10-25",69.33,70.76,67.25,67.83,2881300,67.83
"2012-10-26",67.91,68.7,66.89,67.7,1383800,67.7
"2012-10-31",68.42,68.79,66.15,68.31,3041900,68.31
"2012-11-01",60.65,65,60.31,63.75,8832700,63.75
"2012-11-02",63.78,63.95,62.32,63.08,3244200,63.08
"2012-11-05",63,63.68,62.52,63.6,2184200,63.6
"2012-11-06",63.97,64.52,63.75,64.18,2594800,64.18
"2012-11-07",63.8,64.07,63,63.11,2469300,63.11
"2012-11-08",63.09,64.07,62.92,63.27,2091500,63.27
"2012-11-09",62.93,64.05,62.52,63.33,1814400,63.33
"2012-11-12",63.58,64.09,63.52,63.77,1323300,63.77
"2012-11-13",63.48,64.87,63,64.18,2120800,64.18
"2012-11-14",64.54,65.46,63.63,63.78,1437400,63.78
"2012-11-15",63.93,64.2,61.34,62.21,3557700,62.21
"2012-11-16",62.22,62.74,61.47,62.44,1712500,62.44
"2012-11-19",62.5,62.72,61.89,61.97,2398900,61.97
"2012-11-20",62.37,64.27,60.91,61.44,2258400,61.44
"2012-11-21",61.47,61.99,60.79,61.18,1493100,61.18
"2012-11-23",61.79,62.34,60.86,62.28,734700,62.28
"2012-11-26",62.05,62.23,61.54,62.13,1479300,62.13
"2012-11-27",62.13,62.61,61.44,61.55,1191400,61.55
"2012-11-28",61.2,61.2,58.74,59.27,3473600,59.27
"2012-11-29",59.87,60.15,58.64,59.79,4256600,59.79
"2012-11-30",59.86,59.97,58.97,59.48,1955600,59.48
"2012-12-03",60,60.34,58.34,58.52,2076900,58.52
"2012-12-04",58.36,58.84,57.57,58.1,1909500,58.1
"2012-12-05",58.02,58.03,56.1,57.94,3457600,57.94
"2012-12-06",56.98,58.82,56.98,58.7,2091300,58.7
"2012-12-07",58.92,59.15,57.95,58.19,1052400,58.19
"2012-12-10",58.05,59.03,58.05,58.63,1171000,58.63
"2012-12-11",59.3,61.5,59.26,60.94,2200600,60.94
"2012-12-12",61.36,61.64,60.23,61.19,2189900,61.19
"2012-12-13",60.98,61.08,59.72,60.01,1294700,60.01
"2012-12-14",59.9,60.31,59.32,59.43,1228500,59.43
"2012-12-17",59.6,61.16,59.54,60.99,1756300,60.99
"2012-12-18",61.04,63.21,61.04,62.72,1773100,62.72
"2012-12-19",63.68,64.25,62.49,62.5,2056900,62.5
"2012-12-20",62.65,62.81,61.78,62.73,1145600,62.73
"2012-12-21",61.81,63.54,61.81,62.4,1871800,62.4
"2012-12-24",62.38,62.38,61.58,62.22,374300,62.22
"2012-12-26",62.2,62.68,60.95,61.11,610000,61.11
"2012-12-27",61.2,61.64,60.16,61.26,857200,61.26
"2012-12-28",60.9,61.25,60.6,60.69,597100,60.69
"2012-12-31",60.7,61.89,60.51,61.89,920600,61.89
"2013-01-02",63.13,63.72,60.65,63.71,3151100,63.71
"2013-01-03",63.61,64.86,62.12,62.29,2463300,62.29
"2013-01-04",62.48,62.95,61.73,62.83,1120900,62.83
"2013-01-07",62.55,64.46,62.26,63.85,1927400,63.85
"2013-01-08",63.64,63.81,62.67,63.74,1513400,63.74
"2013-01-09",63.97,64.1,63.54,63.81,969000,63.81
"2013-01-10",64.31,64.67,63.09,64.66,1539700,64.66
"2013-01-11",64.77,65.41,64.36,65.34,1446100,65.34
"2013-01-14",65.29,66.17,65,66.03,1394700,66.03
"2013-01-15",65.75,66.2,65.35,66.05,1096400,66.05
"2013-01-16",65.73,65.88,64.72,65.11,1101000,65.11
"2013-01-17",65.68,66.72,65.55,66.31,1012700,66.31
"2013-01-18",66.46,66.67,65.02,65.61,902400,65.61
"2013-01-22",65.41,66.1,65.11,65.57,784300,65.57
"2013-01-23",66,66.94,65.69,66.08,720400,66.08
"2013-01-24",65.8,66.76,65.66,66.5,1313700,66.5
"2013-01-25",67.42,69.65,67.1,69.34,2560400,69.34
"2013-01-28",69.3,69.5,68.1,68.11,1352600,68.11
"2013-01-29",67.56,67.56,65.43,66.14,2482500,66.14
"2013-01-30",66.25,66.88,65.96,66.6,905000,66.6
"2013-01-31",66.9,68.12,66.18,66.66,1184700,66.66
"2013-02-01",67.15,67.15,66.19,66.42,1520500,66.42
"2013-02-04",65.98,67.76,65.61,66.86,1738900,66.86
"2013-02-05",67.22,67.91,66.84,67.6,1442000,67.6
"2013-02-06",67.3,67.84,66.24,66.55,2500000,66.55
"2013-02-07",62.5,63.85,59.99,61.82,8465400,61.82
"2013-02-08",62,62.9,62,62.75,2975800,62.75
"2013-02-11",62.62,63.04,61.79,62.26,2060800,62.26
"2013-02-12",62.26,62.48,61.24,61.43,2243700,61.43
"2013-02-13",61.58,61.68,60.97,61.68,1904500,61.68
"2013-02-14",61.49,62.4,61.2,62.15,1673100,62.15
"2013-02-15",62.18,62.73,61.64,62.59,1558000,62.59
"2013-02-19",62.4,63.53,62.07,63.5,2326800,63.5
"2013-02-20",63.17,63.2,62.06,62.06,1702300,62.06
"2013-02-21",61.75,61.86,61.05,61.55,1466400,61.55
"2013-02-22",62,63.19,61.93,63.19,1462300,63.19
"2013-02-25",63.41,63.82,62.69,62.81,2317600,62.81
"2013-02-26",63,63,60.24,60.46,2923700,60.46
"2013-02-27",60.57,60.57,58.16,58.38,4173200,58.38
"2013-02-28",58.38,58.62,57.85,58.06,3523200,58.06
"2013-03-01",58.24,58.99,57.27,58.56,2334200,58.56
"2013-03-04",58.41,58.57,58,58.38,1772100,58.38
"2013-03-05",58.58,59.79,58.48,59.62,2409700,59.62
"2013-03-06",59.82,60.12,59.15,59.3,2089600,59.3
"2013-03-07",59.35,59.84,57.28,57.44,3519700,57.44
"2013-03-08",57.87,59.25,57.67,59.03,2518300,59.03
"2013-03-11",58.88,59.37,58.5,59.06,1361500,59.06
"2013-03-12",58.89,58.95,58.3,58.88,1288800,58.88
"2013-03-13",58.86,58.88,58.09,58.35,1368100,58.35
"2013-03-14",58.54,58.87,58,58.51,1120200,58.51
"2013-03-15",58.08,58.26,57.45,57.73,1563500,57.73
"2013-03-18",57.22,57.29,56.6,56.93,1447600,56.93
"2013-03-19",56.91,56.97,55.75,56.28,1564600,56.28
"2013-03-20",56.5,57.9,56.31,57.6,1428900,57.6
"2013-03-21",57.02,58,56.77,57.23,1590300,57.23
"2013-03-22",56.95,57.24,56.84,57.13,2532400,57.13
"2013-03-25",57.26,57.34,56.7,56.8,1633800,56.8
"2013-03-26",57.1,57.29,56.77,56.94,1273000,56.94
"2013-03-27",56.73,57.63,56.66,57.25,1254800,57.25
"2013-03-28",57.12,58.55,57,58.51,1435400,58.51
"2013-04-01",58.65,58.65,56.98,57.02,1095500,57.02
"2013-04-02",57.21,57.61,56.94,57.16,839800,57.16
"2013-04-03",57.42,57.42,55.9,56.07,1268000,56.07
"2013-04-04",56,56,50.4,51.89,17965500,51.89
"2013-04-05",51.9,53.46,51.5,53.35,4333500,53.35
"2013-04-08",53.22,53.59,52.72,53.3,1876900,53.3
"2013-04-09",53.24,54.23,53.23,54.02,1488100,54.02
"2013-04-10",54.09,56.51,54.09,56.26,3266400,56.26
"2013-04-11",56.27,56.32,55.29,55.41,1922200,55.41
"2013-04-12",55.09,55.66,54.36,55.2,1491200,55.2
"2013-04-15",55.02,55.17,53.87,53.88,1447900,53.88
"2013-04-16",54.12,54.94,54.08,54.93,950300,54.93
"2013-04-17",53.21,53.89,52.56,52.71,2950600,52.71
"2013-04-18",52.92,53.1,51.31,51.54,1939100,51.54
"2013-04-19",51.53,51.53,50.27,50.35,2956700,50.35
"2013-04-22",50.56,50.8,49.44,49.85,3280100,49.85
"2013-04-23",50.22,50.48,49.2,49.41,3258400,49.41
"2013-04-24",49.48,50.67,49.44,49.86,2504400,49.86
"2013-04-25",50.2,50.86,50,50.43,1948700,50.43
"2013-04-26",50.65,52.64,50.65,52.09,3016300,52.09
"2013-04-29",51.85,52.2,51.21,51.57,2578300,51.57
"2013-04-30",51.22,51.79,50.65,51.07,2613600,51.07
"2013-05-01",51.04,51.68,51.04,51.34,2034400,51.34
"2013-05-02",51.52,53.74,51.2,53.06,3483500,53.06
"2013-05-03",49.68,50.83,48.81,50.65,10055000,50.65
"2013-05-06",50.77,51.97,50.61,51.96,3074400,51.96
"2013-05-07",52.16,52.24,51.19,52.05,1870300,52.05
"2013-05-08",52.05,54.14,51.81,54.08,2729800,54.08
"2013-05-09",54.11,55.26,54.06,55.1,2429400,55.1
"2013-05-10",55.24,55.5,54.92,55.25,1621500,55.25
"2013-05-13",55,55.11,53.76,53.85,2241800,53.85
"2013-05-14",53.96,54.21,53.4,53.47,3648600,53.47
"2013-05-15",53.47,54.35,53.43,54.27,2094400,54.27
"2013-05-16",54.52,56.93,54.37,56.57,3495300,56.57
"2013-05-17",56.68,57.7,56.11,57.34,2333300,57.34
"2013-05-20",56.86,57.34,56.52,56.61,1874100,56.61
"2013-05-21",56.55,58.55,56.55,58.24,2689300,58.24
"2013-05-22",57.89,58.22,55.92,56.17,3498700,56.17
"2013-05-23",55.08,56.05,54.68,54.9,2557600,54.9
"2013-05-24",54.54,55.29,54.19,54.4,982700,54.4
"2013-05-28",54.79,55.14,54.29,54.46,1917600,54.46
"2013-05-29",54.29,55.06,53.85,54.86,1450800,54.86
"2013-05-30",55,57.23,55,57.1,2348000,57.1
"2013-05-31",56.75,57.23,55.75,55.75,1631600,55.75
"2013-06-03",55.76,55.76,53.86,55.6,2269500,55.6
"2013-06-04",55.39,55.73,55.01,55.18,1294000,55.18
"2013-06-05",55,55.5,54.63,54.79,1770300,54.79
"2013-06-06",54.84,55.53,54.74,55.21,883900,55.21
"2013-06-07",55.25,56.92,54.83,56.9,1171500,56.9
"2013-06-10",57.26,57.68,56.9,57.33,1331000,57.33
"2013-06-11",56.45,56.96,55.9,56.53,1545300,56.53
"2013-06-12",57.1,57.18,55.67,55.86,1007300,55.86
"2013-06-13",55.66,57.1,55.41,56.93,876700,56.93
"2013-06-14",56.76,57.15,55.88,56.08,1078100,56.08
"2013-06-17",55.8,56.48,55.14,55.46,1370900,55.46
"2013-06-18",55.74,55.8,55.01,55.34,1461900,55.34
"2013-06-19",55.31,56.06,55.21,55.3,1534800,55.3
"2013-06-20",54.92,54.98,52.89,52.92,2703100,52.92
"2013-06-21",53.14,53.14,50.53,50.7,3633300,50.7
"2013-06-24",50.23,50.25,48.11,48.34,3963100,48.34
"2013-06-25",48.77,49.3,48.33,48.5,2346300,48.5
"2013-06-26",49.46,52.14,49.46,50.4,3177000,50.4
"2013-06-27",50.58,51.57,50.09,51.11,2332500,51.11
"2013-06-28",50.81,50.99,49.49,50.23,2704900,50.23
"2013-07-01",50.6,51.36,50.21,50.64,1413200,50.64
"2013-07-02",50.7,50.74,49.58,50.02,1309300,50.02
"2013-07-03",49.76,51.52,49.76,51.39,757300,51.39
"2013-07-05",51.56,51.83,50.85,51.69,940700,51.69
"2013-07-08",52,52,51.25,51.35,858100,51.35
"2013-07-09",51.49,52.39,51.48,51.76,747600,51.76
"2013-07-10",51.63,52.9,51.56,52.8,1365400,52.8
"2013-07-11",53.84,56.35,53.64,56.17,3403900,56.17
"2013-07-12",56.19,56.79,54.81,55.91,1856500,55.91
"2013-07-15",56.1,57.17,55.38,57,1692800,57
"2013-07-16",57.08,57.67,56.52,57.32,1879000,57.32
"2013-07-17",57.57,57.75,57.09,57.49,988800,57.49
"2013-07-18",57.76,59.41,57.53,59.25,1715900,59.25
"2013-07-19",58.97,59.66,57.95,58.08,1393700,58.08
"2013-07-22",58.17,58.46,57.72,58.07,716300,58.07
"2013-07-23",57.6,57.91,56.86,57.36,968400,57.36
"2013-07-24",57.97,58.96,57.53,57.71,1326800,57.71
"2013-07-25",57.62,59.89,57.37,59.59,1535300,59.59
"2013-07-26",59.14,59.18,57.35,58.25,1554700,58.25
"2013-07-29",58.29,59.29,58.21,58.56,1109100,58.56
"2013-07-30",59,59.04,58.4,58.73,1163800,58.73
"2013-07-31",59,59.56,58.41,59.12,1728100,59.12
"2013-08-01",61.65,65.96,61.65,63.17,4719300,63.17
"2013-08-02",63.28,63.89,62.9,63.37,1361800,63.37
"2013-08-05",63.05,64.87,63.04,64.7,1627000,64.7
"2013-08-06",64.38,64.86,62.77,63.26,1890400,63.26
"2013-08-07",63.29,63.4,62.11,63.16,1285400,63.16
"2013-08-08",63.57,64.23,62.63,63.84,1091900,63.84
"2013-08-09",63.63,64.61,63.56,63.76,751100,63.76
"2013-08-12",63.67,64.31,63.55,64.13,615200,64.13
"2013-08-13",64.42,64.9,63.85,64.77,821100,64.77
"2013-08-14",64.74,64.8,63.87,64.17,1010200,64.17
"2013-08-15",63.49,63.55,61.72,61.86,1581400,61.86
"2013-08-16",61.61,62.18,60.98,61.69,1005100,61.69
"2013-08-19",61.52,62.08,60.59,60.6,1072900,60.6
"2013-08-20",60.72,61.16,60.42,61,934100,61
"2013-08-21",60.75,61.34,59.38,59.5,1850900,59.5
"2013-08-22",59.62,60.44,59.38,60.15,1370900,60.15
"2013-08-23",60.47,61.34,60.14,60.94,1451900,60.94
"2013-08-26",60.85,61.38,60.36,60.52,773500,60.52
"2013-08-27",59.81,59.81,58.38,58.7,1341100,58.7
"2013-08-28",58.71,59.7,58.45,58.92,931200,58.92
"2013-08-29",58.62,60.29,58.48,59.87,916000,59.87
"2013-08-30",59.95,59.95,58.34,58.56,1038100,58.56
"2013-09-03",59.3,59.63,58.3,58.7,572300,58.7
"2013-09-04",58.79,59.2,58.15,58.8,879000,58.8
"2013-09-05",58.82,59.16,57.49,57.51,1253500,57.51
"2013-09-06",57.63,57.67,55.45,56.92,3070500,56.92
"2013-09-09",57.26,57.46,56.9,57.03,1269300,57.03
"2013-09-10",57.46,58.28,57.35,58.03,1513100,58.03
"2013-09-11",58,59.05,57.93,58.84,1586600,58.84
"2013-09-12",58.83,59.99,58.63,59.57,2023400,59.57
"2013-09-13",59.69,59.8,58.75,59.31,1152300,59.31
"2013-09-16",59.96,60.14,59.47,59.71,957600,59.71
"2013-09-17",59.93,60,59.02,59.49,1301500,59.49
"2013-09-18",59.6,60.73,59.51,60.48,1740000,60.48
"2013-09-19",60.62,60.64,58.96,59.08,1617000,59.08
"2013-09-20",59.8,61.01,59.73,60.73,2086900,60.73
"2013-09-23",60.44,60.92,59.15,59.88,1559100,59.88
"2013-09-24",59.73,59.79,57.75,58.44,1426200,58.44
"2013-09-25",58.43,58.72,57.84,58.05,891900,58.05
"2013-09-26",58.14,58.36,56.77,56.9,1582800,56.9
"2013-09-27",56.59,56.92,56.25,56.51,1099600,56.51
"2013-09-30",55.92,56.26,55.25,55.44,1223100,55.44
"2013-10-01",55.44,55.85,55.01,55.25,1522200,55.25
"2013-10-02",54.99,55.5,54.75,55.37,1494000,55.37
"2013-10-03",55.03,55.39,53.35,54.39,2740200,54.39
"2013-10-04",54.46,55.01,54.07,54.12,1563000,54.12
"2013-10-07",53.69,54.41,53.24,53.46,1364000,53.46
"2013-10-08",53.36,53.5,52.2,52.58,1803400,52.58
"2013-10-09",52.88,53.25,52.08,52.75,1600600,52.75
"2013-10-10",52.94,53.07,51.73,52.69,3257600,52.69
"2013-10-11",52.59,52.97,51.86,52.95,1664700,52.95
"2013-10-14",52.25,52.64,51.83,52.58,2291300,52.58
"2013-10-15",44.73,45.13,42.75,42.91,21710000,42.91
"2013-10-16",43.26,43.4,41.11,41.48,8324100,41.48
"2013-10-17",41.23,42.79,41.23,42.52,6440200,42.52
"2013-10-18",42.74,43.28,42.5,42.64,3275700,42.64
"2013-10-21",42.86,43.54,42.11,43.44,3174800,43.44
"2013-10-22",43.86,44.1,43.35,43.96,3102600,43.96
"2013-10-23",43.87,43.92,43.25,43.42,2219000,43.42
"2013-10-24",43.28,45.61,42.71,45.45,3926500,45.45
"2013-10-25",45.42,45.54,44.17,44.47,2834900,44.47
"2013-10-28",44.59,46.13,44.46,45.89,2589200,45.89
"2013-10-29",45.32,46.31,44.86,46.25,3705500,46.25
"2013-10-30",46.39,47.05,44.75,45.47,5970600,45.47
"2013-10-31",44.64,46.7,43.75,44.07,4597000,44.07
"2013-11-01",44.34,44.48,43.57,44,2922900,44
"2013-11-04",44.14,44.25,42.8,43.01,3657800,43.01
"2013-11-05",42.82,43.41,42.35,42.63,3831800,42.63
"2013-11-06",42.95,43.05,42.72,42.98,1771800,42.98
"2013-11-07",43.12,44.13,43,43.41,3283000,43.41
"2013-11-08",43.54,43.73,43.19,43.5,2031500,43.5
"2013-11-11",43.5,44.05,43.36,43.79,1790200,43.79
"2013-11-12",43.66,44.07,43.53,43.93,1288200,43.93
"2013-11-13",43.79,45.08,43.79,44.95,2300700,44.95
"2013-11-14",44.48,45.07,44.4,44.8,2374800,44.8
"2013-11-15",45,45.61,44.82,45.59,1821800,45.59
"2013-11-18",45.88,45.88,45.15,45.45,1968000,45.45
"2013-11-19",45.27,45.5,45.08,45.22,2711800,45.22
"2013-11-20",45.26,45.54,45.11,45.4,2099600,45.4
"2013-11-21",45.44,46,45.3,45.7,1633000,45.7
"2013-11-22",45.8,45.8,45.17,45.29,1536200,45.29
"2013-11-25",45.43,45.54,45.02,45.22,1732900,45.22
"2013-11-26",45.3,45.65,45.02,45.38,1502500,45.38
"2013-11-27",45.38,45.86,45.37,45.68,910600,45.68
"2013-11-29",45.8,45.9,45.49,45.64,381400,45.64
"2013-12-02",45.49,45.94,45.42,45.81,1681800,45.81
"2013-12-03",45.47,45.77,45.25,45.35,1640400,45.35
"2013-12-04",43.33,43.92,42,42.53,10007200,42.53
"2013-12-05",42.49,42.5,41.53,41.6,3488700,41.6
"2013-12-06",41.84,42.34,41.83,41.88,3246600,41.88
"2013-12-09",41.96,42.39,41.78,41.97,2392200,41.97
"2013-12-10",41.84,41.9,41.14,41.15,3034300,41.15
"2013-12-11",41.12,41.17,39.83,40.06,5726800,40.06
"2013-12-12",39.46,39.76,39.16,39.52,4137600,39.52
"2013-12-13",39.65,41.18,39.52,40.99,3132900,40.99
"2013-12-16",40.86,41.72,40.81,41.62,2289400,41.62
"2013-12-17",41.78,42.35,41.46,41.73,2268600,41.73
"2013-12-18",41.99,41.99,41.19,41.89,2852100,41.89
"2013-12-19",41.9,42.49,41.89,42.18,1953000,42.18
"2013-12-20",42.26,44.86,42.26,44.78,4818600,44.78
"2013-12-23",44.91,45.12,43.91,44.3,1914700,44.3
"2013-12-24",44.28,44.73,44.14,44.35,392100,44.35
"2013-12-26",44.26,44.92,44.17,44.69,1008500,44.69
"2013-12-27",44.82,45.64,44.69,44.76,1260100,44.76
"2013-12-30",44.51,44.91,44.07,44.7,1547300,44.7
"2013-12-31",44.82,45.9,44.82,45.49,1533200,45.49
"2014-01-02",45.33,45.59,44.65,44.73,2159000,44.73
"2014-01-03",44.96,45.59,44.6,45.36,1317200,45.36
"2014-01-06",45.6,45.79,45.14,45.54,1554200,45.54
"2014-01-07",45.55,46.07,45.26,45.98,2110500,45.98
"2014-01-08",45.83,46.25,45.45,45.87,2184900,45.87
"2014-01-09",46.04,46.59,45.17,45.39,1620900,45.39
"2014-01-10",45.84,45.87,43.94,44.31,2684300,44.31
"2014-01-13",44.46,45.33,43.99,44.03,2443100,44.03
"2014-01-14",44.35,45.82,44.21,45.79,2195700,45.79
"2014-01-15",45.96,49.15,45.87,47.63,4753900,47.63
"2014-01-16",47.33,47.68,46.95,47.3,1407400,47.3
"2014-01-17",47.31,47.91,46.76,47.24,1483300,47.24
"2014-01-21",47.3,47.98,46.56,46.86,1283300,46.86
"2014-01-22",46.89,47.05,45.59,45.75,2128700,45.75
"2014-01-23",45.58,45.58,44.74,45,2078300,45
"2014-01-24",44.75,44.94,43.75,43.78,1598200,43.78
"2014-01-27",43.78,43.91,43.06,43.4,1312500,43.4
"2014-01-28",43.58,43.97,43.46,43.9,1401500,43.9
"2014-01-29",42.36,43.01,41.66,42.07,2839800,42.07
"2014-01-30",42.56,42.65,41.89,42.13,2827000,42.13
"2014-01-31",41.34,42.02,40.85,41.12,3399000,41.12
"2014-02-03",41.31,41.81,39.77,40,2964800,40
"2014-02-04",40.07,41,39.92,40.56,3059300,40.56
"2014-02-05",40.22,41.21,40.01,41.06,3433800,41.06
"2014-02-06",44.38,46.4,40.16,41,10256600,41
"2014-02-07",40.37,41.23,39.5,40.95,5248100,40.95
"2014-02-10",40.95,41.61,40.51,41.07,2800000,41.07
"2014-02-11",41.72,43.63,41.62,43.3,4026700,43.3
"2014-02-12",43.29,43.7,42.74,42.79,2666000,42.79
"2014-02-13",42.56,43.17,42.39,42.8,1655900,42.8
"2014-02-14",42.78,43.58,42.28,43.31,2456000,43.31
"2014-02-18",43.43,44.18,43.36,43.42,1756500,43.42
"2014-02-19",43.28,44.9,43.27,44.31,2505000,44.31
"2014-02-20",44.23,45.07,43.67,44.96,2637600,44.96
"2014-02-21",45.12,46.72,45.06,45.58,4558600,45.58
"2014-02-24",45.6,46.35,45.25,45.66,2003900,45.66
"2014-02-25",45.58,45.77,45.24,45.58,1456000,45.58
"2014-02-26",46.19,47.07,46.1,46.26,3257600,46.26
"2014-02-27",45.76,46.3,45,46.28,2646800,46.28
"2014-02-28",46.25,46.45,45.49,45.92,1695200,45.92
"2014-03-03",45.5,45.85,44.87,45.22,1859800,45.22
"2014-03-04",45.76,46.66,45.45,46.3,1849500,46.3
"2014-03-05",46.33,46.81,45.53,46.58,2444300,46.58
"2014-03-06",47.09,48.18,46.76,46.98,2958400,46.98
"2014-03-07",47.12,47.48,46.34,46.84,1921300,46.84
"2014-03-10",46.67,46.77,46.28,46.5,1598000,46.5
"2014-03-11",46.59,46.89,45.53,45.9,2479000,45.9
"2014-03-12",45.67,46.16,44.75,45.44,2139100,45.44
"2014-03-13",45.58,46.25,44.79,44.95,2284100,44.95
"2014-03-14",44.92,45.23,44.47,44.69,1296500,44.69
"2014-03-17",45.02,46.02,45,45.79,1360100,45.79
