"","VMC.Open","VMC.High","VMC.Low","VMC.Close","VMC.Volume","VMC.Adjusted"
"2007-01-03",90.23,91.85,89.17,89.95,550400,78.87
"2007-01-04",90.04,90.63,89.2,89.69,383700,78.64
"2007-01-05",89.35,89.39,87.7,88.26,680300,77.39
"2007-01-08",88.26,88.94,87.27,88.86,734000,77.92
"2007-01-09",88.89,90.1,88.85,89.75,488800,78.7
"2007-01-10",89.5,90.23,88.59,90.07,418300,78.98
"2007-01-11",90.32,92.12,90.05,91.65,511200,80.36
"2007-01-12",91.35,93.12,91.02,93.12,516700,81.65
"2007-01-16",93.05,94.63,92.75,94.62,615300,82.97
"2007-01-17",94.62,95.88,94.11,95.76,808200,83.97
"2007-01-18",95.8,96.39,94.98,95.56,762800,83.79
"2007-01-19",96,97.12,95.6,96.79,1003700,84.87
"2007-01-22",96.8,97.1,95.74,96,566200,84.18
"2007-01-23",96.15,100.23,96,100.1,1087200,87.77
"2007-01-24",100,102.83,99.3,101.75,1256900,89.22
"2007-01-25",101.5,102.06,99.79,100.76,833100,88.35
"2007-01-26",100.83,101.19,99.97,100.65,422200,88.26
"2007-01-29",100.89,100.95,100.28,100.59,483700,88.2
"2007-01-30",100.62,101.29,100.09,101.11,621100,88.66
"2007-01-31",100.72,102.46,100.5,101.84,779700,89.3
"2007-02-01",103.75,104.9,103,103.21,1279100,90.5
"2007-02-02",103.21,103.79,102.33,103.03,707700,90.34
"2007-02-05",103.55,106.21,103.2,105.43,1036500,92.45
"2007-02-06",105.6,107.09,105.45,106.92,735700,93.75
"2007-02-07",107.3,107.4,106.39,107.1,425000,93.91
"2007-02-08",107.1,110.13,106.51,109.2,1083100,95.75
"2007-02-09",109.25,110.97,108.46,109.19,1351900,95.74
"2007-02-12",108.35,109.23,107.35,108.17,830600,94.85
"2007-02-13",108.85,111.87,108.83,111.41,792300,97.69
"2007-02-14",111.66,113.38,111.5,111.8,661900,98.03
"2007-02-15",111.95,112.5,111.2,112.31,477800,98.48
"2007-02-16",112.26,112.38,110.19,111.81,507300,98.04
"2007-02-20",109.55,112.68,109.09,111.14,1925600,97.45
"2007-02-21",110.68,125.79,109.77,121.99,5744300,107.41
"2007-02-22",122,124,118.68,119.5,2748300,105.22
"2007-02-23",119.5,120.21,118.8,119.84,1146300,105.52
"2007-02-26",120.02,121.39,118.63,119.74,1311400,105.43
"2007-02-27",116.41,118.78,107.3,114.5,3062300,100.82
"2007-02-28",114.04,116.87,113,116.65,2271400,102.71
"2007-03-01",114.8,119.8,110,118.24,1951200,104.11
"2007-03-02",118.24,119.1,116.27,117.09,1185500,103.1
"2007-03-05",116.6,116.6,113.29,113.46,1210300,99.9
"2007-03-06",114.9,115.74,113.77,114.84,894700,101.12
"2007-03-07",114.42,118.81,114.09,117.16,1134300,103.16
"2007-03-08",119.38,120.45,118.6,119.93,832200,105.6
"2007-03-09",120.21,120.53,118.17,118.63,1054600,104.45
"2007-03-12",118.73,120.19,118.44,119.31,1e+06,105.05
"2007-03-13",119.31,119.31,115.43,116.01,1460500,102.15
"2007-03-14",116.55,117.58,114.08,115.36,1659900,101.57
"2007-03-15",115.77,118.21,115.52,117.26,1096200,103.25
"2007-03-16",118.17,118.17,114.52,114.99,1430300,101.25
"2007-03-19",115.24,115.9,114.71,115.48,853200,101.68
"2007-03-20",116,117.63,114.88,117.41,881600,103.38
"2007-03-21",117.21,120.47,117.02,119.79,1279500,105.47
"2007-03-22",120.59,121.26,118.32,119.61,597600,105.32
"2007-03-23",119.86,120.73,118.5,119.1,456700,104.87
"2007-03-26",119.22,119.35,116.68,118.47,542100,104.31
"2007-03-27",117.78,118.52,115.85,116.99,529100,103.01
"2007-03-28",116.99,117.41,115.06,116.05,916800,102.18
"2007-03-29",116.3,117.57,114.93,116.87,794000,102.9
"2007-03-30",116.88,117.97,114.76,116.48,578200,102.56
"2007-04-02",116.43,117.25,115.5,115.96,620200,102.1
"2007-04-03",115.96,119.09,115.96,118.82,834600,104.62
"2007-04-04",118.97,119.45,117.72,118.02,422200,103.92
"2007-04-05",118.07,118.8,117.58,118.46,372500,104.3
"2007-04-09",118.5,118.95,117.22,118.12,335900,104
"2007-04-10",118.23,121.57,118.23,118.93,1051400,104.72
"2007-04-11",118.84,119,115.71,116.14,821200,102.26
"2007-04-12",116.2,116.26,114.6,116,1215300,102.14
"2007-04-13",116,116.08,113.54,114.33,846500,100.67
"2007-04-16",112.63,117.3,112.63,116.89,1156300,102.92
"2007-04-17",116.9,116.9,113.86,115.06,991400,101.31
"2007-04-18",115.06,115.06,111.87,113.55,1293200,99.98
"2007-04-19",115.25,115.25,111.8,113.75,1223900,100.16
"2007-04-20",115.51,117.37,115.47,116.99,1183400,103.01
"2007-04-23",116.99,118.28,116.55,117.79,612700,103.71
"2007-04-24",117.79,117.84,115.09,117.46,959000,103.42
"2007-04-25",118.22,120.14,117.5,119.77,888500,105.46
"2007-04-26",119.5,121.75,119.07,121.54,979400,107.02
"2007-04-27",121.5,122.94,120,122.16,1132200,107.56
"2007-04-30",123.75,128.62,123.67,123.67,1971700,108.89
"2007-05-01",116,121.73,114.78,115.27,4140100,101.49
"2007-05-02",115.92,119.7,115,116.69,1487200,102.75
"2007-05-03",117.17,119.84,116.02,118.61,1435500,104.44
"2007-05-04",119.18,119.77,118.13,118.46,794900,104.3
"2007-05-07",118.4,119.69,118.01,118.74,666300,104.55
"2007-05-08",117.74,118.41,116.54,118.28,760900,104.14
"2007-05-09",118.25,118.26,115.84,116.89,1056500,102.92
"2007-05-10",116.09,116.75,113.62,113.82,1056000,100.22
"2007-05-11",114.64,115.17,112.88,114.86,999500,101.13
"2007-05-14",114.86,114.9,111.46,111.76,1385700,98.4
"2007-05-15",112,113.19,111.51,112.34,1049600,98.91
"2007-05-16",113.17,114.96,112.75,114.76,850600,101.05
"2007-05-17",114.77,115.24,113.18,114.63,737700,100.93
"2007-05-18",115.01,115.02,113.76,114.42,593000,100.75
"2007-05-21",114.25,116.19,114.25,115.83,920500,101.99
"2007-05-22",115.4,117.78,115.07,117.47,904100,103.43
"2007-05-23",116.81,118.97,116.8,117.37,946100,103.75
"2007-05-24",117.57,119.79,116.44,116.71,1426200,103.17
"2007-05-25",117.5,118.47,116.24,117.33,412800,103.71
"2007-05-29",117.52,118.97,116.68,118.1,508400,104.4
"2007-05-30",117.62,120.49,116.47,120.22,1079800,106.27
"2007-05-31",120.22,121.11,119.04,119.69,687400,105.8
"2007-06-01",120.21,122.47,119.6,121.53,1290600,107.43
"2007-06-04",121.28,122.26,119.51,121.36,590500,107.28
"2007-06-05",120.82,120.82,118.89,120.23,743000,106.28
"2007-06-06",120.25,120.25,116.99,117.62,606400,103.97
"2007-06-07",117.09,117.62,113.23,113.76,1048200,100.56
"2007-06-08",113.76,116.7,112.86,116.52,1099000,103
"2007-06-11",116.5,117.82,114.7,116.85,761900,103.29
"2007-06-12",116.84,116.84,114.38,115.08,969400,101.73
"2007-06-13",115.85,117.83,115.35,117.83,905600,104.16
"2007-06-14",118.18,119.35,117.59,119.01,521600,105.2
"2007-06-15",120.5,121.35,119.81,121.02,941700,106.98
"2007-06-18",120.85,122.25,120.43,120.98,542200,106.94
"2007-06-19",120.73,121.1,118.21,118.99,762500,105.18
"2007-06-20",119.53,119.9,116.8,116.97,850200,103.4
"2007-06-21",116.85,119.69,115.9,119.5,874700,105.63
"2007-06-22",119.35,120.89,117.96,118.08,1151800,104.38
"2007-06-25",118.09,119.54,115.52,116.24,1097300,102.75
"2007-06-26",116.48,117,113.55,113.8,990100,100.59
"2007-06-27",113.15,116.13,112.11,115.96,827900,102.5
"2007-06-28",115.96,116.62,114.73,114.92,765000,101.58
"2007-06-29",115.54,116.63,113.77,114.54,669700,101.25
"2007-07-02",115.16,115.6,114.63,115.28,587800,101.9
"2007-07-03",115.52,116.52,114.8,115,294400,101.66
"2007-07-05",115.56,115.83,112.94,113.78,1194500,100.58
"2007-07-06",113.73,116.04,113.52,115.59,912600,102.18
"2007-07-09",115.57,115.82,112.22,113.14,1104000,100.01
"2007-07-10",112.24,112.25,109.56,109.84,1442800,97.09
"2007-07-11",110.83,111.61,109,110.62,1381100,97.78
"2007-07-12",111.49,116.3,110.62,115.08,1298800,101.73
"2007-07-13",115.15,115.77,113.71,114.42,696200,101.14
"2007-07-16",113.6,113.96,110.65,111.08,1252100,98.19
"2007-07-17",111.32,112.3,110.51,111.26,1092200,98.35
"2007-07-18",110.94,112.57,110.03,112.42,999900,99.37
"2007-07-19",106.07,109,105.77,106.23,3056500,93.9
"2007-07-20",105.77,106.35,102.35,103.17,1923200,91.2
"2007-07-23",103.31,104.66,102.82,103.1,1630800,91.14
"2007-07-24",102.4,103.98,100.87,101.08,1460800,89.35
"2007-07-25",101.53,102.69,99.44,100.26,1574000,88.63
"2007-07-26",98.43,100.19,94.08,96.59,4305300,85.38
"2007-07-27",96.94,98.01,95.35,95.53,1873500,84.44
"2007-07-30",95.4,96.3,93.29,95.12,2330500,84.08
"2007-07-31",94.65,98.32,94.65,95.72,1856200,84.61
"2007-08-01",95.34,96.89,90.34,96.6,2294400,85.39
"2007-08-02",96.6,97.5,92.59,96.78,2091900,85.55
"2007-08-03",96.44,97.61,93.67,93.76,1333700,82.88
"2007-08-06",94.5,95.78,91.42,95.74,2214100,84.63
"2007-08-07",95.1,96.7,92.84,95.49,2555600,84.41
"2007-08-08",96.42,100.71,96.36,98.82,1930100,87.35
"2007-08-09",96.88,99.15,95.13,97.65,1615900,86.32
"2007-08-10",95.69,97.8,92.91,96.15,1665200,84.99
"2007-08-13",96.96,98.16,92.96,94.98,1327400,83.96
"2007-08-14",95.32,95.32,89.88,90.62,2216600,80.1
"2007-08-15",90.64,91.65,86.45,88.52,2104000,78.25
"2007-08-16",86.41,86.95,80.5,86.91,3659000,76.82
"2007-08-17",88.96,91.35,85.19,88.46,1917500,78.19
"2007-08-20",88.46,89.36,86.02,88.17,1753300,77.94
"2007-08-21",87.11,88.02,86.33,87.17,1355800,77.05
"2007-08-22",87.5,92.69,87.44,90.81,1287900,80.7
"2007-08-23",91.36,92.48,88.59,88.87,900700,78.97
"2007-08-24",89.2,91.78,88.94,91.59,622800,81.39
"2007-08-27",91.61,92.81,90.39,90.92,833100,80.8
"2007-08-28",90.5,90.87,86.81,87.35,3852600,77.62
"2007-08-29",88.1,90.05,87.4,89.94,705800,79.92
"2007-08-30",89.7,90.53,88,88.69,1067400,78.81
"2007-08-31",89.9,90.9,88.9,90.01,666100,79.99
"2007-09-04",89.51,90.79,87.82,89.67,821700,79.68
"2007-09-05",89.05,90.06,87.11,87.4,1391600,77.67
"2007-09-06",87.97,88.22,85.62,87.3,1122600,77.58
"2007-09-07",86.41,86.65,84.13,84.65,1073000,75.22
"2007-09-10",84.57,85.3,81.5,82.79,1350600,73.57
"2007-09-11",83.05,86.46,82.79,85.62,1234200,76.09
"2007-09-12",85.41,87.02,84.51,85.77,917900,76.22
"2007-09-13",86.73,87.48,86.09,86.5,645100,76.87
"2007-09-14",86.14,86.14,84.92,85.15,925900,75.67
"2007-09-17",85.14,85.5,80.66,82.23,1656100,73.07
"2007-09-18",82.56,85.97,82.27,85.84,1727800,76.28
"2007-09-19",86.5,88.93,84.67,84.91,1942600,75.45
"2007-09-20",85.11,85.93,83.28,83.97,1988500,74.62
"2007-09-21",85,87.71,83.97,86.82,2334500,77.15
"2007-09-24",87.12,87.51,85.64,86.02,1179700,76.44
"2007-09-25",85.27,85.87,83.69,84.77,1537800,75.33
"2007-09-26",84.67,85.45,83.47,85.04,1874100,75.57
"2007-09-27",84.85,89.9,84.85,89.22,1701600,79.29
"2007-09-28",89.32,89.32,87.05,89.15,1956300,79.22
"2007-10-01",89.1,91.78,89.1,91.65,1203200,81.44
"2007-10-02",91.81,95.22,91.61,94.75,1230000,84.2
"2007-10-03",94.45,95.5,93.59,94.85,1019400,84.29
"2007-10-04",94.98,95.05,92.84,93.69,889700,83.26
"2007-10-05",94.35,95.5,93.84,95.03,1051200,84.45
"2007-10-08",95.11,96.09,93.82,94.12,590600,83.64
"2007-10-09",94.45,94.45,92.75,93,904800,82.64
"2007-10-10",93.1,93.59,90.8,92,840700,81.76
"2007-10-11",92.73,93,90,90.58,1075100,80.49
"2007-10-12",91.02,92.35,90.25,92.32,1545000,82.04
"2007-10-15",92.96,94.04,91.75,92.57,1769600,82.26
"2007-10-16",91.75,91.9,89.74,90.08,2252100,80.05
"2007-10-17",90.77,90.85,89.44,89.88,2247400,79.87
"2007-10-18",89.78,90.08,86.8,87.24,1497300,77.53
"2007-10-19",87.18,87.18,84.76,85.4,1807800,75.89
"2007-10-22",84.88,86.16,83.47,85.59,2009200,76.06
"2007-10-23",85.91,87.3,84.39,85.29,1437500,75.79
"2007-10-24",85.18,86.61,84.53,86.28,1740000,76.67
"2007-10-25",85.89,87.11,85.37,86.54,1648600,76.9
"2007-10-26",87.7,88.85,86.99,88.21,1164700,78.39
"2007-10-29",88.63,89.81,87.9,88.56,856700,78.7
"2007-10-30",83.5,87.78,83.5,86.22,2728300,76.62
"2007-10-31",86.55,86.8,84.46,85.51,1971600,75.99
"2007-11-01",84.3,85,82.41,82.69,2101600,73.48
"2007-11-02",82.8,83.01,80.54,82.82,1906100,73.6
"2007-11-05",82,82.25,79.5,80.51,1534900,71.54
"2007-11-06",80.97,85.29,80.51,84.76,2549600,75.32
"2007-11-07",84.76,84.76,79.96,79.96,1950100,71.06
"2007-11-08",81.01,82.16,77.36,79.54,2042100,70.68
"2007-11-09",79.4,82.2,78,80.7,1709400,71.71
"2007-11-12",80.4,83.61,80.3,80.98,2001400,71.96
"2007-11-13",81.82,84.03,81.13,83.82,1477500,74.49
"2007-11-14",84.5,86.09,83.04,83.29,1737600,74.02
"2007-11-15",86,86.57,82.48,83.31,2215200,74.03
"2007-11-16",84.04,84.3,81.56,82.77,3328800,73.55
"2007-11-19",82.41,82.66,80.19,80.81,4255100,71.81
"2007-11-20",81.1,82.65,80.54,81.9,2693300,72.78
"2007-11-21",80.86,82.06,80.04,81.31,2512000,72.66
"2007-11-23",81.64,82.14,81.18,81.71,877100,73.02
"2007-11-26",82.13,82.78,80.3,80.48,1789900,71.92
"2007-11-27",80.3,82.06,80.3,82.01,1635800,73.29
"2007-11-28",82.99,86.69,82.75,86.51,2890100,77.31
"2007-11-29",86.06,87.9,85.58,87.26,1570100,77.98
"2007-11-30",88.2,90,87.89,88.8,2102300,79.36
"2007-12-03",89.07,89.32,87.55,87.65,1289800,78.33
"2007-12-04",86.12,86.42,83.38,83.63,1589300,74.74
"2007-12-05",84.57,86.34,83.66,84.19,1157300,75.24
"2007-12-06",84.16,88.36,83.85,88.28,1584400,78.89
"2007-12-07",88.27,89.85,87.58,87.95,1262400,78.6
"2007-12-10",86.03,89.74,85.9,89.17,1237300,79.69
"2007-12-11",89.49,90.56,84.54,84.83,1359900,75.81
"2007-12-12",86.91,88.26,83.46,84.8,1255600,75.78
"2007-12-13",84.34,84.9,83.24,84.43,1016800,75.45
"2007-12-14",82.51,83.86,81.43,81.43,1132200,72.77
"2007-12-17",80.91,81.31,80.16,80.16,1592000,71.64
"2007-12-18",80.58,81.6,80.01,81.33,1531900,72.68
"2007-12-19",81.94,81.94,80.51,81.02,1592600,72.4
"2007-12-20",81.78,81.78,79.59,80.47,2128400,71.91
"2007-12-21",82.04,82.04,81,81.47,1609600,72.81
"2007-12-24",82.28,82.28,80.67,81.29,1405200,72.65
"2007-12-26",80.81,81.34,79.77,80.7,804400,72.12
"2007-12-27",79.76,80.42,78.12,78.57,983100,70.22
"2007-12-28",79.07,79.85,77.43,77.43,1606700,69.2
"2007-12-31",77.43,79.86,77.04,79.09,1198900,70.68
"2008-01-02",79.41,79.49,76.01,76.42,2301300,68.29
"2008-01-03",76.89,77.28,74.03,74.32,1775000,66.42
"2008-01-04",74,74,70.98,71.01,1899400,63.46
"2008-01-07",71.72,73.64,69.44,71.01,2699400,63.46
"2008-01-08",71.33,72.12,67.42,67.5,2060500,60.32
"2008-01-09",67.45,68.4,65.95,68.37,2985800,61.1
"2008-01-10",67,68.46,65.51,67.74,2503800,60.54
"2008-01-11",67.49,69.87,65.99,68.63,2270400,61.33
"2008-01-14",69.31,71.45,68.2,71.21,1964000,63.64
"2008-01-15",70.58,72.14,69.81,69.87,2993100,62.44
"2008-01-16",69.41,72.85,69.38,71.2,2411600,63.63
"2008-01-17",71.28,71.58,66.5,66.79,2449800,59.69
"2008-01-18",67.38,68.5,64.95,66.06,2621400,59.04
"2008-01-22",62.75,66.67,61.33,66.17,3190200,59.13
"2008-01-23",64.1,69.39,60.2,69,3689000,61.66
"2008-01-24",69.53,71.92,69.4,71,3483000,63.45
"2008-01-25",71.82,73.52,69.63,70.44,2065300,62.95
"2008-01-28",70.5,73.72,70,73.59,2208800,65.76
"2008-01-29",73.8,75.84,73.29,75.35,1545600,67.34
"2008-01-30",75.84,77.14,73.68,74.13,3603300,66.25
"2008-01-31",72.91,79.75,71,78.25,5517100,69.93
"2008-02-01",77.94,78.65,75.85,77.47,3300000,69.23
"2008-02-04",76.99,77.7,75.4,75.44,2655900,67.42
"2008-02-05",72.97,72.97,68.43,69.52,4602400,62.13
"2008-02-06",70.13,71.53,69.2,69.86,2233800,62.43
"2008-02-07",69.6,71.81,69.54,70.69,1670500,63.17
"2008-02-08",70.25,71.62,69.85,70.16,1423000,62.7
"2008-02-11",70.15,70.3,68.56,69.44,2498800,62.06
"2008-02-12",69.76,70.36,67.71,68.36,2031900,61.09
"2008-02-13",69.15,70.84,66.51,70.46,2772300,62.97
"2008-02-14",68.9,69.97,66.43,67.04,3231000,59.91
"2008-02-15",66.01,69.32,66.01,66.64,2195100,59.55
"2008-02-19",67.54,68.23,66.21,66.5,1220500,59.43
"2008-02-20",65.84,69.18,65.53,68.75,1595600,61.44
"2008-02-21",69.13,69.41,67.14,68.12,3378900,61.31
"2008-02-22",68.2,68.41,66.18,68.26,2136200,61.44
"2008-02-25",68.02,69.99,67.1,69.86,1506300,62.88
"2008-02-26",69.65,72.06,69.32,71.53,1945400,64.38
"2008-02-27",70.96,71.8,70.34,71.4,1229200,64.27
"2008-02-28",71.02,72.12,70.19,71.77,2159600,64.6
"2008-02-29",70.84,71.07,69.6,70.1,1531900,63.1
"2008-03-03",70.05,71.84,69.74,71.25,2337000,64.13
"2008-03-04",70.45,71.73,69.74,71.11,3074600,64
"2008-03-05",71.58,72.64,70.14,70.5,2579100,63.46
"2008-03-06",70.07,70.37,66.7,66.89,2970800,60.21
"2008-03-07",66.23,67.82,64.97,65.47,1924800,58.93
"2008-03-10",65.4,65.4,62.95,63.15,2373100,56.84
"2008-03-11",64.7,65.84,62.91,65.84,2367200,59.26
"2008-03-12",65.86,67.27,64.7,65.91,1284500,59.32
"2008-03-13",65,66.16,61.87,65.91,2288400,59.32
"2008-03-14",66.52,66.88,63.28,65.29,1674300,58.77
"2008-03-17",64.11,65.4,62.22,64.22,1671600,57.8
"2008-03-18",65.58,67.56,65.33,67.29,2247500,60.57
"2008-03-19",68.17,69.71,64.43,64.43,1727900,57.99
"2008-03-20",64.5,66.22,62.28,65.85,2848200,59.27
"2008-03-24",66.02,71.6,65.74,70.43,1967900,63.39
"2008-03-25",69.41,71.14,68.21,68.55,1980100,61.7
"2008-03-26",68.24,68.34,66.47,66.69,1094200,60.03
"2008-03-27",67.37,69.1,66.52,66.91,1230300,60.22
"2008-03-28",67.45,68.03,65.93,66.18,827900,59.57
"2008-03-31",65.58,66.8,65.15,66.4,1474200,59.77
"2008-04-01",67.2,71.46,66.65,71.28,1641200,64.16
"2008-04-02",71.87,71.98,69.2,69.72,1239300,62.75
"2008-04-03",69.38,70.83,68.38,70.26,1186400,63.24
"2008-04-04",70.58,71.27,70.14,70.64,1471600,63.58
"2008-04-07",71.31,71.9,69.86,70.15,1527300,63.14
"2008-04-08",69.86,70.84,69.16,70.42,1197900,63.38
"2008-04-09",70.32,70.73,68.95,69.59,1482900,62.64
"2008-04-10",69.5,70.65,68.89,70.54,977100,63.49
"2008-04-11",69.95,71.22,69.52,70.77,2022500,63.7
"2008-04-14",70.86,70.86,67.81,68.2,2091500,61.39
"2008-04-15",68.7,69.48,67.45,68.99,1080400,62.1
"2008-04-16",69.72,70.7,68.94,70.19,1600300,63.18
"2008-04-17",70.18,72.38,69.8,71.68,2318200,64.52
"2008-04-18",72.75,73.94,71.58,72.28,1526900,65.06
"2008-04-21",72.28,72.78,70.47,71.58,1412400,64.43
"2008-04-22",71.8,71.8,68.38,68.98,2661100,62.09
"2008-04-23",69.24,69.25,66.05,66.63,2685400,59.97
"2008-04-24",67.12,67.8,65.37,66.89,1683700,60.21
"2008-04-25",67.48,67.53,65.14,67.36,1063100,60.63
"2008-04-28",67.66,69.44,66.18,68.64,1791900,61.78
"2008-04-29",68.64,68.99,67.5,68.56,1187500,61.71
"2008-04-30",68.79,70,68.06,68.82,2008000,61.94
"2008-05-01",68.97,68.99,67.22,68.34,2640600,61.51
"2008-05-02",69.21,70.42,68.33,68.75,1887000,61.88
"2008-05-05",68.75,69.9,66.95,67.49,2357700,60.75
"2008-05-06",62.53,67.27,62.5,65.14,5189600,58.63
"2008-05-07",65.14,65.88,64.43,64.76,2392300,58.29
"2008-05-08",65.2,65.31,64,65.15,1589100,58.64
"2008-05-09",64.59,66.44,64.55,66.3,1725600,59.68
"2008-05-12",66.89,70.66,66.8,70.51,2656400,63.46
"2008-05-13",70.46,72.21,68.99,72.15,1708300,64.94
"2008-05-14",72.01,73.77,71.9,72.62,1958600,65.36
"2008-05-15",72.51,75.3,72.22,74.88,1722000,67.4
"2008-05-16",73.39,77.62,72.94,77.47,2530000,69.73
"2008-05-19",77.55,84.73,77.55,82.99,4972000,74.7
"2008-05-20",82.44,82.92,80.16,81.6,2814200,73.45
"2008-05-21",81.27,82.49,77.8,77.99,2579900,70.2
"2008-05-22",77.7,77.88,74.99,75.45,2799200,68.34
"2008-05-23",75.31,75.47,73.24,74.35,2465800,67.34
"2008-05-27",74.27,76.33,74.27,75.97,2298800,68.81
"2008-05-28",76.98,77.09,74.28,76.67,2111400,69.45
"2008-05-29",75.49,76.54,75.09,76.07,1953000,68.9
"2008-05-30",76.35,77.63,75.92,76.93,1998900,69.68
"2008-06-02",76.24,77.83,76.22,77.25,1850100,69.97
"2008-06-03",77.8,77.8,73.24,73.93,2663800,66.96
"2008-06-04",73.23,75.59,73.17,73.38,2282400,66.47
"2008-06-05",73.85,74.76,73.21,74.5,2118600,67.48
"2008-06-06",73.4,74.15,70.85,70.95,2356500,64.26
"2008-06-09",71.01,72.16,70.02,71.35,2176500,64.63
"2008-06-10",70.3,72.85,69.75,72.01,2183500,65.22
"2008-06-11",71.6,71.77,68.5,68.64,3867900,62.17
"2008-06-12",69.1,70.06,68.5,68.82,2683400,62.34
"2008-06-13",69.25,69.98,68.7,69.37,1563600,62.83
"2008-06-16",69.17,70.08,68.6,69.44,972600,62.9
"2008-06-17",69.94,70.21,67.26,67.95,2028500,61.55
"2008-06-18",67.94,67.94,65.82,66.4,1589900,60.14
"2008-06-19",66.5,67.34,64.94,66.14,1695600,59.91
"2008-06-20",65.8,66,63,63.92,2407900,57.9
"2008-06-23",64.32,64.5,63.05,63.38,1569500,57.41
"2008-06-24",63.03,64.51,62.65,62.81,1840000,56.89
"2008-06-25",64.72,64.96,62.83,63.25,1490700,57.29
"2008-06-26",62.66,63.42,60.36,60.5,2233700,54.8
"2008-06-27",60.51,62.66,60.35,60.52,2496600,54.82
"2008-06-30",60.41,60.86,59.26,59.78,2138700,54.15
"2008-07-01",57.73,59.77,57.05,58.14,2029800,52.66
"2008-07-02",57.94,59.66,56.08,56.39,2458700,51.08
"2008-07-03",56.58,57.7,55.42,56.49,913100,51.17
"2008-07-07",55.06,56.79,53.78,54.65,2244200,49.5
"2008-07-08",54.92,56.84,54.07,56.84,2487000,51.48
"2008-07-09",57.37,58.77,55.19,55.46,2042600,50.23
"2008-07-10",55.59,56.13,52.41,52.86,2158000,47.88
"2008-07-11",52.85,52.85,49.39,50.34,2804200,45.6
"2008-07-14",51.47,51.86,49.97,51.15,1966200,46.33
"2008-07-15",50.83,55.78,50.28,54.44,2752300,49.31
"2008-07-16",54.62,60.51,52.52,60,2350600,54.35
"2008-07-17",60.99,65.39,56.59,64.43,3784000,58.36
"2008-07-18",64.43,64.95,61.07,62.93,1750500,57
"2008-07-21",63.31,64.52,60.3,60.83,2163600,55.1
"2008-07-22",60.22,63.89,59.82,63.53,2760000,57.54
"2008-07-23",64,67.22,62.64,65.49,2209600,59.32
"2008-07-24",65.12,65.37,61.54,61.54,1412500,55.74
"2008-07-25",61.72,62.77,59.64,61.64,1579300,55.83
"2008-07-28",62.97,62.97,59.44,59.81,1266400,54.17
"2008-07-29",60.01,63.16,59.91,62.25,1428000,56.38
"2008-07-30",62.43,65.84,62.43,65.5,1297400,59.33
"2008-07-31",65.48,66,63.15,64.19,1231300,58.14
"2008-08-01",65.49,65.61,62.55,64.12,1420400,58.08
"2008-08-04",63.89,65.99,62.74,62.86,1294100,56.94
"2008-08-05",62.72,68.5,62.72,68.5,2376700,62.05
"2008-08-06",64.1,73.5,62.76,68.4,3611500,61.95
"2008-08-07",67.45,69.7,65.77,68.2,2031700,61.77
"2008-08-08",67.54,70,67.54,68.33,1419200,61.89
"2008-08-11",67.79,70.06,67.57,68.81,1490300,62.33
"2008-08-12",69,69.77,67.34,68.62,980000,62.15
"2008-08-13",68.85,69.58,67.01,69.45,1018400,62.91
"2008-08-14",69.44,74.18,69.04,74,2009800,67.03
"2008-08-15",76.2,80.27,72.58,74.7,2910700,67.66
"2008-08-18",74.45,74.67,71.18,72.64,1035800,65.8
"2008-08-19",71.89,72.6,70.22,71.5,1239200,64.76
"2008-08-20",72.24,74.85,70.04,74.4,1273600,67.39
"2008-08-21",74,75.33,73.2,74.6,569300,67.57
"2008-08-22",75.26,76.24,74,74.79,809900,67.74
"2008-08-25",74.03,74.11,70.01,71.1,1514800,64.83
"2008-08-26",71.5,72.45,70.78,71.55,1146800,65.24
"2008-08-27",71.31,74.66,71.31,74.45,1222200,67.88
"2008-08-28",74.56,76.94,74.36,76.78,803600,70
"2008-08-29",76.68,76.75,74.64,74.84,612500,68.24
"2008-09-02",76.31,77.28,74.71,75.36,808000,68.71
"2008-09-03",76.25,81.35,75.45,76.94,1515400,70.15
"2008-09-04",76.9,76.9,73.36,74.52,1161500,67.94
"2008-09-05",72.1,75.59,71.46,75.21,891900,68.57
"2008-09-08",79.13,80,76.27,78,2203100,71.12
"2008-09-09",78.04,79.64,72.95,73.33,1591900,66.86
"2008-09-10",73.48,74.07,70.21,73.14,918800,66.69
"2008-09-11",72.87,74.03,71.35,73.69,1181200,67.19
"2008-09-12",72.71,75.24,71.52,75.16,1250000,68.53
"2008-09-15",71.29,76.93,71.29,73.18,1252600,66.72
"2008-09-16",71.89,73.93,69.12,72.47,2090200,66.07
"2008-09-17",70.15,74.9,68.83,72.98,2625700,66.54
"2008-09-18",73.6,79.9,72.76,79.5,3618000,72.48
"2008-09-19",83,83,75.01,83,3924400,75.67
"2008-09-22",81.45,82.84,74.85,76.17,1114600,69.45
"2008-09-23",75.96,80.48,74.81,80,750400,72.94
"2008-09-24",80.35,81.95,77.26,78.95,1458900,71.98
"2008-09-25",81.62,82.07,77.64,79.85,997200,72.8
"2008-09-26",78.36,79.85,75.47,78.62,1318600,71.68
"2008-09-29",77.33,78,72.21,73.75,1131400,67.24
"2008-09-30",74.04,76.15,71.02,74.5,1051000,67.93
"2008-10-01",73.75,74.07,70.5,71.2,1130100,64.92
"2008-10-02",71,72.46,68.22,69,1413400,62.91
"2008-10-03",69.98,71.41,63.55,64.4,1916500,58.72
"2008-10-06",62.42,62.42,55.52,61.23,2171300,55.83
"2008-10-07",62.12,62.82,59.51,59.83,2683700,54.55
"2008-10-08",57.65,66.12,57.29,61.77,2289200,56.32
"2008-10-09",62.38,65.03,56.08,56.27,1999600,51.3
"2008-10-10",54.91,57.95,52.91,54.5,2072000,49.69
"2008-10-13",58.64,58.84,55.02,56.85,1956500,51.83
"2008-10-14",58.68,59,53.89,55.63,1821000,50.72
"2008-10-15",54.58,56.4,50,51.46,1677800,46.92
"2008-10-16",51.44,52.36,48.5,52.06,1769500,47.47
"2008-10-17",51.28,58.14,51.26,55.7,1999600,50.78
"2008-10-20",54.93,58.41,54.41,56.32,1123700,51.35
"2008-10-21",56.2,56.97,53.16,53.45,701200,48.73
"2008-10-22",52.5,54.91,48.76,50.19,977100,45.76
"2008-10-23",50.27,51.87,46.37,50.65,1346600,46.18
"2008-10-24",47,50,46.33,48.48,1247900,44.2
"2008-10-27",47.69,50.31,44.13,44.27,1741400,40.36
"2008-10-28",45.5,47.51,41.56,47.51,2134000,43.32
"2008-10-29",46.94,50.68,46.04,48.56,3470300,44.27
"2008-10-30",51.83,51.83,47.18,49.85,1659200,45.45
"2008-10-31",50,55.1,48.91,54.28,1583400,49.49
"2008-11-03",54,56.42,53.14,54.92,1075500,50.07
"2008-11-04",57,59.44,55.44,59.01,2076200,53.8
"2008-11-05",58.15,60,55.37,56.3,1881400,51.33
"2008-11-06",52.68,57.07,50.24,54.67,2661800,49.85
"2008-11-07",55.5,57.72,53.63,57.5,1141300,52.43
"2008-11-10",58.89,60,57.29,58.07,1423900,52.95
"2008-11-11",57.31,58.11,52.51,54.15,1552900,49.37
"2008-11-12",52.86,56.64,52.41,53.1,1420300,48.41
"2008-11-13",53.85,57.01,49.66,57.01,1591300,51.98
"2008-11-14",56.34,58,53.15,53.25,993700,48.55
"2008-11-17",52.5,53.25,49.72,50.51,1770800,46.05
"2008-11-18",50.39,51.42,48.84,50.52,2074300,46.06
"2008-11-19",50.68,50.68,45.01,45.18,2238000,41.19
"2008-11-20",45.1,45.52,40.73,41.06,2454700,37.44
"2008-11-21",41.72,43.15,39.52,40.56,3115500,36.98
"2008-11-24",42.09,48.01,41.33,47.45,3194600,43.79
"2008-11-25",48.73,54.3,48.73,54.17,3521200,49.99
"2008-11-26",53,63.97,52.82,61.54,3258200,56.79
"2008-11-28",61.01,62.28,58.61,59.98,711600,55.36
"2008-12-01",58.94,59.4,55.69,56.71,1500500,52.34
"2008-12-02",57.5,62.87,56.13,61.53,1776500,56.79
"2008-12-03",61,65.11,59.38,63.59,1808700,58.69
"2008-12-04",62.66,67.21,62.5,64.22,2046500,59.27
"2008-12-05",63.96,66.98,63.26,66.75,2076500,61.6
"2008-12-08",70,74.9,69.48,74,3281600,68.29
"2008-12-09",73.21,77.95,68.56,69.68,3586800,64.31
"2008-12-10",70.48,72.37,67.62,69.93,1809000,64.54
"2008-12-11",69.89,69.9,62.18,64.42,1863800,59.45
"2008-12-12",62,68,62,67.85,1138500,62.62
"2008-12-15",68.68,69.85,64.8,65.7,1215500,60.63
"2008-12-16",66.25,70.85,65.32,70.85,1389600,65.39
"2008-12-17",70.45,71.51,67.41,67.79,3250200,62.56
"2008-12-18",68.1,70,65.64,66.4,1353400,61.28
"2008-12-19",68.42,68.98,66.59,67.17,2417800,61.99
"2008-12-22",66.55,68.05,66.13,67.4,1217400,62.2
"2008-12-23",68.17,68.89,65.78,66.56,842900,61.43
"2008-12-24",66.83,67.8,65.45,65.83,237100,60.75
"2008-12-26",66.3,67.71,66.3,67.65,280100,62.43
"2008-12-29",67.15,67.89,65.69,67.33,767500,62.14
"2008-12-30",67.52,69.9,67.3,69.48,1132900,64.12
"2008-12-31",67.8,70.3,67.8,69.58,1071900,64.21
"2009-01-02",71.26,71.26,67.21,69.74,1375700,64.36
"2009-01-05",69.39,71.02,69.11,69.95,2119200,64.56
"2009-01-06",70.97,71,66.55,67.07,2029900,61.9
"2009-01-07",66.8,67.05,63.32,64,1603100,59.07
"2009-01-08",63.36,63.36,61,63,1942400,58.14
"2009-01-09",63.01,63.01,60.78,61.19,1343600,56.47
"2009-01-12",61.46,61.64,56.87,57.17,1741500,52.76
"2009-01-13",58.41,58.7,56.93,58.18,1620300,53.69
"2009-01-14",55.99,56.62,55.01,55.8,1481000,51.5
"2009-01-15",55.5,58.36,53.33,56.73,2202500,52.36
"2009-01-16",57.61,60.64,57.09,58.67,2088200,54.15
"2009-01-20",57.14,57.29,52.85,53.83,2263800,49.68
"2009-01-21",54.5,54.98,51.78,53.73,1585100,49.59
"2009-01-22",52.72,53.14,51.02,52.33,1657300,48.3
"2009-01-23",51,53.98,50.58,53.18,1490700,49.08
"2009-01-26",53.55,54.21,50.11,50.58,2552200,46.68
"2009-01-27",51.24,53.14,50.53,52.56,1488100,48.51
"2009-01-28",54.45,56.24,52.81,53.46,1469100,49.34
"2009-01-29",53.01,53.09,50.66,50.86,1805700,46.94
"2009-01-30",51.39,51.94,49.03,49.46,1792200,45.65
"2009-02-02",48.68,49.23,47.55,48.26,1788700,44.54
"2009-02-03",49,51.58,48.67,50.82,1898600,46.9
"2009-02-04",50.82,55.25,50.82,51.44,2036100,47.47
"2009-02-05",50.43,52.69,50.07,51.07,1473100,47.13
"2009-02-06",51.81,52.62,51,51.47,1588500,47.5
"2009-02-09",51.17,51.17,48.53,49.29,1966500,45.49
"2009-02-10",49.2,53.8,46.77,47.34,4105800,43.69
"2009-02-11",46.94,47.33,44,44.94,2291000,41.47
"2009-02-12",45,47.57,43.9,47.47,2494100,43.81
"2009-02-13",47.2,47.5,45.25,45.73,1162900,42.2
"2009-02-17",45.57,45.59,43.93,44.12,2010200,40.72
"2009-02-18",44.89,44.89,41,42.81,2404400,39.51
"2009-02-19",43.2,44,40.38,40.75,1663000,37.61
"2009-02-20",40.14,41.87,39.3,40.45,2833300,37.33
"2009-02-23",40.99,41.81,38.75,39.64,1948200,36.58
"2009-02-24",39.67,42.58,38.9,41.93,1753000,38.7
"2009-02-25",42.69,43.52,40.34,42.29,2318500,39.49
"2009-02-26",42.86,44.9,41.73,43.09,1719600,40.24
"2009-02-27",42.09,43.4,41.19,41.41,2111300,38.67
"2009-03-02",40.51,42.37,40.14,40.63,1735100,37.94
"2009-03-03",41.16,41.6,39.12,39.49,1814900,36.88
"2009-03-04",40.23,40.75,39.09,39.52,1898700,36.9
"2009-03-05",38.46,39.2,36.47,36.97,1630000,34.52
"2009-03-06",37.29,37.65,35.02,35.82,1611000,33.45
"2009-03-09",35.02,36.3,34.3,34.55,1282300,32.26
"2009-03-10",35.18,36.42,34.83,36.35,2688000,33.94
"2009-03-11",36.35,37.5,36.26,36.92,1309400,34.48
"2009-03-12",36.92,37.39,35.92,37.25,3012500,34.78
"2009-03-13",37.62,39.64,37.52,39.62,2098500,37
"2009-03-16",40.05,40.66,39.63,39.87,2349700,37.23
"2009-03-17",39.89,41.16,39.54,41.15,1341100,38.43
"2009-03-18",40.91,40.92,39.88,40.61,2161600,37.92
"2009-03-19",42.09,42.09,39.64,39.77,1632600,37.14
"2009-03-20",39.83,40.22,38.23,38.7,1888600,36.14
"2009-03-23",39.4,40.68,38.73,40.68,1753900,37.99
"2009-03-24",40.41,41.97,40.38,41.14,1353600,38.42
"2009-03-25",41.65,43.95,41.49,43.73,2380000,40.84
"2009-03-26",44.08,46.18,43.83,46.06,2094500,43.01
"2009-03-27",45.5,46.04,43.88,44.39,1393300,41.45
"2009-03-30",43.21,44.45,42.71,44.35,1426800,41.41
"2009-03-31",44.48,45.12,43.95,44.29,1236900,41.36
"2009-04-01",43.56,46.4,43.08,45.96,1069800,42.92
"2009-04-02",47.02,48.9,47.01,47.41,1880600,44.27
"2009-04-03",47.56,48.35,46.68,48.3,845700,45.1
"2009-04-06",47,47.76,45,46.51,1284600,43.43
"2009-04-07",45.64,45.79,43.3,43.67,842000,40.78
"2009-04-08",44.32,44.54,43.34,44.01,760000,41.1
"2009-04-09",46.5,47.2,45.03,47.06,1378200,43.94
"2009-04-13",46.49,47.78,45.31,47.33,1300500,44.2
"2009-04-14",46.98,47.75,46.55,46.98,1354200,43.87
"2009-04-15",46.82,48.69,46.56,48.65,1070000,45.43
"2009-04-16",49.08,53.94,48.44,52.63,3195400,49.15
"2009-04-17",52.68,53.94,51.97,52.33,1413600,48.87
"2009-04-20",51.26,51.47,48.6,48.94,989100,45.7
"2009-04-21",48.48,49.72,47.89,49.11,921900,45.86
"2009-04-22",48.82,50.87,48.41,49.23,1424000,45.97
"2009-04-23",49.37,49.8,47.82,49.66,889100,46.37
"2009-04-24",49.67,51.94,49.67,51.49,1191000,48.08
"2009-04-27",51.22,51.99,50,50.48,1152800,47.14
"2009-04-28",49.74,51.36,49.41,50.69,722600,47.33
"2009-04-29",51.2,51.82,49.62,50.19,1035200,46.87
"2009-04-30",50,50.46,47.5,47.55,1528100,44.4
"2009-05-01",47.5,47.5,45.2,45.26,1813000,42.26
"2009-05-04",46.42,50.9,45.3,50.5,3517500,47.16
"2009-05-05",47.99,52.47,47.1,48.32,3094600,45.12
"2009-05-06",49.37,49.87,47.82,49.75,1951600,46.46
"2009-05-07",50.19,51.98,46.86,47.22,1378700,44.09
"2009-05-08",47.71,48.46,46.15,47.65,1224100,44.5
"2009-05-11",47.09,48.05,45.83,46.53,1255100,43.45
"2009-05-12",46.89,47.67,45.32,46.01,869500,42.96
"2009-05-13",45.52,45.59,42.32,42.38,1991800,39.57
"2009-05-14",42.76,43.58,41.21,41.48,1815000,38.73
"2009-05-15",42,43.19,41.09,41.38,1648800,38.64
"2009-05-18",41.93,43.47,41.55,43.46,1380800,40.58
"2009-05-19",43.61,44.06,42.91,43.03,1456200,40.18
"2009-05-20",43.92,44.45,42.03,42.36,1537000,39.56
"2009-05-21",41.07,41.54,39.65,40.53,1691100,38.29
"2009-05-22",40.86,41.17,39.77,40.26,1123800,38.04
"2009-05-26",39.91,42.66,39.91,41.93,1295900,39.61
"2009-05-27",41.84,42.96,40.75,40.82,1397300,38.56
"2009-05-28",41.62,42.19,40.25,42.01,1746500,39.69
"2009-05-29",43.31,44.41,43.24,44.29,1788200,41.84
"2009-06-01",45.43,48.08,45.02,47.78,1746600,45.14
"2009-06-02",48.33,49.67,47.26,48.29,1736500,45.62
"2009-06-03",47.91,48.08,45.4,46.26,1376900,43.7
"2009-06-04",46.48,46.92,45,46.26,1116000,43.7
"2009-06-05",47.18,47.99,45.76,46.09,1279600,43.54
"2009-06-08",45.94,46.22,44.05,44.66,1190000,42.19
"2009-06-09",44.93,45.47,44.01,44.62,1174400,42.15
"2009-06-10",45.12,45.2,43.14,43.97,1040600,41.54
"2009-06-11",41.07,43.32,41.01,42.7,5160100,40.34
"2009-06-12",42.93,47.21,42.93,47.2,13891000,44.59
"2009-06-15",46.87,46.87,45.05,46,3619900,43.46
"2009-06-16",46.39,46.6,44.99,45.3,2655200,42.8
"2009-06-17",45.17,45.35,43.92,44.18,2661300,41.74
"2009-06-18",44.24,44.71,43.26,43.51,1233200,41.11
"2009-06-19",43.96,44.16,42.82,43.57,2116100,41.16
"2009-06-22",43.55,44.62,42.79,42.98,2155200,40.6
"2009-06-23",43.16,43.86,42.94,43.36,1243700,40.96
"2009-06-24",43.72,45.3,43.3,43.67,1330300,41.26
"2009-06-25",43.53,45.24,43.29,45.03,1537500,42.54
"2009-06-26",44.97,45.01,44.04,44.49,1133900,42.03
"2009-06-29",45.03,45.29,43.08,43.35,1848200,40.95
"2009-06-30",43.43,44,42.99,43.1,1929600,40.72
"2009-07-01",43.65,43.72,42.71,42.83,1282600,40.46
"2009-07-02",42.26,43.11,41.79,43.08,1504600,40.7
"2009-07-06",42.34,43.76,41.92,43.76,1872800,41.34
"2009-07-07",43.71,43.71,40.97,41,2446800,38.73
"2009-07-08",41.35,42.13,41,41.8,2199400,39.49
"2009-07-09",42.13,43.17,41.65,42.69,1477700,40.33
"2009-07-10",42.29,42.65,39.65,40.6,3034300,38.36
"2009-07-13",41,41.41,39.14,41.35,2158100,39.06
"2009-07-14",40.82,41.54,40.17,41.09,2901300,38.82
"2009-07-15",41.75,42.51,41.47,42.12,1367100,39.79
"2009-07-16",42.12,42.89,41.81,42.23,1332000,39.9
"2009-07-17",42.2,42.51,41.57,42.18,1723500,39.85
"2009-07-20",42.47,43.37,42.26,43.25,1309800,40.86
"2009-07-21",43.86,44.42,41.94,42.53,1876000,40.18
"2009-07-22",42.26,45.06,42.26,44.55,1829600,42.09
"2009-07-23",44.72,47.04,44.36,46.77,1965600,44.19
"2009-07-24",46.55,47.9,46.54,47.5,1127400,44.87
"2009-07-27",47.52,47.86,46.83,47.54,911400,44.91
"2009-07-28",47.29,48.68,46.85,48.41,1125900,45.73
"2009-07-29",48.23,48.23,45.91,46.31,1241400,43.75
"2009-07-30",46.54,47.72,46.54,47.4,1203000,44.78
"2009-07-31",47.42,48.15,47.23,47.48,974700,44.86
"2009-08-03",47.74,48.74,47.45,47.8,1521600,45.16
"2009-08-04",46.12,50.2,45.01,49.57,3559400,46.83
"2009-08-05",48.44,49.87,48.14,49.63,1942900,46.89
"2009-08-06",49.58,49.63,48.26,48.73,832300,46.04
"2009-08-07",49.28,51.23,48.97,50.4,1075300,47.61
"2009-08-10",49.9,50.32,48.32,49.26,1218800,46.54
"2009-08-11",48.93,49,47.56,48.29,706300,45.62
"2009-08-12",48.18,49.73,47.95,49.15,1116100,46.43
"2009-08-13",49.44,49.44,48.55,49.24,719500,46.52
"2009-08-14",49.13,49.24,47.61,48.04,744400,45.39
"2009-08-17",47.15,47.49,45.75,46.11,809600,43.56
"2009-08-18",46.36,47.35,46.04,47.14,730000,44.53
"2009-08-19",46.71,48.32,46.38,48.03,882500,45.38
"2009-08-20",48.38,48.85,47.99,48.24,639000,45.57
"2009-08-21",48.87,49.97,48.57,49.71,795200,46.96
"2009-08-24",49.76,50.3,48.21,48.61,767400,46.16
"2009-08-25",48.88,50.25,48.74,49.01,844600,46.54
"2009-08-26",48.9,49.75,48.28,49.16,852200,46.68
"2009-08-27",49.17,50,48.07,49.56,912400,47.06
"2009-08-28",50.1,51.11,49.34,50.97,1518200,48.4
"2009-08-31",50.29,50.92,49.58,50.04,2270700,47.51
"2009-09-01",50,51.59,48.87,49.01,1370000,46.54
"2009-09-02",50.46,50.48,48.14,48.37,1333800,45.93
"2009-09-03",48.77,48.97,47.44,48.56,908900,46.11
"2009-09-04",48.5,49.22,47.84,49.21,727900,46.73
"2009-09-08",49.8,51.7,49.6,51.24,1261500,48.65
"2009-09-09",51.35,52.45,50.72,52.24,1360000,49.6
"2009-09-10",52.34,53.11,51.32,53.01,1187400,50.33
"2009-09-11",52.91,55.49,52.5,55.17,2000700,52.38
"2009-09-14",54.85,55,54.03,54.78,1034300,52.01
"2009-09-15",54.72,56.49,54.52,56.34,1218900,53.5
"2009-09-16",56.56,60.66,56.03,60.65,3969700,57.59
"2009-09-17",60.43,62,59.71,59.9,2804400,56.88
"2009-09-18",60.09,60.75,57.24,57.42,2598300,54.52
"2009-09-21",56.93,57.17,55.63,56.73,1246600,53.87
"2009-09-22",55.48,56.83,54.76,56.69,1384400,53.83
"2009-09-23",56.89,57.49,55.47,55.54,1183100,52.74
"2009-09-24",55.81,56.45,53.43,53.9,1210400,51.18
"2009-09-25",53.64,54.52,52.75,53.03,874800,50.35
"2009-09-28",53.5,54.96,52.93,54.6,749600,51.84
"2009-09-29",54.63,55.39,54.11,54.63,790600,51.87
"2009-09-30",54.97,55.01,53.3,54.07,1259200,51.34
"2009-10-01",53.75,54.15,50.42,50.45,2029100,47.9
"2009-10-02",49.88,50.9,49.33,50.06,1501000,47.53
"2009-10-05",50.62,51,49.8,50.44,891000,47.89
"2009-10-06",51.08,52.27,51.03,51.88,1020600,49.26
"2009-10-07",51.72,52.06,50.77,51.23,545000,48.64
"2009-10-08",51.78,52.94,51.56,52.54,991000,49.89
"2009-10-09",52.63,52.64,51.37,51.81,718600,49.19
"2009-10-12",52.34,52.49,51.36,51.75,478800,49.14
"2009-10-13",51.5,51.99,50.95,51.55,627000,48.95
"2009-10-14",52.46,52.46,50.78,51.36,967500,48.77
"2009-10-15",50.95,53.8,50.95,53.5,1697300,50.8
"2009-10-16",53.28,53.47,51.66,52.48,753700,49.83
"2009-10-19",52.52,53.36,51.69,53.19,1407700,50.5
"2009-10-20",53.27,53.98,52.63,53.7,1094300,50.99
"2009-10-21",53.69,54.37,52.22,52.31,985400,49.67
"2009-10-22",52.42,53.06,51.46,52.47,1009600,49.82
"2009-10-23",52.78,53.3,50.33,50.73,1230500,48.17
"2009-10-26",50.8,51.86,49.13,49.22,1259900,46.73
"2009-10-27",49.06,49.65,47.52,48.33,1735100,45.89
"2009-10-28",48.29,48.35,46.45,46.65,1016600,44.29
"2009-10-29",47.15,48.15,46.97,47.8,1022200,45.39
"2009-10-30",47.72,47.72,44.83,46.03,1751000,43.71
"2009-11-02",46.27,47.76,45.5,47.12,1937200,44.74
"2009-11-03",45.98,46.76,44.7,45.06,2418400,42.78
"2009-11-04",45.91,47.23,45.39,45.65,2064400,43.35
"2009-11-05",45.97,47.03,45.97,47,1529300,44.63
"2009-11-06",46.68,48.22,46.36,47.96,1690900,45.54
"2009-11-09",48.57,49.16,48.45,48.73,1076800,46.27
"2009-11-10",48.53,48.85,47.38,48.23,1100500,45.79
"2009-11-11",48.74,49.83,48.52,48.65,823700,46.19
"2009-11-12",48.63,49.03,47.45,47.66,734100,45.25
"2009-11-13",47.81,48.52,47.17,48.29,1040800,45.85
"2009-11-16",48.74,50.91,48.7,50.19,1256900,47.66
"2009-11-17",49.96,50.75,49.55,50.42,1196100,47.87
"2009-11-18",50.32,51.06,50.03,50.24,2142400,47.7
"2009-11-19",50,50.17,48.59,49.5,1619500,47
"2009-11-20",50.7,50.7,49.18,49.77,1392000,47.26
"2009-11-23",50.23,51.31,50.23,50.51,1383700,48.2
"2009-11-24",50.54,50.59,49.54,49.9,960300,47.62
"2009-11-25",49.99,50.39,49.7,50.03,840200,47.74
"2009-11-27",47.96,49.35,47.26,48.69,549500,46.47
"2009-11-30",48.6,48.91,47.72,48.48,1362700,46.26
"2009-12-01",48.58,49.19,48.29,48.58,788400,46.36
"2009-12-02",48.71,49.83,48.6,49.43,1123500,47.17
"2009-12-03",49.69,49.77,48.42,48.5,582000,46.28
"2009-12-04",49.45,50.31,48,49.03,1036100,46.79
"2009-12-07",48.34,49.35,48.16,48.52,984600,46.3
"2009-12-08",48.25,49.33,47.35,48.04,874200,45.84
"2009-12-09",48.28,48.68,47.19,47.69,1218300,45.51
"2009-12-10",47.89,48.14,47.4,47.6,899200,45.42
"2009-12-11",47.89,47.89,46.98,47.88,919500,45.69
"2009-12-14",48.13,48.69,47.84,48.5,870500,46.28
"2009-12-15",48.23,48.75,47.93,48.13,580400,45.93
"2009-12-16",48.36,49.25,48.33,48.87,791600,46.64
"2009-12-17",48.76,49.22,48.01,48.83,660400,46.6
"2009-12-18",49,49.78,48.8,49.78,1409500,47.51
"2009-12-21",49.68,51.63,49.68,51.24,1605800,48.9
"2009-12-22",51.3,53.02,51.3,52.89,1024200,50.47
"2009-12-23",53,53.5,52.77,52.77,1088000,50.36
"2009-12-24",53.26,53.67,52.94,53.53,354500,51.08
"2009-12-28",53.51,53.63,52.92,53.27,476800,50.84
"2009-12-29",53.23,53.77,53.22,53.55,394800,51.1
"2009-12-30",53.25,53.89,53.01,53.57,653500,51.12
"2009-12-31",53.61,53.72,52.67,52.67,547000,50.26
"2010-01-04",53.41,53.41,52.17,52.73,1128000,50.32
"2010-01-05",52.85,52.93,52,52.93,830300,50.51
"2010-01-06",52.99,54.36,52.99,53.85,1082900,51.39
"2010-01-07",54.04,54.04,52.69,53.17,1126900,50.74
"2010-01-08",53.11,53.35,52.29,52.65,702000,50.24
"2010-01-11",53.09,53.12,51.7,52.18,973600,49.8
"2010-01-12",51.71,52.42,51.59,52.08,894800,49.7
"2010-01-13",52.17,52.81,51.61,52.79,680100,50.38
"2010-01-14",52.67,52.87,52.07,52.65,482600,50.24
"2010-01-15",52.67,52.81,51,51.16,1117100,48.82
"2010-01-19",51.15,51.89,50.7,51.78,718500,49.41
"2010-01-20",51.25,51.26,50.49,50.96,724400,48.63
"2010-01-21",50.96,50.96,48.41,48.44,1477100,46.23
"2010-01-22",48.02,48.71,46.96,47.06,1644600,44.91
"2010-01-25",47.62,47.7,46.25,46.77,1594600,44.63
"2010-01-26",46.5,47.53,46.08,46.94,1020500,44.8
"2010-01-27",46.59,46.59,45.15,46.22,1506100,44.11
"2010-01-28",46.45,46.45,44.7,45.17,995700,43.11
"2010-01-29",45.39,45.88,44.03,44.19,1654800,42.17
"2010-02-01",44.54,44.95,44.11,44.95,858500,42.9
"2010-02-02",45.27,46.04,44.9,45.84,931200,43.75
"2010-02-03",45.76,46.05,44.84,45.12,812400,43.06
"2010-02-04",44.58,44.89,42.98,43.3,1976200,41.32
"2010-02-05",43.29,43.81,42.59,43.66,1577200,41.66
"2010-02-08",43.74,44.28,43.25,43.5,1544500,41.51
"2010-02-09",42.98,43.3,41.8,42.63,3844900,40.68
"2010-02-10",43.69,43.71,41.9,42.83,2004300,40.87
"2010-02-11",42.8,43.07,42.16,43.05,1215500,41.08
"2010-02-12",42.29,42.99,41.99,42.94,1457400,40.98
"2010-02-16",43.21,44.62,43.02,44.48,1312600,42.45
"2010-02-17",44.64,45,43.97,44.35,1008500,42.32
"2010-02-18",44.17,44.6,43.93,44.45,620600,42.42
"2010-02-19",44.22,45.61,44.04,45.5,1372600,43.42
"2010-02-22",45.71,46.42,45.38,45.82,1215900,43.73
"2010-02-23",45.9,46.06,44.81,45.18,1340500,43.12
"2010-02-24",45.12,45.21,44.32,44.88,697600,43.07
"2010-02-25",44.36,44.59,43.72,44.55,757400,42.75
"2010-02-26",44.57,44.68,43.21,43.41,1617500,41.66
"2010-03-01",43.59,43.59,42.52,43.01,1574300,41.27
"2010-03-02",43.2,43.54,42.63,42.68,1302700,40.96
"2010-03-03",42.85,44.04,42.74,43.89,1242700,42.12
"2010-03-04",43.88,44.35,43.34,43.77,1286500,42
"2010-03-05",44.21,45.14,44.15,45.09,867300,43.27
"2010-03-08",45.12,46.01,44.89,45.95,984100,44.09
"2010-03-09",45.81,46.12,45.19,45.69,1400200,43.84
"2010-03-10",45.75,46.06,45.25,45.41,948900,43.58
"2010-03-11",45.05,45.65,44.72,45.64,685700,43.8
"2010-03-12",45.93,46,45.07,45.26,935200,43.43
"2010-03-15",45.21,45.59,44.9,45.48,835800,43.64
"2010-03-16",45.69,46.62,45.3,46.49,2481200,44.61
"2010-03-17",46.84,50.4,46.75,49.65,4235700,47.64
"2010-03-18",49.65,49.65,47.55,48.39,1943300,46.44
"2010-03-19",48.41,48.85,47.85,48.57,1772000,46.61
"2010-03-22",48.01,50.3,47.94,49.55,2105600,47.55
"2010-03-23",49.7,50.28,49.13,50.18,1488800,48.15
"2010-03-24",49.9,50.73,49.68,49.73,1451600,47.72
"2010-03-25",50.13,50.41,48.14,48.26,2447100,46.31
"2010-03-26",48.36,48.8,47.13,47.78,1451200,45.85
"2010-03-29",47.97,48.43,47.87,48.22,819500,46.27
"2010-03-30",48.3,48.58,47.28,47.68,866100,45.75
"2010-03-31",47.61,47.94,47.05,47.24,723000,45.33
"2010-04-01",47.46,49.27,47.46,49.09,1512100,47.11
"2010-04-05",49.12,49.95,48.91,49.42,843600,47.42
"2010-04-06",49.1,49.46,48.5,48.87,1071300,46.9
"2010-04-07",48.65,48.94,47.62,47.93,1324000,45.99
"2010-04-08",47.89,48.32,47.2,48.08,941300,46.14
"2010-04-09",48.11,48.85,47.76,48.42,879100,46.46
"2010-04-12",48.29,49.4,48.25,49.28,1140200,47.29
"2010-04-13",49.33,50.05,49.31,49.77,1405600,47.76
"2010-04-14",49.94,51.57,49.81,51.45,1915200,49.37
"2010-04-15",51.28,54.12,50.98,53.28,2851600,51.13
"2010-04-16",53.26,54.99,51.69,52.9,1903400,50.76
"2010-04-19",52.35,52.94,51.81,52.91,1018600,50.77
"2010-04-20",53.19,54.12,52.83,53.84,1045800,51.67
"2010-04-21",54.02,54.87,53.67,54.43,1367900,52.23
"2010-04-22",53.99,56,53.25,55.95,1305800,53.69
"2010-04-23",55.76,57.3,55.05,57.27,1859300,54.96
"2010-04-26",57.57,58.77,57.19,57.84,1983000,55.5
"2010-04-27",57.61,57.68,55,55.36,1995700,53.12
"2010-04-28",55.6,56.38,54.92,56.06,1546700,53.8
"2010-04-29",56.41,58.61,56.23,58.24,1750400,55.89
"2010-04-30",58.34,59.33,57,57.28,1951500,54.97
"2010-05-03",56.2,59.9,55.69,58.89,3965600,56.51
"2010-05-04",57.04,57.11,54.75,55.5,3237300,53.26
"2010-05-05",54.7,55.73,52.93,54.02,2114400,51.84
"2010-05-06",53.75,55.05,48.72,51.75,2158300,49.66
"2010-05-07",51.65,52.53,49.75,51.08,2271600,49.02
"2010-05-10",51.96,55.31,51.39,55.05,2137400,52.83
"2010-05-11",54.22,55.76,53.53,54.51,2070700,52.31
"2010-05-12",54.81,55.48,54.07,54.71,2644300,52.5
"2010-05-13",54.43,54.81,53.73,53.88,849000,51.7
"2010-05-14",53.27,53.51,52.28,52.88,1035400,50.74
"2010-05-17",53.06,53.76,51.68,53.29,1095200,51.14
"2010-05-18",53.86,54.43,52.25,52.44,1521000,50.32
"2010-05-19",52.14,52.82,50.96,51.94,1640200,49.84
"2010-05-20",50.34,50.55,48.76,48.89,1869500,46.92
"2010-05-21",47.65,50.05,47.65,49.75,1755100,47.74
"2010-05-24",49.38,50.08,49.17,49.27,1017900,47.28
"2010-05-25",47.96,49.35,47.42,49.35,1470000,47.36
"2010-05-26",49.97,51.07,49.48,49.9,1530700,48.13
"2010-05-27",51.36,52,50.55,51.95,1108200,50.11
"2010-05-28",52,52,50.41,50.48,1220200,48.69
"2010-06-01",49.69,51.18,49.66,49.79,1230100,48.02
"2010-06-02",50.21,51.07,49.59,51.04,1497600,49.23
"2010-06-03",51.28,51.62,50.35,51.43,1151600,49.6
"2010-06-04",50.06,50.25,47.8,47.95,1756000,46.25
"2010-06-07",48.31,48.31,45.85,45.86,2996400,44.23
"2010-06-08",46.07,46.69,45.37,46.13,2737600,44.49
"2010-06-09",46.48,46.94,45.16,45.39,1970900,43.78
"2010-06-10",46.68,47.29,46.29,46.77,1522000,45.11
"2010-06-11",46.32,47.1,46.14,47.01,1037500,45.34
"2010-06-14",47.43,47.98,46.77,46.9,992500,45.24
"2010-06-15",47.42,47.94,46.98,47.84,2475600,46.14
"2010-06-16",47.31,48.22,47.01,47.74,1794600,46.05
"2010-06-17",47.9,47.99,46.47,47.32,864200,45.64
"2010-06-18",47.38,47.62,47.06,47.53,1255700,45.84
"2010-06-21",49.17,49.71,48.33,48.72,1954400,46.99
"2010-06-22",48.68,48.97,46.7,46.84,1392200,45.18
"2010-06-23",46.86,47.54,45.9,47.01,987000,45.34
"2010-06-24",46.59,47.44,45.98,46.12,1433500,44.48
"2010-06-25",46.69,46.78,45.4,46.07,1245300,44.43
"2010-06-28",46.05,46.35,45.59,45.77,843400,44.15
"2010-06-29",44.94,44.96,43.6,44.24,1747600,42.67
"2010-06-30",44.23,44.71,43.73,43.83,1019000,42.27
"2010-07-01",43.86,44,42.55,43.66,1893400,42.11
"2010-07-02",43.98,44.42,43.18,43.38,923200,41.84
"2010-07-06",44.31,44.74,43.78,44.31,1423500,42.74
"2010-07-07",44.19,44.21,43.33,43.74,2220900,42.19
"2010-07-08",44.18,44.33,43.26,43.89,1403100,42.33
"2010-07-09",43.87,44.51,43.79,44.47,722500,42.89
"2010-07-12",44.45,44.5,43.42,43.89,665200,42.33
"2010-07-13",44.47,45.47,44.41,45.24,816600,43.63
"2010-07-14",44.97,45.08,44.21,45.07,824500,43.47
"2010-07-15",45,45.06,43.65,44.47,1021700,42.89
"2010-07-16",44.09,44.16,42.97,43.24,1492900,41.7
"2010-07-19",43.43,43.58,42.56,43.2,1564800,41.67
"2010-07-20",42.8,44.81,42.65,44.8,1082400,43.21
"2010-07-21",45.44,45.44,43.86,44.15,903800,42.58
"2010-07-22",44.8,45.67,44.8,45.17,896300,43.57
"2010-07-23",44.87,46.29,44.87,46.21,682200,44.57
"2010-07-26",46.09,47.42,46.09,47.38,709400,45.7
"2010-07-27",48.04,48.04,46.7,46.89,966200,45.23
"2010-07-28",46.75,46.8,45.83,46,850700,44.37
"2010-07-29",46.02,46.17,44.56,45.02,1055100,43.42
"2010-07-30",44.52,45.55,44.15,45.24,1010300,43.63
"2010-08-02",45.78,47.23,45.78,46.85,1147300,45.19
"2010-08-03",44.07,44.94,42.4,42.56,4253400,41.05
"2010-08-04",42.79,43.25,40.87,42.26,2777500,40.76
"2010-08-05",41.45,41.97,41.32,41.6,2001700,40.12
"2010-08-06",41.25,41.72,41.01,41.62,1508800,40.14
"2010-08-09",41.92,41.92,41.33,41.6,1088600,40.12
"2010-08-10",41.25,41.28,40.19,40.6,1812100,39.16
"2010-08-11",40.02,40.26,39.7,39.74,1631500,38.33
"2010-08-12",39.31,39.37,38.43,38.69,1993600,37.32
"2010-08-13",38.6,38.89,38.32,38.32,1510800,36.96
"2010-08-16",38.05,38.3,37.68,38.25,1669000,36.89
"2010-08-17",38.73,39.08,38.26,38.61,2656200,37.24
"2010-08-18",38.57,39.56,38.31,39.2,1440300,37.81
"2010-08-19",38.83,38.83,38,38.47,1799900,37.1
"2010-08-20",38.02,38.91,38.02,38.9,1653600,37.52
"2010-08-23",39.03,39.25,38.22,38.31,1335700,36.95
"2010-08-24",37.38,37.39,36.42,37,4303600,35.92
"2010-08-25",36.69,37.73,36.36,37.6,2097900,36.5
"2010-08-26",37.75,38.13,37.36,37.7,1380900,36.6
"2010-08-27",38.01,38.51,37.39,38.48,1792100,37.36
"2010-08-30",38.27,38.3,37.41,37.45,1595900,36.36
"2010-08-31",37.11,37.48,36.65,36.76,1742500,35.69
"2010-09-01",37.25,37.73,37.19,37.66,1564800,36.56
"2010-09-02",37.76,38.7,37.51,38.39,1338600,37.27
"2010-09-03",38.65,39.37,38.3,38.55,1757500,37.43
"2010-09-07",38.76,39.75,38.26,38.26,2855500,37.14
"2010-09-08",38.26,38.47,37.76,38.25,1662700,37.13
"2010-09-09",38.84,38.87,37.72,38.11,975100,37
"2010-09-10",38.23,38.7,37.99,38.46,1151500,37.34
"2010-09-13",38.82,39,38,38.48,1451200,37.36
"2010-09-14",38.36,38.64,37.69,37.87,853600,36.77
"2010-09-15",37.74,37.95,37.52,37.82,798200,36.72
"2010-09-16",37.73,37.9,37,37.16,1707600,36.08
"2010-09-17",36.88,37.06,36.55,36.63,2008700,35.56
"2010-09-20",36.62,36.86,36.5,36.63,2120300,35.56
"2010-09-21",37.13,38.24,37.13,37.78,3795900,36.68
"2010-09-22",37.84,37.89,36.59,36.8,1895500,35.73
"2010-09-23",36.5,36.63,35.67,35.7,1471200,34.66
"2010-09-24",36.11,36.55,35.92,36.46,2809600,35.4
"2010-09-27",36.65,36.65,36.03,36.21,954000,35.15
"2010-09-28",36.31,36.83,35.61,36.74,1730500,35.67
"2010-09-29",36.57,36.98,36.37,36.98,1643200,35.9
"2010-09-30",37.28,37.59,36.66,36.92,1918900,35.84
"2010-10-01",37.28,37.89,37.16,37.5,2140800,36.41
"2010-10-04",37.5,37.5,36.82,36.89,1442200,35.81
"2010-10-05",37.34,37.84,36.95,37.63,1152100,36.53
"2010-10-06",37.53,38.17,37.34,37.99,1356700,36.88
"2010-10-07",38.21,38.21,36.97,37.1,1326600,36.02
"2010-10-08",37.1,37.28,36.45,36.79,2541300,35.72
"2010-10-11",36.78,36.85,36.31,36.51,1358100,35.45
"2010-10-12",36.33,36.35,35.87,36.01,1653400,34.96
"2010-10-13",36.29,36.59,36.02,36.51,1387600,35.45
"2010-10-14",36.54,36.65,36.18,36.43,1484500,35.37
"2010-10-15",36.74,36.82,36.11,36.53,1278100,35.46
"2010-10-18",36.53,36.53,36.18,36.51,851800,35.45
"2010-10-19",35.84,36.19,35.4,35.89,2367700,34.84
"2010-10-20",35.93,36.35,35.72,36.19,1322500,35.13
"2010-10-21",36.33,37.11,36.09,36.37,1953200,35.31
"2010-10-22",36.47,36.71,36.2,36.7,881000,35.63
"2010-10-25",37.01,37.47,36.74,36.94,1036200,35.86
"2010-10-26",36.7,37,36.52,36.75,863200,35.68
"2010-10-27",36.34,36.44,35.8,36.23,1101900,35.17
"2010-10-28",36.55,36.6,35.96,36.26,911900,35.2
"2010-10-29",36.24,36.63,35.85,36.51,987100,35.45
"2010-11-01",36.67,36.86,35.94,36.2,2042200,35.14
"2010-11-02",35.65,39.7,35.65,39.29,5084300,38.41
"2010-11-03",39.47,39.67,38.08,38.88,2015300,38.01
"2010-11-04",39.34,41.35,39.26,41.34,2723600,40.41
"2010-11-05",41.36,43.49,41.18,42.39,3053100,41.44
"2010-11-08",42.26,43.5,42.1,43.43,2016300,42.46
"2010-11-09",43.48,43.48,41.87,42.12,1320200,41.18
"2010-11-10",42.1,42.22,40.82,41.81,1488400,40.87
"2010-11-11",41.31,41.8,41.01,41.63,1149500,40.7
"2010-11-12",41.2,41.81,40.54,40.66,1271500,39.75
"2010-11-15",40.81,40.95,39.56,39.61,1184000,38.72
"2010-11-16",39.45,39.82,38.71,39.15,1323200,38.27
"2010-11-17",39.08,39.35,38.67,38.94,719800,38.07
"2010-11-18",39.54,40.21,39.31,39.62,806100,38.73
"2010-11-19",39.63,39.71,39.17,39.55,841200,38.66
"2010-11-22",39.32,40.03,39,40,843600,39.1
"2010-11-23",39.37,39.62,39.05,39.2,677800,38.32
"2010-11-24",39.58,40,39.48,39.9,542600,39.01
"2010-11-26",39.68,39.68,38.7,38.76,513200,37.89
"2010-11-29",38.49,39.62,38.49,39.46,889900,38.58
"2010-11-30",39.05,40.46,38.8,40.12,1459100,39.22
"2010-12-01",40.95,42.31,40.63,41.94,1262000,41
"2010-12-02",42,42.69,41.64,42.35,1546800,41.4
"2010-12-03",42.06,42.3,41.72,42,1909700,41.06
"2010-12-06",41.95,42.06,41.45,41.67,910100,40.74
"2010-12-07",42.47,42.7,42.13,42.28,2103500,41.33
"2010-12-08",42.41,42.63,41.67,42.29,611100,41.34
"2010-12-09",42.43,42.58,41.88,42.52,943800,41.57
"2010-12-10",42.5,43.48,42.5,43.28,968400,42.31
"2010-12-13",43.44,45.07,43.4,44.78,1560600,43.78
"2010-12-14",44.89,47.57,44.82,47.37,3244400,46.31
"2010-12-15",47.28,48.26,46.16,46.39,2328300,45.35
"2010-12-16",46.42,47.34,46.18,47.33,986700,46.27
"2010-12-17",47.1,47.33,45.99,46.06,2131100,45.03
"2010-12-20",46.09,46.47,45.28,45.5,1541900,44.48
"2010-12-21",45.55,45.9,45.38,45.51,1217000,44.49
"2010-12-22",45.64,45.71,45.03,45.22,1164200,44.21
"2010-12-23",45.09,45.57,44.69,44.82,1034500,43.82
"2010-12-27",44.71,44.8,44.12,44.43,823800,43.43
"2010-12-28",44.64,44.64,44.08,44.33,634900,43.34
"2010-12-29",44.49,45.33,44.45,45.17,938100,44.16
"2010-12-30",45.02,45.15,44.71,44.83,867300,43.83
"2010-12-31",44.7,44.91,44.19,44.36,866900,43.37
"2011-01-03",44.91,45.22,44.36,44.46,1527200,43.46
"2011-01-04",43.41,43.64,41.78,42.14,2475200,41.2
"2011-01-05",41.72,42.12,40.52,41.26,3242200,40.34
"2011-01-06",41.23,41.37,40.29,40.49,1942300,39.58
"2011-01-07",40.5,40.99,39.95,40.5,1498600,39.59
"2011-01-10",40.33,40.85,39.77,40.37,1508600,39.47
"2011-01-11",40.64,40.97,40.28,40.5,1063800,39.59
"2011-01-12",40.86,41.73,40.55,40.71,1290000,39.8
"2011-01-13",40.77,41.24,40.37,40.51,1099200,39.6
"2011-01-14",40.22,41.09,40.06,41.06,1003800,40.14
"2011-01-18",41.04,41.25,40.38,40.6,967500,39.69
"2011-01-19",40.72,40.92,40.19,40.37,1084300,39.47
"2011-01-20",40.23,41.08,40.05,40.65,1024100,39.74
"2011-01-21",40.93,41.22,40.29,40.51,1199900,39.6
"2011-01-24",40.43,42.73,40.43,42.02,1312400,41.08
"2011-01-25",41.96,42.42,41.58,42.23,1513800,41.28
"2011-01-26",42.3,43.14,41.86,43.04,1545100,42.08
"2011-01-27",43.09,43.25,42.54,43.16,1025700,42.19
"2011-01-28",43.25,43.5,41.47,41.72,1524900,40.78
"2011-01-31",41.95,42.75,41.54,42.56,1081000,41.61
"2011-02-01",43.09,43.82,42.81,43.12,1523100,42.15
"2011-02-02",42.99,43.32,42.49,42.85,1329400,41.89
"2011-02-03",41.64,45.11,39.94,43.37,5535700,42.4
"2011-02-04",43.59,43.83,42.43,42.95,1604100,41.99
"2011-02-07",43.01,44.64,43.01,44.61,1514400,43.61
"2011-02-08",44.78,45.75,44.36,44.76,1516100,43.76
"2011-02-09",44.52,44.66,43.9,44.08,847100,43.09
"2011-02-10",43.93,44.58,43.81,44.1,737500,43.11
"2011-02-11",43.85,44.55,43.62,44.47,1113200,43.47
"2011-02-14",44.49,44.67,44.21,44.46,1092100,43.46
"2011-02-15",44.34,44.59,43.73,43.76,702500,42.78
"2011-02-16",43.93,45.46,43.93,45.42,894600,44.4
"2011-02-17",45.26,47.18,45.1,46.98,1536400,45.93
"2011-02-18",47.17,47.17,46.42,46.73,1016200,45.68
"2011-02-22",45.51,46.05,43.96,44.21,1457000,43.22
"2011-02-23",44.38,44.38,42.42,43.41,1824000,42.68
"2011-02-24",43.37,44.29,42.73,43.3,967100,42.57
"2011-02-25",43.64,45.03,43.46,44.97,793300,44.21
"2011-02-28",45.14,45.89,44.98,45.85,827800,45.08
"2011-03-01",45.92,45.99,43.57,43.63,1294000,42.89
"2011-03-02",43.49,44.85,43.47,43.88,957100,43.14
"2011-03-03",44.49,44.94,43.76,44.35,1233900,43.6
"2011-03-04",44.26,44.53,43.15,43.67,1041300,42.93
"2011-03-07",43.8,44.2,42.87,42.93,1141600,42.21
"2011-03-08",42.92,44.47,42.68,44,858000,43.26
"2011-03-09",43.73,44.25,43.34,43.94,606300,43.2
"2011-03-10",43.2,43.36,42.26,42.34,1337400,41.63
"2011-03-11",42.17,43.08,41.89,42.14,1380800,41.43
"2011-03-14",41.97,43.04,41.75,42.62,1001000,41.9
"2011-03-15",41.15,43.33,41,43,915300,42.28
"2011-03-16",42.8,42.88,41.63,41.98,1122500,41.27
"2011-03-17",42.99,43.18,42.1,42.45,580300,41.73
"2011-03-18",43.31,43.37,42.64,43.02,981000,42.29
"2011-03-21",43.43,43.8,43.12,43.63,549000,42.89
"2011-03-22",43.57,43.72,42.73,42.92,892200,42.2
"2011-03-23",42.79,43.2,42.7,43.06,625200,42.33
"2011-03-24",43.38,44.8,43.29,44.73,1027300,43.98
"2011-03-25",44.75,45.83,44.68,45.29,1514800,44.53
"2011-03-28",45.34,45.48,44.78,44.82,775600,44.06
"2011-03-29",44.74,45.19,44.65,45.04,701700,44.28
"2011-03-30",45.46,45.74,44.91,45.62,551000,44.85
"2011-03-31",45.53,45.73,45.01,45.6,694800,44.83
"2011-04-01",46,46.65,45.8,46.28,794700,45.5
"2011-04-04",46.32,46.63,45.64,45.85,797500,45.08
"2011-04-05",45.62,46.33,45.09,46.05,547000,45.27
"2011-04-06",46.42,46.77,45.8,46.12,582900,45.34
"2011-04-07",46,46.8,45.66,45.79,575800,45.02
"2011-04-08",46.18,46.55,44.79,45,688900,44.24
"2011-04-11",45,45.15,44.26,44.56,969700,43.81
"2011-04-12",44.13,44.43,43.74,43.95,917300,43.21
"2011-04-13",44.28,44.49,43.06,43.68,1225300,42.94
"2011-04-14",43.34,43.78,42.64,43.45,1019800,42.72
"2011-04-15",43.61,44,43.23,43.62,1004400,42.88
"2011-04-18",42.87,43.04,42.2,42.55,1269600,41.83
"2011-04-19",42.58,42.92,42.15,42.32,829200,41.61
"2011-04-20",43.1,43.29,42.35,42.76,1060600,42.04
"2011-04-21",43.09,43.76,42.8,43.66,760800,42.92
"2011-04-25",43.6,44.04,43.44,43.84,755900,43.1
"2011-04-26",44.19,44.25,43.67,43.98,1102900,43.24
"2011-04-27",44.12,44.36,43.79,44.22,1491600,43.47
"2011-04-28",44.04,44.44,43.85,44.34,867400,43.59
"2011-04-29",44.43,45.31,44.41,45.2,1138500,44.44
"2011-05-02",45.42,45.84,45.2,45.45,956200,44.68
"2011-05-03",45.38,45.89,44.63,45.12,1544900,44.36
"2011-05-04",44.85,45.02,43.13,44.2,1580100,43.46
"2011-05-05",43.46,43.75,41.27,41.38,3179900,40.68
"2011-05-06",42.04,42.53,40.78,40.92,1422500,40.23
"2011-05-09",41.03,41.06,40.32,40.53,1001600,39.85
"2011-05-10",40.78,41.91,40.54,41.76,1451100,41.06
"2011-05-11",41.6,41.6,40.4,40.94,1225700,40.25
"2011-05-12",40.87,41.13,40,40.58,903000,39.9
"2011-05-13",40.54,40.77,39.87,39.98,1229700,39.31
"2011-05-16",39.76,40.98,39.62,40.32,1246600,39.64
"2011-05-17",40.12,40.7,39.87,40.57,1520900,39.89
"2011-05-18",40.41,40.84,40.3,40.7,901800,40.01
"2011-05-19",40.83,41.1,40.43,40.62,718800,39.94
"2011-05-20",40.48,40.58,39.69,40.26,1025100,39.58
"2011-05-23",39.81,39.96,39.31,39.32,837000,38.66
"2011-05-24",39.42,39.97,39.4,39.73,684700,39.06
"2011-05-25",38.79,39.63,38.63,38.79,2038900,38.38
"2011-05-26",38.72,39.17,38.25,39.1,1067300,38.68
"2011-05-27",39.32,39.9,39.25,39.53,673700,39.11
"2011-05-31",40.25,40.53,39.97,40.49,1337500,40.06
"2011-06-01",40.22,40.28,38.99,39.02,1252200,38.61
"2011-06-02",39.16,39.33,38.75,38.91,1019500,38.5
"2011-06-03",38.37,38.39,37.71,37.78,1138500,37.38
"2011-06-06",37.62,37.71,37.03,37.63,1672300,37.23
"2011-06-07",37.95,38.05,37.47,37.63,1016000,37.23
"2011-06-08",37.54,37.54,36.93,37.27,1505400,36.87
"2011-06-09",37.29,37.71,37.17,37.43,1068000,37.03
"2011-06-10",37.13,37.28,36.51,36.97,1283500,36.58
"2011-06-13",37.57,37.8,37.08,37.57,1727600,37.17
"2011-06-14",38.01,39.22,37.9,38.73,1437600,38.32
"2011-06-15",38.25,38.52,37.36,37.78,1417000,37.38
"2011-06-16",37.78,38.37,37.71,38,1417600,37.6
"2011-06-17",38.42,39.08,38.39,38.87,1710400,38.46
"2011-06-20",38.64,39.19,38.32,39.03,1061100,38.62
"2011-06-21",39.26,39.91,39.22,39.59,980500,39.17
"2011-06-22",39.3,39.67,38.92,39.08,705500,38.66
"2011-06-23",38.41,38.66,37.68,38.65,1987600,38.24
"2011-06-24",38.75,38.85,38.02,38.33,1045000,37.92
"2011-06-27",38.43,38.5,38,38.25,1024800,37.84
"2011-06-28",38.39,38.85,38.27,38.47,1129000,38.06
"2011-06-29",38.75,38.82,38.2,38.53,1483400,38.12
"2011-06-30",38.7,39,38.41,38.53,2162600,38.12
"2011-07-01",38.65,39.9,38.2,39.72,1266100,39.3
"2011-07-05",39.74,39.87,38.82,39.56,1335700,39.14
"2011-07-06",39.43,39.71,39.05,39.33,887500,38.91
"2011-07-07",39.79,39.99,38.89,39.69,1866500,39.27
"2011-07-08",39.15,39.25,37.88,38.03,1875100,37.63
"2011-07-11",37.48,37.58,36.88,37.07,2112100,36.68
"2011-07-12",37.01,37.65,36.89,36.91,1670400,36.52
"2011-07-13",37.05,37.59,36.83,36.93,1068200,36.54
"2011-07-14",36.83,36.99,35.85,35.92,1777300,35.54
"2011-07-15",36.03,36.17,35.15,35.67,1799900,35.29
"2011-07-18",35.42,35.64,34.71,34.93,1244200,34.56
"2011-07-19",35.07,35.7,35.03,35.37,1040100,34.99
"2011-07-20",35.4,35.87,35.33,35.4,997700,35.02
"2011-07-21",35.65,36.36,35.52,36.13,1399100,35.75
"2011-07-22",36.08,36.11,35.1,35.85,1050000,35.47
"2011-07-25",35.49,36.32,35.28,35.73,1000500,35.35
"2011-07-26",35.97,36,35.26,35.51,1326000,35.13
"2011-07-27",35.2,35.34,34.36,34.45,1932400,34.08
"2011-07-28",34.5,34.72,33.81,33.83,1525100,33.47
"2011-07-29",33.54,34.51,33.27,34.29,2365600,33.93
"2011-08-01",34.73,34.75,33.14,33.54,1896500,33.18
"2011-08-02",32.86,32.94,31.44,31.44,3885800,31.11
"2011-08-03",31.65,33.11,30.82,33,4351400,32.65
"2011-08-04",32.65,34.54,32.47,33.54,6708300,33.18
"2011-08-05",34.19,34.4,33.19,33.75,6151200,33.39
"2011-08-08",32.83,33.65,32.14,32.55,9031300,32.2
"2011-08-09",33.14,33.41,28.89,32.31,8224900,31.97
"2011-08-10",31.54,31.76,29.93,30.18,5283100,29.86
"2011-08-11",30.26,31.19,29.6,30.68,3995800,30.35
"2011-08-12",30.88,31.47,30,30.25,2641300,29.93
"2011-08-15",30.95,32.86,30.62,32.83,2381300,32.48
"2011-08-16",31.85,33.43,31.85,33.15,3020900,32.8
"2011-08-17",33.31,33.73,32.26,32.42,2434600,32.08
"2011-08-18",31.56,31.56,29.68,29.97,2899000,29.65
"2011-08-19",29.95,30.35,29.24,29.56,2257800,29.25
"2011-08-22",29.9,30.33,29.3,30.02,2107800,29.7
"2011-08-23",30.12,31.9,29.67,31.9,2001500,31.56
"2011-08-24",31.64,33.73,31.54,33.6,2253800,33.51
"2011-08-25",33.8,34,32.84,33.57,1473000,33.48
"2011-08-26",33.5,34.73,33.24,34.49,1534400,34.39
"2011-08-29",35.15,35.98,34.56,35.2,1697000,35.1
"2011-08-30",35.09,35.27,34,35.01,2186400,34.91
"2011-08-31",35.46,36.08,34.88,35.03,1790200,34.93
"2011-09-01",35.15,35.83,34.16,34.23,2028200,34.13
"2011-09-02",34.32,34.32,32.39,32.47,1820500,32.38
"2011-09-06",30.68,36.7,30.68,34.88,4405400,34.78
"2011-09-07",35.29,35.88,34.34,35.59,3091800,35.49
"2011-09-08",34.87,35.15,34.28,34.53,1924500,34.43
"2011-09-09",34.22,34.22,31.67,31.81,3392100,31.72
"2011-09-12",31.56,32.49,31.2,32.33,1686800,32.24
"2011-09-13",32.35,33.45,31.95,32.97,1847200,32.88
"2011-09-14",33.3,33.76,32.3,33.2,1875100,33.11
"2011-09-15",33.66,33.88,33.15,33.26,1122000,33.17
"2011-09-16",33.45,34.22,32.7,33.18,1624300,33.09
"2011-09-19",32.5,32.56,30.9,31.36,1405300,31.27
"2011-09-20",31.5,32.11,30.72,30.77,1264100,30.68
"2011-09-21",30.63,31.23,29.92,29.92,2059000,29.84
"2011-09-22",29.04,29.41,28.2,28.66,2670700,28.58
"2011-09-23",28.53,30.22,28.35,28.88,1938600,28.8
"2011-09-26",29.25,29.86,28.45,29.8,1604100,29.72
"2011-09-27",31.04,31.76,29.98,30.2,1712000,30.12
"2011-09-28",30.38,30.44,29.34,29.42,1297000,29.34
"2011-09-29",29.76,29.99,28.13,28.95,2005600,28.87
"2011-09-30",28.47,28.68,27.44,27.56,1673300,27.48
"2011-10-03",27.58,27.58,25.96,26.19,3081700,26.12
"2011-10-04",25.84,27.51,25.06,27.42,2400000,27.34
"2011-10-05",27.31,28.75,27.24,28.41,1571900,28.33
"2011-10-06",28.35,29.24,27.82,29.07,827200,28.99
"2011-10-07",29.41,29.63,27.53,28.04,988900,27.96
"2011-10-10",28.65,29.96,28.65,29.94,1187500,29.86
"2011-10-11",29.59,31.21,29.44,31.03,2064800,30.94
"2011-10-12",31.24,31.82,30.86,31.46,1255800,31.37
"2011-10-13",31.12,31.56,30.19,31.41,1148600,31.32
"2011-10-14",31.92,32.24,31.11,32.12,725100,32.03
"2011-10-17",31.93,32.1,29.89,30.14,2394100,30.06
"2011-10-18",30.21,31.03,29.62,30.86,2118000,30.77
"2011-10-19",30.88,31.2,29.97,30.2,1507000,30.12
"2011-10-20",30.06,30.5,29.58,30.26,1303400,30.17
"2011-10-21",30.55,30.95,30.24,30.87,1306800,30.78
"2011-10-24",30.94,32.11,30.9,32.08,1603200,31.99
"2011-10-25",31.73,32.04,30.76,30.83,1320500,30.74
"2011-10-26",31.47,31.79,30.67,31.55,1637300,31.46
"2011-10-27",33.49,34.91,32.36,34.63,2387200,34.53
"2011-10-28",34.57,34.6,32.8,33.21,1598500,33.12
"2011-10-31",33.1,33.14,31.25,31.29,1507000,31.2
"2011-11-01",29.94,30.98,29.1,30.22,2421300,30.13
"2011-11-02",30.97,31.95,30.48,30.89,1429700,30.8
"2011-11-03",29.71,31.3,29.06,31.19,1889300,31.1
"2011-11-04",30.76,31.17,29.97,30.6,1144200,30.51
"2011-11-07",30.59,31.02,29.59,30.31,1463200,30.22
"2011-11-08",30.65,31.47,30.25,31.35,1266400,31.26
"2011-11-09",30.11,30.3,28.81,29.05,2250300,28.97
"2011-11-10",30,30.3,29.25,29.79,1573100,29.71
"2011-11-11",30.26,30.94,30.16,30.51,1124400,30.42
"2011-11-14",30.21,30.93,30.17,30.56,1358900,30.47
"2011-11-15",30.35,32.49,30.35,32.23,2238600,32.14
"2011-11-16",31.76,32.37,31.43,31.55,1474400,31.46
"2011-11-17",31.65,32.75,30.97,31.2,2377900,31.11
"2011-11-18",31.5,32.44,31.24,32.18,1907900,32.09
"2011-11-21",31.32,31.87,30.96,31.44,1791800,31.36
"2011-11-22",31.5,31.98,30.79,30.91,1143400,30.83
"2011-11-23",30.48,30.62,29.91,29.99,1266000,29.91
"2011-11-25",29.82,30.41,29.35,29.42,488500,29.35
"2011-11-28",30.43,30.75,29.59,29.87,1172000,29.8
"2011-11-29",29.98,30.95,29.84,30.49,1038100,30.41
"2011-11-30",30.72,32.49,30.14,32.44,2717200,32.36
"2011-12-01",32.28,33.04,32.05,32.28,1585000,32.2
"2011-12-02",32.78,34.11,32.58,32.66,1387800,32.58
"2011-12-05",33.38,34,32.57,32.94,1154100,32.86
"2011-12-06",32.81,35.1,32.61,33.9,4092400,33.82
"2011-12-07",33.59,34.7,33.31,34.22,1591400,34.13
"2011-12-08",33.69,34.08,32.39,32.5,1515300,32.42
"2011-12-09",32.6,34.41,32.59,33.55,1120900,33.47
"2011-12-12",33.01,45,31.87,38.7,11567800,38.6
"2011-12-13",38.73,39.9,38.43,38.7,5834600,38.6
"2011-12-14",38.4,38.62,37.47,37.97,2537700,37.87
"2011-12-15",38.72,39.59,38.3,38.68,1861900,38.58
"2011-12-16",39.12,40.21,38.59,38.78,2211800,38.68
"2011-12-19",39.04,39.93,37.91,38.13,1627800,38.03
"2011-12-20",38.62,39.15,38.27,38.3,1487800,38.2
"2011-12-21",38.35,39.77,38.28,38.88,1236200,38.78
"2011-12-22",39.01,39.44,38.35,39.22,1085400,39.12
"2011-12-23",39.12,39.58,39,39.57,609500,39.47
"2011-12-27",39.5,39.85,39.26,39.59,599700,39.49
"2011-12-28",39.38,39.66,38.43,38.63,650300,38.53
"2011-12-29",38.99,39.53,38.8,39.14,788800,39.04
"2011-12-30",38.93,39.55,38.91,39.35,509300,39.25
"2012-01-03",40.26,40.53,39.58,39.68,1133600,39.58
"2012-01-04",39.9,39.9,39,39.3,712900,39.2
"2012-01-05",38.93,39.94,38.78,39.62,826900,39.52
"2012-01-06",39.57,39.98,39.17,39.29,739600,39.19
"2012-01-09",39.99,40,39.24,39.5,674400,39.4
"2012-01-10",39.94,40.25,39.47,39.7,698600,39.6
"2012-01-11",39.53,40.59,39.25,40.4,1355400,40.3
"2012-01-12",40.37,40.61,39.66,40.5,852100,40.4
"2012-01-13",40.25,40.72,39.75,40.66,892600,40.56
"2012-01-17",41.38,41.44,40.42,40.91,800800,40.81
"2012-01-18",40.71,41.83,40.56,41.27,844100,41.17
"2012-01-19",41.47,41.85,41.12,41.64,899000,41.54
"2012-01-20",41.73,43.12,41.24,42.72,2153000,42.61
"2012-01-23",42.44,42.66,41.76,42.14,920100,42.03
"2012-01-24",41.95,42.38,41.75,42.22,853100,42.11
"2012-01-25",42.12,43.5,41.94,43.27,1172500,43.16
"2012-01-26",43.31,43.65,42.69,43.25,627800,43.14
"2012-01-27",42.97,43.69,42.83,43.45,506000,43.34
"2012-01-30",43.03,43.9,42.75,43.79,732700,43.68
"2012-01-31",44.19,44.19,43.33,43.86,787000,43.75
"2012-02-01",44.09,44.77,43.8,44.01,1397500,43.9
"2012-02-02",44.17,44.71,43.75,43.95,587300,43.84
"2012-02-03",44.68,45.28,43.59,44.79,1197900,44.68
"2012-02-06",44.38,45.24,44.27,45.2,1014100,45.09
"2012-02-07",44.9,46.25,44.67,45.73,1593600,45.62
"2012-02-08",45.74,46.14,44.65,45.85,672200,45.74
"2012-02-09",46.05,47.54,45.87,47.4,1640200,47.28
"2012-02-10",47,47.35,46.43,46.94,926900,46.82
"2012-02-13",47.26,47.62,47.08,47.11,1209600,46.99
"2012-02-14",46.9,47.24,46.66,47.14,625300,47.02
"2012-02-15",47.19,47.43,46.59,47.29,774400,47.17
"2012-02-16",47.09,47.76,46.57,47.53,1469400,47.41
"2012-02-17",48,48.07,47.58,47.68,960700,47.56
"2012-02-21",47.85,48.09,46.71,46.81,475700,46.69
"2012-02-22",46.6,46.77,46.02,46.13,355200,46.01
"2012-02-23",46.02,46.77,45.61,46.4,723600,46.29
"2012-02-24",46.45,46.8,46.14,46.17,442300,46.06
"2012-02-27",45.69,46.35,45.17,45.97,1204800,45.86
"2012-02-28",45.92,46,44.87,45.36,642400,45.26
"2012-02-29",45.37,45.63,44.56,44.56,1026900,44.46
"2012-03-01",44.51,45.22,43.96,44.14,1356800,44.04
"2012-03-02",44.01,44.22,43.25,43.63,754700,43.53
"2012-03-05",43.91,43.95,42.85,43.81,1249100,43.71
"2012-03-06",43.25,43.5,42.96,43.44,612200,43.34
"2012-03-07",43.64,44,43.34,43.82,367900,43.72
"2012-03-08",44.13,45.05,43.93,44.91,498100,44.81
"2012-03-09",45.15,46.31,44.83,45.99,742200,45.88
"2012-03-12",46.07,46.25,45.24,45.28,645800,45.18
"2012-03-13",45.54,46.21,45.5,46.21,729600,46.1
"2012-03-14",46.24,46.3,45.37,45.56,443200,45.46
"2012-03-15",45.45,46.16,45.1,45.99,512100,45.88
"2012-03-16",46.18,46.19,45.15,45.72,1065600,45.62
"2012-03-19",45.39,46.21,45.24,45.81,355900,45.71
"2012-03-20",45.48,45.56,44.73,45.31,275300,45.21
"2012-03-21",45.43,45.87,45.09,45.12,336100,45.02
"2012-03-22",44.79,44.79,43.87,44.18,327300,44.08
"2012-03-23",44.2,44.4,43.5,44.16,398100,44.06
"2012-03-26",44.61,44.77,44.05,44.29,406100,44.19
"2012-03-27",44.4,44.7,44.04,44.12,892100,44.02
"2012-03-28",44,44.37,42.72,42.75,1045300,42.65
"2012-03-29",42.34,42.54,41.5,42.41,639200,42.31
"2012-03-30",42.84,43.08,42.48,42.73,458600,42.63
"2012-04-02",42.5,43.3,42.29,43.19,713900,43.09
"2012-04-03",43.05,43.17,42.68,43,454400,42.9
"2012-04-04",42.52,42.83,42.39,42.5,240900,42.4
"2012-04-05",42.36,43.06,42.27,42.5,739400,42.4
"2012-04-09",41.8,42.3,41.66,42.02,966800,41.92
"2012-04-10",41.94,42.16,41.21,41.24,629600,41.15
"2012-04-11",41.71,42.03,41.33,41.72,648200,41.62
"2012-04-12",41.67,42.9,41.53,42.11,774500,42.01
"2012-04-13",41.97,41.97,41.31,41.63,602000,41.53
"2012-04-16",41.65,42.16,41.48,41.53,722900,41.44
"2012-04-17",41.98,42.87,41.85,42.33,540900,42.23
"2012-04-18",42.1,42.1,41.22,41.35,633700,41.26
"2012-04-19",41.38,41.4,40.7,41.02,604700,40.93
"2012-04-20",41.16,41.64,41,41.18,456000,41.09
"2012-04-23",40.48,40.98,40.27,40.85,356800,40.76
"2012-04-24",40.91,41.22,40.67,41.11,179800,41.02
"2012-04-25",41.46,42.31,41.46,41.77,361400,41.67
"2012-04-26",41.97,42.15,41.2,41.93,329100,41.83
"2012-04-27",42.14,42.44,41.68,42.36,511800,42.26
"2012-04-30",42.23,42.97,42.06,42.81,513400,42.71
"2012-05-01",42.7,43.91,42.35,43.01,779800,42.91
"2012-05-02",42.67,43.04,42.26,42.74,363100,42.64
"2012-05-03",42.73,42.82,41.94,42.7,701400,42.6
"2012-05-04",42.36,42.64,41.25,41.37,531200,41.28
"2012-05-07",40.78,41.69,39.61,41.47,1836000,41.38
"2012-05-08",41.16,41.28,40.15,40.88,460800,40.79
"2012-05-09",39.78,40.72,39.78,40.01,960400,39.92
"2012-05-10",41.06,41.06,39.85,39.99,609000,39.9
"2012-05-11",39.84,40.56,39.71,40.02,965300,39.93
"2012-05-14",39.81,39.91,38.93,39.03,644100,38.94
"2012-05-15",39.06,39.27,38.19,38.37,510200,38.28
"2012-05-16",38.72,39.01,34.61,35.26,2618800,35.18
"2012-05-17",35.5,35.66,33.87,33.9,1969000,33.82
"2012-05-18",34.14,35.48,34,34.59,1698200,34.51
"2012-05-21",34.7,36.58,34.25,36.35,956700,36.27
"2012-05-22",36.46,36.72,34.85,35.2,767300,35.12
"2012-05-23",34.93,34.99,33.69,34.57,747000,34.49
"2012-05-24",34.74,35.03,34.27,35.03,351400,34.95
"2012-05-25",35.05,35.89,34.66,35.76,684200,35.68
"2012-05-29",36.14,36.44,35.45,36.09,385500,36.01
"2012-05-30",35.56,35.64,34.87,35.02,381700,34.94
"2012-05-31",34.96,35.22,33.97,34.65,553600,34.57
"2012-06-01",33.75,34.11,32.93,32.97,577600,32.89
"2012-06-04",33.32,33.39,32.41,32.57,685500,32.5
"2012-06-05",32.44,33.15,32.31,32.92,496300,32.84
"2012-06-06",33.22,33.85,32.99,33.33,659900,33.25
"2012-06-07",34.37,34.4,33.47,33.78,433700,33.71
"2012-06-08",33.58,34.33,33.23,34.23,345000,34.16
"2012-06-11",34.48,34.58,33.21,33.25,410200,33.18
"2012-06-12",33.21,33.95,32.99,33.95,469000,33.88
"2012-06-13",33.25,34.12,32.81,32.97,482700,32.9
"2012-06-14",32.95,33.47,32.85,33.45,291100,33.38
"2012-06-15",33.72,34.39,33.5,34.35,667800,34.28
"2012-06-18",34.21,34.83,33.87,34.68,370200,34.61
"2012-06-19",34.84,35.2,34.5,34.91,434000,34.84
"2012-06-20",34.96,34.96,34.17,34.47,279400,34.4
"2012-06-21",34.8,35.19,34.1,34.32,690300,34.25
"2012-06-22",34.65,35.46,34.3,35.28,466500,35.21
"2012-06-25",34.77,35.23,34.4,34.69,493400,34.62
"2012-06-26",34.72,35.67,34.39,35.46,564000,35.39
"2012-06-27",35.62,37.53,35.52,37.32,798300,37.25
"2012-06-28",36.97,38.63,36.67,37.71,1060600,37.64
"2012-06-29",38.71,40.04,38.39,39.71,1637600,39.63
"2012-07-02",39.86,39.96,38.86,39.89,1073600,39.81
"2012-07-03",39.89,40.72,39.63,40.72,373800,40.64
"2012-07-05",40.63,41.28,40.24,41.13,524300,41.05
"2012-07-06",40.71,41.23,40.54,41.12,342200,41.04
"2012-07-09",41.12,41.84,40.62,41.28,543200,41.2
"2012-07-10",41.54,41.65,40.07,40.5,653100,40.42
"2012-07-11",40.67,41.12,40.21,41.1,621400,41.02
"2012-07-12",40.83,41.97,40.61,41.68,565100,41.6
"2012-07-13",41.6,43.17,41.48,43.13,666000,43.04
"2012-07-16",42.95,43.5,42.8,43.24,434100,43.15
"2012-07-17",43.4,43.91,42.79,43.84,559200,43.75
"2012-07-18",43.74,44.25,43.59,44.04,641400,43.95
"2012-07-19",44.26,44.36,43.84,44.12,437800,44.03
"2012-07-20",43.74,44.71,43.63,44.08,723200,43.99
"2012-07-23",43.13,44.22,42.82,43.96,961600,43.87
"2012-07-24",44.08,44.34,42.4,42.73,640300,42.65
"2012-07-25",43.04,43.27,41.56,42.18,816200,42.1
"2012-07-26",42.27,42.3,36.76,37.83,2043400,37.75
"2012-07-27",37.77,39.98,37.25,39.79,930600,39.71
"2012-07-30",39.6,39.72,38.47,38.79,528900,38.71
"2012-07-31",38.42,39.08,38.07,38.74,746600,38.66
"2012-08-01",38.94,38.94,37.45,37.47,664400,37.4
"2012-08-02",36.95,37.5,35.69,36.9,818300,36.83
"2012-08-03",37.68,38.63,37.2,38.41,514900,38.33
"2012-08-06",38.5,38.98,38.22,38.66,346600,38.58
"2012-08-07",38.84,39.62,38.7,39.54,484000,39.46
"2012-08-08",39.36,39.71,38.61,39.16,328400,39.08
"2012-08-09",39.03,40,38.87,39.89,589300,39.81
"2012-08-10",40.08,40.21,39.16,39.78,417300,39.7
"2012-08-13",39.76,39.98,39.1,39.42,255100,39.34
"2012-08-14",39.67,39.74,38.93,39.13,523700,39.05
"2012-08-15",39.13,39.22,38.39,39.14,410400,39.06
"2012-08-16",39.18,40,39.14,39.82,344100,39.74
"2012-08-17",40.02,41.2,39.98,40.4,631500,40.32
"2012-08-20",40.27,40.57,39.6,40.4,432700,40.32
"2012-08-21",40.45,40.79,39.87,40.08,415100,40
"2012-08-22",39.96,40.41,39.28,40.32,683000,40.24
"2012-08-23",40.26,40.37,39.58,39.59,346000,39.52
"2012-08-24",39.49,41.12,39.38,41.07,598100,41
"2012-08-27",41.25,41.39,40.04,40.26,356000,40.19
"2012-08-28",40.1,40.71,39.93,40.35,220200,40.28
"2012-08-29",40.45,40.62,39.6,39.99,269900,39.92
"2012-08-30",39.75,39.96,38.47,38.5,626100,38.43
"2012-08-31",38.74,39.57,38.1,38.92,510900,38.85
"2012-09-04",38.91,39.2,37.7,37.7,675300,37.63
"2012-09-05",37.8,38.23,37.25,37.94,562100,37.87
"2012-09-06",38.26,38.99,38.15,38.49,593400,38.42
"2012-09-07",38.69,40.47,38.69,40.35,495200,40.28
"2012-09-10",40.57,42.54,40.56,41.44,782000,41.37
"2012-09-11",41.49,42.31,41.49,41.97,620200,41.9
"2012-09-12",42.29,46.85,42.17,46.46,2182400,46.38
"2012-09-13",46.46,47.27,45.28,46.96,1750500,46.88
"2012-09-14",47.04,49.99,47.04,49.17,1929200,49.08
"2012-09-17",48.95,48.95,44.96,46.22,1460500,46.14
"2012-09-18",46.06,46.93,45.91,46.21,646400,46.13
"2012-09-19",46.29,48.11,46.23,47.57,867900,47.49
"2012-09-20",47.19,47.84,46.28,47.78,1308700,47.7
"2012-09-21",48,49,47.94,48.49,1196300,48.41
"2012-09-24",48.26,48.61,47.52,48.27,570000,48.19
"2012-09-25",47.03,47.93,46.04,46.11,799300,46.03
"2012-09-26",46.23,46.59,45.26,45.76,697200,45.68
"2012-09-27",45.99,47.95,45.99,47.93,669600,47.85
"2012-09-28",47.73,47.79,46.69,47.3,580000,47.22
"2012-10-01",47.3,48.1,46.77,47.09,843000,47.01
"2012-10-02",47.48,48,47.21,47.79,415000,47.71
"2012-10-03",47.7,47.95,47.1,47.15,482900,47.07
"2012-10-04",47.56,48.59,47.23,47.96,586900,47.88
"2012-10-05",48.38,49.6,48,48.21,513800,48.13
"2012-10-08",47.88,48.05,47.2,47.57,237100,47.49
"2012-10-09",47.39,47.57,45.54,45.58,456000,45.5
"2012-10-10",45.67,46.74,45.5,45.94,364700,45.86
"2012-10-11",46.38,47.15,46.18,46.71,391900,46.63
"2012-10-12",46.8,47.1,45.95,46.14,257200,46.06
"2012-10-15",46.59,46.67,45.61,46.57,319100,46.49
"2012-10-16",46.9,47.81,46.81,47.78,274300,47.7
"2012-10-17",48.18,49.88,48,49.38,821000,49.29
"2012-10-18",49.07,49.78,48.51,48.8,433300,48.72
"2012-10-19",48.56,48.73,46.11,46.55,816600,46.47
"2012-10-22",46.48,47.35,46.31,46.94,337200,46.86
"2012-10-23",45.93,46.53,45.35,46.18,483400,46.1
"2012-10-24",46.53,46.94,46.02,46.36,220600,46.28
"2012-10-25",46.88,47.2,46.32,46.89,275600,46.81
"2012-10-26",46.78,47.2,45.98,46.49,292700,46.41
"2012-10-31",47.16,47.94,45.65,45.97,637000,45.89
"2012-11-01",45.27,47.48,44.61,47.47,627900,47.39
"2012-11-02",48,48.35,46.34,46.35,277300,46.27
"2012-11-05",46.05,46.88,45.78,46.6,399400,46.52
"2012-11-06",46.92,48.75,46.92,48.48,1366200,48.4
"2012-11-07",44.83,47.81,44.5,46.07,703000,45.99
"2012-11-08",45.01,46.41,44.62,46.01,1115500,45.93
"2012-11-09",45.49,46.94,45.48,46.34,729400,46.26
"2012-11-12",46.24,47.24,45.81,47.03,538500,46.95
"2012-11-13",46.58,47.94,46.37,47.4,642100,47.32
"2012-11-14",47.51,47.75,44.19,47.14,757100,47.06
"2012-11-15",47.01,47.33,46.07,46.45,878000,46.37
"2012-11-16",45.93,46.9,45.7,46.55,645900,46.47
"2012-11-19",47.32,48.6,46.93,48.25,582600,48.17
"2012-11-20",48.11,48.54,47.81,48.23,483500,48.15
"2012-11-21",48.42,48.92,47.81,48.52,540500,48.45
"2012-11-23",48.82,49.24,48.4,49.24,133100,49.16
"2012-11-26",48.78,49.69,48.73,49.5,568300,49.42
"2012-11-27",49.66,49.83,48.45,48.79,455200,48.72
"2012-11-28",48.46,49.89,47.94,49.69,763900,49.61
"2012-11-29",49.97,51.75,49.84,51.31,1496100,51.23
"2012-11-30",51.5,53.1,51.37,52.84,1157300,52.76
"2012-12-03",53.4,53.85,52.26,52.31,938600,52.23
"2012-12-04",52.38,53.38,52.12,52.76,1350500,52.68
"2012-12-05",52.78,53.02,51.02,51.12,2516000,51.04
"2012-12-06",51.19,52.06,51,52.02,647300,51.94
"2012-12-07",52.5,52.5,51.42,52,1012900,51.92
"2012-12-10",52.09,52.3,51.79,52.09,535000,52.01
"2012-12-11",52.54,52.71,51.94,52.25,741700,52.17
"2012-12-12",52.51,52.71,50.99,51.3,1116200,51.22
"2012-12-13",51.41,51.98,51.19,51.68,803800,51.6
"2012-12-14",51.67,51.8,51.02,51.6,681800,51.52
"2012-12-17",51.74,52.84,51.41,52.71,888200,52.63
"2012-12-18",52.71,53.23,52.67,53.19,1148800,53.11
"2012-12-19",53.19,53.37,52.34,53.1,711600,53.02
"2012-12-20",53.02,53.25,52.76,53.25,811800,53.17
"2012-12-21",53.04,53.16,51.79,52.26,1254400,52.18
"2012-12-24",52.18,53.1,52.18,52.97,264300,52.89
"2012-12-26",52.97,53.29,52.35,52.81,479700,52.73
"2012-12-27",52.98,53.09,51.36,51.7,527700,51.62
"2012-12-28",51.29,51.52,50.68,51.2,399200,51.12
"2012-12-31",51,52.05,50.93,52.05,713200,51.97
"2013-01-02",53.3,54.3,53.13,53.88,860000,53.8
"2013-01-03",53.91,54.22,53.31,53.5,590900,53.42
"2013-01-04",53.72,53.89,53.15,53.85,430200,53.77
"2013-01-07",53.32,53.88,53.1,53.73,369000,53.65
"2013-01-08",53.57,53.85,52.68,53.76,523500,53.68
"2013-01-09",53.89,54.01,53.4,53.75,470400,53.67
"2013-01-10",53.9,54.25,53.44,54.2,614800,54.12
"2013-01-11",54.08,54.6,53.95,54.58,469600,54.5
"2013-01-14",54.56,54.74,53.54,53.87,420900,53.79
"2013-01-15",53.38,54.42,53.37,54.37,423300,54.29
"2013-01-16",54.07,54.33,53.65,54.12,336300,54.04
"2013-01-17",54.5,55.4,54.34,55.14,879600,55.06
"2013-01-18",55.46,56.72,55.15,56.69,1018100,56.6
"2013-01-22",56.81,59.48,56.63,58.57,1301700,58.48
"2013-01-23",58.43,58.57,57.42,57.49,812800,57.4
"2013-01-24",57.78,58.41,56.96,57.5,790300,57.41
"2013-01-25",57.9,57.97,56.91,57.2,915100,57.11
"2013-01-28",57.25,57.45,56.31,56.83,497100,56.74
"2013-01-29",56.83,59,56.55,58.74,1345400,58.65
"2013-01-30",58.73,58.79,56.36,56.83,869300,56.74
"2013-01-31",56.7,57.06,56.04,56.56,826300,56.47
"2013-02-01",57.23,57.27,56.54,56.88,679500,56.79
"2013-02-04",56.3,57.03,56.2,56.28,453900,56.19
"2013-02-05",56.6,56.94,56.2,56.36,416300,56.27
"2013-02-06",56.12,56.52,55.77,56.22,967600,56.13
"2013-02-07",56.27,56.38,54.87,55.41,463400,55.33
"2013-02-08",55.51,56.15,55.51,56.08,394700,55.99
"2013-02-11",55.97,56.29,55.64,55.65,214100,55.56
"2013-02-12",55.57,56.65,55.55,56.12,732300,56.03
"2013-02-13",56.29,56.47,55.75,55.86,751100,55.77
"2013-02-14",55.46,55.5,52.79,54.87,1673800,54.79
"2013-02-15",54.85,55.28,54.5,55.03,1055100,54.95
"2013-02-19",55.02,55.33,54.51,54.81,623600,54.73
"2013-02-20",54.63,54.76,52.26,52.32,690900,52.24
"2013-02-21",51.81,52.39,51.5,51.99,783800,51.92
"2013-02-22",52.37,52.77,51.75,51.96,829200,51.89
"2013-02-25",52.4,52.69,49.35,49.48,961300,49.41
"2013-02-26",49.99,50.71,49.35,50.58,725400,50.51
"2013-02-27",50.52,51.42,50.48,51.1,699000,51.03
"2013-02-28",51.1,51.42,50.58,50.93,1480400,50.86
"2013-03-01",50.55,52.25,49.95,51.99,761800,51.92
"2013-03-04",51.62,52.33,51.41,52.1,584200,52.03
"2013-03-05",52.48,54.35,52.14,53.69,868000,53.62
"2013-03-06",53.79,54.11,53.38,53.5,496000,53.43
"2013-03-07",53.57,54.04,53.18,53.98,498800,53.91
"2013-03-08",54.15,54.91,54.15,54.72,488600,54.65
"2013-03-11",54.54,54.79,54.14,54.64,427300,54.57
"2013-03-12",54.54,54.89,54.15,54.28,323900,54.21
"2013-03-13",54.29,54.66,54,54.45,297100,54.38
"2013-03-14",54.49,55.37,54.49,54.81,547100,54.74
"2013-03-15",54.57,54.89,53.94,54.56,660900,54.49
"2013-03-18",53.8,54.73,53.78,54.1,374300,54.03
"2013-03-19",54.33,54.48,52.84,53.04,400100,52.97
"2013-03-20",53.58,53.98,53.19,53.74,295500,53.67
"2013-03-21",53.71,53.71,52.17,52.25,397800,52.18
"2013-03-22",52.16,52.5,51.15,51.43,479800,51.36
"2013-03-25",51.71,52.32,51.48,51.5,659500,51.43
"2013-03-26",51.71,52.05,50.96,51.5,317200,51.43
"2013-03-27",50.89,51.2,50.52,51.09,271800,51.02
"2013-03-28",51.14,51.84,50.39,51.7,723300,51.63
"2013-04-01",51.7,51.7,50.03,50.24,294800,50.17
"2013-04-02",50.56,50.6,48.78,48.92,514800,48.85
"2013-04-03",49.05,49.27,47.58,48.21,704100,48.15
"2013-04-04",48.24,48.89,48.14,48.47,431800,48.4
"2013-04-05",47.56,48.92,47.54,48.83,526800,48.76
"2013-04-08",48.94,49.37,48.33,48.93,515600,48.86
"2013-04-09",48.94,49.71,48.26,49.65,516700,49.58
"2013-04-10",49.63,49.91,48.65,49.88,472700,49.81
"2013-04-11",49.85,51.01,49.43,50.78,550300,50.71
"2013-04-12",50.29,50.56,48.71,48.88,466700,48.81
"2013-04-15",48.27,48.35,45.42,45.59,1309000,45.53
"2013-04-16",46.67,48.7,46.67,48.69,1209600,48.62
"2013-04-17",48.32,48.52,47.34,47.73,675300,47.67
"2013-04-18",47.82,47.85,45.68,46.03,463600,45.97
"2013-04-19",46.24,46.38,45.45,46.05,1037200,45.99
"2013-04-22",46.25,46.9,45.52,46.67,864700,46.61
"2013-04-23",47.07,47.51,46.05,46.98,634600,46.92
"2013-04-24",47.1,48.03,46.6,47.76,940700,47.7
"2013-04-25",48.14,48.24,47.33,47.42,703400,47.36
"2013-04-26",47.36,47.36,45.86,46.52,1051100,46.46
"2013-04-29",46.92,48.95,46.58,48.74,1091500,48.67
"2013-04-30",48.28,50.05,48.1,49.88,912200,49.81
"2013-05-01",49.58,49.66,48,48.38,743900,48.32
"2013-05-02",49,51.29,48.53,50.98,982000,50.91
"2013-05-03",51.59,54.08,51.3,53.48,1309100,53.41
"2013-05-06",53.06,54.2,52.62,53.72,814200,53.65
"2013-05-07",53.74,54.52,53.37,54.47,593900,54.4
"2013-05-08",54.38,54.88,53.8,54.88,688400,54.81
"2013-05-09",54.75,55.1,54.27,54.61,905000,54.54
"2013-05-10",54.45,54.68,54,54.57,528100,54.5
"2013-05-13",54.45,54.83,53.87,54.08,490000,54.01
"2013-05-14",53.89,54.85,53.86,54.73,555300,54.66
"2013-05-15",54.51,55.17,54.25,54.93,486400,54.86
"2013-05-16",54.65,55.14,54.41,54.49,383500,54.42
"2013-05-17",54.77,55.08,54.28,55.06,571500,54.99
"2013-05-20",55.02,55.74,54.56,55.08,533600,55.01
"2013-05-21",55.04,55.3,54.69,54.97,368300,54.9
"2013-05-22",54.86,55.33,53.31,53.89,759400,53.82
"2013-05-23",52.25,53.75,52.25,53.51,813400,53.45
"2013-05-24",53.03,54.11,52.54,53.75,341900,53.69
"2013-05-28",54.69,55.27,54.5,54.71,479900,54.65
"2013-05-29",54.17,54.54,53.39,54.25,303700,54.19
"2013-05-30",54.38,54.88,54.25,54.66,877300,54.6
"2013-05-31",54.32,54.59,53.56,53.58,495200,53.52
"2013-06-03",53.77,53.77,51.86,53.21,690300,53.15
"2013-06-04",53.2,54.22,51.92,52.09,450900,52.03
"2013-06-05",51.79,52.21,50.86,50.98,429000,50.92
"2013-06-06",50.84,51.72,50.19,51.71,811900,51.65
"2013-06-07",52.11,52.53,51.25,52.19,368800,52.13
"2013-06-10",52.4,53.79,51.81,53.46,501200,53.4
"2013-06-11",52.44,53.93,52.31,52.77,534200,52.71
"2013-06-12",53.34,53.59,52.65,53.09,600300,53.03
"2013-06-13",53.06,54.57,52.74,54.49,515900,54.43
"2013-06-14",54.36,54.43,53.61,53.69,433000,53.63
"2013-06-17",54.18,54.71,53.83,54.52,406600,54.46
"2013-06-18",54.57,54.66,53.88,54.15,512100,54.09
"2013-06-19",53.96,54.64,53.43,53.47,376000,53.41
"2013-06-20",52.7,52.95,51.36,51.55,632500,51.49
"2013-06-21",52.02,52.02,49.72,50.2,1211200,50.14
"2013-06-24",49.39,49.83,47.66,48.02,968900,47.96
"2013-06-25",48.63,48.95,48.22,48.62,796600,48.56
"2013-06-26",49.32,49.99,48.88,49.08,563000,49.02
"2013-06-27",49.54,50.31,49.03,50.25,629500,50.19
"2013-06-28",50,50.34,48.36,48.41,666900,48.35
"2013-07-01",48.86,49.97,48.6,48.79,541000,48.73
"2013-07-02",48.66,49.37,47.72,47.79,655800,47.73
"2013-07-03",47.59,47.9,47.27,47.46,282500,47.41
"2013-07-05",47.88,48.11,46.21,46.94,723000,46.89
"2013-07-08",47.22,48.04,46.28,46.91,661200,46.86
"2013-07-09",47.24,49.27,47.12,48.89,761400,48.83
"2013-07-10",48.88,49.54,48.56,49.33,407300,49.27
"2013-07-11",50.08,50.81,49.67,50.71,717600,50.65
"2013-07-12",50.55,50.82,49.89,50.68,399300,50.62
"2013-07-15",50.59,50.99,49.99,50.26,267500,50.2
"2013-07-16",50.42,50.57,49.03,49.24,368500,49.18
"2013-07-17",49.44,50.29,49.23,49.98,382000,49.92
"2013-07-18",50.09,50.83,49.99,50.22,334800,50.16
"2013-07-19",50.29,50.91,50.14,50.48,607000,50.42
"2013-07-22",50.56,50.83,50.15,50.23,279500,50.17
"2013-07-23",50.45,50.6,49.55,49.67,271500,49.61
"2013-07-24",49.67,49.85,48.49,48.93,403300,48.87
"2013-07-25",48.75,49.02,47.65,48.08,534200,48.02
"2013-07-26",47.7,48.97,47.69,48.96,910700,48.9
"2013-07-29",48.78,48.83,47.59,47.93,450800,47.87
"2013-07-30",47.99,48.16,46.5,47.28,1326700,47.23
"2013-07-31",47.39,47.98,46.97,47.18,596800,47.13
"2013-08-01",47.95,50.78,47.95,49.68,989200,49.62
"2013-08-02",49.36,49.96,48.93,49.23,403200,49.17
"2013-08-05",49,49.5,48.68,49.43,377100,49.37
"2013-08-06",49.14,49.4,47.59,47.71,769200,47.65
"2013-08-07",47.65,47.76,46.9,47.2,823200,47.15
"2013-08-08",47.57,48.43,47.09,48.2,491200,48.14
"2013-08-09",47.73,48.62,47.55,48.38,354100,48.32
"2013-08-12",47.97,48.7,47.8,48.21,522000,48.15
"2013-08-13",48.27,48.48,47.91,48.3,1290100,48.24
"2013-08-14",48.22,48.63,47.96,48.44,403800,48.38
"2013-08-15",47.72,47.72,46.78,47.31,847800,47.26
"2013-08-16",47.35,47.95,47.04,47.85,970500,47.79
"2013-08-19",47.69,48.1,47.4,47.74,593100,47.68
"2013-08-20",47.74,49.66,47.54,49.63,867000,49.57
"2013-08-21",49.38,49.8,48.34,48.97,766700,48.91
"2013-08-22",48.97,50.08,48.97,49.71,752800,49.65
"2013-08-23",49.63,49.99,48,48.23,408400,48.17
"2013-08-26",48.08,48.66,47.28,48.03,661400,47.98
"2013-08-27",47.32,48.34,47.24,47.78,823900,47.73
"2013-08-28",47.7,48.51,47.7,47.86,497800,47.81
"2013-08-29",47.6,48.35,47.15,47.65,789800,47.6
"2013-08-30",47.69,48.04,47.2,47.8,623700,47.75
"2013-09-03",48.39,48.99,48.03,48.49,843500,48.44
"2013-09-04",48.37,48.89,48,48.81,667100,48.76
"2013-09-05",48.75,49.22,48.6,49.2,456600,49.15
"2013-09-06",49.57,49.88,48.81,49.14,742000,49.09
"2013-09-09",49.12,50.33,49.07,50.23,535600,50.18
"2013-09-10",50.83,51.72,50.35,51.5,755500,51.45
"2013-09-11",51.53,52.49,51.26,52.41,727600,52.36
"2013-09-12",52.03,52.4,51.36,51.7,354900,51.65
"2013-09-13",51.81,52.74,51.17,52.57,532600,52.52
"2013-09-16",53.86,54.37,52.1,52.35,791600,52.3
"2013-09-17",52.23,52.72,51.56,51.92,686500,51.87
"2013-09-18",51.7,53.41,51.39,53.38,862100,53.33
"2013-09-19",53.64,54.17,52.86,52.93,652400,52.88
"2013-09-20",52.97,53.39,51.99,51.99,935900,51.94
"2013-09-23",51.64,51.9,50.99,51.11,432700,51.06
"2013-09-24",51.25,52.18,50.62,51.55,434300,51.5
"2013-09-25",51.72,52.87,51.28,52.18,537600,52.13
"2013-09-26",52.27,52.71,51.39,52.08,398800,52.03
"2013-09-27",51.73,51.73,51.05,51.3,357600,51.25
"2013-09-30",50.7,52.36,50.7,51.81,695200,51.76
"2013-10-01",51.88,52.78,51.85,52.69,433100,52.64
"2013-10-02",52.46,53.72,52.29,53.68,747600,53.63
"2013-10-03",53.54,53.9,51.87,52.66,543000,52.61
"2013-10-04",52.58,52.88,52,52.81,424300,52.76
"2013-10-07",52.25,52.78,52,52.51,269300,52.46
"2013-10-08",52.41,52.96,51.06,51.36,444000,51.31
"2013-10-09",51.4,51.4,50.32,50.75,441800,50.7
"2013-10-10",51.46,52.4,51.33,52.35,460500,52.3
"2013-10-11",52.11,53.16,51.96,52.83,592600,52.78
"2013-10-14",52.24,53.16,51.32,52.93,439600,52.88
"2013-10-15",52.65,52.91,51.28,51.58,454300,51.53
"2013-10-16",52.05,52.39,51.6,51.77,391500,51.72
"2013-10-17",51.63,52.08,51.09,52,812600,51.95
"2013-10-18",51.99,52.26,51.82,52.08,398300,52.03
"2013-10-21",52.03,52.2,51.06,51.9,832400,51.85
"2013-10-22",52.22,54.37,52.1,54.14,770200,54.09
"2013-10-23",53.71,54.37,53.23,53.53,406800,53.48
"2013-10-24",53.73,54.94,53.59,54.85,542100,54.8
"2013-10-25",54.73,54.86,54.29,54.84,308400,54.79
"2013-10-28",54.64,54.94,54.28,54.83,461900,54.78
"2013-10-29",54.95,55,54.15,54.46,349800,54.41
"2013-10-30",54.43,54.69,53.18,53.99,337000,53.94
"2013-10-31",53.86,54.09,53.17,53.55,402800,53.5
"2013-11-01",53.7,54.87,52.76,53.67,1040300,53.62
"2013-11-04",54.35,60.14,54.07,57.78,3650300,57.73
"2013-11-05",57.8,58.44,56.03,56.44,1541000,56.39
"2013-11-06",56.65,56.7,55.87,56.18,699900,56.13
"2013-11-07",56.63,57.34,55.18,55.35,750300,55.3
"2013-11-08",55.26,56.63,54.6,56.6,672600,56.55
"2013-11-11",56.49,56.69,55.81,56.28,364800,56.23
"2013-11-12",56.1,56.28,55.44,55.84,582000,55.79
"2013-11-13",55.31,56.33,55.23,56.06,620700,56.01
"2013-11-14",56.26,56.43,55.45,55.96,534700,55.91
"2013-11-15",55.93,56.84,55.85,56.8,639200,56.75
"2013-11-18",57.01,57.42,55.1,55.34,639100,55.29
"2013-11-19",55.4,56.49,55.27,55.69,612000,55.64
"2013-11-20",55.58,55.94,55.2,55.73,644000,55.68
"2013-11-21",55.68,56.75,55.68,56.35,999500,56.31
"2013-11-22",56.5,57.3,56.32,56.79,896200,56.75
"2013-11-25",56.67,57.87,56.6,57.43,824900,57.39
"2013-11-26",57.23,57.8,57.1,57.32,494500,57.28
"2013-11-27",57.44,57.79,56.94,57.11,340800,57.07
"2013-11-29",57.1,57.1,56.28,56.37,341100,56.33
"2013-12-02",56.56,56.92,55.77,56.56,500200,56.52
"2013-12-03",56.21,56.57,54.73,55.51,426600,55.47
"2013-12-04",54.92,55.41,53.55,54.45,707500,54.41
"2013-12-05",54.24,54.79,53.94,54.62,588600,54.58
"2013-12-06",55.12,56.87,55.12,55.92,808900,55.88
"2013-12-09",55.98,56.56,55.26,55.61,591900,55.57
"2013-12-10",55.47,56.09,54.9,54.96,484300,54.92
"2013-12-11",54.97,55,53.69,53.9,662200,53.86
"2013-12-12",53.87,54.55,53.65,54.41,533700,54.37
"2013-12-13",56.75,56.75,55.3,56.13,864600,56.09
"2013-12-16",56.36,56.98,56.14,56.71,743000,56.67
"2013-12-17",56.42,56.67,55.99,56.49,496100,56.45
"2013-12-18",56.46,58.07,56.15,57.74,698500,57.7
"2013-12-19",57.49,57.59,56.59,57.16,447900,57.12
"2013-12-20",57.7,57.99,57.3,57.34,1114400,57.3
"2013-12-23",57.66,58.06,57.42,57.69,549400,57.65
"2013-12-24",57.66,58.36,57.45,57.99,322500,57.95
"2013-12-26",58.44,58.51,57.85,58.27,441900,58.23
"2013-12-27",58.65,58.65,58.07,58.64,360100,58.59
"2013-12-30",58.54,59.5,58.52,59.49,940900,59.44
"2013-12-31",59.4,59.7,58.85,59.42,513500,59.37
"2014-01-02",59.34,59.41,58.51,58.68,497000,58.63
"2014-01-03",58.74,59.65,58.55,58.59,436800,58.54
"2014-01-06",58.76,58.8,57.55,58.06,615500,58.02
"2014-01-07",58.27,59.04,58.25,58.84,901200,58.79
"2014-01-08",58.71,59.59,58.59,59.35,702000,59.3
"2014-01-09",59.56,59.93,58.8,59.82,716300,59.77
"2014-01-10",60,60.06,59.1,59.42,1119600,59.37
"2014-01-13",59.19,59.97,58.38,58.66,902000,58.61
"2014-01-14",58.96,59.32,58.68,59.21,1538700,59.16
"2014-01-15",59.18,59.68,58.81,59.68,2008500,59.63
"2014-01-16",59.6,60.27,59.32,59.91,1272500,59.86
"2014-01-17",59.93,59.98,59.3,59.65,841500,59.6
"2014-01-21",59.96,60.15,59.34,59.98,1088400,59.93
"2014-01-22",60.1,60.17,59.49,59.6,459100,59.55
"2014-01-23",60.78,62.4,60.12,61.31,1835700,61.26
"2014-01-24",60.89,61.34,58.8,59.57,1886700,59.52
"2014-01-27",60.14,60.14,57.86,58.04,1467800,58
"2014-01-28",59.27,63.05,59.2,61.58,2675000,61.53
"2014-01-29",60.67,62.91,60.42,62.26,1283800,62.21
"2014-01-30",62.65,62.81,61.32,61.68,1080100,61.63
"2014-01-31",60.4,62.73,60.24,61.73,866200,61.68
"2014-02-03",61.68,62.31,58.68,59.05,1302300,59
"2014-02-04",59.1,60.42,58.93,59.88,1149600,59.83
"2014-02-05",59.88,61.39,59.45,60.19,1774900,60.14
"2014-02-06",61.58,67.97,61.58,65.66,4067700,65.61
"2014-02-07",66,66.35,63.84,64.76,2058800,64.71
"2014-02-10",65.46,66.38,64.71,65.18,1145900,65.13
"2014-02-11",65.11,66.09,64.55,65.54,1238300,65.49
"2014-02-12",65.95,66.25,65.07,65.38,719400,65.33
"2014-02-13",64.99,66.2,64.41,66,1055300,65.95
"2014-02-14",66.05,66.8,65.47,66.33,743500,66.28
"2014-02-18",66.53,67.38,65.97,66.44,869900,66.39
"2014-02-19",66.03,67.15,64.68,64.92,957300,64.87
"2014-02-20",64.93,65.46,64.23,65.3,662700,65.3
"2014-02-21",65.41,66.19,65.41,65.73,706900,65.73
"2014-02-24",65.89,66.48,65,65.03,592600,65.03
"2014-02-25",65.01,65.99,64.57,65.55,563800,65.55
"2014-02-26",65.78,68.11,65.52,66.96,1209100,66.96
"2014-02-27",66.95,68.45,66.95,67.93,802500,67.93
"2014-02-28",67.88,68.59,67.28,67.93,811300,67.93
"2014-03-03",67.54,68.55,67.34,68.36,974500,68.36
"2014-03-04",69.31,69.5,68.46,69.01,840300,69.01
"2014-03-05",68.88,69.22,67.93,68.2,768500,68.2
"2014-03-06",68.36,68.86,67.72,67.99,726200,67.99
"2014-03-07",68.42,69.18,68.14,68.85,830800,68.85
"2014-03-10",68.58,68.75,67.24,68.14,624700,68.14
"2014-03-11",68.49,68.77,67.2,67.48,682800,67.48
"2014-03-12",66.95,67.37,66.88,66.93,809700,66.93
"2014-03-13",67.35,67.35,65.61,65.79,652300,65.79
"2014-03-14",65.72,66.7,65.61,66.23,606000,66.23
"2014-03-17",66.49,67.29,66.22,66.73,707300,66.73
